codigo,descricao,categoria,valor_rend_tna_2023,valor_rend_tna_2024,atividade_de_divulgacao_scn_2010,classe_cnae_2_0_4_digitos,consumo_final_contas_nacionais,consumo_intermediaro,2024_0_1,2024_0_2,2024_0_3,ano,valor
0,OUTRAS OCUPAÇÕES NÃO ESPECIFICADAS ANTERIORMENTE,,-,-,,,0.5,0.5,0.0,,0.0,2023,
10,MILITAR DA AERONÁUTICA,,12149248.658796854,12490635.555462537,,,0.5,0.5,2030681.2528310888,6245317.777731269,2030681.2528310888,2023,6074624.329398427
20,MILITAR DO EXÉRCITO,,16598380.217367442,17510304.313843317,,,0.5,0.5,2147569.4427510398,8755152.156921659,2147569.4427510398,2023,8299190.108683721
30,MILITAR DA MARINHA,,7681750.417675814,9456574.974018369,,,0.5,0.5,683459.4500029697,4728287.487009184,683459.4500029697,2023,3840875.208837907
40,POLICIAL MILITAR,,28903734.398222804,25218705.388565216,,,0.5,0.5,3712413.8400277873,12609352.694282608,3712413.8400277873,2023,14451867.199111402
50,BOMBEIRO MILITAR,,22230981.510653447,29497591.674154233,,,0.5,0.5,4526636.554029492,14748795.837077117,4526636.554029492,2023,11115490.755326724
101,"MEMBRO DO PODER EXECUTIVO (PRESIDENTE DA REPÚBLICA, VICE-PRESIDENTE DA REPÚBLICA, MINISTRO DE ESTADO, GOVERNADOR, VICE-GOVERNADOR, PREFEITO, VICE-PREFEITO)",,16850658.38439232,17326334.95865115,,,0.5,0.5,1924768.2719036203,8663167.479325576,1924768.2719036203,2023,8425329.19219616
102,"MEMBRO DO PODER JUDICIÁRIO (MINISTRO, JUIZ E DESEMBARGADOR) E DE TRIBUNAL DE CONTAS (MINISTRO E CONSELHEIRO)",,49261187.12955007,60731057.06615548,,,0.5,0.5,10462236.368035438,30365528.53307774,10462236.368035438,2023,24630593.564775035
103,"MEMBRO DO PODER LEGISLATIVO (SENADOR, DEPUTADO FEDERAL, DEPUTADO ESTADUAL E VEREADOR)",,9622609.800731514,8589296.81144994,,,0.5,0.5,614573.844621478,4294648.40572497,614573.844621478,2023,4811304.900365757
104,MEMBRO DO MINISTÉRIO PÚBLICO (PROCURADOR E PROMOTOR),,31151268.23611343,40638869.22457584,,,0.5,0.5,5963356.772102028,20319434.61228792,5963356.772102028,2023,15575634.118056715
105,"DIRIGENTE SUPERIOR DA ADMINISTRAÇÃO PÚBLICA (OCUPANTE DE CARGO DE DIREÇÃO, CHEFIA, ASSESSORIA E DE NATUREZA ESPECIAL), INCLUSIVE OS DAS FUNDAÇÕES PÚBLICAS E AUTARQUIAS",,22792949.30382728,23617336.61313259,,,0.5,0.5,974704.009044373,11808668.306566294,974704.009044373,2023,11396474.65191364
106,DIPLOMATA E AFINS,,1499294.3164418137,1152103.5341510905,,,0.5,0.5,4736.228240215554,576051.7670755453,4736.228240215554,2023,749647.1582209069
107,SERVIDOR DAS CARREIRAS DO PODER LEGISLATIVO,,7649611.617924777,13745622.177678717,,,0.5,0.5,1326618.8863780543,6872811.088839359,1326618.8863780543,2023,3824805.8089623884
108,SERVIDOR DAS CARREIRAS DO MINISTÉRIO PÚBLICO,,5390861.830358617,11157994.687452413,,,0.5,0.5,641442.8390658787,5578997.343726207,641442.8390658787,2023,2695430.9151793085
109,"SERVIDOR DAS CARREIRAS DO PODER JUDICIÁRIO, OFICIAL DE JUSTIÇA, AUXILIAR, ASSISTENTE E ANALISTA JUDICIÁRIO",,176853708.8393569,196567813.84014854,,,0.5,0.5,31823093.800727352,98283906.92007427,31823093.800727352,2023,88426854.41967845
110,"ADVOGADO DO SETOR PÚBLICO, PROCURADOR DA FAZENDA, CONSULTOR JURÍDICO, PROCURADOR DE AUTARQUIAS E FUNDAÇÕES PÚBLICAS, DEFENSOR PÚBLICO",,29048923.758715786,30351549.06511548,,,0.5,0.5,1497409.341049233,15175774.53255774,1497409.341049233,2023,14524461.879357893
111,SERVIDOR DAS CARREIRAS DE AUDITORIA FISCAL E DE FISCALIZAÇÃO,,18894995.651369005,20715156.24581152,,,0.5,0.5,2321022.961792377,10357578.12290576,2321022.961792377,2023,9447497.825684503
112,"SERVIDOR DAS CARREIRAS DO BANCO CENTRAL, CVM E SUSEP",,2089454.3562535779,1451870.5686712929,,,0.5,0.5,140701.04349613565,725935.2843356464,140701.04349613565,2023,1044727.1781267889
113,"DELEGADO DE POLÍCIA E OUTROS SERVIDORES DAS CARREIRAS DE POLÍCIA, EXCETO MILITAR",,20873038.127225433,28973814.831459887,,,0.5,0.5,2072845.0201706183,14486907.415729944,2072845.0201706183,2023,10436519.063612716
114,"SERVIDOR DAS CARREIRAS DE GESTÃO GOVERNAMENTAL, ANALISTA, GESTOR E TÉCNICO DE PLANEJAMENTO",,2820991.1277955472,4355704.083088863,,,0.5,0.5,200221.86441340865,2177852.0415444314,200221.86441340865,2023,1410495.5638977736
115,SERVIDOR DAS CARREIRAS DE CIÊNCIA E TECNOLOGIA,,2696521.2979932907,2830838.7547373357,,,0.5,0.5,228527.10062640588,1415419.3773686679,228527.10062640588,2023,1348260.6489966454
116,"SERVIDOR DAS DEMAIS CARREIRAS DA ADMINISTRAÇÃO PÚBLICA DIRETA, AUTÁRQUICA E FUNDACIONAL",,52958419.97717347,60581906.20813907,,,0.5,0.5,7004671.81811506,30290953.104069535,7004671.81811506,2023,26479209.988586735
117,TITULAR DE CARTÓRIO,TITULAR DE CARTÓRIO,24278582199.870415,28075560143.201035,6980,6912,0.07745463951812571,0.9225453604818743,4794143012.8905,25900977753.03994,4794143012.8905,2023,22398093367.568268
118,"DIRIGENTE OU ADMINISTRADOR DE PARTIDO POLÍTICO, ORGANIZAÇÃO PATRONAL, SINDICAL, FILANTRÓPICA E RELIGIOSA",,10318376.762559991,12726759.631500315,,,0.5,0.5,227721.57760933315,6363379.815750157,227721.57760933315,2023,5159188.381279996
120,"DIRIGENTE, PRESIDENTE E DIRETOR DE EMPRESA INDUSTRIAL, COMERCIAL OU PRESTADORA DE SERVIÇOS",,7956269711.364674,8705801778.79026,,,0.5,0.5,320554136.0656754,4352900889.39513,320554136.0656754,2023,3978134855.682337
121,PRESIDENTE E DIRETOR DE EMPRESA PÚBLICA E SOCIEDADE DE ECONOMIA MISTA,,26331658.13308095,32329790.903111663,,,0.5,0.5,685546.2378308304,16164895.451555831,685546.2378308304,2023,13165829.066540474
130,"GERENTE OU SUPERVISOR DE EMPRESA INDUSTRIAL, COMERCIAL OU PRESTADORA DE SERVIÇOS",,744511533.7601136,770639965.5500537,,,0.5,0.5,20358469.111492347,385319982.77502686,20358469.111492347,2023,372255766.8800568
131,GERENTE OU SUPERVISOR DE EMPRESA PÚBLICA E SOCIEDADE DE ECONOMIA MISTA,,18105820.70944118,13211119.39385618,,,0.5,0.5,704102.4940911982,6605559.69692809,704102.4940911982,2023,9052910.35472059
140,"PRESIDENTE, DIRETOR, GERENTE E SUPERVISOR DE ORGANISMO INTERNACIONAL E DE ORGANIZAÇÃO NÃO-GOVERNAMENTAL",,34054652.39794776,31508261.73459834,,,0.5,0.5,737954.3716713516,15754130.86729917,737954.3716713516,2023,17027326.19897388
211,"MATEMÁTICO, ESTATÍSTICO, ATUÁRIO E AFINS","LC 214/2025, art 127",9615026.85153967,8971193.592342619,7380,7490,0.01736158728243161,0.9826384127175684,407869.57510804903,8815439.43176157,407869.57510804903,2023,9448094.72363374
212,"ANALISTA DE SISTEMAS, DESENVOLVEDOR DE SOFTWARE, ADMINISTRADOR DE REDES E BANCOS DE DADOS E OUTROS ESPECIALISTAS EM INFORMÁTICA (EXCETO TÉCNICOS)",,143607639.8630703,141360432.28709316,,,0.5,0.5,4482001.794604527,70680216.14354658,4482001.794604527,2023,71803819.93153515
213,"FÍSICO, QUÍMICO, METEOROLOGISTA, GEÓLOGO, OCEANÓGRAFO E AFINS","LC 214/2025, art 127",13623743.019124286,13384803.562902233,7380,7490,0.01736158728243161,0.9826384127175684,365736.0863922556,13152422.127586704,365736.0863922556,2023,13387213.215584341
214,"ENGENHEIRO, ARQUITETO E AFINS","LC 214/2025, art 127",837289933.7452594,864772764.2103752,7180,7112,0.41733223453661844,0.5826677654633816,33902672.603737704,503875214.1560511,33902672.603737704,2023,487861854.74033314
215,"PILOTO DE AERONAVES, COMANDANTE DE EMBARCAÇÕES E OFICIAIS DE MÁQUINAS",,6642594.708487529,7397601.5520489,,,0.5,0.5,659340.6615493903,3698800.77602445,659340.6615493903,2023,3321297.3542437647
221,"BIÓLOGO, BIOMÉDICO E AFINS","LC 214/2025, art 127",72390750.83851497,88454434.38061368,7380,7490,0.01736158728243161,0.9826384127175684,7861026.677892776,86918724.99759653,7861026.677892776,2023,71133932.49939133
222,AGRÔNOMO E AFINS,"LC 214/2025, art 127",43770176.93282041,46634789.64593656,7380,7490,0.01736158728243161,0.9826384127175684,1266012.9944671295,45825135.675100796,1266012.9944671295,2023,43010257.18563377
224,PROFISSIONAL DA EDUCAÇÃO FÍSICA (EXCETO PROFESSOR),"LC 214/2025, art 127",261126190.14060655,293611126.3586209,8592,8591,0.8621415167655477,0.13785848323445227,5559179.852555525,40476784.540558584,5559179.852555525,2023,35998460.5055752
225,MÉDICO,Profissionais de saúde,4846347289.601543,4951715410.750405,8692,8630,0.8767171182309692,0.1232828817690308,2165316129.754871,610461745.5374299,2165316129.754871,2023,597471659.91561
226,ODONTÓLOGO,Profissionais de saúde,12846095943.735287,13407102465.501535,8692,8630,0.8767171182309692,0.1232828817690308,2555907117.8401127,1652866228.119707,2555907117.8401127,2023,1583703727.4251435
227,"ENFERMEIRO DE NÍVEL SUPERIOR, NUTRICIONISTA, FARMACÊUTICO E AFINS",Profissionais de saúde,336671324.04031336,388195424.7145888,8692,8650,0.8767171182309692,0.1232828817690308,19978654.04292452,47857850.648367345,19978654.04292452,2023,41505811.036685005
228,"VETERINÁRIO, PATOLOGISTA (VETERINÁRIO) E ZOOTECNISTA","LC 214/2025, art 127",290113272.4115939,291476506.1693688,7380,7490,0.01736158728243161,0.9826384127175684,24331896.653989416,286416011.3667311,24331896.653989416,2023,285076445.51082814
229,"FONOAUDIÓLOGO, FISIOTERAPEUTA, TERAPEUTA OCUPACIONAL E AFINS",Profissionais de saúde,2587104943.067198,0,8692,8650,0.8767171182309692,0.1232828817690308,3195317.0171573376,0.0,3195317.0171573376,2023,318945752.8202285
230,FONOAUDIÓLOGO,Profissionais de saúde,0,437660290.2325225,8692,8650,0.8767171182309692,0.1232828817690308,30278988.00828735,53956021.81573577,30278988.00828735,2023,0
231,FISIOTERAPEUTA,Profissionais de saúde,0,1783575702.0869236,8692,8650,0.8767171182309692,0.1232828817690308,83170350.38015756,219884352.40649828,83170350.38015756,2023,0
232,TERAPEUTA OCUPACIONAL,Profissionais de saúde,0,137504388.65056545,8692,8650,0.8767171182309692,0.1232828817690308,8379439.696188718,16951937.28873052,8379439.696188718,2023,0
241,ADVOGADO,"LC 214/2025, art 127",2528605433.226418,2868276088.485484,6980,6911,0.07745463951812571,0.9225453604818743,192045327.73245823,2646114798.0133815,192045327.73245823,2023,2332753210.9122915
250,SOCIÓLOGO E CIENTISTA POLÍTICO,,2691303.2961884495,1816827.2491093352,,,0.5,0.5,194795.71366710583,908413.6245546676,194795.71366710583,2023,1345651.6480942247
251,ANTROPÓLOGO E ARQUEÓLOGO,,906062.9023634853,751659.4923205446,,,0.5,0.5,165.83707873668598,375829.7461602723,165.83707873668598,2023,453031.45118174265
252,"ECONOMISTA, ADMINISTRADOR, CONTADOR, AUDITOR E AFINS","LC 214/2025, art 127",594791377.8687992,618638498.0004905,6980,6920,0.07745463951812571,0.9225453604818743,103551079.10212812,570722076.1458278,103551079.10212812,2023,548722026.1074821
253,"PROFISSIONAL DE MARKETING, DE PUBLICIDADE E DE COMERCIALIZAÇÃO","LC 214/2025, art 127",80842765.29665439,97709853.19969474,7380,7311,0.01736158728243161,0.9826384127175684,2971688.7392409244,96013455.05501465,2971688.7392409244,2023,79439206.57080339
254,PSICANALISTA,Profissionais de saúde,89644273.66496222,98227602.27866113,8692,8650,0.8767171182309692,0.1232828817690308,5125695.824254198,12109781.87817556,5125695.824254198,2023,11051604.391508179
255,PSICÓLOGO,Profissionais de saúde,3319864245.1356955,3903173741.432418,8692,8650,0.8767171182309692,0.1232828817690308,221298964.37466517,481194506.8889983,221298964.37466517,2023,409282431.2222966
256,GEÓGRAFO,,1098925.3635390948,1378033.9413113708,,,0.5,0.5,7134.861302125151,689016.9706556854,7134.861302125151,2023,549462.6817695474
257,HISTORIADOR,,1023135.5649558903,869843.7205488257,,,0.5,0.5,28121.289190689353,434921.86027441284,28121.289190689353,2023,511567.78247794515
258,ASSISTENTE SOCIAL E ECONOMISTA DOMÉSTICO,"LC 214/2025, art 127",10077474.398376808,12252606.57841851,8692,8800,0.8767171182309692,0.1232828817690308,366557.25086124055,1510536.648169618,366557.25086124055,2023,1242380.0847855227
259,FILÓSOFO,,881599.7996859183,1004552.3198258939,,,0.5,0.5,59743.95939366148,502276.1599129469,59743.95939366148,2023,440799.89984295913
261,JORNALISTA E REPÓRTER,"LC 214/2025, art 139",28957080.653556205,31392859.318679143,5800,5812,0.4295501470312207,0.5704498529687794,1878471.1213290982,17908051.98261009,1878471.1213290982,2023,16518562.401226223
263,SACERDOTE OU MEMBRO DE ORDENS OU SEITAS RELIGIOSAS,,116784334.745779,120027504.91901872,,,0.5,0.5,5275200.452157107,60013752.45950936,5275200.452157107,2023,58392167.3728895
264,"TRADUTOR, INTÉRPRETE, FILÓLOGO",,22618479.2848887,26490686.77407718,,,0.5,0.5,1369186.1922761577,13245343.38703859,1369186.1922761577,2023,11309239.64244435
265,"BIBLIOTECÁRIO, DOCUMENTALISTA, ARQUIVÓLOGO, MUSEÓLOGO","LC 214/2025, art 127",1922206.1435069751,2521461.6644523437,9080,9102,0.8928112494033851,0.10718875059661492,69103.70905373462,270272.3254899078,69103.70905373462,2023,206038.87491165014
266,"ESCRITOR, CRÍTICO, REDATOR","LC 214/2025, art 139",6014983.219786626,6609275.14821918,5800,5811,0.4295501470312207,0.5704498529687794,256517.21712629937,3770260.036531839,256517.21712629937,2023,3431246.2933369563
271,"LOCUTOR, COMENTARISTA","LC 214/2025, art 139",2885028.4856954175,2568316.252249184,5980,6021,0.026901987662782727,0.9730980123372173,10543.008516429189,2499223.4401170523,10543.008516429189,2023,2807415.4849664625
272,"ATOR, DIRETOR DE ESPETÁCULOS","LC 214/2025, art 139",8110927.624994149,7340086.915557273,9080,9001,0.8928112494033851,0.10718875059661492,82640.9857928858,786774.745749145,82640.9857928858,2023,869400.1983026922
273,CANTOR E COMPOSITOR,"LC 214/2025, art 139",19504308.65563918,17918658.483059365,5980,5920,0.026901987662782727,0.9730980123372173,314325.82481525256,17436610.953614485,314325.82481525256,2023,18979603.984814066
274,"MÚSICO, ARRANJADOR, REGENTE DE ORQUESTRA OU CORAL","LC 214/2025, art 139",39933115.65373956,42297022.33521021,5980,5920,0.026901987662782727,0.9730980123372173,1034544.6126394783,41159148.36217594,1034544.6126394783,2023,38858835.46908618
275,"DESENHISTA INDUSTRIAL (DESIGNER), ESCULTOR, PINTOR ARTÍSTICO E AFINS","LC 214/2025, art 139",51307227.76230675,58431192.723484956,9080,9002,0.8928112494033851,0.10718875059661492,1115677.4683550238,6263166.54390037,1115677.4683550238,2023,5499557.640417615
276,"CENÓGRAFO, DECORADOR DE INTERIORES","LC 214/2025, art 139",9886372.039341368,8972150.009679666,9080,9002,0.8928112494033851,0.10718875059661492,631559.6516746727,961713.5497029698,631559.6516746727,2023,1059707.8668303092
277,EMPRESÁRIO E PRODUTOR DE ESPETÁCULOS,"LC 214/2025, art 139",22324021.43947335,23036905.852229536,9080,9002,0.8928112494033851,0.10718875059661492,820988.3917063671,2469297.1559123304,820988.3917063671,2023,2392883.966389193
279,OUTROS PROFISSIONAIS DO ESPETÁCULO E DAS ARTES,"LC 214/2025, art 139",31591950.994432166,30411177.952436384,9080,9002,0.8928112494033851,0.10718875059661492,697309.8424944363,3259736.168892978,697309.8424944363,2023,3386301.75600267
290,PROFESSOR NA EDUCAÇÃO INFANTIL,"LC 214/2025, art 129",51861092.82004738,55933691.58269337,8592,8513,0.8621415167655477,0.13785848323445227,1078056.4592710794,7710933.883293757,1078056.4592710794,2023,7149491.595052875
291,PROFESSOR DO ENSINO FUNDAMENTAL,"LC 214/2025, art 129",77379816.82448356,82164716.20860037,8592,8513,0.8621415167655477,0.13785848323445227,2936342.1864893096,11327103.151906863,2936342.1864893096,2023,10667464.180383055
292,PROFESSOR DO ENSINO MÉDIO,"LC 214/2025, art 129",56979989.82505259,56832636.81760959,8592,8520,0.8621415167655477,0.13785848323445227,2356179.5046983818,7834861.109890147,2356179.5046983818,2023,7855174.971996273
293,PROFESSOR DO ENSINO PROFISSIONAL,"LC 214/2025, art 129",22504076.197492,23324937.07698868,8592,8541,0.8621415167655477,0.13785848323445227,1022313.6598242915,3215540.446972698,1022313.6598242915,2023,3102377.811178787
294,PROFESSOR DO ENSINO SUPERIOR,"LC 214/2025, art 129",165507660.60832283,171677267.55599913,8592,8531,0.8621415167655477,0.13785848323445227,19178808.509330045,23667167.711105283,19178808.509330045,2023,22816635.05514589
295,INSTRUTOR E PROFESSOR DE ESCOLAS LIVRES,"LC 214/2025, art 129",164771235.93625253,173731734.13353977,8592,8599,0.8621415167655477,0.13785848323445227,5610155.8485473655,23950393.35734091,5610155.8485473655,2023,22715112.66683785
296,"PEDAGOGO, ORIENTADOR EDUCACIONAL","LC 214/2025, art 129",63866334.01960727,69633429.04718468,8592,8599,0.8621415167655477,0.13785848323445227,2654987.9171142383,9599558.91085873,2654987.9171142383,2023,8804515.937687958
311,TÉCNICO EM CIÊNCIAS FÍSICAS E QUÍMICAS,"LC 214/2025, art 127",3007408.2682002718,3828743.507690933,7380,7490,0.01736158728243161,0.9826384127175684,44733.48049888261,3762270.4431001134,44733.48049888261,2023,2955194.887058006
312,"TÉCNICO EM CONSTRUÇÃO CIVIL, DE EDIFICAÇÕES E OBRAS DE INFRA-ESTRUTURA","LC 214/2025, art 127",44472724.67679271,48281359.7448232,7180,7112,0.41733223453661844,0.5826677654633816,986130.2076433245,28131991.9960498,986130.2076433245,2023,25912823.111495
313,TÉCNICO EM ELETRO-ELETRÔNICA E FOTÔNICA,"LC 214/2025, art 127",23043369.71608196,25069321.562105443,7380,7490,0.01736158728243161,0.9826384127175684,381274.8804260483,24634078.347693603,381274.8804260483,2023,22643300.24147486
314,TÉCNICO EM METALMECÂNICA,"LC 214/2025, art 127",6405359.938225722,8828138.005881362,7380,7490,0.01736158728243161,0.9826384127175684,486190.84800256096,8674867.5173509,486190.84800256096,2023,6294152.722582825
316,TÉCNICO EM MINERALOGIA E GEOLOGIA,"LC 214/2025, art 127",1609091.8450870477,1237019.1834265802,7380,7490,0.01736158728243161,0.9826384127175684,29687.01693731965,1215542.5669034773,29687.01693731965,2023,1581155.4565731199
317,TÉCNICO EM INFORMÁTICA,"LC 214/2025, art 127",46952193.32050119,51078084.3531552,6280,6204,0.4850664403345332,0.5149335596654667,534059.1867613498,26301819.796863187,534059.1867613498,2023,24177260.040626828
318,DESENHISTA TÉCNICO E MODELISTA,"LC 214/2025, art 127",7437151.590508368,7634687.12609771,7380,7490,0.01736158728243161,0.9826384127175684,58247.66784748083,7502136.839183907,58247.66784748083,2023,7308030.834037081
319,"OUTROS TÉCNICOS DE NÍVEL MÉDIO DAS CIÊNCIAS FÍSICAS, QUÍMICAS, ENGENHARIA E AFINS","LC 214/2025, art 127",30752838.19400357,34426580.3677999,7380,7490,0.01736158728243161,0.9826384127175684,1094684.2506686917,33828880.287908696,1094684.2506686917,2023,30218920.10951588
320,TÉCNICO EM BIOLOGIA,"LC 214/2025, art 127",791449.8865311154,331182.1054382273,7380,7490,0.01736158728243161,0.9826384127175684,6393.181162938208,325432.258408282,6393.181162938208,2023,777709.0602464348
321,TÉCNICO DA PRODUÇÃO AGROPECUÁRIA,"LC 214/2025, art 127",7942176.594734537,7021915.178600337,7380,7490,0.01736158728243161,0.9826384127175684,139013.68473220267,6900003.585337236,139013.68473220267,2023,7804287.802572568
322,TÉCNICO DA CIÊNCIA DA SAÚDE HUMANA,Profissionais de saúde,91364285.40645266,94444296.61933938,8692,8660,0.8767171182309692,0.1232828817690308,4365271.728714225,11643365.053881291,4365271.728714225,2023,11263652.395675689
323,TÉCNICO DA CIÊNCIA DA SAÚDE ANIMAL,"LC 214/2025, art 127",2819960.5451832614,3046021.7777197245,7380,7490,0.01736158728243161,0.9826384127175684,26439.31608489402,2993138.004761656,26439.31608489402,2023,2771001.5540450485
324,"TÉCNICO DE LABORATÓRIO, RAIOS-X E OUTROS EQUIPAMENTOS E INSTRUMENTOS DE DIAGNÓSTICO",Profissionais de saúde,28505938.213532034,28426074.091016166,8692,8640,0.8767171182309692,0.1232828817690308,2369038.9225690365,3504448.3313204553,2369038.9225690365,2023,3514294.2104941667
325,TÉCNICO DE BIOQUÍMICA E DA BIOTECNOLOGIA,"LC 214/2025, art 127",1448374.2593057228,1383745.72619943,7380,7490,0.01736158728243161,0.9826384127175684,58251.87783053802,1359721.7039973268,58251.87783053802,2023,1423228.1831851592
328,"TÉCNICO DE CONSERVAÇÃO, DISSECAÇÃO E EMPALHAMENTO DE CORPOS",Profissionais de saúde,254805.08819869807,354580.6283917736,8692,8690,0.8767171182309692,0.1232828817690308,18696.39644390387,43713.72168761167,18696.39644390387,2023,31413.105562547556
341,"TÉCNICO EM NAVEGAÇÃO AÉREA, MARÍTIMA, FLUVIAL E METROFERROVIÁRIA",,2380186.2191246427,2114979.293697419,,,0.5,0.5,201213.20761576926,1057489.6468487096,201213.20761576926,2023,1190093.1095623213
342,TÉCNICO EM TRANSPORTES (LOGÍSTICA),"LC 214/2025, art 127",23914168.231996544,29211155.70286287,7380,7490,0.01736158728243161,0.9826384127175684,1072568.2518878141,28704003.673506916,1072568.2518878141,2023,23498980.31294998
351,TÉCNICO DAS CIÊNCIAS ADMINISTRATIVAS E CONTÁBEIS,"LC 214/2025, art 127",135283340.9162122,137686464.2561794,6980,6911,0.07745463951812571,0.9225453604818743,24045170.00588472,127022008.80069172,24045170.00588472,2023,124805018.51273929
352,"TÉCNICO DE INSPEÇÃO, FISCALIZAÇÃO E COORDENAÇÃO ADMINISTRATIVA","LC 214/2025, art 127",7977852.901989725,9367661.329354938,7380,7490,0.01736158728243161,0.9826384127175684,243059.62313393853,9205023.859553082,243059.62313393853,2023,7839344.71250543
353,"AGENTE DE BOLSA DE VALORES, CÂMBIO E OUTROS SERVIÇOS FINANCEIROS",,10205574.938912839,10057287.524931172,,,0.5,0.5,1160754.4370332442,5028643.762465586,1160754.4370332442,2023,5102787.469456419
354,"AGENTE E REPRESENTANTE COMERCIAL, CORRETOR, LEILOEIRO E AFINS",,1183085463.5761056,1357161410.7849555,,,0.5,0.5,282192470.0274194,678580705.3924778,282192470.0274194,2023,591542731.7880528
355,CORRETOR E ADMINSTRADOR DE IMÓVEIS,,75980073.37978359,93139271.68965013,,,0.5,0.5,3082202.1989768716,46569635.84482507,3082202.1989768716,2023,37990036.68989179
371,TÉCNICO DE SERVIÇOS CULTURAIS,"LC 214/2025, art 139",4366580.141489175,3552798.0208568773,9080,9002,0.8928112494033851,0.10718875059661492,10285.678545145527,380819.98097777495,10285.678545145527,2023,468048.2697462147
372,"CINEGRAFISTA, FOTÓGRAFO E OUTROS TÉCNICOS EM OPERAÇÃO DE MÁQUINAS DE TRATAMENTO DE DADOS","LC 214/2025, art 139",28940948.80595565,34110449.58969312,5980,6021,0.026901987662782727,0.9730980123372173,853973.3331238907,33192810.695659224,853973.3331238907,2023,28162379.758228604
373,TÉCNICO EM OPERAÇÃO DE ESTAÇÕES DE RÁDIO E TELEVISÃO,"LC 214/2025, art 139",1584315.9963965192,2118541.1197372396,5980,6021,0.026901987662782727,0.9730980123372173,9856.404460521739,2061548.1526709704,9856.404460521739,2023,1541694.7470075109
374,"TÉCNICO EM OPERAÇÃO DE APARELHOS DE SONORIZAÇÃO, CENOGRAFIA E PROJEÇÃO","LC 214/2025, art 139",7765924.35675317,6840831.685315042,5980,6021,0.026901987662782727,0.9730980123372173,244802.80414585982,6656799.715713523,244802.80414585982,2023,7557005.555517692
375,DECORADOR E VITRINISTA,,7712504.530193707,6626395.01334138,,,0.5,0.5,326028.23275672464,3313197.50667069,326028.23275672464,2023,3856252.2650968535
376,"APRESENTADOR, ARTISTAS DE ARTES POPULARES E MODELOS","LC 214/2025, art 139",14529176.12317081,9641334.465207139,5980,6021,0.026901987662782727,0.9730980123372173,220198.02214201307,9381963.404371375,220198.02214201307,2023,14138312.40635487
377,"ATLETA, DESPORTISTA E AFINS",,19234640.215274666,22648824.874959566,,,0.5,0.5,1384194.6996835163,11324412.437479783,1384194.6996835163,2023,9617320.107637333
391,OUTROS TÉCNICOS DE NÍVEL MÉDIO,"LC 214/2025, art 127",323543590.69454026,340347522.1108116,7380,7490,0.01736158728243161,0.9826384127175684,15834602.69234048,334438548.89932543,15834602.69234048,2023,317926360.40502566
410,"BANCÁRIO, ECONOMIÁRIO, ESCRITURÁRIO, SECRETÁRIO, ASSISTENTE E AUXILIAR ADMINISTRATIVO",,520510261.3555318,583120417.9281164,,,0.5,0.5,29760987.158863816,291560208.9640582,29760987.158863816,2023,260255130.6777659
420,"TRABALHADOR DE ATENDIMENTO AO PÚBLICO, CAIXA, DESPACHANTE, RECENSEADOR E AFINS",,219756409.38416517,227260143.05523264,,,0.5,0.5,15999211.336498015,113630071.52761632,15999211.336498015,2023,109878204.69208258
511,"COMISSÁRIO DE BORDO, GUIA DE TURISMO, AGENTE DE VIAGEM E AFINS",,31831069.66944903,34529744.599519655,,,0.5,0.5,1194176.3130564129,17264872.299759828,1194176.3130564129,2023,15915534.834724516
512,TRABALHADOR DOS SERVIÇOS DOMÉSTICOS EM GERAL,,119008821.9645252,129073574.31893483,,,0.5,0.5,138229.33117744906,64536787.159467414,138229.33117744906,2023,59504410.9822626
513,TRABALHADOR DOS SERVIÇOS DE HOTELARIA E ALIMENTAÇÃO,,104378474.75037646,110515855.8558543,,,0.5,0.5,1776039.8708963185,55257927.92792715,1776039.8708963185,2023,52189237.37518823
514,"TRABALHADOR DOS SERVIÇOS DE ADMINISTRAÇÃO, CONSERVAÇÃO E MANUTENÇÃO DE EDIFÍCIOS",,58822590.431837276,68474356.07895051,,,0.5,0.5,1159796.8117239084,34237178.039475255,1159796.8117239084,2023,29411295.215918638
515,TRABALHADOR DOS SERVIÇOS DE SAÚDE,Profissionais de saúde,197863326.15183637,212453586.54676926,8692,8660,0.8767171182309692,0.1232828817690308,9027388.801096207,26191890.391651906,9027388.801096207,2023,24393161.044404022
516,TRABALHADOR DOS SERVIÇOS DE EMBELEZAMENTO E CUIDADOS PESSOAIS,,586189434.8272638,588881839.6461848,,,0.5,0.5,8890930.209807243,294440919.8230924,8890930.209807243,2023,293094717.4136319
517,TRABALHADOR DOS SERVIÇOS DE PROTEÇÃO E SEGURANÇA (EXCETO MILITAR),,34525879.15820952,39538433.00527917,,,0.5,0.5,434079.00299772515,19769216.502639584,434079.00299772515,2023,17262939.57910476
518,"MOTORISTA E CONDUTOR DO TRANSPORTE DE PASSAGEIROS (MOTORISTA DE TÁXI, ÔNIBUS, PEQUENA EMBARCAÇÃO ETC)",Não contribuinte,1279148098.02806,1309020375.8685443,,,0.5,0.5,25662287.883450333,654510187.9342722,25662287.883450333,2023,639574049.01403
519,OUTROS TRABALHADORES DE SERVIÇOS DIVERSOS,,1851543246.4131222,2056295120.1335223,,,0.5,0.5,41247794.936116554,1028147560.0667611,41247794.936116554,2023,925771623.2065611
529,"VENDEDOR E PRESTADOR DE SERVIÇOS DO COMÉRCIO, AMBULANTE, CAIXEIRO-VIAJANTE E CAMELÔ",,3299021676.85374,3298714328.2482014,,,0.5,0.5,91586245.05261397,1649357164.1241007,91586245.05261397,2023,1649510838.42687
610,PRODUTOR NA EXPLORAÇÃO AGROPECUÁRIA,,472437091.8854024,522154013.5037296,,,0.5,0.5,38148397.38490191,261077006.7518648,38148397.38490191,2023,236218545.9427012
620,TRABALHADOR NA EXPLORAÇÃO AGROPECUÁRIA,,122897012.53965086,180374071.07728046,,,0.5,0.5,22414751.376366463,90187035.53864023,22414751.376366463,2023,61448506.26982543
630,"PESCADOR, CAÇADOR E EXTRATIVISTA FLORESTAL",,16347963.916254664,18675325.03170383,,,0.5,0.5,285761.48642255075,9337662.515851915,285761.48642255075,2023,8173981.958127332
640,OPERADOR DE MÁQUINA AGROPECUÁRIA E FLORESTAL,,27917999.647458997,31633363.743390825,,,0.5,0.5,1510732.2017993978,15816681.871695412,1510732.2017993978,2023,13958999.823729498
710,TRABALHADOR DA INDÚSTRIA EXTRATIVA E DA CONSTRUÇÃO CIVIL,,137837813.80515274,131673772.08705617,,,0.5,0.5,2736659.79683198,65836886.04352809,2736659.79683198,2023,68918906.90257637
720,TRABALHADOR DA TRANSFORMAÇÃO DE METAIS E COMPÓSITOS,,28515566.1695996,31461077.619497634,,,0.5,0.5,374198.75231702975,15730538.809748817,374198.75231702975,2023,14257783.0847998
730,TRABALHADOR DA FABRICAÇÃO E INSTALAÇÃO ELETRO-ELETRÔNICA,,8734043.970327426,10341981.906316547,,,0.5,0.5,52041.76041328704,5170990.953158273,52041.76041328704,2023,4367021.985163713
740,MONTADOR DE APARELHOS E INSTRUMENTOS DE PRECISÃO E MUSICAIS,,1358602.1418774638,775662.5763964668,,,0.5,0.5,4506.739585647718,387831.2881982334,4506.739585647718,2023,679301.0709387319
750,"JOALHEIRO, VIDREIRO, CERAMISTA E AFINS",,8535093.675586894,8257696.26691307,,,0.5,0.5,83987.1001615944,4128848.133456535,83987.1001615944,2023,4267546.837793447
760,"TRABALHADOR DAS INDÚSTRIAS TÊXTEIS, DO CURTIMENTO, DO VESTUÁRIO E DAS ARTES GRÁFICAS",,71666503.73302618,91705309.6630323,,,0.5,0.5,582552.6826775821,45852654.83151615,582552.6826775821,2023,35833251.86651309
770,TRABALHADOR DAS INDÚSTRIAS DE MADEIRA E DO MOBILIÁRIO,,33646527.80187357,33856460.92594557,,,0.5,0.5,948025.8091670481,16928230.462972786,948025.8091670481,2023,16823263.900936786
780,"CONDUTOR E OPERADOR DE ROBÔS, VEÍCULOS DE EQUIPAMENTOS DE MOVIMENTAÇÃO DE CARGA E AFINS",,33548607.29712313,29191378.69735481,,,0.5,0.5,1136520.51731362,14595689.348677404,1136520.51731362,2023,16774303.648561565
810,"TRABALHADOR DAS INDÚSTRIAS QUÍMICA, PETROQUÍMICA, BORRACHA E PLÁSTICO E AFINS",,14638410.334306361,15752889.932218835,,,0.5,0.5,177651.39487346116,7876444.966109417,177651.39487346116,2023,7319205.167153181
820,TRABALHADOR DE INSTALAÇÕES SIDERÚRGICAS E DE MATERIAIS DE CONSTRUÇÃO,,7831677.426868661,8689702.953699917,,,0.5,0.5,82049.54087710749,4344851.476849958,82049.54087710749,2023,3915838.7134343307
830,TRABALHADOR DE INSTALAÇÕES E MÁQUINAS DE FABRICAÇÃO DE CELULOSE E PAPEL,,2158498.967896224,2841490.869764282,,,0.5,0.5,16078.876646201112,1420745.434882141,16078.876646201112,2023,1079249.483948112
840,"TRABALHADOR DA FABRICAÇÃO DE ALIMENTOS, BEBIDAS, FUMO E DE AGROINDÚSTRIAS",,25668787.240739208,29067673.496115115,,,0.5,0.5,506282.73679512745,14533836.748057557,506282.73679512745,2023,12834393.620369604
860,OPERADOR DE INSTALAÇÕES DE PRODUÇÃO E DISTRIBUIÇÃO DE ENERGIA,,5228902.978952655,6909222.116762746,,,0.5,0.5,155340.0523579658,3454611.058381373,155340.0523579658,2023,2614451.4894763273
870,TRABALHADOR DE OUTRAS INSTALAÇÕES AGROINDUSTRIAIS,,6037567.205368052,7518232.776170506,,,0.5,0.5,38637.36490483774,3759116.388085253,38637.36490483774,2023,3018783.602684026
900,TRABALHADOR DE REPARAÇÃO E MANUTENÇÃO,,437918624.5696181,428684144.5463266,,,0.5,0.5,5456877.437323287,214342072.2731633,5456877.437323287,2023,218959312.28480905
,,,-,-,,,0.5,0.5,0.0,,0.0,2023,
,,,75404564263.23,82363429173.45999,,,,,11379884266.331253,45223753280.91837,11379884266.331253,2023,40389316551.33906
0,OUTRAS OCUPAÇÕES NÃO ESPECIFICADAS ANTERIORMENTE,,-,-,,,0.5,0.5,0.0,,0.0,2023,0
10,MILITAR DA AERONÁUTICA,,12149248.658796854,12490635.555462537,,,0.5,0.5,2030681.2528310888,6245317.777731269,2030681.2528310888,2023,2232467.919121664
20,MILITAR DO EXÉRCITO,,16598380.217367442,17510304.313843317,,,0.5,0.5,2147569.4427510398,8755152.156921659,2147569.4427510398,2023,2178551.415479477
30,MILITAR DA MARINHA,,7681750.417675814,9456574.974018369,,,0.5,0.5,683459.4500029697,4728287.487009184,683459.4500029697,2023,691740.3743680004
40,POLICIAL MILITAR,,28903734.398222804,25218705.388565216,,,0.5,0.5,3712413.8400277873,12609352.694282608,3712413.8400277873,2023,4142125.724073301
50,BOMBEIRO MILITAR,,22230981.510653447,29497591.674154233,,,0.5,0.5,4526636.554029492,14748795.837077117,4526636.554029492,2023,3849709.5963671
101,"MEMBRO DO PODER EXECUTIVO (PRESIDENTE DA REPÚBLICA, VICE-PRESIDENTE DA REPÚBLICA, MINISTRO DE ESTADO, GOVERNADOR, VICE-GOVERNADOR, PREFEITO, VICE-PREFEITO)",,16850658.38439232,17326334.95865115,,,0.5,0.5,1924768.2719036203,8663167.479325576,1924768.2719036203,2023,2293712.9655514895
102,"MEMBRO DO PODER JUDICIÁRIO (MINISTRO, JUIZ E DESEMBARGADOR) E DE TRIBUNAL DE CONTAS (MINISTRO E CONSELHEIRO)",,49261187.12955007,60731057.06615548,,,0.5,0.5,10462236.368035438,30365528.53307774,10462236.368035438,2023,5212293.717988329
103,"MEMBRO DO PODER LEGISLATIVO (SENADOR, DEPUTADO FEDERAL, DEPUTADO ESTADUAL E VEREADOR)",,9622609.800731514,8589296.81144994,,,0.5,0.5,614573.844621478,4294648.40572497,614573.844621478,2023,974264.2340127128
104,MEMBRO DO MINISTÉRIO PÚBLICO (PROCURADOR E PROMOTOR),,31151268.23611343,40638869.22457584,,,0.5,0.5,5963356.772102028,20319434.61228792,5963356.772102028,2023,4378475.082189418
105,"DIRIGENTE SUPERIOR DA ADMINISTRAÇÃO PÚBLICA (OCUPANTE DE CARGO DE DIREÇÃO, CHEFIA, ASSESSORIA E DE NATUREZA ESPECIAL), INCLUSIVE OS DAS FUNDAÇÕES PÚBLICAS E AUTARQUIAS",,22792949.30382728,23617336.61313259,,,0.5,0.5,974704.009044373,11808668.306566294,974704.009044373,2023,881863.0156436977
106,DIPLOMATA E AFINS,,1499294.3164418137,1152103.5341510905,,,0.5,0.5,4736.228240215554,576051.7670755453,4736.228240215554,2023,11232.198806614942
107,SERVIDOR DAS CARREIRAS DO PODER LEGISLATIVO,,7649611.617924777,13745622.177678717,,,0.5,0.5,1326618.8863780543,6872811.088839359,1326618.8863780543,2023,275833.57576454326
108,SERVIDOR DAS CARREIRAS DO MINISTÉRIO PÚBLICO,,5390861.830358617,11157994.687452413,,,0.5,0.5,641442.8390658787,5578997.343726207,641442.8390658787,2023,475468.23307525733
109,"SERVIDOR DAS CARREIRAS DO PODER JUDICIÁRIO, OFICIAL DE JUSTIÇA, AUXILIAR, ASSISTENTE E ANALISTA JUDICIÁRIO",,176853708.8393569,196567813.84014854,,,0.5,0.5,31823093.800727352,98283906.92007427,31823093.800727352,2023,29510359.154700816
110,"ADVOGADO DO SETOR PÚBLICO, PROCURADOR DA FAZENDA, CONSULTOR JURÍDICO, PROCURADOR DE AUTARQUIAS E FUNDAÇÕES PÚBLICAS, DEFENSOR PÚBLICO",,29048923.758715786,30351549.06511548,,,0.5,0.5,1497409.341049233,15175774.53255774,1497409.341049233,2023,1944995.7282156087
111,SERVIDOR DAS CARREIRAS DE AUDITORIA FISCAL E DE FISCALIZAÇÃO,,18894995.651369005,20715156.24581152,,,0.5,0.5,2321022.961792377,10357578.12290576,2321022.961792377,2023,1975495.0768144203
112,"SERVIDOR DAS CARREIRAS DO BANCO CENTRAL, CVM E SUSEP",,2089454.3562535779,1451870.5686712929,,,0.5,0.5,140701.04349613565,725935.2843356464,140701.04349613565,2023,128698.26231101033
113,"DELEGADO DE POLÍCIA E OUTROS SERVIDORES DAS CARREIRAS DE POLÍCIA, EXCETO MILITAR",,20873038.127225433,28973814.831459887,,,0.5,0.5,2072845.0201706183,14486907.415729944,2072845.0201706183,2023,1156612.6529597405
114,"SERVIDOR DAS CARREIRAS DE GESTÃO GOVERNAMENTAL, ANALISTA, GESTOR E TÉCNICO DE PLANEJAMENTO",,2820991.1277955472,4355704.083088863,,,0.5,0.5,200221.86441340865,2177852.0415444314,200221.86441340865,2023,205199.92381431247
115,SERVIDOR DAS CARREIRAS DE CIÊNCIA E TECNOLOGIA,,2696521.2979932907,2830838.7547373357,,,0.5,0.5,228527.10062640588,1415419.3773686679,228527.10062640588,2023,244636.02209675068
116,"SERVIDOR DAS DEMAIS CARREIRAS DA ADMINISTRAÇÃO PÚBLICA DIRETA, AUTÁRQUICA E FUNDACIONAL",,52958419.97717347,60581906.20813907,,,0.5,0.5,7004671.81811506,30290953.104069535,7004671.81811506,2023,5848022.437808029
117,TITULAR DE CARTÓRIO,TITULAR DE CARTÓRIO,24278582199.870415,28075560143.201035,6980,6912,0.07745463951812571,0.9225453604818743,4794143012.8905,25900977753.03994,4794143012.8905,2023,4248318848.6107416
118,"DIRIGENTE OU ADMINISTRADOR DE PARTIDO POLÍTICO, ORGANIZAÇÃO PATRONAL, SINDICAL, FILANTRÓPICA E RELIGIOSA",,10318376.762559991,12726759.631500315,,,0.5,0.5,227721.57760933315,6363379.815750157,227721.57760933315,2023,261474.025946463
120,"DIRIGENTE, PRESIDENTE E DIRETOR DE EMPRESA INDUSTRIAL, COMERCIAL OU PRESTADORA DE SERVIÇOS",,7956269711.364674,8705801778.79026,,,0.5,0.5,320554136.0656754,4352900889.39513,320554136.0656754,2023,283789156.9754733
121,PRESIDENTE E DIRETOR DE EMPRESA PÚBLICA E SOCIEDADE DE ECONOMIA MISTA,,26331658.13308095,32329790.903111663,,,0.5,0.5,685546.2378308304,16164895.451555831,685546.2378308304,2023,1015938.0708550103
130,"GERENTE OU SUPERVISOR DE EMPRESA INDUSTRIAL, COMERCIAL OU PRESTADORA DE SERVIÇOS",,744511533.7601136,770639965.5500537,,,0.5,0.5,20358469.111492347,385319982.77502686,20358469.111492347,2023,23846797.72090282
131,GERENTE OU SUPERVISOR DE EMPRESA PÚBLICA E SOCIEDADE DE ECONOMIA MISTA,,18105820.70944118,13211119.39385618,,,0.5,0.5,704102.4940911982,6605559.69692809,704102.4940911982,2023,663342.8275735036
140,"PRESIDENTE, DIRETOR, GERENTE E SUPERVISOR DE ORGANISMO INTERNACIONAL E DE ORGANIZAÇÃO NÃO-GOVERNAMENTAL",,34054652.39794776,31508261.73459834,,,0.5,0.5,737954.3716713516,15754130.86729917,737954.3716713516,2023,1187126.0044039914
211,"MATEMÁTICO, ESTATÍSTICO, ATUÁRIO E AFINS","LC 214/2025, art 127",9615026.85153967,8971193.592342619,7380,7490,0.01736158728243161,0.9826384127175684,407869.57510804903,8815439.43176157,407869.57510804903,2023,460725.4059446169
212,"ANALISTA DE SISTEMAS, DESENVOLVEDOR DE SOFTWARE, ADMINISTRADOR DE REDES E BANCOS DE DADOS E OUTROS ESPECIALISTAS EM INFORMÁTICA (EXCETO TÉCNICOS)",,143607639.8630703,141360432.28709316,,,0.5,0.5,4482001.794604527,70680216.14354658,4482001.794604527,2023,6926771.40935454
213,"FÍSICO, QUÍMICO, METEOROLOGISTA, GEÓLOGO, OCEANÓGRAFO E AFINS","LC 214/2025, art 127",13623743.019124286,13384803.562902233,7380,7490,0.01736158728243161,0.9826384127175684,365736.0863922556,13152422.127586704,365736.0863922556,2023,278140.3061457053
214,"ENGENHEIRO, ARQUITETO E AFINS","LC 214/2025, art 127",837289933.7452594,864772764.2103752,7180,7112,0.41733223453661844,0.5826677654633816,33902672.603737704,503875214.1560511,33902672.603737704,2023,32663214.77106312
215,"PILOTO DE AERONAVES, COMANDANTE DE EMBARCAÇÕES E OFICIAIS DE MÁQUINAS",,6642594.708487529,7397601.5520489,,,0.5,0.5,659340.6615493903,3698800.77602445,659340.6615493903,2023,573849.1074680794
221,"BIÓLOGO, BIOMÉDICO E AFINS","LC 214/2025, art 127",72390750.83851497,88454434.38061368,7380,7490,0.01736158728243161,0.9826384127175684,7861026.677892776,86918724.99759653,7861026.677892776,2023,6202028.046500535
222,AGRÔNOMO E AFINS,"LC 214/2025, art 127",43770176.93282041,46634789.64593656,7380,7490,0.01736158728243161,0.9826384127175684,1266012.9944671295,45825135.675100796,1266012.9944671295,2023,1536027.4315660596
224,PROFISSIONAL DA EDUCAÇÃO FÍSICA (EXCETO PROFESSOR),"LC 214/2025, art 127",261126190.14060655,293611126.3586209,8592,8591,0.8621415167655477,0.13785848323445227,5559179.852555525,40476784.540558584,5559179.852555525,2023,4534075.940558244
225,MÉDICO,Profissionais de saúde,4846347289.601543,4951715410.750405,8692,8630,0.8767171182309692,0.1232828817690308,2165316129.754871,610461745.5374299,2165316129.754871,2023,2093455735.0266666
226,ODONTÓLOGO,Profissionais de saúde,12846095943.735287,13407102465.501535,8692,8630,0.8767171182309692,0.1232828817690308,2555907117.8401127,1652866228.119707,2555907117.8401127,2023,2431772772.76778
227,"ENFERMEIRO DE NÍVEL SUPERIOR, NUTRICIONISTA, FARMACÊUTICO E AFINS",Profissionais de saúde,336671324.04031336,388195424.7145888,8692,8650,0.8767171182309692,0.1232828817690308,19978654.04292452,47857850.648367345,19978654.04292452,2023,17802327.68010305
228,"VETERINÁRIO, PATOLOGISTA (VETERINÁRIO) E ZOOTECNISTA","LC 214/2025, art 127",290113272.4115939,291476506.1693688,7380,7490,0.01736158728243161,0.9826384127175684,24331896.653989416,286416011.3667311,24331896.653989416,2023,25636956.433689594
229,"FONOAUDIÓLOGO, FISIOTERAPEUTA, TERAPEUTA OCUPACIONAL E AFINS",Profissionais de saúde,2587104943.067198,0,8692,8650,0.8767171182309692,0.1232828817690308,3195317.0171573376,0.0,3195317.0171573376,2023,130505703.65502605
230,FONOAUDIÓLOGO,Profissionais de saúde,0,437660290.2325225,8692,8650,0.8767171182309692,0.1232828817690308,30278988.00828735,53956021.81573577,30278988.00828735,2023,697107.4494281732
231,FISIOTERAPEUTA,Profissionais de saúde,0,1783575702.0869236,8692,8650,0.8767171182309692,0.1232828817690308,83170350.38015756,219884352.40649828,83170350.38015756,2023,1914815.3434219926
232,TERAPEUTA OCUPACIONAL,Profissionais de saúde,0,137504388.65056545,8692,8650,0.8767171182309692,0.1232828817690308,8379439.696188718,16951937.28873052,8379439.696188718,2023,192918.26505722458
241,ADVOGADO,"LC 214/2025, art 127",2528605433.226418,2868276088.485484,6980,6911,0.07745463951812571,0.9225453604818743,192045327.73245823,2646114798.0133815,192045327.73245823,2023,171097183.28712627
250,SOCIÓLOGO E CIENTISTA POLÍTICO,,2691303.2961884495,1816827.2491093352,,,0.5,0.5,194795.71366710583,908413.6245546676,194795.71366710583,2023,207628.28548153138
251,ANTROPÓLOGO E ARQUEÓLOGO,,906062.9023634853,751659.4923205446,,,0.5,0.5,165.83707873668598,375829.7461602723,165.83707873668598,2023,6773.251147355397
252,"ECONOMISTA, ADMINISTRADOR, CONTADOR, AUDITOR E AFINS","LC 214/2025, art 127",594791377.8687992,618638498.0004905,6980,6920,0.07745463951812571,0.9225453604818743,103551079.10212812,570722076.1458278,103551079.10212812,2023,101595262.11176422
253,"PROFISSIONAL DE MARKETING, DE PUBLICIDADE E DE COMERCIALIZAÇÃO","LC 214/2025, art 127",80842765.29665439,97709853.19969474,7380,7311,0.01736158728243161,0.9826384127175684,2971688.7392409244,96013455.05501465,2971688.7392409244,2023,2804686.498512716
254,PSICANALISTA,Profissionais de saúde,89644273.66496222,98227602.27866113,8692,8650,0.8767171182309692,0.1232828817690308,5125695.824254198,12109781.87817556,5125695.824254198,2023,4256246.176740242
255,PSICÓLOGO,Profissionais de saúde,3319864245.1356955,3903173741.432418,8692,8650,0.8767171182309692,0.1232828817690308,221298964.37466517,481194506.8889983,221298964.37466517,2023,184949973.56201825
256,GEÓGRAFO,,1098925.3635390948,1378033.9413113708,,,0.5,0.5,7134.861302125151,689016.9706556854,7134.861302125151,2023,5912.277697865241
257,HISTORIADOR,,1023135.5649558903,869843.7205488257,,,0.5,0.5,28121.289190689353,434921.86027441284,28121.289190689353,2023,13525.271971466942
258,ASSISTENTE SOCIAL E ECONOMISTA DOMÉSTICO,"LC 214/2025, art 127",10077474.398376808,12252606.57841851,8692,8800,0.8767171182309692,0.1232828817690308,366557.25086124055,1510536.648169618,366557.25086124055,2023,362396.07904737967
259,FILÓSOFO,,881599.7996859183,1004552.3198258939,,,0.5,0.5,59743.95939366148,502276.1599129469,59743.95939366148,2023,44648.196357889785
261,JORNALISTA E REPÓRTER,"LC 214/2025, art 139",28957080.653556205,31392859.318679143,5800,5812,0.4295501470312207,0.5704498529687794,1878471.1213290982,17908051.98261009,1878471.1213290982,2023,1251468.9990019202
263,SACERDOTE OU MEMBRO DE ORDENS OU SEITAS RELIGIOSAS,,116784334.745779,120027504.91901872,,,0.5,0.5,5275200.452157107,60013752.45950936,5275200.452157107,2023,63307426.59246461
264,"TRADUTOR, INTÉRPRETE, FILÓLOGO",,22618479.2848887,26490686.77407718,,,0.5,0.5,1369186.1922761577,13245343.38703859,1369186.1922761577,2023,1294860.828131251
265,"BIBLIOTECÁRIO, DOCUMENTALISTA, ARQUIVÓLOGO, MUSEÓLOGO","LC 214/2025, art 127",1922206.1435069751,2521461.6644523437,9080,9102,0.8928112494033851,0.10718875059661492,69103.70905373462,270272.3254899078,69103.70905373462,2023,27948.47005373653
266,"ESCRITOR, CRÍTICO, REDATOR","LC 214/2025, art 139",6014983.219786626,6609275.14821918,5800,5811,0.4295501470312207,0.5704498529687794,256517.21712629937,3770260.036531839,256517.21712629937,2023,246831.48884080295
271,"LOCUTOR, COMENTARISTA","LC 214/2025, art 139",2885028.4856954175,2568316.252249184,5980,6021,0.026901987662782727,0.9730980123372173,10543.008516429189,2499223.4401170523,10543.008516429189,2023,2500.627198861825
272,"ATOR, DIRETOR DE ESPETÁCULOS","LC 214/2025, art 139",8110927.624994149,7340086.915557273,9080,9001,0.8928112494033851,0.10718875059661492,82640.9857928858,786774.745749145,82640.9857928858,2023,38938.596274438096
273,CANTOR E COMPOSITOR,"LC 214/2025, art 139",19504308.65563918,17918658.483059365,5980,5920,0.026901987662782727,0.9730980123372173,314325.82481525256,17436610.953614485,314325.82481525256,2023,485166.31827877613
274,"MÚSICO, ARRANJADOR, REGENTE DE ORQUESTRA OU CORAL","LC 214/2025, art 139",39933115.65373956,42297022.33521021,5980,5920,0.026901987662782727,0.9730980123372173,1034544.6126394783,41159148.36217594,1034544.6126394783,2023,1037948.0475753646
275,"DESENHISTA INDUSTRIAL (DESIGNER), ESCULTOR, PINTOR ARTÍSTICO E AFINS","LC 214/2025, art 139",51307227.76230675,58431192.723484956,9080,9002,0.8928112494033851,0.10718875059661492,1115677.4683550238,6263166.54390037,1115677.4683550238,2023,1206359.9931466545
276,"CENÓGRAFO, DECORADOR DE INTERIORES","LC 214/2025, art 139",9886372.039341368,8972150.009679666,9080,9002,0.8928112494033851,0.10718875059661492,631559.6516746727,961713.5497029698,631559.6516746727,2023,836130.7156090747
277,EMPRESÁRIO E PRODUTOR DE ESPETÁCULOS,"LC 214/2025, art 139",22324021.43947335,23036905.852229536,9080,9002,0.8928112494033851,0.10718875059661492,820988.3917063671,2469297.1559123304,820988.3917063671,2023,1043580.6665199923
279,OUTROS PROFISSIONAIS DO ESPETÁCULO E DAS ARTES,"LC 214/2025, art 139",31591950.994432166,30411177.952436384,9080,9002,0.8928112494033851,0.10718875059661492,697309.8424944363,3259736.168892978,697309.8424944363,2023,724510.6960000154
290,PROFESSOR NA EDUCAÇÃO INFANTIL,"LC 214/2025, art 129",51861092.82004738,55933691.58269337,8592,8513,0.8621415167655477,0.13785848323445227,1078056.4592710794,7710933.883293757,1078056.4592710794,2023,870447.6612504876
291,PROFESSOR DO ENSINO FUNDAMENTAL,"LC 214/2025, art 129",77379816.82448356,82164716.20860037,8592,8513,0.8621415167655477,0.13785848323445227,2936342.1864893096,11327103.151906863,2936342.1864893096,2023,2785600.7113203267
292,PROFESSOR DO ENSINO MÉDIO,"LC 214/2025, art 129",56979989.82505259,56832636.81760959,8592,8520,0.8621415167655477,0.13785848323445227,2356179.5046983818,7834861.109890147,2356179.5046983818,2023,2857817.570704647
293,PROFESSOR DO ENSINO PROFISSIONAL,"LC 214/2025, art 129",22504076.197492,23324937.07698868,8592,8541,0.8621415167655477,0.13785848323445227,1022313.6598242915,3215540.446972698,1022313.6598242915,2023,692849.1660482323
294,PROFESSOR DO ENSINO SUPERIOR,"LC 214/2025, art 129",165507660.60832283,171677267.55599913,8592,8531,0.8621415167655477,0.13785848323445227,19178808.509330045,23667167.711105283,19178808.509330045,2023,18342868.157378014
295,INSTRUTOR E PROFESSOR DE ESCOLAS LIVRES,"LC 214/2025, art 129",164771235.93625253,173731734.13353977,8592,8599,0.8621415167655477,0.13785848323445227,5610155.8485473655,23950393.35734091,5610155.8485473655,2023,5534059.369354811
296,"PEDAGOGO, ORIENTADOR EDUCACIONAL","LC 214/2025, art 129",63866334.01960727,69633429.04718468,8592,8599,0.8621415167655477,0.13785848323445227,2654987.9171142383,9599558.91085873,2654987.9171142383,2023,2291759.7388086473
311,TÉCNICO EM CIÊNCIAS FÍSICAS E QUÍMICAS,"LC 214/2025, art 127",3007408.2682002718,3828743.507690933,7380,7490,0.01736158728243161,0.9826384127175684,44733.48049888261,3762270.4431001134,44733.48049888261,2023,64411.13860058282
312,"TÉCNICO EM CONSTRUÇÃO CIVIL, DE EDIFICAÇÕES E OBRAS DE INFRA-ESTRUTURA","LC 214/2025, art 127",44472724.67679271,48281359.7448232,7180,7112,0.41733223453661844,0.5826677654633816,986130.2076433245,28131991.9960498,986130.2076433245,2023,1729265.3074576491
313,TÉCNICO EM ELETRO-ELETRÔNICA E FOTÔNICA,"LC 214/2025, art 127",23043369.71608196,25069321.562105443,7380,7490,0.01736158728243161,0.9826384127175684,381274.8804260483,24634078.347693603,381274.8804260483,2023,569781.7980202691
314,TÉCNICO EM METALMECÂNICA,"LC 214/2025, art 127",6405359.938225722,8828138.005881362,7380,7490,0.01736158728243161,0.9826384127175684,486190.84800256096,8674867.5173509,486190.84800256096,2023,86400.50374666032
316,TÉCNICO EM MINERALOGIA E GEOLOGIA,"LC 214/2025, art 127",1609091.8450870477,1237019.1834265802,7380,7490,0.01736158728243161,0.9826384127175684,29687.01693731965,1215542.5669034773,29687.01693731965,2023,27961.37830694752
317,TÉCNICO EM INFORMÁTICA,"LC 214/2025, art 127",46952193.32050119,51078084.3531552,6280,6204,0.4850664403345332,0.5149335596654667,534059.1867613498,26301819.796863187,534059.1867613498,2023,551982.1629636182
318,DESENHISTA TÉCNICO E MODELISTA,"LC 214/2025, art 127",7437151.590508368,7634687.12609771,7380,7490,0.01736158728243161,0.9826384127175684,58247.66784748083,7502136.839183907,58247.66784748083,2023,107291.46218138072
319,"OUTROS TÉCNICOS DE NÍVEL MÉDIO DAS CIÊNCIAS FÍSICAS, QUÍMICAS, ENGENHARIA E AFINS","LC 214/2025, art 127",30752838.19400357,34426580.3677999,7380,7490,0.01736158728243161,0.9826384127175684,1094684.2506686917,33828880.287908696,1094684.2506686917,2023,933591.6477855337
320,TÉCNICO EM BIOLOGIA,"LC 214/2025, art 127",791449.8865311154,331182.1054382273,7380,7490,0.01736158728243161,0.9826384127175684,6393.181162938208,325432.258408282,6393.181162938208,2023,44738.357545914514
321,TÉCNICO DA PRODUÇÃO AGROPECUÁRIA,"LC 214/2025, art 127",7942176.594734537,7021915.178600337,7380,7490,0.01736158728243161,0.9826384127175684,139013.68473220267,6900003.585337236,139013.68473220267,2023,254091.96858917925
322,TÉCNICO DA CIÊNCIA DA SAÚDE HUMANA,Profissionais de saúde,91364285.40645266,94444296.61933938,8692,8660,0.8767171182309692,0.1232828817690308,4365271.728714225,11643365.053881291,4365271.728714225,2023,4023198.1076183943
323,TÉCNICO DA CIÊNCIA DA SAÚDE ANIMAL,"LC 214/2025, art 127",2819960.5451832614,3046021.7777197245,7380,7490,0.01736158728243161,0.9826384127175684,26439.31608489402,2993138.004761656,26439.31608489402,2023,65376.898450668275
324,"TÉCNICO DE LABORATÓRIO, RAIOS-X E OUTROS EQUIPAMENTOS E INSTRUMENTOS DE DIAGNÓSTICO",Profissionais de saúde,28505938.213532034,28426074.091016166,8692,8640,0.8767171182309692,0.1232828817690308,2369038.9225690365,3504448.3313204553,2369038.9225690365,2023,2407578.259116258
325,TÉCNICO DE BIOQUÍMICA E DA BIOTECNOLOGIA,"LC 214/2025, art 127",1448374.2593057228,1383745.72619943,7380,7490,0.01736158728243161,0.9826384127175684,58251.87783053802,1359721.7039973268,58251.87783053802,2023,63418.521999203615
328,"TÉCNICO DE CONSERVAÇÃO, DISSECAÇÃO E EMPALHAMENTO DE CORPOS",Profissionais de saúde,254805.08819869807,354580.6283917736,8692,8690,0.8767171182309692,0.1232828817690308,18696.39644390387,43713.72168761167,18696.39644390387,2023,7933.256959211994
341,"TÉCNICO EM NAVEGAÇÃO AÉREA, MARÍTIMA, FLUVIAL E METROFERROVIÁRIA",,2380186.2191246427,2114979.293697419,,,0.5,0.5,201213.20761576926,1057489.6468487096,201213.20761576926,2023,199093.23369283398
342,TÉCNICO EM TRANSPORTES (LOGÍSTICA),"LC 214/2025, art 127",23914168.231996544,29211155.70286287,7380,7490,0.01736158728243161,0.9826384127175684,1072568.2518878141,28704003.673506916,1072568.2518878141,2023,933507.0917490493
351,TÉCNICO DAS CIÊNCIAS ADMINISTRATIVAS E CONTÁBEIS,"LC 214/2025, art 127",135283340.9162122,137686464.2561794,6980,6911,0.07745463951812571,0.9225453604818743,24045170.00588472,127022008.80069172,24045170.00588472,2023,24317360.30496205
352,"TÉCNICO DE INSPEÇÃO, FISCALIZAÇÃO E COORDENAÇÃO ADMINISTRATIVA","LC 214/2025, art 127",7977852.901989725,9367661.329354938,7380,7490,0.01736158728243161,0.9826384127175684,243059.62313393853,9205023.859553082,243059.62313393853,2023,330477.3278712319
353,"AGENTE DE BOLSA DE VALORES, CÂMBIO E OUTROS SERVIÇOS FINANCEIROS",,10205574.938912839,10057287.524931172,,,0.5,0.5,1160754.4370332442,5028643.762465586,1160754.4370332442,2023,1194091.9168286042
354,"AGENTE E REPRESENTANTE COMERCIAL, CORRETOR, LEILOEIRO E AFINS",,1183085463.5761056,1357161410.7849555,,,0.5,0.5,282192470.0274194,678580705.3924778,282192470.0274194,2023,248237317.6638169
355,CORRETOR E ADMINSTRADOR DE IMÓVEIS,,75980073.37978359,93139271.68965013,,,0.5,0.5,3082202.1989768716,46569635.84482507,3082202.1989768716,2023,3171895.5686947773
371,TÉCNICO DE SERVIÇOS CULTURAIS,"LC 214/2025, art 139",4366580.141489175,3552798.0208568773,9080,9002,0.8928112494033851,0.10718875059661492,10285.678545145527,380819.98097777495,10285.678545145527,2023,118498.10691238484
372,"CINEGRAFISTA, FOTÓGRAFO E OUTROS TÉCNICOS EM OPERAÇÃO DE MÁQUINAS DE TRATAMENTO DE DADOS","LC 214/2025, art 139",28940948.80595565,34110449.58969312,5980,6021,0.026901987662782727,0.9730980123372173,853973.3331238907,33192810.695659224,853973.3331238907,2023,639252.4443766372
373,TÉCNICO EM OPERAÇÃO DE ESTAÇÕES DE RÁDIO E TELEVISÃO,"LC 214/2025, art 139",1584315.9963965192,2118541.1197372396,5980,6021,0.026901987662782727,0.9730980123372173,9856.404460521739,2061548.1526709704,9856.404460521739,2023,10145.701393474112
374,"TÉCNICO EM OPERAÇÃO DE APARELHOS DE SONORIZAÇÃO, CENOGRAFIA E PROJEÇÃO","LC 214/2025, art 139",7765924.35675317,6840831.685315042,5980,6021,0.026901987662782727,0.9730980123372173,244802.80414585982,6656799.715713523,244802.80414585982,2023,229703.82626219667
375,DECORADOR E VITRINISTA,,7712504.530193707,6626395.01334138,,,0.5,0.5,326028.23275672464,3313197.50667069,326028.23275672464,2023,551924.656873097
376,"APRESENTADOR, ARTISTAS DE ARTES POPULARES E MODELOS","LC 214/2025, art 139",14529176.12317081,9641334.465207139,5980,6021,0.026901987662782727,0.9730980123372173,220198.02214201307,9381963.404371375,220198.02214201307,2023,45216.990386745696
377,"ATLETA, DESPORTISTA E AFINS",,19234640.215274666,22648824.874959566,,,0.5,0.5,1384194.6996835163,11324412.437479783,1384194.6996835163,2023,1182188.6047240295
391,OUTROS TÉCNICOS DE NÍVEL MÉDIO,"LC 214/2025, art 127",323543590.69454026,340347522.1108116,7380,7490,0.01736158728243161,0.9826384127175684,15834602.69234048,334438548.89932543,15834602.69234048,2023,15531053.522005359
410,"BANCÁRIO, ECONOMIÁRIO, ESCRITURÁRIO, SECRETÁRIO, ASSISTENTE E AUXILIAR ADMINISTRATIVO",,520510261.3555318,583120417.9281164,,,0.5,0.5,29760987.158863816,291560208.9640582,29760987.158863816,2023,26450522.320185535
420,"TRABALHADOR DE ATENDIMENTO AO PÚBLICO, CAIXA, DESPACHANTE, RECENSEADOR E AFINS",,219756409.38416517,227260143.05523264,,,0.5,0.5,15999211.336498015,113630071.52761632,15999211.336498015,2023,17413865.396302488
511,"COMISSÁRIO DE BORDO, GUIA DE TURISMO, AGENTE DE VIAGEM E AFINS",,31831069.66944903,34529744.599519655,,,0.5,0.5,1194176.3130564129,17264872.299759828,1194176.3130564129,2023,915072.0073050077
512,TRABALHADOR DOS SERVIÇOS DOMÉSTICOS EM GERAL,,119008821.9645252,129073574.31893483,,,0.5,0.5,138229.33117744906,64536787.159467414,138229.33117744906,2023,364069.6317077093
513,TRABALHADOR DOS SERVIÇOS DE HOTELARIA E ALIMENTAÇÃO,,104378474.75037646,110515855.8558543,,,0.5,0.5,1776039.8708963185,55257927.92792715,1776039.8708963185,2023,1752255.4969829442
514,"TRABALHADOR DOS SERVIÇOS DE ADMINISTRAÇÃO, CONSERVAÇÃO E MANUTENÇÃO DE EDIFÍCIOS",,58822590.431837276,68474356.07895051,,,0.5,0.5,1159796.8117239084,34237178.039475255,1159796.8117239084,2023,1354144.3659811132
515,TRABALHADOR DOS SERVIÇOS DE SAÚDE,Profissionais de saúde,197863326.15183637,212453586.54676926,8692,8660,0.8767171182309692,0.1232828817690308,9027388.801096207,26191890.391651906,9027388.801096207,2023,9560476.87150545
516,TRABALHADOR DOS SERVIÇOS DE EMBELEZAMENTO E CUIDADOS PESSOAIS,,586189434.8272638,588881839.6461848,,,0.5,0.5,8890930.209807243,294440919.8230924,8890930.209807243,2023,8928176.457954135
517,TRABALHADOR DOS SERVIÇOS DE PROTEÇÃO E SEGURANÇA (EXCETO MILITAR),,34525879.15820952,39538433.00527917,,,0.5,0.5,434079.00299772515,19769216.502639584,434079.00299772515,2023,436759.6341710353
518,"MOTORISTA E CONDUTOR DO TRANSPORTE DE PASSAGEIROS (MOTORISTA DE TÁXI, ÔNIBUS, PEQUENA EMBARCAÇÃO ETC)",Não contribuinte,1279148098.02806,1309020375.8685443,,,0.5,0.5,25662287.883450333,654510187.9342722,25662287.883450333,2023,24255391.11079702
519,OUTROS TRABALHADORES DE SERVIÇOS DIVERSOS,,1851543246.4131222,2056295120.1335223,,,0.5,0.5,41247794.936116554,1028147560.0667611,41247794.936116554,2023,33411402.294191644
529,"VENDEDOR E PRESTADOR DE SERVIÇOS DO COMÉRCIO, AMBULANTE, CAIXEIRO-VIAJANTE E CAMELÔ",,3299021676.85374,3298714328.2482014,,,0.5,0.5,91586245.05261397,1649357164.1241007,91586245.05261397,2023,89156831.79914595
610,PRODUTOR NA EXPLORAÇÃO AGROPECUÁRIA,,472437091.8854024,522154013.5037296,,,0.5,0.5,38148397.38490191,261077006.7518648,38148397.38490191,2023,32616255.080608908
620,TRABALHADOR NA EXPLORAÇÃO AGROPECUÁRIA,,122897012.53965086,180374071.07728046,,,0.5,0.5,22414751.376366463,90187035.53864023,22414751.376366463,2023,5501942.694310986
630,"PESCADOR, CAÇADOR E EXTRATIVISTA FLORESTAL",,16347963.916254664,18675325.03170383,,,0.5,0.5,285761.48642255075,9337662.515851915,285761.48642255075,2023,64581.05657341683
640,OPERADOR DE MÁQUINA AGROPECUÁRIA E FLORESTAL,,27917999.647458997,31633363.743390825,,,0.5,0.5,1510732.2017993978,15816681.871695412,1510732.2017993978,2023,1301585.1917891966
710,TRABALHADOR DA INDÚSTRIA EXTRATIVA E DA CONSTRUÇÃO CIVIL,,137837813.80515274,131673772.08705617,,,0.5,0.5,2736659.79683198,65836886.04352809,2736659.79683198,2023,3396952.0447490434
720,TRABALHADOR DA TRANSFORMAÇÃO DE METAIS E COMPÓSITOS,,28515566.1695996,31461077.619497634,,,0.5,0.5,374198.75231702975,15730538.809748817,374198.75231702975,2023,742294.5661062314
730,TRABALHADOR DA FABRICAÇÃO E INSTALAÇÃO ELETRO-ELETRÔNICA,,8734043.970327426,10341981.906316547,,,0.5,0.5,52041.76041328704,5170990.953158273,52041.76041328704,2023,43527.64645458137
740,MONTADOR DE APARELHOS E INSTRUMENTOS DE PRECISÃO E MUSICAIS,,1358602.1418774638,775662.5763964668,,,0.5,0.5,4506.739585647718,387831.2881982334,4506.739585647718,2023,31053.437639793196
750,"JOALHEIRO, VIDREIRO, CERAMISTA E AFINS",,8535093.675586894,8257696.26691307,,,0.5,0.5,83987.1001615944,4128848.133456535,83987.1001615944,2023,98871.6822113569
760,"TRABALHADOR DAS INDÚSTRIAS TÊXTEIS, DO CURTIMENTO, DO VESTUÁRIO E DAS ARTES GRÁFICAS",,71666503.73302618,91705309.6630323,,,0.5,0.5,582552.6826775821,45852654.83151615,582552.6826775821,2023,545019.0525779433
770,TRABALHADOR DAS INDÚSTRIAS DE MADEIRA E DO MOBILIÁRIO,,33646527.80187357,33856460.92594557,,,0.5,0.5,948025.8091670481,16928230.462972786,948025.8091670481,2023,742427.1872853594
780,"CONDUTOR E OPERADOR DE ROBÔS, VEÍCULOS DE EQUIPAMENTOS DE MOVIMENTAÇÃO DE CARGA E AFINS",,33548607.29712313,29191378.69735481,,,0.5,0.5,1136520.51731362,14595689.348677404,1136520.51731362,2023,2284322.693470574
810,"TRABALHADOR DAS INDÚSTRIAS QUÍMICA, PETROQUÍMICA, BORRACHA E PLÁSTICO E AFINS",,14638410.334306361,15752889.932218835,,,0.5,0.5,177651.39487346116,7876444.966109417,177651.39487346116,2023,455973.36401053524
820,TRABALHADOR DE INSTALAÇÕES SIDERÚRGICAS E DE MATERIAIS DE CONSTRUÇÃO,,7831677.426868661,8689702.953699917,,,0.5,0.5,82049.54087710749,4344851.476849958,82049.54087710749,2023,101405.87444842582
830,TRABALHADOR DE INSTALAÇÕES E MÁQUINAS DE FABRICAÇÃO DE CELULOSE E PAPEL,,2158498.967896224,2841490.869764282,,,0.5,0.5,16078.876646201112,1420745.434882141,16078.876646201112,2023,13722.024366786656
840,"TRABALHADOR DA FABRICAÇÃO DE ALIMENTOS, BEBIDAS, FUMO E DE AGROINDÚSTRIAS",,25668787.240739208,29067673.496115115,,,0.5,0.5,506282.73679512745,14533836.748057557,506282.73679512745,2023,725044.1515955452
860,OPERADOR DE INSTALAÇÕES DE PRODUÇÃO E DISTRIBUIÇÃO DE ENERGIA,,5228902.978952655,6909222.116762746,,,0.5,0.5,155340.0523579658,3454611.058381373,155340.0523579658,2023,16872.411593133507
870,TRABALHADOR DE OUTRAS INSTALAÇÕES AGROINDUSTRIAIS,,6037567.205368052,7518232.776170506,,,0.5,0.5,38637.36490483774,3759116.388085253,38637.36490483774,2023,53987.76485867072
900,TRABALHADOR DE REPARAÇÃO E MANUTENÇÃO,,437918624.5696181,428684144.5463266,,,0.5,0.5,5456877.437323287,214342072.2731633,5456877.437323287,2023,6652819.319659298
,,,-,-,,,0.5,0.5,0.0,,0.0,2023,0
,,,75404564263.23,82363429173.45999,,,,,11379884266.331253,45223753280.91837,11379884266.331253,2023,10530087292.359089
0,OUTRAS OCUPAÇÕES NÃO ESPECIFICADAS ANTERIORMENTE,,-,-,,,0.5,0.5,0.0,,0.0,2024,
10,MILITAR DA AERONÁUTICA,,12149248.658796854,12490635.555462537,,,0.5,0.5,2030681.2528310888,6245317.777731269,2030681.2528310888,2024,6245317.777731269
20,MILITAR DO EXÉRCITO,,16598380.217367442,17510304.313843317,,,0.5,0.5,2147569.4427510398,8755152.156921659,2147569.4427510398,2024,8755152.156921659
30,MILITAR DA MARINHA,,7681750.417675814,9456574.974018369,,,0.5,0.5,683459.4500029697,4728287.487009184,683459.4500029697,2024,4728287.487009184
40,POLICIAL MILITAR,,28903734.398222804,25218705.388565216,,,0.5,0.5,3712413.8400277873,12609352.694282608,3712413.8400277873,2024,12609352.694282608
50,BOMBEIRO MILITAR,,22230981.510653447,29497591.674154233,,,0.5,0.5,4526636.554029492,14748795.837077117,4526636.554029492,2024,14748795.837077117
101,"MEMBRO DO PODER EXECUTIVO (PRESIDENTE DA REPÚBLICA, VICE-PRESIDENTE DA REPÚBLICA, MINISTRO DE ESTADO, GOVERNADOR, VICE-GOVERNADOR, PREFEITO, VICE-PREFEITO)",,16850658.38439232,17326334.95865115,,,0.5,0.5,1924768.2719036203,8663167.479325576,1924768.2719036203,2024,8663167.479325576
102,"MEMBRO DO PODER JUDICIÁRIO (MINISTRO, JUIZ E DESEMBARGADOR) E DE TRIBUNAL DE CONTAS (MINISTRO E CONSELHEIRO)",,49261187.12955007,60731057.06615548,,,0.5,0.5,10462236.368035438,30365528.53307774,10462236.368035438,2024,30365528.53307774
103,"MEMBRO DO PODER LEGISLATIVO (SENADOR, DEPUTADO FEDERAL, DEPUTADO ESTADUAL E VEREADOR)",,9622609.800731514,8589296.81144994,,,0.5,0.5,614573.844621478,4294648.40572497,614573.844621478,2024,4294648.40572497
104,MEMBRO DO MINISTÉRIO PÚBLICO (PROCURADOR E PROMOTOR),,31151268.23611343,40638869.22457584,,,0.5,0.5,5963356.772102028,20319434.61228792,5963356.772102028,2024,20319434.61228792
105,"DIRIGENTE SUPERIOR DA ADMINISTRAÇÃO PÚBLICA (OCUPANTE DE CARGO DE DIREÇÃO, CHEFIA, ASSESSORIA E DE NATUREZA ESPECIAL), INCLUSIVE OS DAS FUNDAÇÕES PÚBLICAS E AUTARQUIAS",,22792949.30382728,23617336.61313259,,,0.5,0.5,974704.009044373,11808668.306566294,974704.009044373,2024,11808668.306566294
106,DIPLOMATA E AFINS,,1499294.3164418137,1152103.5341510905,,,0.5,0.5,4736.228240215554,576051.7670755453,4736.228240215554,2024,576051.7670755453
107,SERVIDOR DAS CARREIRAS DO PODER LEGISLATIVO,,7649611.617924777,13745622.177678717,,,0.5,0.5,1326618.8863780543,6872811.088839359,1326618.8863780543,2024,6872811.088839359
108,SERVIDOR DAS CARREIRAS DO MINISTÉRIO PÚBLICO,,5390861.830358617,11157994.687452413,,,0.5,0.5,641442.8390658787,5578997.343726207,641442.8390658787,2024,5578997.343726207
109,"SERVIDOR DAS CARREIRAS DO PODER JUDICIÁRIO, OFICIAL DE JUSTIÇA, AUXILIAR, ASSISTENTE E ANALISTA JUDICIÁRIO",,176853708.8393569,196567813.84014854,,,0.5,0.5,31823093.800727352,98283906.92007427,31823093.800727352,2024,98283906.92007427
110,"ADVOGADO DO SETOR PÚBLICO, PROCURADOR DA FAZENDA, CONSULTOR JURÍDICO, PROCURADOR DE AUTARQUIAS E FUNDAÇÕES PÚBLICAS, DEFENSOR PÚBLICO",,29048923.758715786,30351549.06511548,,,0.5,0.5,1497409.341049233,15175774.53255774,1497409.341049233,2024,15175774.53255774
111,SERVIDOR DAS CARREIRAS DE AUDITORIA FISCAL E DE FISCALIZAÇÃO,,18894995.651369005,20715156.24581152,,,0.5,0.5,2321022.961792377,10357578.12290576,2321022.961792377,2024,10357578.12290576
112,"SERVIDOR DAS CARREIRAS DO BANCO CENTRAL, CVM E SUSEP",,2089454.3562535779,1451870.5686712929,,,0.5,0.5,140701.04349613565,725935.2843356464,140701.04349613565,2024,725935.2843356464
113,"DELEGADO DE POLÍCIA E OUTROS SERVIDORES DAS CARREIRAS DE POLÍCIA, EXCETO MILITAR",,20873038.127225433,28973814.831459887,,,0.5,0.5,2072845.0201706183,14486907.415729944,2072845.0201706183,2024,14486907.415729944
114,"SERVIDOR DAS CARREIRAS DE GESTÃO GOVERNAMENTAL, ANALISTA, GESTOR E TÉCNICO DE PLANEJAMENTO",,2820991.1277955472,4355704.083088863,,,0.5,0.5,200221.86441340865,2177852.0415444314,200221.86441340865,2024,2177852.0415444314
115,SERVIDOR DAS CARREIRAS DE CIÊNCIA E TECNOLOGIA,,2696521.2979932907,2830838.7547373357,,,0.5,0.5,228527.10062640588,1415419.3773686679,228527.10062640588,2024,1415419.3773686679
116,"SERVIDOR DAS DEMAIS CARREIRAS DA ADMINISTRAÇÃO PÚBLICA DIRETA, AUTÁRQUICA E FUNDACIONAL",,52958419.97717347,60581906.20813907,,,0.5,0.5,7004671.81811506,30290953.104069535,7004671.81811506,2024,30290953.104069535
117,TITULAR DE CARTÓRIO,TITULAR DE CARTÓRIO,24278582199.870415,28075560143.201035,6980,6912,0.07745463951812571,0.9225453604818743,4794143012.8905,25900977753.03994,4794143012.8905,2024,25900977753.03994
118,"DIRIGENTE OU ADMINISTRADOR DE PARTIDO POLÍTICO, ORGANIZAÇÃO PATRONAL, SINDICAL, FILANTRÓPICA E RELIGIOSA",,10318376.762559991,12726759.631500315,,,0.5,0.5,227721.57760933315,6363379.815750157,227721.57760933315,2024,6363379.815750157
120,"DIRIGENTE, PRESIDENTE E DIRETOR DE EMPRESA INDUSTRIAL, COMERCIAL OU PRESTADORA DE SERVIÇOS",,7956269711.364674,8705801778.79026,,,0.5,0.5,320554136.0656754,4352900889.39513,320554136.0656754,2024,4352900889.39513
121,PRESIDENTE E DIRETOR DE EMPRESA PÚBLICA E SOCIEDADE DE ECONOMIA MISTA,,26331658.13308095,32329790.903111663,,,0.5,0.5,685546.2378308304,16164895.451555831,685546.2378308304,2024,16164895.451555831
130,"GERENTE OU SUPERVISOR DE EMPRESA INDUSTRIAL, COMERCIAL OU PRESTADORA DE SERVIÇOS",,744511533.7601136,770639965.5500537,,,0.5,0.5,20358469.111492347,385319982.77502686,20358469.111492347,2024,385319982.77502686
131,GERENTE OU SUPERVISOR DE EMPRESA PÚBLICA E SOCIEDADE DE ECONOMIA MISTA,,18105820.70944118,13211119.39385618,,,0.5,0.5,704102.4940911982,6605559.69692809,704102.4940911982,2024,6605559.69692809
140,"PRESIDENTE, DIRETOR, GERENTE E SUPERVISOR DE ORGANISMO INTERNACIONAL E DE ORGANIZAÇÃO NÃO-GOVERNAMENTAL",,34054652.39794776,31508261.73459834,,,0.5,0.5,737954.3716713516,15754130.86729917,737954.3716713516,2024,15754130.86729917
211,"MATEMÁTICO, ESTATÍSTICO, ATUÁRIO E AFINS","LC 214/2025, art 127",9615026.85153967,8971193.592342619,7380,7490,0.01736158728243161,0.9826384127175684,407869.57510804903,8815439.43176157,407869.57510804903,2024,8815439.43176157
212,"ANALISTA DE SISTEMAS, DESENVOLVEDOR DE SOFTWARE, ADMINISTRADOR DE REDES E BANCOS DE DADOS E OUTROS ESPECIALISTAS EM INFORMÁTICA (EXCETO TÉCNICOS)",,143607639.8630703,141360432.28709316,,,0.5,0.5,4482001.794604527,70680216.14354658,4482001.794604527,2024,70680216.14354658
213,"FÍSICO, QUÍMICO, METEOROLOGISTA, GEÓLOGO, OCEANÓGRAFO E AFINS","LC 214/2025, art 127",13623743.019124286,13384803.562902233,7380,7490,0.01736158728243161,0.9826384127175684,365736.0863922556,13152422.127586704,365736.0863922556,2024,13152422.127586704
214,"ENGENHEIRO, ARQUITETO E AFINS","LC 214/2025, art 127",837289933.7452594,864772764.2103752,7180,7112,0.41733223453661844,0.5826677654633816,33902672.603737704,503875214.1560511,33902672.603737704,2024,503875214.1560511
215,"PILOTO DE AERONAVES, COMANDANTE DE EMBARCAÇÕES E OFICIAIS DE MÁQUINAS",,6642594.708487529,7397601.5520489,,,0.5,0.5,659340.6615493903,3698800.77602445,659340.6615493903,2024,3698800.77602445
221,"BIÓLOGO, BIOMÉDICO E AFINS","LC 214/2025, art 127",72390750.83851497,88454434.38061368,7380,7490,0.01736158728243161,0.9826384127175684,7861026.677892776,86918724.99759653,7861026.677892776,2024,86918724.99759653
222,AGRÔNOMO E AFINS,"LC 214/2025, art 127",43770176.93282041,46634789.64593656,7380,7490,0.01736158728243161,0.9826384127175684,1266012.9944671295,45825135.675100796,1266012.9944671295,2024,45825135.675100796
224,PROFISSIONAL DA EDUCAÇÃO FÍSICA (EXCETO PROFESSOR),"LC 214/2025, art 127",261126190.14060655,293611126.3586209,8592,8591,0.8621415167655477,0.13785848323445227,5559179.852555525,40476784.540558584,5559179.852555525,2024,40476784.540558584
225,MÉDICO,Profissionais de saúde,4846347289.601543,4951715410.750405,8692,8630,0.8767171182309692,0.1232828817690308,2165316129.754871,610461745.5374299,2165316129.754871,2024,610461745.5374299
226,ODONTÓLOGO,Profissionais de saúde,12846095943.735287,13407102465.501535,8692,8630,0.8767171182309692,0.1232828817690308,2555907117.8401127,1652866228.119707,2555907117.8401127,2024,1652866228.119707
227,"ENFERMEIRO DE NÍVEL SUPERIOR, NUTRICIONISTA, FARMACÊUTICO E AFINS",Profissionais de saúde,336671324.04031336,388195424.7145888,8692,8650,0.8767171182309692,0.1232828817690308,19978654.04292452,47857850.648367345,19978654.04292452,2024,47857850.648367345
228,"VETERINÁRIO, PATOLOGISTA (VETERINÁRIO) E ZOOTECNISTA","LC 214/2025, art 127",290113272.4115939,291476506.1693688,7380,7490,0.01736158728243161,0.9826384127175684,24331896.653989416,286416011.3667311,24331896.653989416,2024,286416011.3667311
229,"FONOAUDIÓLOGO, FISIOTERAPEUTA, TERAPEUTA OCUPACIONAL E AFINS",Profissionais de saúde,2587104943.067198,0,8692,8650,0.8767171182309692,0.1232828817690308,3195317.0171573376,0.0,3195317.0171573376,2024,0.0
230,FONOAUDIÓLOGO,Profissionais de saúde,0,437660290.2325225,8692,8650,0.8767171182309692,0.1232828817690308,30278988.00828735,53956021.81573577,30278988.00828735,2024,53956021.81573577
231,FISIOTERAPEUTA,Profissionais de saúde,0,1783575702.0869236,8692,8650,0.8767171182309692,0.1232828817690308,83170350.38015756,219884352.40649828,83170350.38015756,2024,219884352.40649828
232,TERAPEUTA OCUPACIONAL,Profissionais de saúde,0,137504388.65056545,8692,8650,0.8767171182309692,0.1232828817690308,8379439.696188718,16951937.28873052,8379439.696188718,2024,16951937.28873052
241,ADVOGADO,"LC 214/2025, art 127",2528605433.226418,2868276088.485484,6980,6911,0.07745463951812571,0.9225453604818743,192045327.73245823,2646114798.0133815,192045327.73245823,2024,2646114798.0133815
250,SOCIÓLOGO E CIENTISTA POLÍTICO,,2691303.2961884495,1816827.2491093352,,,0.5,0.5,194795.71366710583,908413.6245546676,194795.71366710583,2024,908413.6245546676
251,ANTROPÓLOGO E ARQUEÓLOGO,,906062.9023634853,751659.4923205446,,,0.5,0.5,165.83707873668598,375829.7461602723,165.83707873668598,2024,375829.7461602723
252,"ECONOMISTA, ADMINISTRADOR, CONTADOR, AUDITOR E AFINS","LC 214/2025, art 127",594791377.8687992,618638498.0004905,6980,6920,0.07745463951812571,0.9225453604818743,103551079.10212812,570722076.1458278,103551079.10212812,2024,570722076.1458278
253,"PROFISSIONAL DE MARKETING, DE PUBLICIDADE E DE COMERCIALIZAÇÃO","LC 214/2025, art 127",80842765.29665439,97709853.19969474,7380,7311,0.01736158728243161,0.9826384127175684,2971688.7392409244,96013455.05501465,2971688.7392409244,2024,96013455.05501465
254,PSICANALISTA,Profissionais de saúde,89644273.66496222,98227602.27866113,8692,8650,0.8767171182309692,0.1232828817690308,5125695.824254198,12109781.87817556,5125695.824254198,2024,12109781.87817556
255,PSICÓLOGO,Profissionais de saúde,3319864245.1356955,3903173741.432418,8692,8650,0.8767171182309692,0.1232828817690308,221298964.37466517,481194506.8889983,221298964.37466517,2024,481194506.8889983
256,GEÓGRAFO,,1098925.3635390948,1378033.9413113708,,,0.5,0.5,7134.861302125151,689016.9706556854,7134.861302125151,2024,689016.9706556854
257,HISTORIADOR,,1023135.5649558903,869843.7205488257,,,0.5,0.5,28121.289190689353,434921.86027441284,28121.289190689353,2024,434921.86027441284
258,ASSISTENTE SOCIAL E ECONOMISTA DOMÉSTICO,"LC 214/2025, art 127",10077474.398376808,12252606.57841851,8692,8800,0.8767171182309692,0.1232828817690308,366557.25086124055,1510536.648169618,366557.25086124055,2024,1510536.648169618
259,FILÓSOFO,,881599.7996859183,1004552.3198258939,,,0.5,0.5,59743.95939366148,502276.1599129469,59743.95939366148,2024,502276.1599129469
261,JORNALISTA E REPÓRTER,"LC 214/2025, art 139",28957080.653556205,31392859.318679143,5800,5812,0.4295501470312207,0.5704498529687794,1878471.1213290982,17908051.98261009,1878471.1213290982,2024,17908051.98261009
263,SACERDOTE OU MEMBRO DE ORDENS OU SEITAS RELIGIOSAS,,116784334.745779,120027504.91901872,,,0.5,0.5,5275200.452157107,60013752.45950936,5275200.452157107,2024,60013752.45950936
264,"TRADUTOR, INTÉRPRETE, FILÓLOGO",,22618479.2848887,26490686.77407718,,,0.5,0.5,1369186.1922761577,13245343.38703859,1369186.1922761577,2024,13245343.38703859
265,"BIBLIOTECÁRIO, DOCUMENTALISTA, ARQUIVÓLOGO, MUSEÓLOGO","LC 214/2025, art 127",1922206.1435069751,2521461.6644523437,9080,9102,0.8928112494033851,0.10718875059661492,69103.70905373462,270272.3254899078,69103.70905373462,2024,270272.3254899078
266,"ESCRITOR, CRÍTICO, REDATOR","LC 214/2025, art 139",6014983.219786626,6609275.14821918,5800,5811,0.4295501470312207,0.5704498529687794,256517.21712629937,3770260.036531839,256517.21712629937,2024,3770260.036531839
271,"LOCUTOR, COMENTARISTA","LC 214/2025, art 139",2885028.4856954175,2568316.252249184,5980,6021,0.026901987662782727,0.9730980123372173,10543.008516429189,2499223.4401170523,10543.008516429189,2024,2499223.4401170523
272,"ATOR, DIRETOR DE ESPETÁCULOS","LC 214/2025, art 139",8110927.624994149,7340086.915557273,9080,9001,0.8928112494033851,0.10718875059661492,82640.9857928858,786774.745749145,82640.9857928858,2024,786774.745749145
273,CANTOR E COMPOSITOR,"LC 214/2025, art 139",19504308.65563918,17918658.483059365,5980,5920,0.026901987662782727,0.9730980123372173,314325.82481525256,17436610.953614485,314325.82481525256,2024,17436610.953614485
274,"MÚSICO, ARRANJADOR, REGENTE DE ORQUESTRA OU CORAL","LC 214/2025, art 139",39933115.65373956,42297022.33521021,5980,5920,0.026901987662782727,0.9730980123372173,1034544.6126394783,41159148.36217594,1034544.6126394783,2024,41159148.36217594
275,"DESENHISTA INDUSTRIAL (DESIGNER), ESCULTOR, PINTOR ARTÍSTICO E AFINS","LC 214/2025, art 139",51307227.76230675,58431192.723484956,9080,9002,0.8928112494033851,0.10718875059661492,1115677.4683550238,6263166.54390037,1115677.4683550238,2024,6263166.54390037
276,"CENÓGRAFO, DECORADOR DE INTERIORES","LC 214/2025, art 139",9886372.039341368,8972150.009679666,9080,9002,0.8928112494033851,0.10718875059661492,631559.6516746727,961713.5497029698,631559.6516746727,2024,961713.5497029698
277,EMPRESÁRIO E PRODUTOR DE ESPETÁCULOS,"LC 214/2025, art 139",22324021.43947335,23036905.852229536,9080,9002,0.8928112494033851,0.10718875059661492,820988.3917063671,2469297.1559123304,820988.3917063671,2024,2469297.1559123304
279,OUTROS PROFISSIONAIS DO ESPETÁCULO E DAS ARTES,"LC 214/2025, art 139",31591950.994432166,30411177.952436384,9080,9002,0.8928112494033851,0.10718875059661492,697309.8424944363,3259736.168892978,697309.8424944363,2024,3259736.168892978
290,PROFESSOR NA EDUCAÇÃO INFANTIL,"LC 214/2025, art 129",51861092.82004738,55933691.58269337,8592,8513,0.8621415167655477,0.13785848323445227,1078056.4592710794,7710933.883293757,1078056.4592710794,2024,7710933.883293757
291,PROFESSOR DO ENSINO FUNDAMENTAL,"LC 214/2025, art 129",77379816.82448356,82164716.20860037,8592,8513,0.8621415167655477,0.13785848323445227,2936342.1864893096,11327103.151906863,2936342.1864893096,2024,11327103.151906863
292,PROFESSOR DO ENSINO MÉDIO,"LC 214/2025, art 129",56979989.82505259,56832636.81760959,8592,8520,0.8621415167655477,0.13785848323445227,2356179.5046983818,7834861.109890147,2356179.5046983818,2024,7834861.109890147
293,PROFESSOR DO ENSINO PROFISSIONAL,"LC 214/2025, art 129",22504076.197492,23324937.07698868,8592,8541,0.8621415167655477,0.13785848323445227,1022313.6598242915,3215540.446972698,1022313.6598242915,2024,3215540.446972698
294,PROFESSOR DO ENSINO SUPERIOR,"LC 214/2025, art 129",165507660.60832283,171677267.55599913,8592,8531,0.8621415167655477,0.13785848323445227,19178808.509330045,23667167.711105283,19178808.509330045,2024,23667167.711105283
295,INSTRUTOR E PROFESSOR DE ESCOLAS LIVRES,"LC 214/2025, art 129",164771235.93625253,173731734.13353977,8592,8599,0.8621415167655477,0.13785848323445227,5610155.8485473655,23950393.35734091,5610155.8485473655,2024,23950393.35734091
296,"PEDAGOGO, ORIENTADOR EDUCACIONAL","LC 214/2025, art 129",63866334.01960727,69633429.04718468,8592,8599,0.8621415167655477,0.13785848323445227,2654987.9171142383,9599558.91085873,2654987.9171142383,2024,9599558.91085873
311,TÉCNICO EM CIÊNCIAS FÍSICAS E QUÍMICAS,"LC 214/2025, art 127",3007408.2682002718,3828743.507690933,7380,7490,0.01736158728243161,0.9826384127175684,44733.48049888261,3762270.4431001134,44733.48049888261,2024,3762270.4431001134
312,"TÉCNICO EM CONSTRUÇÃO CIVIL, DE EDIFICAÇÕES E OBRAS DE INFRA-ESTRUTURA","LC 214/2025, art 127",44472724.67679271,48281359.7448232,7180,7112,0.41733223453661844,0.5826677654633816,986130.2076433245,28131991.9960498,986130.2076433245,2024,28131991.9960498
313,TÉCNICO EM ELETRO-ELETRÔNICA E FOTÔNICA,"LC 214/2025, art 127",23043369.71608196,25069321.562105443,7380,7490,0.01736158728243161,0.9826384127175684,381274.8804260483,24634078.347693603,381274.8804260483,2024,24634078.347693603
314,TÉCNICO EM METALMECÂNICA,"LC 214/2025, art 127",6405359.938225722,8828138.005881362,7380,7490,0.01736158728243161,0.9826384127175684,486190.84800256096,8674867.5173509,486190.84800256096,2024,8674867.5173509
316,TÉCNICO EM MINERALOGIA E GEOLOGIA,"LC 214/2025, art 127",1609091.8450870477,1237019.1834265802,7380,7490,0.01736158728243161,0.9826384127175684,29687.01693731965,1215542.5669034773,29687.01693731965,2024,1215542.5669034773
317,TÉCNICO EM INFORMÁTICA,"LC 214/2025, art 127",46952193.32050119,51078084.3531552,6280,6204,0.4850664403345332,0.5149335596654667,534059.1867613498,26301819.796863187,534059.1867613498,2024,26301819.796863187
318,DESENHISTA TÉCNICO E MODELISTA,"LC 214/2025, art 127",7437151.590508368,7634687.12609771,7380,7490,0.01736158728243161,0.9826384127175684,58247.66784748083,7502136.839183907,58247.66784748083,2024,7502136.839183907
319,"OUTROS TÉCNICOS DE NÍVEL MÉDIO DAS CIÊNCIAS FÍSICAS, QUÍMICAS, ENGENHARIA E AFINS","LC 214/2025, art 127",30752838.19400357,34426580.3677999,7380,7490,0.01736158728243161,0.9826384127175684,1094684.2506686917,33828880.287908696,1094684.2506686917,2024,33828880.287908696
320,TÉCNICO EM BIOLOGIA,"LC 214/2025, art 127",791449.8865311154,331182.1054382273,7380,7490,0.01736158728243161,0.9826384127175684,6393.181162938208,325432.258408282,6393.181162938208,2024,325432.258408282
321,TÉCNICO DA PRODUÇÃO AGROPECUÁRIA,"LC 214/2025, art 127",7942176.594734537,7021915.178600337,7380,7490,0.01736158728243161,0.9826384127175684,139013.68473220267,6900003.585337236,139013.68473220267,2024,6900003.585337236
322,TÉCNICO DA CIÊNCIA DA SAÚDE HUMANA,Profissionais de saúde,91364285.40645266,94444296.61933938,8692,8660,0.8767171182309692,0.1232828817690308,4365271.728714225,11643365.053881291,4365271.728714225,2024,11643365.053881291
323,TÉCNICO DA CIÊNCIA DA SAÚDE ANIMAL,"LC 214/2025, art 127",2819960.5451832614,3046021.7777197245,7380,7490,0.01736158728243161,0.9826384127175684,26439.31608489402,2993138.004761656,26439.31608489402,2024,2993138.004761656
324,"TÉCNICO DE LABORATÓRIO, RAIOS-X E OUTROS EQUIPAMENTOS E INSTRUMENTOS DE DIAGNÓSTICO",Profissionais de saúde,28505938.213532034,28426074.091016166,8692,8640,0.8767171182309692,0.1232828817690308,2369038.9225690365,3504448.3313204553,2369038.9225690365,2024,3504448.3313204553
325,TÉCNICO DE BIOQUÍMICA E DA BIOTECNOLOGIA,"LC 214/2025, art 127",1448374.2593057228,1383745.72619943,7380,7490,0.01736158728243161,0.9826384127175684,58251.87783053802,1359721.7039973268,58251.87783053802,2024,1359721.7039973268
328,"TÉCNICO DE CONSERVAÇÃO, DISSECAÇÃO E EMPALHAMENTO DE CORPOS",Profissionais de saúde,254805.08819869807,354580.6283917736,8692,8690,0.8767171182309692,0.1232828817690308,18696.39644390387,43713.72168761167,18696.39644390387,2024,43713.72168761167
341,"TÉCNICO EM NAVEGAÇÃO AÉREA, MARÍTIMA, FLUVIAL E METROFERROVIÁRIA",,2380186.2191246427,2114979.293697419,,,0.5,0.5,201213.20761576926,1057489.6468487096,201213.20761576926,2024,1057489.6468487096
342,TÉCNICO EM TRANSPORTES (LOGÍSTICA),"LC 214/2025, art 127",23914168.231996544,29211155.70286287,7380,7490,0.01736158728243161,0.9826384127175684,1072568.2518878141,28704003.673506916,1072568.2518878141,2024,28704003.673506916
351,TÉCNICO DAS CIÊNCIAS ADMINISTRATIVAS E CONTÁBEIS,"LC 214/2025, art 127",135283340.9162122,137686464.2561794,6980,6911,0.07745463951812571,0.9225453604818743,24045170.00588472,127022008.80069172,24045170.00588472,2024,127022008.80069172
352,"TÉCNICO DE INSPEÇÃO, FISCALIZAÇÃO E COORDENAÇÃO ADMINISTRATIVA","LC 214/2025, art 127",7977852.901989725,9367661.329354938,7380,7490,0.01736158728243161,0.9826384127175684,243059.62313393853,9205023.859553082,243059.62313393853,2024,9205023.859553082
353,"AGENTE DE BOLSA DE VALORES, CÂMBIO E OUTROS SERVIÇOS FINANCEIROS",,10205574.938912839,10057287.524931172,,,0.5,0.5,1160754.4370332442,5028643.762465586,1160754.4370332442,2024,5028643.762465586
354,"AGENTE E REPRESENTANTE COMERCIAL, CORRETOR, LEILOEIRO E AFINS",,1183085463.5761056,1357161410.7849555,,,0.5,0.5,282192470.0274194,678580705.3924778,282192470.0274194,2024,678580705.3924778
355,CORRETOR E ADMINSTRADOR DE IMÓVEIS,,75980073.37978359,93139271.68965013,,,0.5,0.5,3082202.1989768716,46569635.84482507,3082202.1989768716,2024,46569635.84482507
371,TÉCNICO DE SERVIÇOS CULTURAIS,"LC 214/2025, art 139",4366580.141489175,3552798.0208568773,9080,9002,0.8928112494033851,0.10718875059661492,10285.678545145527,380819.98097777495,10285.678545145527,2024,380819.98097777495
372,"CINEGRAFISTA, FOTÓGRAFO E OUTROS TÉCNICOS EM OPERAÇÃO DE MÁQUINAS DE TRATAMENTO DE DADOS","LC 214/2025, art 139",28940948.80595565,34110449.58969312,5980,6021,0.026901987662782727,0.9730980123372173,853973.3331238907,33192810.695659224,853973.3331238907,2024,33192810.695659224
373,TÉCNICO EM OPERAÇÃO DE ESTAÇÕES DE RÁDIO E TELEVISÃO,"LC 214/2025, art 139",1584315.9963965192,2118541.1197372396,5980,6021,0.026901987662782727,0.9730980123372173,9856.404460521739,2061548.1526709704,9856.404460521739,2024,2061548.1526709704
374,"TÉCNICO EM OPERAÇÃO DE APARELHOS DE SONORIZAÇÃO, CENOGRAFIA E PROJEÇÃO","LC 214/2025, art 139",7765924.35675317,6840831.685315042,5980,6021,0.026901987662782727,0.9730980123372173,244802.80414585982,6656799.715713523,244802.80414585982,2024,6656799.715713523
375,DECORADOR E VITRINISTA,,7712504.530193707,6626395.01334138,,,0.5,0.5,326028.23275672464,3313197.50667069,326028.23275672464,2024,3313197.50667069
376,"APRESENTADOR, ARTISTAS DE ARTES POPULARES E MODELOS","LC 214/2025, art 139",14529176.12317081,9641334.465207139,5980,6021,0.026901987662782727,0.9730980123372173,220198.02214201307,9381963.404371375,220198.02214201307,2024,9381963.404371375
377,"ATLETA, DESPORTISTA E AFINS",,19234640.215274666,22648824.874959566,,,0.5,0.5,1384194.6996835163,11324412.437479783,1384194.6996835163,2024,11324412.437479783
391,OUTROS TÉCNICOS DE NÍVEL MÉDIO,"LC 214/2025, art 127",323543590.69454026,340347522.1108116,7380,7490,0.01736158728243161,0.9826384127175684,15834602.69234048,334438548.89932543,15834602.69234048,2024,334438548.89932543
410,"BANCÁRIO, ECONOMIÁRIO, ESCRITURÁRIO, SECRETÁRIO, ASSISTENTE E AUXILIAR ADMINISTRATIVO",,520510261.3555318,583120417.9281164,,,0.5,0.5,29760987.158863816,291560208.9640582,29760987.158863816,2024,291560208.9640582
420,"TRABALHADOR DE ATENDIMENTO AO PÚBLICO, CAIXA, DESPACHANTE, RECENSEADOR E AFINS",,219756409.38416517,227260143.05523264,,,0.5,0.5,15999211.336498015,113630071.52761632,15999211.336498015,2024,113630071.52761632
511,"COMISSÁRIO DE BORDO, GUIA DE TURISMO, AGENTE DE VIAGEM E AFINS",,31831069.66944903,34529744.599519655,,,0.5,0.5,1194176.3130564129,17264872.299759828,1194176.3130564129,2024,17264872.299759828
512,TRABALHADOR DOS SERVIÇOS DOMÉSTICOS EM GERAL,,119008821.9645252,129073574.31893483,,,0.5,0.5,138229.33117744906,64536787.159467414,138229.33117744906,2024,64536787.159467414
513,TRABALHADOR DOS SERVIÇOS DE HOTELARIA E ALIMENTAÇÃO,,104378474.75037646,110515855.8558543,,,0.5,0.5,1776039.8708963185,55257927.92792715,1776039.8708963185,2024,55257927.92792715
514,"TRABALHADOR DOS SERVIÇOS DE ADMINISTRAÇÃO, CONSERVAÇÃO E MANUTENÇÃO DE EDIFÍCIOS",,58822590.431837276,68474356.07895051,,,0.5,0.5,1159796.8117239084,34237178.039475255,1159796.8117239084,2024,34237178.039475255
515,TRABALHADOR DOS SERVIÇOS DE SAÚDE,Profissionais de saúde,197863326.15183637,212453586.54676926,8692,8660,0.8767171182309692,0.1232828817690308,9027388.801096207,26191890.391651906,9027388.801096207,2024,26191890.391651906
516,TRABALHADOR DOS SERVIÇOS DE EMBELEZAMENTO E CUIDADOS PESSOAIS,,586189434.8272638,588881839.6461848,,,0.5,0.5,8890930.209807243,294440919.8230924,8890930.209807243,2024,294440919.8230924
517,TRABALHADOR DOS SERVIÇOS DE PROTEÇÃO E SEGURANÇA (EXCETO MILITAR),,34525879.15820952,39538433.00527917,,,0.5,0.5,434079.00299772515,19769216.502639584,434079.00299772515,2024,19769216.502639584
518,"MOTORISTA E CONDUTOR DO TRANSPORTE DE PASSAGEIROS (MOTORISTA DE TÁXI, ÔNIBUS, PEQUENA EMBARCAÇÃO ETC)",Não contribuinte,1279148098.02806,1309020375.8685443,,,0.5,0.5,25662287.883450333,654510187.9342722,25662287.883450333,2024,654510187.9342722
519,OUTROS TRABALHADORES DE SERVIÇOS DIVERSOS,,1851543246.4131222,2056295120.1335223,,,0.5,0.5,41247794.936116554,1028147560.0667611,41247794.936116554,2024,1028147560.0667611
529,"VENDEDOR E PRESTADOR DE SERVIÇOS DO COMÉRCIO, AMBULANTE, CAIXEIRO-VIAJANTE E CAMELÔ",,3299021676.85374,3298714328.2482014,,,0.5,0.5,91586245.05261397,1649357164.1241007,91586245.05261397,2024,1649357164.1241007
610,PRODUTOR NA EXPLORAÇÃO AGROPECUÁRIA,,472437091.8854024,522154013.5037296,,,0.5,0.5,38148397.38490191,261077006.7518648,38148397.38490191,2024,261077006.7518648
620,TRABALHADOR NA EXPLORAÇÃO AGROPECUÁRIA,,122897012.53965086,180374071.07728046,,,0.5,0.5,22414751.376366463,90187035.53864023,22414751.376366463,2024,90187035.53864023
630,"PESCADOR, CAÇADOR E EXTRATIVISTA FLORESTAL",,16347963.916254664,18675325.03170383,,,0.5,0.5,285761.48642255075,9337662.515851915,285761.48642255075,2024,9337662.515851915
640,OPERADOR DE MÁQUINA AGROPECUÁRIA E FLORESTAL,,27917999.647458997,31633363.743390825,,,0.5,0.5,1510732.2017993978,15816681.871695412,1510732.2017993978,2024,15816681.871695412
710,TRABALHADOR DA INDÚSTRIA EXTRATIVA E DA CONSTRUÇÃO CIVIL,,137837813.80515274,131673772.08705617,,,0.5,0.5,2736659.79683198,65836886.04352809,2736659.79683198,2024,65836886.04352809
720,TRABALHADOR DA TRANSFORMAÇÃO DE METAIS E COMPÓSITOS,,28515566.1695996,31461077.619497634,,,0.5,0.5,374198.75231702975,15730538.809748817,374198.75231702975,2024,15730538.809748817
730,TRABALHADOR DA FABRICAÇÃO E INSTALAÇÃO ELETRO-ELETRÔNICA,,8734043.970327426,10341981.906316547,,,0.5,0.5,52041.76041328704,5170990.953158273,52041.76041328704,2024,5170990.953158273
740,MONTADOR DE APARELHOS E INSTRUMENTOS DE PRECISÃO E MUSICAIS,,1358602.1418774638,775662.5763964668,,,0.5,0.5,4506.739585647718,387831.2881982334,4506.739585647718,2024,387831.2881982334
750,"JOALHEIRO, VIDREIRO, CERAMISTA E AFINS",,8535093.675586894,8257696.26691307,,,0.5,0.5,83987.1001615944,4128848.133456535,83987.1001615944,2024,4128848.133456535
760,"TRABALHADOR DAS INDÚSTRIAS TÊXTEIS, DO CURTIMENTO, DO VESTUÁRIO E DAS ARTES GRÁFICAS",,71666503.73302618,91705309.6630323,,,0.5,0.5,582552.6826775821,45852654.83151615,582552.6826775821,2024,45852654.83151615
770,TRABALHADOR DAS INDÚSTRIAS DE MADEIRA E DO MOBILIÁRIO,,33646527.80187357,33856460.92594557,,,0.5,0.5,948025.8091670481,16928230.462972786,948025.8091670481,2024,16928230.462972786
780,"CONDUTOR E OPERADOR DE ROBÔS, VEÍCULOS DE EQUIPAMENTOS DE MOVIMENTAÇÃO DE CARGA E AFINS",,33548607.29712313,29191378.69735481,,,0.5,0.5,1136520.51731362,14595689.348677404,1136520.51731362,2024,14595689.348677404
810,"TRABALHADOR DAS INDÚSTRIAS QUÍMICA, PETROQUÍMICA, BORRACHA E PLÁSTICO E AFINS",,14638410.334306361,15752889.932218835,,,0.5,0.5,177651.39487346116,7876444.966109417,177651.39487346116,2024,7876444.966109417
820,TRABALHADOR DE INSTALAÇÕES SIDERÚRGICAS E DE MATERIAIS DE CONSTRUÇÃO,,7831677.426868661,8689702.953699917,,,0.5,0.5,82049.54087710749,4344851.476849958,82049.54087710749,2024,4344851.476849958
830,TRABALHADOR DE INSTALAÇÕES E MÁQUINAS DE FABRICAÇÃO DE CELULOSE E PAPEL,,2158498.967896224,2841490.869764282,,,0.5,0.5,16078.876646201112,1420745.434882141,16078.876646201112,2024,1420745.434882141
840,"TRABALHADOR DA FABRICAÇÃO DE ALIMENTOS, BEBIDAS, FUMO E DE AGROINDÚSTRIAS",,25668787.240739208,29067673.496115115,,,0.5,0.5,506282.73679512745,14533836.748057557,506282.73679512745,2024,14533836.748057557
860,OPERADOR DE INSTALAÇÕES DE PRODUÇÃO E DISTRIBUIÇÃO DE ENERGIA,,5228902.978952655,6909222.116762746,,,0.5,0.5,155340.0523579658,3454611.058381373,155340.0523579658,2024,3454611.058381373
870,TRABALHADOR DE OUTRAS INSTALAÇÕES AGROINDUSTRIAIS,,6037567.205368052,7518232.776170506,,,0.5,0.5,38637.36490483774,3759116.388085253,38637.36490483774,2024,3759116.388085253
900,TRABALHADOR DE REPARAÇÃO E MANUTENÇÃO,,437918624.5696181,428684144.5463266,,,0.5,0.5,5456877.437323287,214342072.2731633,5456877.437323287,2024,214342072.2731633
,,,-,-,,,0.5,0.5,0.0,,0.0,2024,
,,,75404564263.23,82363429173.45999,,,,,11379884266.331253,45223753280.91837,11379884266.331253,2024,45223753280.91837
0,OUTRAS OCUPAÇÕES NÃO ESPECIFICADAS ANTERIORMENTE,,-,-,,,0.5,0.5,0.0,,0.0,2023,
10,MILITAR DA AERONÁUTICA,,12149248.658796854,12490635.555462537,,,0.5,0.5,2030681.2528310888,6245317.777731269,2030681.2528310888,2023,6074624.329398427
20,MILITAR DO EXÉRCITO,,16598380.217367442,17510304.313843317,,,0.5,0.5,2147569.4427510398,8755152.156921659,2147569.4427510398,2023,8299190.108683721
30,MILITAR DA MARINHA,,7681750.417675814,9456574.974018369,,,0.5,0.5,683459.4500029697,4728287.487009184,683459.4500029697,2023,3840875.208837907
40,POLICIAL MILITAR,,28903734.398222804,25218705.388565216,,,0.5,0.5,3712413.8400277873,12609352.694282608,3712413.8400277873,2023,14451867.199111402
50,BOMBEIRO MILITAR,,22230981.510653447,29497591.674154233,,,0.5,0.5,4526636.554029492,14748795.837077117,4526636.554029492,2023,11115490.755326724
101,"MEMBRO DO PODER EXECUTIVO (PRESIDENTE DA REPÚBLICA, VICE-PRESIDENTE DA REPÚBLICA, MINISTRO DE ESTADO, GOVERNADOR, VICE-GOVERNADOR, PREFEITO, VICE-PREFEITO)",,16850658.38439232,17326334.95865115,,,0.5,0.5,1924768.2719036203,8663167.479325576,1924768.2719036203,2023,8425329.19219616
102,"MEMBRO DO PODER JUDICIÁRIO (MINISTRO, JUIZ E DESEMBARGADOR) E DE TRIBUNAL DE CONTAS (MINISTRO E CONSELHEIRO)",,49261187.12955007,60731057.06615548,,,0.5,0.5,10462236.368035438,30365528.53307774,10462236.368035438,2023,24630593.564775035
103,"MEMBRO DO PODER LEGISLATIVO (SENADOR, DEPUTADO FEDERAL, DEPUTADO ESTADUAL E VEREADOR)",,9622609.800731514,8589296.81144994,,,0.5,0.5,614573.844621478,4294648.40572497,614573.844621478,2023,4811304.900365757
104,MEMBRO DO MINISTÉRIO PÚBLICO (PROCURADOR E PROMOTOR),,31151268.23611343,40638869.22457584,,,0.5,0.5,5963356.772102028,20319434.61228792,5963356.772102028,2023,15575634.118056715
105,"DIRIGENTE SUPERIOR DA ADMINISTRAÇÃO PÚBLICA (OCUPANTE DE CARGO DE DIREÇÃO, CHEFIA, ASSESSORIA E DE NATUREZA ESPECIAL), INCLUSIVE OS DAS FUNDAÇÕES PÚBLICAS E AUTARQUIAS",,22792949.30382728,23617336.61313259,,,0.5,0.5,974704.009044373,11808668.306566294,974704.009044373,2023,11396474.65191364
106,DIPLOMATA E AFINS,,1499294.3164418137,1152103.5341510905,,,0.5,0.5,4736.228240215554,576051.7670755453,4736.228240215554,2023,749647.1582209069
107,SERVIDOR DAS CARREIRAS DO PODER LEGISLATIVO,,7649611.617924777,13745622.177678717,,,0.5,0.5,1326618.8863780543,6872811.088839359,1326618.8863780543,2023,3824805.8089623884
108,SERVIDOR DAS CARREIRAS DO MINISTÉRIO PÚBLICO,,5390861.830358617,11157994.687452413,,,0.5,0.5,641442.8390658787,5578997.343726207,641442.8390658787,2023,2695430.9151793085
109,"SERVIDOR DAS CARREIRAS DO PODER JUDICIÁRIO, OFICIAL DE JUSTIÇA, AUXILIAR, ASSISTENTE E ANALISTA JUDICIÁRIO",,176853708.8393569,196567813.84014854,,,0.5,0.5,31823093.800727352,98283906.92007427,31823093.800727352,2023,88426854.41967845
110,"ADVOGADO DO SETOR PÚBLICO, PROCURADOR DA FAZENDA, CONSULTOR JURÍDICO, PROCURADOR DE AUTARQUIAS E FUNDAÇÕES PÚBLICAS, DEFENSOR PÚBLICO",,29048923.758715786,30351549.06511548,,,0.5,0.5,1497409.341049233,15175774.53255774,1497409.341049233,2023,14524461.879357893
111,SERVIDOR DAS CARREIRAS DE AUDITORIA FISCAL E DE FISCALIZAÇÃO,,18894995.651369005,20715156.24581152,,,0.5,0.5,2321022.961792377,10357578.12290576,2321022.961792377,2023,9447497.825684503
112,"SERVIDOR DAS CARREIRAS DO BANCO CENTRAL, CVM E SUSEP",,2089454.3562535779,1451870.5686712929,,,0.5,0.5,140701.04349613565,725935.2843356464,140701.04349613565,2023,1044727.1781267889
113,"DELEGADO DE POLÍCIA E OUTROS SERVIDORES DAS CARREIRAS DE POLÍCIA, EXCETO MILITAR",,20873038.127225433,28973814.831459887,,,0.5,0.5,2072845.0201706183,14486907.415729944,2072845.0201706183,2023,10436519.063612716
114,"SERVIDOR DAS CARREIRAS DE GESTÃO GOVERNAMENTAL, ANALISTA, GESTOR E TÉCNICO DE PLANEJAMENTO",,2820991.1277955472,4355704.083088863,,,0.5,0.5,200221.86441340865,2177852.0415444314,200221.86441340865,2023,1410495.5638977736
115,SERVIDOR DAS CARREIRAS DE CIÊNCIA E TECNOLOGIA,,2696521.2979932907,2830838.7547373357,,,0.5,0.5,228527.10062640588,1415419.3773686679,228527.10062640588,2023,1348260.6489966454
116,"SERVIDOR DAS DEMAIS CARREIRAS DA ADMINISTRAÇÃO PÚBLICA DIRETA, AUTÁRQUICA E FUNDACIONAL",,52958419.97717347,60581906.20813907,,,0.5,0.5,7004671.81811506,30290953.104069535,7004671.81811506,2023,26479209.988586735
117,TITULAR DE CARTÓRIO,TITULAR DE CARTÓRIO,24278582199.870415,28075560143.201035,6980,6912,0.07745463951812571,0.9225453604818743,4794143012.8905,25900977753.03994,4794143012.8905,2023,22398093367.568268
118,"DIRIGENTE OU ADMINISTRADOR DE PARTIDO POLÍTICO, ORGANIZAÇÃO PATRONAL, SINDICAL, FILANTRÓPICA E RELIGIOSA",,10318376.762559991,12726759.631500315,,,0.5,0.5,227721.57760933315,6363379.815750157,227721.57760933315,2023,5159188.381279996
120,"DIRIGENTE, PRESIDENTE E DIRETOR DE EMPRESA INDUSTRIAL, COMERCIAL OU PRESTADORA DE SERVIÇOS",,7956269711.364674,8705801778.79026,,,0.5,0.5,320554136.0656754,4352900889.39513,320554136.0656754,2023,3978134855.682337
121,PRESIDENTE E DIRETOR DE EMPRESA PÚBLICA E SOCIEDADE DE ECONOMIA MISTA,,26331658.13308095,32329790.903111663,,,0.5,0.5,685546.2378308304,16164895.451555831,685546.2378308304,2023,13165829.066540474
130,"GERENTE OU SUPERVISOR DE EMPRESA INDUSTRIAL, COMERCIAL OU PRESTADORA DE SERVIÇOS",,744511533.7601136,770639965.5500537,,,0.5,0.5,20358469.111492347,385319982.77502686,20358469.111492347,2023,372255766.8800568
131,GERENTE OU SUPERVISOR DE EMPRESA PÚBLICA E SOCIEDADE DE ECONOMIA MISTA,,18105820.70944118,13211119.39385618,,,0.5,0.5,704102.4940911982,6605559.69692809,704102.4940911982,2023,9052910.35472059
140,"PRESIDENTE, DIRETOR, GERENTE E SUPERVISOR DE ORGANISMO INTERNACIONAL E DE ORGANIZAÇÃO NÃO-GOVERNAMENTAL",,34054652.39794776,31508261.73459834,,,0.5,0.5,737954.3716713516,15754130.86729917,737954.3716713516,2023,17027326.19897388
211,"MATEMÁTICO, ESTATÍSTICO, ATUÁRIO E AFINS","LC 214/2025, art 127",9615026.85153967,8971193.592342619,7380,7490,0.01736158728243161,0.9826384127175684,407869.57510804903,8815439.43176157,407869.57510804903,2023,9448094.72363374
212,"ANALISTA DE SISTEMAS, DESENVOLVEDOR DE SOFTWARE, ADMINISTRADOR DE REDES E BANCOS DE DADOS E OUTROS ESPECIALISTAS EM INFORMÁTICA (EXCETO TÉCNICOS)",,143607639.8630703,141360432.28709316,,,0.5,0.5,4482001.794604527,70680216.14354658,4482001.794604527,2023,71803819.93153515
213,"FÍSICO, QUÍMICO, METEOROLOGISTA, GEÓLOGO, OCEANÓGRAFO E AFINS","LC 214/2025, art 127",13623743.019124286,13384803.562902233,7380,7490,0.01736158728243161,0.9826384127175684,365736.0863922556,13152422.127586704,365736.0863922556,2023,13387213.215584341
214,"ENGENHEIRO, ARQUITETO E AFINS","LC 214/2025, art 127",837289933.7452594,864772764.2103752,7180,7112,0.41733223453661844,0.5826677654633816,33902672.603737704,503875214.1560511,33902672.603737704,2023,487861854.74033314
215,"PILOTO DE AERONAVES, COMANDANTE DE EMBARCAÇÕES E OFICIAIS DE MÁQUINAS",,6642594.708487529,7397601.5520489,,,0.5,0.5,659340.6615493903,3698800.77602445,659340.6615493903,2023,3321297.3542437647
221,"BIÓLOGO, BIOMÉDICO E AFINS","LC 214/2025, art 127",72390750.83851497,88454434.38061368,7380,7490,0.01736158728243161,0.9826384127175684,7861026.677892776,86918724.99759653,7861026.677892776,2023,71133932.49939133
222,AGRÔNOMO E AFINS,"LC 214/2025, art 127",43770176.93282041,46634789.64593656,7380,7490,0.01736158728243161,0.9826384127175684,1266012.9944671295,45825135.675100796,1266012.9944671295,2023,43010257.18563377
224,PROFISSIONAL DA EDUCAÇÃO FÍSICA (EXCETO PROFESSOR),"LC 214/2025, art 127",261126190.14060655,293611126.3586209,8592,8591,0.8621415167655477,0.13785848323445227,5559179.852555525,40476784.540558584,5559179.852555525,2023,35998460.5055752
225,MÉDICO,Profissionais de saúde,4846347289.601543,4951715410.750405,8692,8630,0.8767171182309692,0.1232828817690308,2165316129.754871,610461745.5374299,2165316129.754871,2023,597471659.91561
226,ODONTÓLOGO,Profissionais de saúde,12846095943.735287,13407102465.501535,8692,8630,0.8767171182309692,0.1232828817690308,2555907117.8401127,1652866228.119707,2555907117.8401127,2023,1583703727.4251435
227,"ENFERMEIRO DE NÍVEL SUPERIOR, NUTRICIONISTA, FARMACÊUTICO E AFINS",Profissionais de saúde,336671324.04031336,388195424.7145888,8692,8650,0.8767171182309692,0.1232828817690308,19978654.04292452,47857850.648367345,19978654.04292452,2023,41505811.036685005
228,"VETERINÁRIO, PATOLOGISTA (VETERINÁRIO) E ZOOTECNISTA","LC 214/2025, art 127",290113272.4115939,291476506.1693688,7380,7490,0.01736158728243161,0.9826384127175684,24331896.653989416,286416011.3667311,24331896.653989416,2023,285076445.51082814
229,"FONOAUDIÓLOGO, FISIOTERAPEUTA, TERAPEUTA OCUPACIONAL E AFINS",Profissionais de saúde,2587104943.067198,0,8692,8650,0.8767171182309692,0.1232828817690308,3195317.0171573376,0.0,3195317.0171573376,2023,318945752.8202285
230,FONOAUDIÓLOGO,Profissionais de saúde,0,437660290.2325225,8692,8650,0.8767171182309692,0.1232828817690308,30278988.00828735,53956021.81573577,30278988.00828735,2023,0
231,FISIOTERAPEUTA,Profissionais de saúde,0,1783575702.0869236,8692,8650,0.8767171182309692,0.1232828817690308,83170350.38015756,219884352.40649828,83170350.38015756,2023,0
232,TERAPEUTA OCUPACIONAL,Profissionais de saúde,0,137504388.65056545,8692,8650,0.8767171182309692,0.1232828817690308,8379439.696188718,16951937.28873052,8379439.696188718,2023,0
241,ADVOGADO,"LC 214/2025, art 127",2528605433.226418,2868276088.485484,6980,6911,0.07745463951812571,0.9225453604818743,192045327.73245823,2646114798.0133815,192045327.73245823,2023,2332753210.9122915
250,SOCIÓLOGO E CIENTISTA POLÍTICO,,2691303.2961884495,1816827.2491093352,,,0.5,0.5,194795.71366710583,908413.6245546676,194795.71366710583,2023,1345651.6480942247
251,ANTROPÓLOGO E ARQUEÓLOGO,,906062.9023634853,751659.4923205446,,,0.5,0.5,165.83707873668598,375829.7461602723,165.83707873668598,2023,453031.45118174265
252,"ECONOMISTA, ADMINISTRADOR, CONTADOR, AUDITOR E AFINS","LC 214/2025, art 127",594791377.8687992,618638498.0004905,6980,6920,0.07745463951812571,0.9225453604818743,103551079.10212812,570722076.1458278,103551079.10212812,2023,548722026.1074821
253,"PROFISSIONAL DE MARKETING, DE PUBLICIDADE E DE COMERCIALIZAÇÃO","LC 214/2025, art 127",80842765.29665439,97709853.19969474,7380,7311,0.01736158728243161,0.9826384127175684,2971688.7392409244,96013455.05501465,2971688.7392409244,2023,79439206.57080339
254,PSICANALISTA,Profissionais de saúde,89644273.66496222,98227602.27866113,8692,8650,0.8767171182309692,0.1232828817690308,5125695.824254198,12109781.87817556,5125695.824254198,2023,11051604.391508179
255,PSICÓLOGO,Profissionais de saúde,3319864245.1356955,3903173741.432418,8692,8650,0.8767171182309692,0.1232828817690308,221298964.37466517,481194506.8889983,221298964.37466517,2023,409282431.2222966
256,GEÓGRAFO,,1098925.3635390948,1378033.9413113708,,,0.5,0.5,7134.861302125151,689016.9706556854,7134.861302125151,2023,549462.6817695474
257,HISTORIADOR,,1023135.5649558903,869843.7205488257,,,0.5,0.5,28121.289190689353,434921.86027441284,28121.289190689353,2023,511567.78247794515
258,ASSISTENTE SOCIAL E ECONOMISTA DOMÉSTICO,"LC 214/2025, art 127",10077474.398376808,12252606.57841851,8692,8800,0.8767171182309692,0.1232828817690308,366557.25086124055,1510536.648169618,366557.25086124055,2023,1242380.0847855227
259,FILÓSOFO,,881599.7996859183,1004552.3198258939,,,0.5,0.5,59743.95939366148,502276.1599129469,59743.95939366148,2023,440799.89984295913
261,JORNALISTA E REPÓRTER,"LC 214/2025, art 139",28957080.653556205,31392859.318679143,5800,5812,0.4295501470312207,0.5704498529687794,1878471.1213290982,17908051.98261009,1878471.1213290982,2023,16518562.401226223
263,SACERDOTE OU MEMBRO DE ORDENS OU SEITAS RELIGIOSAS,,116784334.745779,120027504.91901872,,,0.5,0.5,5275200.452157107,60013752.45950936,5275200.452157107,2023,58392167.3728895
264,"TRADUTOR, INTÉRPRETE, FILÓLOGO",,22618479.2848887,26490686.77407718,,,0.5,0.5,1369186.1922761577,13245343.38703859,1369186.1922761577,2023,11309239.64244435
265,"BIBLIOTECÁRIO, DOCUMENTALISTA, ARQUIVÓLOGO, MUSEÓLOGO","LC 214/2025, art 127",1922206.1435069751,2521461.6644523437,9080,9102,0.8928112494033851,0.10718875059661492,69103.70905373462,270272.3254899078,69103.70905373462,2023,206038.87491165014
266,"ESCRITOR, CRÍTICO, REDATOR","LC 214/2025, art 139",6014983.219786626,6609275.14821918,5800,5811,0.4295501470312207,0.5704498529687794,256517.21712629937,3770260.036531839,256517.21712629937,2023,3431246.2933369563
271,"LOCUTOR, COMENTARISTA","LC 214/2025, art 139",2885028.4856954175,2568316.252249184,5980,6021,0.026901987662782727,0.9730980123372173,10543.008516429189,2499223.4401170523,10543.008516429189,2023,2807415.4849664625
272,"ATOR, DIRETOR DE ESPETÁCULOS","LC 214/2025, art 139",8110927.624994149,7340086.915557273,9080,9001,0.8928112494033851,0.10718875059661492,82640.9857928858,786774.745749145,82640.9857928858,2023,869400.1983026922
273,CANTOR E COMPOSITOR,"LC 214/2025, art 139",19504308.65563918,17918658.483059365,5980,5920,0.026901987662782727,0.9730980123372173,314325.82481525256,17436610.953614485,314325.82481525256,2023,18979603.984814066
274,"MÚSICO, ARRANJADOR, REGENTE DE ORQUESTRA OU CORAL","LC 214/2025, art 139",39933115.65373956,42297022.33521021,5980,5920,0.026901987662782727,0.9730980123372173,1034544.6126394783,41159148.36217594,1034544.6126394783,2023,38858835.46908618
275,"DESENHISTA INDUSTRIAL (DESIGNER), ESCULTOR, PINTOR ARTÍSTICO E AFINS","LC 214/2025, art 139",51307227.76230675,58431192.723484956,9080,9002,0.8928112494033851,0.10718875059661492,1115677.4683550238,6263166.54390037,1115677.4683550238,2023,5499557.640417615
276,"CENÓGRAFO, DECORADOR DE INTERIORES","LC 214/2025, art 139",9886372.039341368,8972150.009679666,9080,9002,0.8928112494033851,0.10718875059661492,631559.6516746727,961713.5497029698,631559.6516746727,2023,1059707.8668303092
277,EMPRESÁRIO E PRODUTOR DE ESPETÁCULOS,"LC 214/2025, art 139",22324021.43947335,23036905.852229536,9080,9002,0.8928112494033851,0.10718875059661492,820988.3917063671,2469297.1559123304,820988.3917063671,2023,2392883.966389193
279,OUTROS PROFISSIONAIS DO ESPETÁCULO E DAS ARTES,"LC 214/2025, art 139",31591950.994432166,30411177.952436384,9080,9002,0.8928112494033851,0.10718875059661492,697309.8424944363,3259736.168892978,697309.8424944363,2023,3386301.75600267
290,PROFESSOR NA EDUCAÇÃO INFANTIL,"LC 214/2025, art 129",51861092.82004738,55933691.58269337,8592,8513,0.8621415167655477,0.13785848323445227,1078056.4592710794,7710933.883293757,1078056.4592710794,2023,7149491.595052875
291,PROFESSOR DO ENSINO FUNDAMENTAL,"LC 214/2025, art 129",77379816.82448356,82164716.20860037,8592,8513,0.8621415167655477,0.13785848323445227,2936342.1864893096,11327103.151906863,2936342.1864893096,2023,10667464.180383055
292,PROFESSOR DO ENSINO MÉDIO,"LC 214/2025, art 129",56979989.82505259,56832636.81760959,8592,8520,0.8621415167655477,0.13785848323445227,2356179.5046983818,7834861.109890147,2356179.5046983818,2023,7855174.971996273
293,PROFESSOR DO ENSINO PROFISSIONAL,"LC 214/2025, art 129",22504076.197492,23324937.07698868,8592,8541,0.8621415167655477,0.13785848323445227,1022313.6598242915,3215540.446972698,1022313.6598242915,2023,3102377.811178787
294,PROFESSOR DO ENSINO SUPERIOR,"LC 214/2025, art 129",165507660.60832283,171677267.55599913,8592,8531,0.8621415167655477,0.13785848323445227,19178808.509330045,23667167.711105283,19178808.509330045,2023,22816635.05514589
295,INSTRUTOR E PROFESSOR DE ESCOLAS LIVRES,"LC 214/2025, art 129",164771235.93625253,173731734.13353977,8592,8599,0.8621415167655477,0.13785848323445227,5610155.8485473655,23950393.35734091,5610155.8485473655,2023,22715112.66683785
296,"PEDAGOGO, ORIENTADOR EDUCACIONAL","LC 214/2025, art 129",63866334.01960727,69633429.04718468,8592,8599,0.8621415167655477,0.13785848323445227,2654987.9171142383,9599558.91085873,2654987.9171142383,2023,8804515.937687958
311,TÉCNICO EM CIÊNCIAS FÍSICAS E QUÍMICAS,"LC 214/2025, art 127",3007408.2682002718,3828743.507690933,7380,7490,0.01736158728243161,0.9826384127175684,44733.48049888261,3762270.4431001134,44733.48049888261,2023,2955194.887058006
312,"TÉCNICO EM CONSTRUÇÃO CIVIL, DE EDIFICAÇÕES E OBRAS DE INFRA-ESTRUTURA","LC 214/2025, art 127",44472724.67679271,48281359.7448232,7180,7112,0.41733223453661844,0.5826677654633816,986130.2076433245,28131991.9960498,986130.2076433245,2023,25912823.111495
313,TÉCNICO EM ELETRO-ELETRÔNICA E FOTÔNICA,"LC 214/2025, art 127",23043369.71608196,25069321.562105443,7380,7490,0.01736158728243161,0.9826384127175684,381274.8804260483,24634078.347693603,381274.8804260483,2023,22643300.24147486
314,TÉCNICO EM METALMECÂNICA,"LC 214/2025, art 127",6405359.938225722,8828138.005881362,7380,7490,0.01736158728243161,0.9826384127175684,486190.84800256096,8674867.5173509,486190.84800256096,2023,6294152.722582825
316,TÉCNICO EM MINERALOGIA E GEOLOGIA,"LC 214/2025, art 127",1609091.8450870477,1237019.1834265802,7380,7490,0.01736158728243161,0.9826384127175684,29687.01693731965,1215542.5669034773,29687.01693731965,2023,1581155.4565731199
317,TÉCNICO EM INFORMÁTICA,"LC 214/2025, art 127",46952193.32050119,51078084.3531552,6280,6204,0.4850664403345332,0.5149335596654667,534059.1867613498,26301819.796863187,534059.1867613498,2023,24177260.040626828
318,DESENHISTA TÉCNICO E MODELISTA,"LC 214/2025, art 127",7437151.590508368,7634687.12609771,7380,7490,0.01736158728243161,0.9826384127175684,58247.66784748083,7502136.839183907,58247.66784748083,2023,7308030.834037081
319,"OUTROS TÉCNICOS DE NÍVEL MÉDIO DAS CIÊNCIAS FÍSICAS, QUÍMICAS, ENGENHARIA E AFINS","LC 214/2025, art 127",30752838.19400357,34426580.3677999,7380,7490,0.01736158728243161,0.9826384127175684,1094684.2506686917,33828880.287908696,1094684.2506686917,2023,30218920.10951588
320,TÉCNICO EM BIOLOGIA,"LC 214/2025, art 127",791449.8865311154,331182.1054382273,7380,7490,0.01736158728243161,0.9826384127175684,6393.181162938208,325432.258408282,6393.181162938208,2023,777709.0602464348
321,TÉCNICO DA PRODUÇÃO AGROPECUÁRIA,"LC 214/2025, art 127",7942176.594734537,7021915.178600337,7380,7490,0.01736158728243161,0.9826384127175684,139013.68473220267,6900003.585337236,139013.68473220267,2023,7804287.802572568
322,TÉCNICO DA CIÊNCIA DA SAÚDE HUMANA,Profissionais de saúde,91364285.40645266,94444296.61933938,8692,8660,0.8767171182309692,0.1232828817690308,4365271.728714225,11643365.053881291,4365271.728714225,2023,11263652.395675689
323,TÉCNICO DA CIÊNCIA DA SAÚDE ANIMAL,"LC 214/2025, art 127",2819960.5451832614,3046021.7777197245,7380,7490,0.01736158728243161,0.9826384127175684,26439.31608489402,2993138.004761656,26439.31608489402,2023,2771001.5540450485
324,"TÉCNICO DE LABORATÓRIO, RAIOS-X E OUTROS EQUIPAMENTOS E INSTRUMENTOS DE DIAGNÓSTICO",Profissionais de saúde,28505938.213532034,28426074.091016166,8692,8640,0.8767171182309692,0.1232828817690308,2369038.9225690365,3504448.3313204553,2369038.9225690365,2023,3514294.2104941667
325,TÉCNICO DE BIOQUÍMICA E DA BIOTECNOLOGIA,"LC 214/2025, art 127",1448374.2593057228,1383745.72619943,7380,7490,0.01736158728243161,0.9826384127175684,58251.87783053802,1359721.7039973268,58251.87783053802,2023,1423228.1831851592
328,"TÉCNICO DE CONSERVAÇÃO, DISSECAÇÃO E EMPALHAMENTO DE CORPOS",Profissionais de saúde,254805.08819869807,354580.6283917736,8692,8690,0.8767171182309692,0.1232828817690308,18696.39644390387,43713.72168761167,18696.39644390387,2023,31413.105562547556
341,"TÉCNICO EM NAVEGAÇÃO AÉREA, MARÍTIMA, FLUVIAL E METROFERROVIÁRIA",,2380186.2191246427,2114979.293697419,,,0.5,0.5,201213.20761576926,1057489.6468487096,201213.20761576926,2023,1190093.1095623213
342,TÉCNICO EM TRANSPORTES (LOGÍSTICA),"LC 214/2025, art 127",23914168.231996544,29211155.70286287,7380,7490,0.01736158728243161,0.9826384127175684,1072568.2518878141,28704003.673506916,1072568.2518878141,2023,23498980.31294998
351,TÉCNICO DAS CIÊNCIAS ADMINISTRATIVAS E CONTÁBEIS,"LC 214/2025, art 127",135283340.9162122,137686464.2561794,6980,6911,0.07745463951812571,0.9225453604818743,24045170.00588472,127022008.80069172,24045170.00588472,2023,124805018.51273929
352,"TÉCNICO DE INSPEÇÃO, FISCALIZAÇÃO E COORDENAÇÃO ADMINISTRATIVA","LC 214/2025, art 127",7977852.901989725,9367661.329354938,7380,7490,0.01736158728243161,0.9826384127175684,243059.62313393853,9205023.859553082,243059.62313393853,2023,7839344.71250543
353,"AGENTE DE BOLSA DE VALORES, CÂMBIO E OUTROS SERVIÇOS FINANCEIROS",,10205574.938912839,10057287.524931172,,,0.5,0.5,1160754.4370332442,5028643.762465586,1160754.4370332442,2023,5102787.469456419
354,"AGENTE E REPRESENTANTE COMERCIAL, CORRETOR, LEILOEIRO E AFINS",,1183085463.5761056,1357161410.7849555,,,0.5,0.5,282192470.0274194,678580705.3924778,282192470.0274194,2023,591542731.7880528
355,CORRETOR E ADMINSTRADOR DE IMÓVEIS,,75980073.37978359,93139271.68965013,,,0.5,0.5,3082202.1989768716,46569635.84482507,3082202.1989768716,2023,37990036.68989179
371,TÉCNICO DE SERVIÇOS CULTURAIS,"LC 214/2025, art 139",4366580.141489175,3552798.0208568773,9080,9002,0.8928112494033851,0.10718875059661492,10285.678545145527,380819.98097777495,10285.678545145527,2023,468048.2697462147
372,"CINEGRAFISTA, FOTÓGRAFO E OUTROS TÉCNICOS EM OPERAÇÃO DE MÁQUINAS DE TRATAMENTO DE DADOS","LC 214/2025, art 139",28940948.80595565,34110449.58969312,5980,6021,0.026901987662782727,0.9730980123372173,853973.3331238907,33192810.695659224,853973.3331238907,2023,28162379.758228604
373,TÉCNICO EM OPERAÇÃO DE ESTAÇÕES DE RÁDIO E TELEVISÃO,"LC 214/2025, art 139",1584315.9963965192,2118541.1197372396,5980,6021,0.026901987662782727,0.9730980123372173,9856.404460521739,2061548.1526709704,9856.404460521739,2023,1541694.7470075109
374,"TÉCNICO EM OPERAÇÃO DE APARELHOS DE SONORIZAÇÃO, CENOGRAFIA E PROJEÇÃO","LC 214/2025, art 139",7765924.35675317,6840831.685315042,5980,6021,0.026901987662782727,0.9730980123372173,244802.80414585982,6656799.715713523,244802.80414585982,2023,7557005.555517692
375,DECORADOR E VITRINISTA,,7712504.530193707,6626395.01334138,,,0.5,0.5,326028.23275672464,3313197.50667069,326028.23275672464,2023,3856252.2650968535
376,"APRESENTADOR, ARTISTAS DE ARTES POPULARES E MODELOS","LC 214/2025, art 139",14529176.12317081,9641334.465207139,5980,6021,0.026901987662782727,0.9730980123372173,220198.02214201307,9381963.404371375,220198.02214201307,2023,14138312.40635487
377,"ATLETA, DESPORTISTA E AFINS",,19234640.215274666,22648824.874959566,,,0.5,0.5,1384194.6996835163,11324412.437479783,1384194.6996835163,2023,9617320.107637333
391,OUTROS TÉCNICOS DE NÍVEL MÉDIO,"LC 214/2025, art 127",323543590.69454026,340347522.1108116,7380,7490,0.01736158728243161,0.9826384127175684,15834602.69234048,334438548.89932543,15834602.69234048,2023,317926360.40502566
410,"BANCÁRIO, ECONOMIÁRIO, ESCRITURÁRIO, SECRETÁRIO, ASSISTENTE E AUXILIAR ADMINISTRATIVO",,520510261.3555318,583120417.9281164,,,0.5,0.5,29760987.158863816,291560208.9640582,29760987.158863816,2023,260255130.6777659
420,"TRABALHADOR DE ATENDIMENTO AO PÚBLICO, CAIXA, DESPACHANTE, RECENSEADOR E AFINS",,219756409.38416517,227260143.05523264,,,0.5,0.5,15999211.336498015,113630071.52761632,15999211.336498015,2023,109878204.69208258
511,"COMISSÁRIO DE BORDO, GUIA DE TURISMO, AGENTE DE VIAGEM E AFINS",,31831069.66944903,34529744.599519655,,,0.5,0.5,1194176.3130564129,17264872.299759828,1194176.3130564129,2023,15915534.834724516
512,TRABALHADOR DOS SERVIÇOS DOMÉSTICOS EM GERAL,,119008821.9645252,129073574.31893483,,,0.5,0.5,138229.33117744906,64536787.159467414,138229.33117744906,2023,59504410.9822626
513,TRABALHADOR DOS SERVIÇOS DE HOTELARIA E ALIMENTAÇÃO,,104378474.75037646,110515855.8558543,,,0.5,0.5,1776039.8708963185,55257927.92792715,1776039.8708963185,2023,52189237.37518823
514,"TRABALHADOR DOS SERVIÇOS DE ADMINISTRAÇÃO, CONSERVAÇÃO E MANUTENÇÃO DE EDIFÍCIOS",,58822590.431837276,68474356.07895051,,,0.5,0.5,1159796.8117239084,34237178.039475255,1159796.8117239084,2023,29411295.215918638
515,TRABALHADOR DOS SERVIÇOS DE SAÚDE,Profissionais de saúde,197863326.15183637,212453586.54676926,8692,8660,0.8767171182309692,0.1232828817690308,9027388.801096207,26191890.391651906,9027388.801096207,2023,24393161.044404022
516,TRABALHADOR DOS SERVIÇOS DE EMBELEZAMENTO E CUIDADOS PESSOAIS,,586189434.8272638,588881839.6461848,,,0.5,0.5,8890930.209807243,294440919.8230924,8890930.209807243,2023,293094717.4136319
517,TRABALHADOR DOS SERVIÇOS DE PROTEÇÃO E SEGURANÇA (EXCETO MILITAR),,34525879.15820952,39538433.00527917,,,0.5,0.5,434079.00299772515,19769216.502639584,434079.00299772515,2023,17262939.57910476
518,"MOTORISTA E CONDUTOR DO TRANSPORTE DE PASSAGEIROS (MOTORISTA DE TÁXI, ÔNIBUS, PEQUENA EMBARCAÇÃO ETC)",Não contribuinte,1279148098.02806,1309020375.8685443,,,0.5,0.5,25662287.883450333,654510187.9342722,25662287.883450333,2023,639574049.01403
519,OUTROS TRABALHADORES DE SERVIÇOS DIVERSOS,,1851543246.4131222,2056295120.1335223,,,0.5,0.5,41247794.936116554,1028147560.0667611,41247794.936116554,2023,925771623.2065611
529,"VENDEDOR E PRESTADOR DE SERVIÇOS DO COMÉRCIO, AMBULANTE, CAIXEIRO-VIAJANTE E CAMELÔ",,3299021676.85374,3298714328.2482014,,,0.5,0.5,91586245.05261397,1649357164.1241007,91586245.05261397,2023,1649510838.42687
610,PRODUTOR NA EXPLORAÇÃO AGROPECUÁRIA,,472437091.8854024,522154013.5037296,,,0.5,0.5,38148397.38490191,261077006.7518648,38148397.38490191,2023,236218545.9427012
620,TRABALHADOR NA EXPLORAÇÃO AGROPECUÁRIA,,122897012.53965086,180374071.07728046,,,0.5,0.5,22414751.376366463,90187035.53864023,22414751.376366463,2023,61448506.26982543
630,"PESCADOR, CAÇADOR E EXTRATIVISTA FLORESTAL",,16347963.916254664,18675325.03170383,,,0.5,0.5,285761.48642255075,9337662.515851915,285761.48642255075,2023,8173981.958127332
640,OPERADOR DE MÁQUINA AGROPECUÁRIA E FLORESTAL,,27917999.647458997,31633363.743390825,,,0.5,0.5,1510732.2017993978,15816681.871695412,1510732.2017993978,2023,13958999.823729498
710,TRABALHADOR DA INDÚSTRIA EXTRATIVA E DA CONSTRUÇÃO CIVIL,,137837813.80515274,131673772.08705617,,,0.5,0.5,2736659.79683198,65836886.04352809,2736659.79683198,2023,68918906.90257637
720,TRABALHADOR DA TRANSFORMAÇÃO DE METAIS E COMPÓSITOS,,28515566.1695996,31461077.619497634,,,0.5,0.5,374198.75231702975,15730538.809748817,374198.75231702975,2023,14257783.0847998
730,TRABALHADOR DA FABRICAÇÃO E INSTALAÇÃO ELETRO-ELETRÔNICA,,8734043.970327426,10341981.906316547,,,0.5,0.5,52041.76041328704,5170990.953158273,52041.76041328704,2023,4367021.985163713
740,MONTADOR DE APARELHOS E INSTRUMENTOS DE PRECISÃO E MUSICAIS,,1358602.1418774638,775662.5763964668,,,0.5,0.5,4506.739585647718,387831.2881982334,4506.739585647718,2023,679301.0709387319
750,"JOALHEIRO, VIDREIRO, CERAMISTA E AFINS",,8535093.675586894,8257696.26691307,,,0.5,0.5,83987.1001615944,4128848.133456535,83987.1001615944,2023,4267546.837793447
760,"TRABALHADOR DAS INDÚSTRIAS TÊXTEIS, DO CURTIMENTO, DO VESTUÁRIO E DAS ARTES GRÁFICAS",,71666503.73302618,91705309.6630323,,,0.5,0.5,582552.6826775821,45852654.83151615,582552.6826775821,2023,35833251.86651309
770,TRABALHADOR DAS INDÚSTRIAS DE MADEIRA E DO MOBILIÁRIO,,33646527.80187357,33856460.92594557,,,0.5,0.5,948025.8091670481,16928230.462972786,948025.8091670481,2023,16823263.900936786
780,"CONDUTOR E OPERADOR DE ROBÔS, VEÍCULOS DE EQUIPAMENTOS DE MOVIMENTAÇÃO DE CARGA E AFINS",,33548607.29712313,29191378.69735481,,,0.5,0.5,1136520.51731362,14595689.348677404,1136520.51731362,2023,16774303.648561565
810,"TRABALHADOR DAS INDÚSTRIAS QUÍMICA, PETROQUÍMICA, BORRACHA E PLÁSTICO E AFINS",,14638410.334306361,15752889.932218835,,,0.5,0.5,177651.39487346116,7876444.966109417,177651.39487346116,2023,7319205.167153181
820,TRABALHADOR DE INSTALAÇÕES SIDERÚRGICAS E DE MATERIAIS DE CONSTRUÇÃO,,7831677.426868661,8689702.953699917,,,0.5,0.5,82049.54087710749,4344851.476849958,82049.54087710749,2023,3915838.7134343307
830,TRABALHADOR DE INSTALAÇÕES E MÁQUINAS DE FABRICAÇÃO DE CELULOSE E PAPEL,,2158498.967896224,2841490.869764282,,,0.5,0.5,16078.876646201112,1420745.434882141,16078.876646201112,2023,1079249.483948112
840,"TRABALHADOR DA FABRICAÇÃO DE ALIMENTOS, BEBIDAS, FUMO E DE AGROINDÚSTRIAS",,25668787.240739208,29067673.496115115,,,0.5,0.5,506282.73679512745,14533836.748057557,506282.73679512745,2023,12834393.620369604
860,OPERADOR DE INSTALAÇÕES DE PRODUÇÃO E DISTRIBUIÇÃO DE ENERGIA,,5228902.978952655,6909222.116762746,,,0.5,0.5,155340.0523579658,3454611.058381373,155340.0523579658,2023,2614451.4894763273
870,TRABALHADOR DE OUTRAS INSTALAÇÕES AGROINDUSTRIAIS,,6037567.205368052,7518232.776170506,,,0.5,0.5,38637.36490483774,3759116.388085253,38637.36490483774,2023,3018783.602684026
900,TRABALHADOR DE REPARAÇÃO E MANUTENÇÃO,,437918624.5696181,428684144.5463266,,,0.5,0.5,5456877.437323287,214342072.2731633,5456877.437323287,2023,218959312.28480905
,,,-,-,,,0.5,0.5,0.0,,0.0,2023,
,,,75404564263.23,82363429173.45999,,,,,11379884266.331253,45223753280.91837,11379884266.331253,2023,40389316551.33906
0,OUTRAS OCUPAÇÕES NÃO ESPECIFICADAS ANTERIORMENTE,,-,-,,,0.5,0.5,0.0,,0.0,2023,0
10,MILITAR DA AERONÁUTICA,,12149248.658796854,12490635.555462537,,,0.5,0.5,2030681.2528310888,6245317.777731269,2030681.2528310888,2023,2232467.919121664
20,MILITAR DO EXÉRCITO,,16598380.217367442,17510304.313843317,,,0.5,0.5,2147569.4427510398,8755152.156921659,2147569.4427510398,2023,2178551.415479477
30,MILITAR DA MARINHA,,7681750.417675814,9456574.974018369,,,0.5,0.5,683459.4500029697,4728287.487009184,683459.4500029697,2023,691740.3743680004
40,POLICIAL MILITAR,,28903734.398222804,25218705.388565216,,,0.5,0.5,3712413.8400277873,12609352.694282608,3712413.8400277873,2023,4142125.724073301
50,BOMBEIRO MILITAR,,22230981.510653447,29497591.674154233,,,0.5,0.5,4526636.554029492,14748795.837077117,4526636.554029492,2023,3849709.5963671
101,"MEMBRO DO PODER EXECUTIVO (PRESIDENTE DA REPÚBLICA, VICE-PRESIDENTE DA REPÚBLICA, MINISTRO DE ESTADO, GOVERNADOR, VICE-GOVERNADOR, PREFEITO, VICE-PREFEITO)",,16850658.38439232,17326334.95865115,,,0.5,0.5,1924768.2719036203,8663167.479325576,1924768.2719036203,2023,2293712.9655514895
102,"MEMBRO DO PODER JUDICIÁRIO (MINISTRO, JUIZ E DESEMBARGADOR) E DE TRIBUNAL DE CONTAS (MINISTRO E CONSELHEIRO)",,49261187.12955007,60731057.06615548,,,0.5,0.5,10462236.368035438,30365528.53307774,10462236.368035438,2023,5212293.717988329
103,"MEMBRO DO PODER LEGISLATIVO (SENADOR, DEPUTADO FEDERAL, DEPUTADO ESTADUAL E VEREADOR)",,9622609.800731514,8589296.81144994,,,0.5,0.5,614573.844621478,4294648.40572497,614573.844621478,2023,974264.2340127128
104,MEMBRO DO MINISTÉRIO PÚBLICO (PROCURADOR E PROMOTOR),,31151268.23611343,40638869.22457584,,,0.5,0.5,5963356.772102028,20319434.61228792,5963356.772102028,2023,4378475.082189418
105,"DIRIGENTE SUPERIOR DA ADMINISTRAÇÃO PÚBLICA (OCUPANTE DE CARGO DE DIREÇÃO, CHEFIA, ASSESSORIA E DE NATUREZA ESPECIAL), INCLUSIVE OS DAS FUNDAÇÕES PÚBLICAS E AUTARQUIAS",,22792949.30382728,23617336.61313259,,,0.5,0.5,974704.009044373,11808668.306566294,974704.009044373,2023,881863.0156436977
106,DIPLOMATA E AFINS,,1499294.3164418137,1152103.5341510905,,,0.5,0.5,4736.228240215554,576051.7670755453,4736.228240215554,2023,11232.198806614942
107,SERVIDOR DAS CARREIRAS DO PODER LEGISLATIVO,,7649611.617924777,13745622.177678717,,,0.5,0.5,1326618.8863780543,6872811.088839359,1326618.8863780543,2023,275833.57576454326
108,SERVIDOR DAS CARREIRAS DO MINISTÉRIO PÚBLICO,,5390861.830358617,11157994.687452413,,,0.5,0.5,641442.8390658787,5578997.343726207,641442.8390658787,2023,475468.23307525733
109,"SERVIDOR DAS CARREIRAS DO PODER JUDICIÁRIO, OFICIAL DE JUSTIÇA, AUXILIAR, ASSISTENTE E ANALISTA JUDICIÁRIO",,176853708.8393569,196567813.84014854,,,0.5,0.5,31823093.800727352,98283906.92007427,31823093.800727352,2023,29510359.154700816
110,"ADVOGADO DO SETOR PÚBLICO, PROCURADOR DA FAZENDA, CONSULTOR JURÍDICO, PROCURADOR DE AUTARQUIAS E FUNDAÇÕES PÚBLICAS, DEFENSOR PÚBLICO",,29048923.758715786,30351549.06511548,,,0.5,0.5,1497409.341049233,15175774.53255774,1497409.341049233,2023,1944995.7282156087
111,SERVIDOR DAS CARREIRAS DE AUDITORIA FISCAL E DE FISCALIZAÇÃO,,18894995.651369005,20715156.24581152,,,0.5,0.5,2321022.961792377,10357578.12290576,2321022.961792377,2023,1975495.0768144203
112,"SERVIDOR DAS CARREIRAS DO BANCO CENTRAL, CVM E SUSEP",,2089454.3562535779,1451870.5686712929,,,0.5,0.5,140701.04349613565,725935.2843356464,140701.04349613565,2023,128698.26231101033
113,"DELEGADO DE POLÍCIA E OUTROS SERVIDORES DAS CARREIRAS DE POLÍCIA, EXCETO MILITAR",,20873038.127225433,28973814.831459887,,,0.5,0.5,2072845.0201706183,14486907.415729944,2072845.0201706183,2023,1156612.6529597405
114,"SERVIDOR DAS CARREIRAS DE GESTÃO GOVERNAMENTAL, ANALISTA, GESTOR E TÉCNICO DE PLANEJAMENTO",,2820991.1277955472,4355704.083088863,,,0.5,0.5,200221.86441340865,2177852.0415444314,200221.86441340865,2023,205199.92381431247
115,SERVIDOR DAS CARREIRAS DE CIÊNCIA E TECNOLOGIA,,2696521.2979932907,2830838.7547373357,,,0.5,0.5,228527.10062640588,1415419.3773686679,228527.10062640588,2023,244636.02209675068
116,"SERVIDOR DAS DEMAIS CARREIRAS DA ADMINISTRAÇÃO PÚBLICA DIRETA, AUTÁRQUICA E FUNDACIONAL",,52958419.97717347,60581906.20813907,,,0.5,0.5,7004671.81811506,30290953.104069535,7004671.81811506,2023,5848022.437808029
117,TITULAR DE CARTÓRIO,TITULAR DE CARTÓRIO,24278582199.870415,28075560143.201035,6980,6912,0.07745463951812571,0.9225453604818743,4794143012.8905,25900977753.03994,4794143012.8905,2023,4248318848.6107416
118,"DIRIGENTE OU ADMINISTRADOR DE PARTIDO POLÍTICO, ORGANIZAÇÃO PATRONAL, SINDICAL, FILANTRÓPICA E RELIGIOSA",,10318376.762559991,12726759.631500315,,,0.5,0.5,227721.57760933315,6363379.815750157,227721.57760933315,2023,261474.025946463
120,"DIRIGENTE, PRESIDENTE E DIRETOR DE EMPRESA INDUSTRIAL, COMERCIAL OU PRESTADORA DE SERVIÇOS",,7956269711.364674,8705801778.79026,,,0.5,0.5,320554136.0656754,4352900889.39513,320554136.0656754,2023,283789156.9754733
121,PRESIDENTE E DIRETOR DE EMPRESA PÚBLICA E SOCIEDADE DE ECONOMIA MISTA,,26331658.13308095,32329790.903111663,,,0.5,0.5,685546.2378308304,16164895.451555831,685546.2378308304,2023,1015938.0708550103
130,"GERENTE OU SUPERVISOR DE EMPRESA INDUSTRIAL, COMERCIAL OU PRESTADORA DE SERVIÇOS",,744511533.7601136,770639965.5500537,,,0.5,0.5,20358469.111492347,385319982.77502686,20358469.111492347,2023,23846797.72090282
131,GERENTE OU SUPERVISOR DE EMPRESA PÚBLICA E SOCIEDADE DE ECONOMIA MISTA,,18105820.70944118,13211119.39385618,,,0.5,0.5,704102.4940911982,6605559.69692809,704102.4940911982,2023,663342.8275735036
140,"PRESIDENTE, DIRETOR, GERENTE E SUPERVISOR DE ORGANISMO INTERNACIONAL E DE ORGANIZAÇÃO NÃO-GOVERNAMENTAL",,34054652.39794776,31508261.73459834,,,0.5,0.5,737954.3716713516,15754130.86729917,737954.3716713516,2023,1187126.0044039914
211,"MATEMÁTICO, ESTATÍSTICO, ATUÁRIO E AFINS","LC 214/2025, art 127",9615026.85153967,8971193.592342619,7380,7490,0.01736158728243161,0.9826384127175684,407869.57510804903,8815439.43176157,407869.57510804903,2023,460725.4059446169
212,"ANALISTA DE SISTEMAS, DESENVOLVEDOR DE SOFTWARE, ADMINISTRADOR DE REDES E BANCOS DE DADOS E OUTROS ESPECIALISTAS EM INFORMÁTICA (EXCETO TÉCNICOS)",,143607639.8630703,141360432.28709316,,,0.5,0.5,4482001.794604527,70680216.14354658,4482001.794604527,2023,6926771.40935454
213,"FÍSICO, QUÍMICO, METEOROLOGISTA, GEÓLOGO, OCEANÓGRAFO E AFINS","LC 214/2025, art 127",13623743.019124286,13384803.562902233,7380,7490,0.01736158728243161,0.9826384127175684,365736.0863922556,13152422.127586704,365736.0863922556,2023,278140.3061457053
214,"ENGENHEIRO, ARQUITETO E AFINS","LC 214/2025, art 127",837289933.7452594,864772764.2103752,7180,7112,0.41733223453661844,0.5826677654633816,33902672.603737704,503875214.1560511,33902672.603737704,2023,32663214.77106312
215,"PILOTO DE AERONAVES, COMANDANTE DE EMBARCAÇÕES E OFICIAIS DE MÁQUINAS",,6642594.708487529,7397601.5520489,,,0.5,0.5,659340.6615493903,3698800.77602445,659340.6615493903,2023,573849.1074680794
221,"BIÓLOGO, BIOMÉDICO E AFINS","LC 214/2025, art 127",72390750.83851497,88454434.38061368,7380,7490,0.01736158728243161,0.9826384127175684,7861026.677892776,86918724.99759653,7861026.677892776,2023,6202028.046500535
222,AGRÔNOMO E AFINS,"LC 214/2025, art 127",43770176.93282041,46634789.64593656,7380,7490,0.01736158728243161,0.9826384127175684,1266012.9944671295,45825135.675100796,1266012.9944671295,2023,1536027.4315660596
224,PROFISSIONAL DA EDUCAÇÃO FÍSICA (EXCETO PROFESSOR),"LC 214/2025, art 127",261126190.14060655,293611126.3586209,8592,8591,0.8621415167655477,0.13785848323445227,5559179.852555525,40476784.540558584,5559179.852555525,2023,4534075.940558244
225,MÉDICO,Profissionais de saúde,4846347289.601543,4951715410.750405,8692,8630,0.8767171182309692,0.1232828817690308,2165316129.754871,610461745.5374299,2165316129.754871,2023,2093455735.0266666
226,ODONTÓLOGO,Profissionais de saúde,12846095943.735287,13407102465.501535,8692,8630,0.8767171182309692,0.1232828817690308,2555907117.8401127,1652866228.119707,2555907117.8401127,2023,2431772772.76778
227,"ENFERMEIRO DE NÍVEL SUPERIOR, NUTRICIONISTA, FARMACÊUTICO E AFINS",Profissionais de saúde,336671324.04031336,388195424.7145888,8692,8650,0.8767171182309692,0.1232828817690308,19978654.04292452,47857850.648367345,19978654.04292452,2023,17802327.68010305
228,"VETERINÁRIO, PATOLOGISTA (VETERINÁRIO) E ZOOTECNISTA","LC 214/2025, art 127",290113272.4115939,291476506.1693688,7380,7490,0.01736158728243161,0.9826384127175684,24331896.653989416,286416011.3667311,24331896.653989416,2023,25636956.433689594
229,"FONOAUDIÓLOGO, FISIOTERAPEUTA, TERAPEUTA OCUPACIONAL E AFINS",Profissionais de saúde,2587104943.067198,0,8692,8650,0.8767171182309692,0.1232828817690308,3195317.0171573376,0.0,3195317.0171573376,2023,130505703.65502605
230,FONOAUDIÓLOGO,Profissionais de saúde,0,437660290.2325225,8692,8650,0.8767171182309692,0.1232828817690308,30278988.00828735,53956021.81573577,30278988.00828735,2023,697107.4494281732
231,FISIOTERAPEUTA,Profissionais de saúde,0,1783575702.0869236,8692,8650,0.8767171182309692,0.1232828817690308,83170350.38015756,219884352.40649828,83170350.38015756,2023,1914815.3434219926
232,TERAPEUTA OCUPACIONAL,Profissionais de saúde,0,137504388.65056545,8692,8650,0.8767171182309692,0.1232828817690308,8379439.696188718,16951937.28873052,8379439.696188718,2023,192918.26505722458
241,ADVOGADO,"LC 214/2025, art 127",2528605433.226418,2868276088.485484,6980,6911,0.07745463951812571,0.9225453604818743,192045327.73245823,2646114798.0133815,192045327.73245823,2023,171097183.28712627
250,SOCIÓLOGO E CIENTISTA POLÍTICO,,2691303.2961884495,1816827.2491093352,,,0.5,0.5,194795.71366710583,908413.6245546676,194795.71366710583,2023,207628.28548153138
251,ANTROPÓLOGO E ARQUEÓLOGO,,906062.9023634853,751659.4923205446,,,0.5,0.5,165.83707873668598,375829.7461602723,165.83707873668598,2023,6773.251147355397
252,"ECONOMISTA, ADMINISTRADOR, CONTADOR, AUDITOR E AFINS","LC 214/2025, art 127",594791377.8687992,618638498.0004905,6980,6920,0.07745463951812571,0.9225453604818743,103551079.10212812,570722076.1458278,103551079.10212812,2023,101595262.11176422
253,"PROFISSIONAL DE MARKETING, DE PUBLICIDADE E DE COMERCIALIZAÇÃO","LC 214/2025, art 127",80842765.29665439,97709853.19969474,7380,7311,0.01736158728243161,0.9826384127175684,2971688.7392409244,96013455.05501465,2971688.7392409244,2023,2804686.498512716
254,PSICANALISTA,Profissionais de saúde,89644273.66496222,98227602.27866113,8692,8650,0.8767171182309692,0.1232828817690308,5125695.824254198,12109781.87817556,5125695.824254198,2023,4256246.176740242
255,PSICÓLOGO,Profissionais de saúde,3319864245.1356955,3903173741.432418,8692,8650,0.8767171182309692,0.1232828817690308,221298964.37466517,481194506.8889983,221298964.37466517,2023,184949973.56201825
256,GEÓGRAFO,,1098925.3635390948,1378033.9413113708,,,0.5,0.5,7134.861302125151,689016.9706556854,7134.861302125151,2023,5912.277697865241
257,HISTORIADOR,,1023135.5649558903,869843.7205488257,,,0.5,0.5,28121.289190689353,434921.86027441284,28121.289190689353,2023,13525.271971466942
258,ASSISTENTE SOCIAL E ECONOMISTA DOMÉSTICO,"LC 214/2025, art 127",10077474.398376808,12252606.57841851,8692,8800,0.8767171182309692,0.1232828817690308,366557.25086124055,1510536.648169618,366557.25086124055,2023,362396.07904737967
259,FILÓSOFO,,881599.7996859183,1004552.3198258939,,,0.5,0.5,59743.95939366148,502276.1599129469,59743.95939366148,2023,44648.196357889785
261,JORNALISTA E REPÓRTER,"LC 214/2025, art 139",28957080.653556205,31392859.318679143,5800,5812,0.4295501470312207,0.5704498529687794,1878471.1213290982,17908051.98261009,1878471.1213290982,2023,1251468.9990019202
263,SACERDOTE OU MEMBRO DE ORDENS OU SEITAS RELIGIOSAS,,116784334.745779,120027504.91901872,,,0.5,0.5,5275200.452157107,60013752.45950936,5275200.452157107,2023,63307426.59246461
264,"TRADUTOR, INTÉRPRETE, FILÓLOGO",,22618479.2848887,26490686.77407718,,,0.5,0.5,1369186.1922761577,13245343.38703859,1369186.1922761577,2023,1294860.828131251
265,"BIBLIOTECÁRIO, DOCUMENTALISTA, ARQUIVÓLOGO, MUSEÓLOGO","LC 214/2025, art 127",1922206.1435069751,2521461.6644523437,9080,9102,0.8928112494033851,0.10718875059661492,69103.70905373462,270272.3254899078,69103.70905373462,2023,27948.47005373653
266,"ESCRITOR, CRÍTICO, REDATOR","LC 214/2025, art 139",6014983.219786626,6609275.14821918,5800,5811,0.4295501470312207,0.5704498529687794,256517.21712629937,3770260.036531839,256517.21712629937,2023,246831.48884080295
271,"LOCUTOR, COMENTARISTA","LC 214/2025, art 139",2885028.4856954175,2568316.252249184,5980,6021,0.026901987662782727,0.9730980123372173,10543.008516429189,2499223.4401170523,10543.008516429189,2023,2500.627198861825
272,"ATOR, DIRETOR DE ESPETÁCULOS","LC 214/2025, art 139",8110927.624994149,7340086.915557273,9080,9001,0.8928112494033851,0.10718875059661492,82640.9857928858,786774.745749145,82640.9857928858,2023,38938.596274438096
273,CANTOR E COMPOSITOR,"LC 214/2025, art 139",19504308.65563918,17918658.483059365,5980,5920,0.026901987662782727,0.9730980123372173,314325.82481525256,17436610.953614485,314325.82481525256,2023,485166.31827877613
274,"MÚSICO, ARRANJADOR, REGENTE DE ORQUESTRA OU CORAL","LC 214/2025, art 139",39933115.65373956,42297022.33521021,5980,5920,0.026901987662782727,0.9730980123372173,1034544.6126394783,41159148.36217594,1034544.6126394783,2023,1037948.0475753646
275,"DESENHISTA INDUSTRIAL (DESIGNER), ESCULTOR, PINTOR ARTÍSTICO E AFINS","LC 214/2025, art 139",51307227.76230675,58431192.723484956,9080,9002,0.8928112494033851,0.10718875059661492,1115677.4683550238,6263166.54390037,1115677.4683550238,2023,1206359.9931466545
276,"CENÓGRAFO, DECORADOR DE INTERIORES","LC 214/2025, art 139",9886372.039341368,8972150.009679666,9080,9002,0.8928112494033851,0.10718875059661492,631559.6516746727,961713.5497029698,631559.6516746727,2023,836130.7156090747
277,EMPRESÁRIO E PRODUTOR DE ESPETÁCULOS,"LC 214/2025, art 139",22324021.43947335,23036905.852229536,9080,9002,0.8928112494033851,0.10718875059661492,820988.3917063671,2469297.1559123304,820988.3917063671,2023,1043580.6665199923
279,OUTROS PROFISSIONAIS DO ESPETÁCULO E DAS ARTES,"LC 214/2025, art 139",31591950.994432166,30411177.952436384,9080,9002,0.8928112494033851,0.10718875059661492,697309.8424944363,3259736.168892978,697309.8424944363,2023,724510.6960000154
290,PROFESSOR NA EDUCAÇÃO INFANTIL,"LC 214/2025, art 129",51861092.82004738,55933691.58269337,8592,8513,0.8621415167655477,0.13785848323445227,1078056.4592710794,7710933.883293757,1078056.4592710794,2023,870447.6612504876
291,PROFESSOR DO ENSINO FUNDAMENTAL,"LC 214/2025, art 129",77379816.82448356,82164716.20860037,8592,8513,0.8621415167655477,0.13785848323445227,2936342.1864893096,11327103.151906863,2936342.1864893096,2023,2785600.7113203267
292,PROFESSOR DO ENSINO MÉDIO,"LC 214/2025, art 129",56979989.82505259,56832636.81760959,8592,8520,0.8621415167655477,0.13785848323445227,2356179.5046983818,7834861.109890147,2356179.5046983818,2023,2857817.570704647
293,PROFESSOR DO ENSINO PROFISSIONAL,"LC 214/2025, art 129",22504076.197492,23324937.07698868,8592,8541,0.8621415167655477,0.13785848323445227,1022313.6598242915,3215540.446972698,1022313.6598242915,2023,692849.1660482323
294,PROFESSOR DO ENSINO SUPERIOR,"LC 214/2025, art 129",165507660.60832283,171677267.55599913,8592,8531,0.8621415167655477,0.13785848323445227,19178808.509330045,23667167.711105283,19178808.509330045,2023,18342868.157378014
295,INSTRUTOR E PROFESSOR DE ESCOLAS LIVRES,"LC 214/2025, art 129",164771235.93625253,173731734.13353977,8592,8599,0.8621415167655477,0.13785848323445227,5610155.8485473655,23950393.35734091,5610155.8485473655,2023,5534059.369354811
296,"PEDAGOGO, ORIENTADOR EDUCACIONAL","LC 214/2025, art 129",63866334.01960727,69633429.04718468,8592,8599,0.8621415167655477,0.13785848323445227,2654987.9171142383,9599558.91085873,2654987.9171142383,2023,2291759.7388086473
311,TÉCNICO EM CIÊNCIAS FÍSICAS E QUÍMICAS,"LC 214/2025, art 127",3007408.2682002718,3828743.507690933,7380,7490,0.01736158728243161,0.9826384127175684,44733.48049888261,3762270.4431001134,44733.48049888261,2023,64411.13860058282
312,"TÉCNICO EM CONSTRUÇÃO CIVIL, DE EDIFICAÇÕES E OBRAS DE INFRA-ESTRUTURA","LC 214/2025, art 127",44472724.67679271,48281359.7448232,7180,7112,0.41733223453661844,0.5826677654633816,986130.2076433245,28131991.9960498,986130.2076433245,2023,1729265.3074576491
313,TÉCNICO EM ELETRO-ELETRÔNICA E FOTÔNICA,"LC 214/2025, art 127",23043369.71608196,25069321.562105443,7380,7490,0.01736158728243161,0.9826384127175684,381274.8804260483,24634078.347693603,381274.8804260483,2023,569781.7980202691
314,TÉCNICO EM METALMECÂNICA,"LC 214/2025, art 127",6405359.938225722,8828138.005881362,7380,7490,0.01736158728243161,0.9826384127175684,486190.84800256096,8674867.5173509,486190.84800256096,2023,86400.50374666032
316,TÉCNICO EM MINERALOGIA E GEOLOGIA,"LC 214/2025, art 127",1609091.8450870477,1237019.1834265802,7380,7490,0.01736158728243161,0.9826384127175684,29687.01693731965,1215542.5669034773,29687.01693731965,2023,27961.37830694752
317,TÉCNICO EM INFORMÁTICA,"LC 214/2025, art 127",46952193.32050119,51078084.3531552,6280,6204,0.4850664403345332,0.5149335596654667,534059.1867613498,26301819.796863187,534059.1867613498,2023,551982.1629636182
318,DESENHISTA TÉCNICO E MODELISTA,"LC 214/2025, art 127",7437151.590508368,7634687.12609771,7380,7490,0.01736158728243161,0.9826384127175684,58247.66784748083,7502136.839183907,58247.66784748083,2023,107291.46218138072
319,"OUTROS TÉCNICOS DE NÍVEL MÉDIO DAS CIÊNCIAS FÍSICAS, QUÍMICAS, ENGENHARIA E AFINS","LC 214/2025, art 127",30752838.19400357,34426580.3677999,7380,7490,0.01736158728243161,0.9826384127175684,1094684.2506686917,33828880.287908696,1094684.2506686917,2023,933591.6477855337
320,TÉCNICO EM BIOLOGIA,"LC 214/2025, art 127",791449.8865311154,331182.1054382273,7380,7490,0.01736158728243161,0.9826384127175684,6393.181162938208,325432.258408282,6393.181162938208,2023,44738.357545914514
321,TÉCNICO DA PRODUÇÃO AGROPECUÁRIA,"LC 214/2025, art 127",7942176.594734537,7021915.178600337,7380,7490,0.01736158728243161,0.9826384127175684,139013.68473220267,6900003.585337236,139013.68473220267,2023,254091.96858917925
322,TÉCNICO DA CIÊNCIA DA SAÚDE HUMANA,Profissionais de saúde,91364285.40645266,94444296.61933938,8692,8660,0.8767171182309692,0.1232828817690308,4365271.728714225,11643365.053881291,4365271.728714225,2023,4023198.1076183943
323,TÉCNICO DA CIÊNCIA DA SAÚDE ANIMAL,"LC 214/2025, art 127",2819960.5451832614,3046021.7777197245,7380,7490,0.01736158728243161,0.9826384127175684,26439.31608489402,2993138.004761656,26439.31608489402,2023,65376.898450668275
324,"TÉCNICO DE LABORATÓRIO, RAIOS-X E OUTROS EQUIPAMENTOS E INSTRUMENTOS DE DIAGNÓSTICO",Profissionais de saúde,28505938.213532034,28426074.091016166,8692,8640,0.8767171182309692,0.1232828817690308,2369038.9225690365,3504448.3313204553,2369038.9225690365,2023,2407578.259116258
325,TÉCNICO DE BIOQUÍMICA E DA BIOTECNOLOGIA,"LC 214/2025, art 127",1448374.2593057228,1383745.72619943,7380,7490,0.01736158728243161,0.9826384127175684,58251.87783053802,1359721.7039973268,58251.87783053802,2023,63418.521999203615
328,"TÉCNICO DE CONSERVAÇÃO, DISSECAÇÃO E EMPALHAMENTO DE CORPOS",Profissionais de saúde,254805.08819869807,354580.6283917736,8692,8690,0.8767171182309692,0.1232828817690308,18696.39644390387,43713.72168761167,18696.39644390387,2023,7933.256959211994
341,"TÉCNICO EM NAVEGAÇÃO AÉREA, MARÍTIMA, FLUVIAL E METROFERROVIÁRIA",,2380186.2191246427,2114979.293697419,,,0.5,0.5,201213.20761576926,1057489.6468487096,201213.20761576926,2023,199093.23369283398
342,TÉCNICO EM TRANSPORTES (LOGÍSTICA),"LC 214/2025, art 127",23914168.231996544,29211155.70286287,7380,7490,0.01736158728243161,0.9826384127175684,1072568.2518878141,28704003.673506916,1072568.2518878141,2023,933507.0917490493
351,TÉCNICO DAS CIÊNCIAS ADMINISTRATIVAS E CONTÁBEIS,"LC 214/2025, art 127",135283340.9162122,137686464.2561794,6980,6911,0.07745463951812571,0.9225453604818743,24045170.00588472,127022008.80069172,24045170.00588472,2023,24317360.30496205
352,"TÉCNICO DE INSPEÇÃO, FISCALIZAÇÃO E COORDENAÇÃO ADMINISTRATIVA","LC 214/2025, art 127",7977852.901989725,9367661.329354938,7380,7490,0.01736158728243161,0.9826384127175684,243059.62313393853,9205023.859553082,243059.62313393853,2023,330477.3278712319
353,"AGENTE DE BOLSA DE VALORES, CÂMBIO E OUTROS SERVIÇOS FINANCEIROS",,10205574.938912839,10057287.524931172,,,0.5,0.5,1160754.4370332442,5028643.762465586,1160754.4370332442,2023,1194091.9168286042
354,"AGENTE E REPRESENTANTE COMERCIAL, CORRETOR, LEILOEIRO E AFINS",,1183085463.5761056,1357161410.7849555,,,0.5,0.5,282192470.0274194,678580705.3924778,282192470.0274194,2023,248237317.6638169
355,CORRETOR E ADMINSTRADOR DE IMÓVEIS,,75980073.37978359,93139271.68965013,,,0.5,0.5,3082202.1989768716,46569635.84482507,3082202.1989768716,2023,3171895.5686947773
371,TÉCNICO DE SERVIÇOS CULTURAIS,"LC 214/2025, art 139",4366580.141489175,3552798.0208568773,9080,9002,0.8928112494033851,0.10718875059661492,10285.678545145527,380819.98097777495,10285.678545145527,2023,118498.10691238484
372,"CINEGRAFISTA, FOTÓGRAFO E OUTROS TÉCNICOS EM OPERAÇÃO DE MÁQUINAS DE TRATAMENTO DE DADOS","LC 214/2025, art 139",28940948.80595565,34110449.58969312,5980,6021,0.026901987662782727,0.9730980123372173,853973.3331238907,33192810.695659224,853973.3331238907,2023,639252.4443766372
373,TÉCNICO EM OPERAÇÃO DE ESTAÇÕES DE RÁDIO E TELEVISÃO,"LC 214/2025, art 139",1584315.9963965192,2118541.1197372396,5980,6021,0.026901987662782727,0.9730980123372173,9856.404460521739,2061548.1526709704,9856.404460521739,2023,10145.701393474112
374,"TÉCNICO EM OPERAÇÃO DE APARELHOS DE SONORIZAÇÃO, CENOGRAFIA E PROJEÇÃO","LC 214/2025, art 139",7765924.35675317,6840831.685315042,5980,6021,0.026901987662782727,0.9730980123372173,244802.80414585982,6656799.715713523,244802.80414585982,2023,229703.82626219667
375,DECORADOR E VITRINISTA,,7712504.530193707,6626395.01334138,,,0.5,0.5,326028.23275672464,3313197.50667069,326028.23275672464,2023,551924.656873097
376,"APRESENTADOR, ARTISTAS DE ARTES POPULARES E MODELOS","LC 214/2025, art 139",14529176.12317081,9641334.465207139,5980,6021,0.026901987662782727,0.9730980123372173,220198.02214201307,9381963.404371375,220198.02214201307,2023,45216.990386745696
377,"ATLETA, DESPORTISTA E AFINS",,19234640.215274666,22648824.874959566,,,0.5,0.5,1384194.6996835163,11324412.437479783,1384194.6996835163,2023,1182188.6047240295
391,OUTROS TÉCNICOS DE NÍVEL MÉDIO,"LC 214/2025, art 127",323543590.69454026,340347522.1108116,7380,7490,0.01736158728243161,0.9826384127175684,15834602.69234048,334438548.89932543,15834602.69234048,2023,15531053.522005359
410,"BANCÁRIO, ECONOMIÁRIO, ESCRITURÁRIO, SECRETÁRIO, ASSISTENTE E AUXILIAR ADMINISTRATIVO",,520510261.3555318,583120417.9281164,,,0.5,0.5,29760987.158863816,291560208.9640582,29760987.158863816,2023,26450522.320185535
420,"TRABALHADOR DE ATENDIMENTO AO PÚBLICO, CAIXA, DESPACHANTE, RECENSEADOR E AFINS",,219756409.38416517,227260143.05523264,,,0.5,0.5,15999211.336498015,113630071.52761632,15999211.336498015,2023,17413865.396302488
511,"COMISSÁRIO DE BORDO, GUIA DE TURISMO, AGENTE DE VIAGEM E AFINS",,31831069.66944903,34529744.599519655,,,0.5,0.5,1194176.3130564129,17264872.299759828,1194176.3130564129,2023,915072.0073050077
512,TRABALHADOR DOS SERVIÇOS DOMÉSTICOS EM GERAL,,119008821.9645252,129073574.31893483,,,0.5,0.5,138229.33117744906,64536787.159467414,138229.33117744906,2023,364069.6317077093
513,TRABALHADOR DOS SERVIÇOS DE HOTELARIA E ALIMENTAÇÃO,,104378474.75037646,110515855.8558543,,,0.5,0.5,1776039.8708963185,55257927.92792715,1776039.8708963185,2023,1752255.4969829442
514,"TRABALHADOR DOS SERVIÇOS DE ADMINISTRAÇÃO, CONSERVAÇÃO E MANUTENÇÃO DE EDIFÍCIOS",,58822590.431837276,68474356.07895051,,,0.5,0.5,1159796.8117239084,34237178.039475255,1159796.8117239084,2023,1354144.3659811132
515,TRABALHADOR DOS SERVIÇOS DE SAÚDE,Profissionais de saúde,197863326.15183637,212453586.54676926,8692,8660,0.8767171182309692,0.1232828817690308,9027388.801096207,26191890.391651906,9027388.801096207,2023,9560476.87150545
516,TRABALHADOR DOS SERVIÇOS DE EMBELEZAMENTO E CUIDADOS PESSOAIS,,586189434.8272638,588881839.6461848,,,0.5,0.5,8890930.209807243,294440919.8230924,8890930.209807243,2023,8928176.457954135
517,TRABALHADOR DOS SERVIÇOS DE PROTEÇÃO E SEGURANÇA (EXCETO MILITAR),,34525879.15820952,39538433.00527917,,,0.5,0.5,434079.00299772515,19769216.502639584,434079.00299772515,2023,436759.6341710353
518,"MOTORISTA E CONDUTOR DO TRANSPORTE DE PASSAGEIROS (MOTORISTA DE TÁXI, ÔNIBUS, PEQUENA EMBARCAÇÃO ETC)",Não contribuinte,1279148098.02806,1309020375.8685443,,,0.5,0.5,25662287.883450333,654510187.9342722,25662287.883450333,2023,24255391.11079702
519,OUTROS TRABALHADORES DE SERVIÇOS DIVERSOS,,1851543246.4131222,2056295120.1335223,,,0.5,0.5,41247794.936116554,1028147560.0667611,41247794.936116554,2023,33411402.294191644
529,"VENDEDOR E PRESTADOR DE SERVIÇOS DO COMÉRCIO, AMBULANTE, CAIXEIRO-VIAJANTE E CAMELÔ",,3299021676.85374,3298714328.2482014,,,0.5,0.5,91586245.05261397,1649357164.1241007,91586245.05261397,2023,89156831.79914595
610,PRODUTOR NA EXPLORAÇÃO AGROPECUÁRIA,,472437091.8854024,522154013.5037296,,,0.5,0.5,38148397.38490191,261077006.7518648,38148397.38490191,2023,32616255.080608908
620,TRABALHADOR NA EXPLORAÇÃO AGROPECUÁRIA,,122897012.53965086,180374071.07728046,,,0.5,0.5,22414751.376366463,90187035.53864023,22414751.376366463,2023,5501942.694310986
630,"PESCADOR, CAÇADOR E EXTRATIVISTA FLORESTAL",,16347963.916254664,18675325.03170383,,,0.5,0.5,285761.48642255075,9337662.515851915,285761.48642255075,2023,64581.05657341683
640,OPERADOR DE MÁQUINA AGROPECUÁRIA E FLORESTAL,,27917999.647458997,31633363.743390825,,,0.5,0.5,1510732.2017993978,15816681.871695412,1510732.2017993978,2023,1301585.1917891966
710,TRABALHADOR DA INDÚSTRIA EXTRATIVA E DA CONSTRUÇÃO CIVIL,,137837813.80515274,131673772.08705617,,,0.5,0.5,2736659.79683198,65836886.04352809,2736659.79683198,2023,3396952.0447490434
720,TRABALHADOR DA TRANSFORMAÇÃO DE METAIS E COMPÓSITOS,,28515566.1695996,31461077.619497634,,,0.5,0.5,374198.75231702975,15730538.809748817,374198.75231702975,2023,742294.5661062314
730,TRABALHADOR DA FABRICAÇÃO E INSTALAÇÃO ELETRO-ELETRÔNICA,,8734043.970327426,10341981.906316547,,,0.5,0.5,52041.76041328704,5170990.953158273,52041.76041328704,2023,43527.64645458137
740,MONTADOR DE APARELHOS E INSTRUMENTOS DE PRECISÃO E MUSICAIS,,1358602.1418774638,775662.5763964668,,,0.5,0.5,4506.739585647718,387831.2881982334,4506.739585647718,2023,31053.437639793196
750,"JOALHEIRO, VIDREIRO, CERAMISTA E AFINS",,8535093.675586894,8257696.26691307,,,0.5,0.5,83987.1001615944,4128848.133456535,83987.1001615944,2023,98871.6822113569
760,"TRABALHADOR DAS INDÚSTRIAS TÊXTEIS, DO CURTIMENTO, DO VESTUÁRIO E DAS ARTES GRÁFICAS",,71666503.73302618,91705309.6630323,,,0.5,0.5,582552.6826775821,45852654.83151615,582552.6826775821,2023,545019.0525779433
770,TRABALHADOR DAS INDÚSTRIAS DE MADEIRA E DO MOBILIÁRIO,,33646527.80187357,33856460.92594557,,,0.5,0.5,948025.8091670481,16928230.462972786,948025.8091670481,2023,742427.1872853594
780,"CONDUTOR E OPERADOR DE ROBÔS, VEÍCULOS DE EQUIPAMENTOS DE MOVIMENTAÇÃO DE CARGA E AFINS",,33548607.29712313,29191378.69735481,,,0.5,0.5,1136520.51731362,14595689.348677404,1136520.51731362,2023,2284322.693470574
810,"TRABALHADOR DAS INDÚSTRIAS QUÍMICA, PETROQUÍMICA, BORRACHA E PLÁSTICO E AFINS",,14638410.334306361,15752889.932218835,,,0.5,0.5,177651.39487346116,7876444.966109417,177651.39487346116,2023,455973.36401053524
820,TRABALHADOR DE INSTALAÇÕES SIDERÚRGICAS E DE MATERIAIS DE CONSTRUÇÃO,,7831677.426868661,8689702.953699917,,,0.5,0.5,82049.54087710749,4344851.476849958,82049.54087710749,2023,101405.87444842582
830,TRABALHADOR DE INSTALAÇÕES E MÁQUINAS DE FABRICAÇÃO DE CELULOSE E PAPEL,,2158498.967896224,2841490.869764282,,,0.5,0.5,16078.876646201112,1420745.434882141,16078.876646201112,2023,13722.024366786656
840,"TRABALHADOR DA FABRICAÇÃO DE ALIMENTOS, BEBIDAS, FUMO E DE AGROINDÚSTRIAS",,25668787.240739208,29067673.496115115,,,0.5,0.5,506282.73679512745,14533836.748057557,506282.73679512745,2023,725044.1515955452
860,OPERADOR DE INSTALAÇÕES DE PRODUÇÃO E DISTRIBUIÇÃO DE ENERGIA,,5228902.978952655,6909222.116762746,,,0.5,0.5,155340.0523579658,3454611.058381373,155340.0523579658,2023,16872.411593133507
870,TRABALHADOR DE OUTRAS INSTALAÇÕES AGROINDUSTRIAIS,,6037567.205368052,7518232.776170506,,,0.5,0.5,38637.36490483774,3759116.388085253,38637.36490483774,2023,53987.76485867072
900,TRABALHADOR DE REPARAÇÃO E MANUTENÇÃO,,437918624.5696181,428684144.5463266,,,0.5,0.5,5456877.437323287,214342072.2731633,5456877.437323287,2023,6652819.319659298
,,,-,-,,,0.5,0.5,0.0,,0.0,2023,0
,,,75404564263.23,82363429173.45999,,,,,11379884266.331253,45223753280.91837,11379884266.331253,2023,10530087292.359089
