ncm,valor_antes_tratamento,valor_apos_tratamento,diferenca
00000000,6095425124.799997,0,-6095425124.799997
00000001,1292524.92,0,-1292524.92
00000002,283.58,0,-283.58
00000003,2190,0,-2190
00000004,1085.57,0,-1085.57
00000007,900,0,-900
00000009,7408.7,0,-7408.7
00000010,1043.96,0,-1043.96
00000013,250,0,-250
00000016,212.82,0,-212.82
00000017,22.99,0,-22.99
00000018,40,0,-40
00000019,20853.9,0,-20853.9
00000021,587,0,-587
00000022,1522.29,0,-1522.29
00000025,30,0,-30
00000027,89,0,-89
00000034,28,0,-28
00000038,168.7,0,-168.7
00000040,5020,0,-5020
00000044,323,0,-323
00000048,7.49,0,-7.49
00000058,780,0,-780
00000068,8,0,-8
00000071,7600,0,-7600
00000072,11385,0,-11385
00000073,174159.5,0,-174159.5
00000080,100,0,-100
00000081,100,0,-100
00000082,1600,0,-1600
00000083,36.2,0,-36.2
00000084,148189,0,-148189
00000085,50099,0,-50099
00000087,36.7,0,-36.7
00000098,6319.38,0,-6319.38
00000099,948482.59,0,-948482.59
00000100,819.15,0,-819.15
00000102,18.99,0,-18.99
00000186,30,0,-30
00000188,87,0,-87
00000321,160,0,-160
00000702,23180,0,-23180
00000704,35,0,-35
00000705,2099.65,0,-2099.65
00000732,16637.24,0,-16637.24
00000870,537.86,0,-537.86
00001199,50,0,-50
00001234,320,0,-320
00001404,342627,0,-342627
00003506,78.34,0,-78.34
00003837,475.2,0,-475.2
00004013,390,0,-390
00004516,20,0,-20
00006203,20,0,-20
00006206,1062.8,0,-1062.8
00006908,5061.04,0,-5061.04
00007214,525,0,-525
00007310,850.78,0,-850.78
00008141,180,0,-180
00008403,8023.4,0,-8023.4
00008433,1000,0,-1000
00008481,102,0,-102
00008538,299.68,0,-299.68
00008703,1365,0,-1365
00008880,284,0,-284
00008907,547,0,-547
00008922,34,0,-34
00009101,4.99,0,-4.99
00009505,1640,0,-1640
00009879,140,0,-140
00012802,1204400,0,-1204400
00017489,150,0,-150
00020066,80,0,-80
00022255,72.88999999999999,0,-72.88999999999999
00022858,1140,0,-1140
00040011,114.3,0,-114.3
00061044,1947,0,-1947
00061046,2400,0,-2400
00061112,4.8,0,-4.8
00062044,70,0,-70
00062045,44,0,-44
00062046,12,0,-12
00102900,83467.46,0,-83467.46
00120730,14.89,0,-14.89
00123354,30,0,-30
00125474,603.54,0,-603.54
00133399,82.5,0,-82.5
00151814,7.2,0,-7.2
00161507,678.05,0,-678.05
00172820,20,0,-20
00199900,7.65,0,-7.65
00201300,164.16,0,-164.16
00209001,4577.33,0,-4577.33
00220410,834,0,-834
00221546,60,0,-60
00233990,1425,0,-1425
00259955,2464,0,-2464
00300230,9000,0,-9000
00300450,99.6,0,-99.6
00300700,342.65,0,-342.65
00320910,1860,0,-1860
00321490,6886.94,0,-6886.94
00324900,689.3,0,-689.3
00380891,91487,0,-91487
00382400,800,0,-800
00382440,280,0,-280
00390950,192,0,-192
00391733,230000,0,-230000
00392390,36,0,-36
00392410,6.3,0,-6.3
00420100,8,0,-8
00449798,38.9,0,-38.9
00541178,10,0,-10
00600411,10000,0,-10000
00602200,640,0,-640
00611490,5120.51,0,-5120.51
00620990,14.99,0,-14.99
00680223,1900,0,-1900
00680422,414.03,0,-414.03
00680520,4,0,-4
00703101,29.54,0,-29.54
00730840,3135.02,0,-3135.02
00731420,25738.4,0,-25738.4
00731815,148.81,0,-148.81
00732190,1840,0,-1840
00741521,220,0,-220
00802015,10484,0,-10484
00812015,15099.5,0,-15099.5
00814814,19.8,0,-19.8
00822004,8803.5,0,-8803.5
00848210,4537.400000000001,0,-4537.400000000001
00850172,1540000,0,-1540000
00851310,2820,0,-2820
00853990,30,0,-30
00854622,65,0,-65
00870830,1767.96,0,-1767.96
00870831,45,0,-45
00870894,120,0,-120
00870899,8526.76,0,-8526.76
00903190,2,0,-2
00909909,1250,0,-1250
00960390,283.5,0,-283.5
00986270,1513.44,0,-1513.44
01000000,3695,0,-3695
01000158,3000,0,-3000
01002000,1910,0,-1910
01002281,2130,0,-2130
01002900,155,0,-155
01004000,107.77,0,-107.77
01007875,38.7,0,-38.7
01010010,1753.74,0,-1753.74
01010101,2111.85,0,-2111.85
01011010,185397.04,185397.04,0
01011090,944143.9899999999,944143.9899999999,0
01011100,31575.76,31575.76,0
01011900,12220.3,12220.3,0
01012000,783,783,0
01012011,499,0,-499
01012020,1550,0,-1550
01012100,25528992.84,25528992.84,0
01012600,424,0,-424
01012900,329745646.6099999,329745646.6099999,0
01012990,30,0,-30
01013000,4585513.860000001,4585513.860000001,0
01017899,71991.5,0,-71991.5
01019000,41510314.52999999,41510314.52999999,0
01019010,863,863,0
01019090,13371.33,13371.33,0
01020304,698,0,-698
01021010,1930333.56,1930333.56,0
01021090,172523.95,172523.95,0
01022110,493114596.6400002,493114596.6400002,0
01022190,8994643322.869997,8994643322.869997,0
01022910,38796,0,-38796
01022911,1908292647.609999,1908292647.609999,0
01022919,5117135615.22,5118647615.22,1512000
01022990,24892344479.49,24892344479.49,0
01023000,4021.83,0,-4021.83
01023110,5629471.96,5629471.96,0
01023190,39800123.88,39800123.88,0
01023911,40680.63,40680.63,0
01023919,8666506.629999999,8666506.629999999,0
01023990,62424419.49999999,62424419.49999999,0
01029000,22069413139.04,22069413139.04,0
01029001,98000,0,-98000
01029011,12171.68,12171.68,0
01029019,410947.54,410947.54,0
01029090,135456743.38,135456743.38,0
01031000,133407173.54,133407173.54,0
01039100,167387889.47,167387889.47,0
01039200,203656340.51,203656340.51,0
01041011,726845.5900000001,726845.5900000001,0
01041019,3375971.62,3375971.62,0
01041090,20364300.77,20364300.77,0
01042010,8814342.610000001,8814342.610000001,0
01042090,1471391.61,1471391.61,0
01050099,28,0,-28
01051110,364878831.2099999,364878831.2099999,0
01051190,479377564.0100001,479377564.0100001,0
01051200,62761.19,62761.19,0
01051300,76058.29999999999,76058.29999999999,0
01051400,9747.96,9747.96,0
01051500,16120.29,16120.29,0
01051900,15958.23,15958.23,0
01059400,72987942.22,72987942.22,0
01059900,130756109.66,130756109.66,0
01060508,1310,0,-1310
01061100,973475.62,973475.62,0
01061200,48052.95,48052.95,0
01061300,57542.88,57542.88,0
01061400,16332,16332,0
01061900,11516515.39,11516515.39,0
01062000,35126.29,35126.29,0
01063100,614256.04,614256.04,0
01063200,68544.6,68544.6,0
01063310,3261.79,3261.79,0
01063390,5734329.310000001,5734329.310000001,0
01063900,13158499.55,13158499.55,0
01064100,153166.46,153166.46,0
01064900,2006709.91,2006709.91,0
01069000,21008659.87,21008659.87,0
01069010,10.06,0,-10.06
01071200,36.68,0,-36.68
01075000,120,0,-120
01111111,311.34,0,-311.34
01201100,5698.7,0,-5698.7
01209000,4100,0,-4100
01212100,122.25,0,-122.25
01215120,67.5,0,-67.5
01234567,6900,0,-6900
01292010,180,0,-180
01352962,1118.53,0,-1118.53
01394070,25.46,0,-25.46
01544524,140,0,-140
01600497,35,0,-35
01601000,182.1,0,-182.1
01707600,707.94,0,-707.94
02010000,2039.88,0,-2039.88
02010210,150,0,-150
02011000,19462383.62,19462383.62,0
02011300,1677.7,0,-1677.7
02011900,152.5,0,-152.5
02012000,5427.48,0,-5427.48
02012010,12675856.91,12675856.91,0
02012020,9255003.72,9255003.72,0
02012090,74378254.84,74378254.84,0
02012100,280,0,-280
02012900,8715.640000000001,0,-8715.640000000001
02012990,12272.5,0,-12272.5
02013000,68564927.66000001,68564927.66000001,0
02019000,1512000,0,-1512000
02020300,91.59,0,-91.59
02021000,930990.74,930990.74,0
02022010,419725.58,419725.58,0
02022020,633812.16,633812.16,0
02022090,5456014.42,5456014.42,0
02023000,19512575.35,19512575.35,0
02030000,9.719999999999999,0,-9.719999999999999
02031100,5219358.939999999,5219358.939999999,0
02031200,3387106.1,3387106.1,0
02031900,6576520.649999999,6576520.649999999,0
02031999,38023.38,0,-38023.38
02032100,1356365.42,1356365.42,0
02032200,1088000.01,1088000.01,0
02032900,11512326.14,11512326.14,0
02041000,48245.50999999999,48245.50999999999,0
02042071,499,0,-499
02042100,21444.86,21444.86,0
02042200,239128.68,239128.68,0
02042300,26781.19,26781.19,0
02043000,10105.59,10105.59,0
02044100,8509.75,8509.75,0
02044200,107667.4,107667.4,0
02044300,45040.03000000001,45040.03000000001,0
02045000,57199.14,57199.14,0
02050000,690024.5299999999,690024.5299999999,0
02059000,840,0,-840
02060000,9,0,-9
02061000,2040147.1,2040147.1,0
02062100,104277.92,104277.92,0
02062200,424001.51,424001.51,0
02062900,542.15,0,-542.15
02062910,772427.4,772427.4,0
02062980,414,0,-414
02062990,1069263.18,1069263.18,0
02063000,1263793.2,1263793.2,0
02064100,337089.05,337089.05,0
02064900,441242.59,441242.59,0
02068000,35468,35468,0
02069000,6859.370000000001,6859.370000000001,0
02069090,3038.5,0,-3038.5
02070000,553.6099999999999,0,-553.6099999999999
02071100,16114762.72,16114762.72,0
02071200,325102.8199999999,325102.8199999999,0
02071210,6066673.110000003,6066673.110000003,0
02071220,1247789.51,1247789.51,0
02071300,6377598.89,6377598.89,0
02071400,24140811.37000001,24140811.37000001,0
02071411,1069659.53,1069659.53,0
02071412,5925883.540000001,5925883.540000001,0
02071413,1179193.01,1179193.01,0
02071419,1057239.24,1057239.24,0
02071421,333668.98,333668.98,0
02071422,1302167.11,1302167.11,0
02071423,420096.0400000001,420096.0400000001,0
02071424,6857.73,6857.73,0
02071429,194213.56,194213.56,0
02071431,41863.47000000001,41863.47000000001,0
02071432,25580.09999999999,25580.09999999999,0
02071433,111017.16,111017.16,0
02071434,2424.85,2424.85,0
02071439,742422.84,742422.84,0
02072400,251711.94,251711.94,0
02072500,278009.46,278009.46,0
02072600,55851.09,55851.09,0
02072700,177988.59,177988.59,0
02074100,9735.42,9735.42,0
02074200,31537.91,31537.91,0
02074300,7020.179999999999,7020.179999999999,0
02074400,5842.91,5842.91,0
02074500,66163.41,66163.41,0
02075100,2967,2967,0
02075200,8145.370000000001,8145.370000000001,0
02075300,163.79,163.79,0
02075400,13216.98,13216.98,0
02075500,3754.95,3754.95,0
02076000,12070.01,12070.01,0
02081000,93302.73,93302.73,0
02081983,1960,0,-1960
02083000,874.91,874.91,0
02083200,16.9,0,-16.9
02084000,1438.13,1438.13,0
02085000,2548.280000000001,2548.280000000001,0
02086000,1262.24,1262.24,0
02089000,125800.94,125800.94,0
02090011,1948.59,1948.59,0
02090090,109285.74,109285.74,0
02091000,3398.54,0,-3398.54
02091011,129001.86,129001.86,0
02091019,891229.33,891229.33,0
02091021,125085.18,125085.18,0
02091029,1232514.6,1232514.6,0
02099000,563802.84,563802.84,0
02101000,359.85,0,-359.85
02101100,304944.14,304944.14,0
02101200,4384139.959999999,4384139.959999999,0
02101900,3471344.519999999,3471344.519999999,0
02102000,50075249.47000001,50075249.47000001,0
02102021,141,0,-141
02109000,996.11,996.11,0
02109100,7282.049999999999,7282.049999999999,0
02109200,7043.57,7043.57,0
02109300,469.64,469.64,0
02109900,4033.23,4033.23,0
02109911,42261.49000000001,42261.49000000001,0
02109919,474281.84,474281.84,0
02109920,1166.39,1166.39,0
02109930,8256.119999999999,8256.119999999999,0
02109940,5830.83,5830.83,0
02109990,219581.82,219581.82,0
02122000,396.11,0,-396.11
02154860,119.2,0,-119.2
02165444,1064.75,0,-1064.75
02201100,6,0,-6
02203000,1654.4,0,-1654.4
02309909,630.5,0,-630.5
02365986,7335.59,0,-7335.59
02369875,48,0,-48
02379526,1700,0,-1700
02540101,4.5,0,-4.5
02585268,870,0,-870
02710193,141.35,0,-141.35
02789000,40,0,-40
03000662,100,0,-100
03002121,90,0,-90
03004395,300,0,-300
03011000,19751.11,19751.11,0
03011090,182.04,182.04,0
03011110,6095.63,6095.63,0
03011190,2717901.45,2717901.45,0
03011900,54182.44,54182.44,0
03019110,1001162.66,1001162.66,0
03019190,73833.25,73833.25,0
03019210,27,27,0
03019290,4622.48,4622.48,0
03019310,363709.94,363709.94,0
03019390,25276.02,25276.02,0
03019410,63800,63800,0
03019490,8095.65,8095.65,0
03019510,925040.62,925040.62,0
03019590,3713,3713,0
03019910,1550,1550,0
03019911,17418130.24,17418130.24,0
03019912,454769,454769,0
03019919,121357.68,121357.68,0
03019990,939566.5300000001,939566.5300000001,0
03019991,11270728.02,11270728.02,0
03019992,25702.5,25702.5,0
03019999,8036634.87,8036634.87,0
03021100,278323.28,278323.28,0
03021300,33785.63,33785.63,0
03021400,60021.57,60021.57,0
03021900,498089.44,498089.44,0
03022100,330.3,330.3,0
03022200,60,60,0
03022300,822.1600000000001,822.1600000000001,0
03022400,85.68,85.68,0
03022900,678302.3999999999,678302.3999999999,0
03023200,211.68,211.68,0
03023300,4209.77,4209.77,0
03023400,1430.28,1430.28,0
03023500,115.76,115.76,0
03023600,515219.18,515219.18,0
03023900,80142.09000000001,80142.09000000001,0
03024000,1420.5,1420.5,0
03024100,49.8,49.8,0
03024210,7857.86,7857.86,0
03024290,28651.73,28651.73,0
03024300,18658.67,18658.67,0
03024400,116878.9,116878.9,0
03024500,5.95,5.95,0
03024700,28047,28047,0
03024910,454889.3199999999,454889.3199999999,0
03024990,1155976.6,1155976.6,0
03025100,3666.76,3666.76,0
03025200,635.81,635.81,0
03025300,3695.48,3695.48,0
03025400,405.65,405.65,0
03025500,853.07,853.07,0
03025600,2467.08,2467.08,0
03025900,33153.6,33153.6,0
03026935,2600,2600,0
03026942,860419.8299999998,860419.8299999998,0
03026954,942.1199999999999,942.1199999999999,0
03026955,86.5,86.5,0
03026990,232806.57,232806.57,0
03027100,7355216.850000001,7355216.850000001,0
03027210,623,623,0
03027290,5097.51,5097.51,0
03027300,4741.950000000001,4741.950000000001,0
03027400,432.6,432.6,0
03027900,163737.21,163737.21,0
03028100,16434.02,16434.02,0
03028320,45.47,45.47,0
03028400,785.44,785.44,0
03028910,110.96,110.96,0
03028921,130,130,0
03028922,3.15,3.15,0
03028924,12509.66,12509.66,0
03028931,710556.2,710556.2,0
03028932,3918298.709999999,3918298.709999999,0
03028933,330139.05,330139.05,0
03028934,198527.4,198527.4,0
03028935,112231,112231,0
03028936,228,228,0
03028937,1048429.65,1048429.65,0
03028938,9612.26,9612.26,0
03028941,718.31,718.31,0
03028942,38212.36,38212.36,0
03028943,59401.04,59401.04,0
03028944,7355551.42,7355551.42,0
03028945,1113046.54,1113046.54,0
03028990,2589043.68,2589043.68,0
03029110,928.4,928.4,0
03029190,12265.85,12265.85,0
03029200,22494.62,22494.62,0
03029900,2718812.64,2718812.64,0
03031100,17676.65,17676.65,0
03031200,1740,1740,0
03031300,1714.84,1714.84,0
03031900,90795.42,90795.42,0
03032300,33644.14,33644.14,0
03032490,686.66,686.66,0
03032900,11740.29,11740.29,0
03033100,577,577,0
03033200,185223.5,185223.5,0
03033300,1106.18,1106.18,0
03033900,171042,171042,0
03034100,209.55,209.55,0
03034200,10617.97,10617.97,0
03034300,39292.6,39292.6,0
03034400,98.59,98.59,0
03034500,141.4,141.4,0
03034600,1810.81,1810.81,0
03034900,48734.46000000001,48734.46000000001,0
03035100,731.0799999999999,731.0799999999999,0
03035200,300,300,0
03035300,58465.06,58465.06,0
03035400,363207.54,363207.54,0
03035500,1049730,1049730,0
03035910,13.98,13.98,0
03035920,3,3,0
03035990,61068.21,61068.21,0
03036000,184.56,184.56,0
03036219,1038,1038,0
03036300,138125.83,138125.83,0
03036500,7923.679999999999,7923.679999999999,0
03036600,30.99,30.99,0
03036800,206.39,206.39,0
03036990,81913.64,81913.64,0
03037500,5.82,5.82,0
03037512,180,180,0
03037952,2586,2586,0
03038111,986.1800000000001,986.1800000000001,0
03038112,1829.8,1829.8,0
03038114,4821.15,4821.15,0
03038119,347.69,347.69,0
03038190,2368.53,2368.53,0
03038200,830724.5,830724.5,0
03038312,5000,5000,0
03038319,3457.7,3457.7,0
03038329,71175.37000000001,71175.37000000001,0
03038400,152.8,152.8,0
03038910,58182.4,58182.4,0
03038920,139637.58,139637.58,0
03038932,108.33,108.33,0
03038933,1398.04,1398.04,0
03038943,13140.37,13140.37,0
03038945,10850.3,10850.3,0
03038946,75.6,75.6,0
03038951,67462.23,67462.23,0
03038952,286579.13,286579.13,0
03038953,122131.57,122131.57,0
03038954,358.18,358.18,0
03038955,3378.35,3378.35,0
03038956,34197.37,34197.37,0
03038961,17186.43,17186.43,0
03038962,5271.98,5271.98,0
03038963,725794.26,725794.26,0
03038964,879686.9700000001,879686.9700000001,0
03038965,35349.46,35349.46,0
03038990,1074441.37,1074441.37,0
03039110,437.6,437.6,0
03039190,15289.72,15289.72,0
03039910,25,25,0
03039920,431.16,431.16,0
03039990,97496.49,97496.49,0
03042090,3836.03,3836.03,0
03042290,108,108,0
03042930,168.35,168.35,0
03043100,2529184.81,2529184.81,0
03043210,1587,1587,0
03043290,106915.29,106915.29,0
03043300,78.99,78.99,0
03043900,30049.89,30049.89,0
03044100,20350.28000000001,20350.28000000001,0
03044200,57.98,57.98,0
03044300,24386.98,24386.98,0
03044400,1500,1500,0
03044500,2828.98,2828.98,0
03044600,14408.61,14408.61,0
03044800,93.3,93.3,0
03044920,1086,1086,0
03044990,19152.65,19152.65,0
03045100,148994.78,148994.78,0
03045200,2791.66,2791.66,0
03045300,59275.07,59275.07,0
03045400,7862.61,7862.61,0
03045600,1953.37,1953.37,0
03045900,37635.62,37635.62,0
03046100,1668557.46,1668557.46,0
03046210,345.96,345.96,0
03046290,141339.94,141339.94,0
03046900,566665.46,566665.46,0
03047100,3565.519999999999,3565.519999999999,0
03047200,774.9,774.9,0
03047300,852.43,852.43,0
03047400,155721.99,155721.99,0
03047500,14875.62,14875.62,0
03047900,481.08,481.08,0
03048100,198021.41,198021.41,0
03048200,753.09,753.09,0
03048300,7766.219999999999,7766.219999999999,0
03048510,378,378,0
03048600,293.7,293.7,0
03048700,145.27,145.27,0
03048810,269,269,0
03048890,40970.34,40970.34,0
03048990,298054.9799999999,298054.9799999999,0
03049000,75.6,75.6,0
03049100,839.51,839.51,0
03049212,279.55,279.55,0
03049219,1063.5,1063.5,0
03049222,3832.35,3832.35,0
03049229,45764.79999999999,45764.79999999999,0
03049300,112190.29,112190.29,0
03049400,3038.49,3038.49,0
03049500,42133.72,42133.72,0
03049600,299.91,299.91,0
03049700,54.58,54.58,0
03049900,13065896.14,13065896.14,0
03051000,30,30,0
03052090,121129.55,121129.55,0
03053000,68,68,0
03053100,225,225,0
03053210,8923.39,8923.39,0
03053220,799.9999999999999,799.9999999999999,0
03053290,1692.33,1692.33,0
03053900,6249.34,6249.34,0
03053990,21,21,0
03054100,1847.71,1847.71,0
03054200,290,290,0
03054910,7050.19,7050.19,0
03054920,38.9,38.9,0
03054990,2555.43,2555.43,0
03055100,82032.13,82032.13,0
03055200,173.71,173.71,0
03055310,1992030.75,1992030.75,0
03055390,1973.12,1973.12,0
03055400,598,598,0
03055900,24816.17,24816.17,0
03055905,1772.06,0,-1772.06
03056100,348,348,0
03056200,66340.32,66340.32,0
03056300,2759.6,2759.6,0
03056400,96,96,0
03056910,4242.51,4242.51,0
03056990,18447.26000000001,18447.26000000001,0
03057100,228,228,0
03057200,710.73,710.73,0
03057900,79.06,79.06,0
03061110,34540.45,34540.45,0
03061190,6298.66,6298.66,0
03061200,378.4,378.4,0
03061300,17931.95,17931.95,0
03061399,588,588,0
03061400,947.9499999999999,947.9499999999999,0
03061500,275,275,0
03061610,1800.07,1800.07,0
03061690,20421.67999999999,20421.67999999999,0
03061710,7714.649999999997,7714.649999999997,0
03061790,267063.81,267063.81,0
03061910,1391.6,1391.6,0
03061990,1903538.46,1903538.46,0
03063200,157.2,157.2,0
03063400,2.4,2.4,0
03063500,991.25,991.25,0
03063600,465610.63,465610.63,0
03063910,3.99,3.99,0
03063990,12440.54,12440.54,0
03069200,118,118,0
03069500,482175.45,482175.45,0
03069990,17649.82,17649.82,0
03071100,2,2,0
03071200,55.51,55.51,0
03071900,7.1,7.1,0
03072100,12779.61,12779.61,0
03072200,52484.41,52484.41,0
03072900,11661.06,11661.06,0
03073200,38751.42,38751.42,0
03073900,1336.64,1336.64,0
03074310,233252.48,233252.48,0
03074320,1792.84,1792.84,0
03074900,100896.25,100896.25,0
03075100,291.17,291.17,0
03075200,5353.640000000001,5353.640000000001,0
03075900,25360.64,25360.64,0
03076000,850,850,0
03077100,14.14,14.14,0
03078100,1338.1,1338.1,0
03078200,275.66,275.66,0
03078300,740,740,0
03078800,110,110,0
03078900,1540.51,1540.51,0
03079200,572,572,0
03079900,974.8199999999999,974.8199999999999,0
03081100,1552.85,1552.85,0
03081200,3933.89,3933.89,0
03081900,39558.75,39558.75,0
03082100,460.6,460.6,0
03082200,506.3,506.3,0
03082900,2552.9,2552.9,0
03089000,291600.75,291600.75,0
03091000,155989.28,155989.28,0
03099000,123608.84,123608.84,0
03201402,450,0,-450
03214900,55,0,-55
03230015,146088.72,0,-146088.72
03400122,650,0,-650
03402500,59.9,0,-59.9
03680360,122678.3,0,-122678.3
03703340,123444.21,0,-123444.21
03808941,66.31,0,-66.31
03819000,25,0,-25
03923219,7220,0,-7220
03924900,3780,0,-3780
03942903,79.8,0,-79.8
04011010,774576.5399999998,774576.5399999998,0
04011090,656874.6,656874.6,0
04011210,3109.179999999999,0,-3109.179999999999
04012010,10955067.6,10955067.6,0
04012090,848033.61,848033.61,0
04013010,14664.81,14664.81,0
04013020,21.24,0,-21.24
04013021,16672.73,16672.73,0
04014010,370878.06,370878.06,0
04014021,90911.84999999999,90911.84999999999,0
04014029,66636.01,66636.01,0
04015010,7504860.939999998,7504860.939999998,0
04015021,2610817.659999999,2610817.659999999,0
04015029,311533.2600000001,311533.2600000001,0
04017000,535.54,0,-535.54
04021010,179749.65,179749.65,0
04021090,616459.4600000001,616459.4600000001,0
04022110,6294309.639999998,6294309.639999998,0
04022120,133934.52,133934.52,0
04022130,169911.16,169911.16,0
04022910,164398.98,164398.98,0
04022920,16521.92,16521.92,0
04022930,112837.62,112837.62,0
04029100,40546.58000000001,40546.58000000001,0
04029900,3990524.459999997,3990524.459999997,0
04031000,15829.39,15829.39,0
04032000,1248686.319999998,1248686.319999998,0
04039000,647875.7099999998,647875.7099999998,0
04041000,20506064.29,20506064.29,0
04049000,4087383.88,4087383.88,0
04051000,1370207.919999999,1370207.919999999,0
04051010,49.98,0,-49.98
04051900,34,0,-34
04052000,74383.69000000005,74383.69000000005,0
04059010,34881.1,34881.1,0
04059090,6891,6891,0
04061000,54.49000000000001,0,-54.49000000000001
04061010,10012628.05,10012628.05,0
04061090,2487229.339999995,2487229.339999995,0
04062000,514279.47,514279.47,0
04063000,118782.13,118782.13,0
04064000,93647.35,93647.35,0
04069010,511681.4099999999,511681.4099999999,0
04069020,697643.1399999999,697643.1399999999,0
04069030,155441.9,155441.9,0
04069090,646328.04,646328.04,0
04070011,2858.98,2858.98,0
04070090,5806.530000000001,5806.530000000001,0
04071100,266317796.03,266317796.03,0
04071900,1591005.6,1591005.6,0
04072100,92608074.4,92608074.4,0
04072900,6796119.88,6796119.88,0
04079000,8057482.62,8057482.62,0
04081100,3755.61,3755.61,0
04081900,16123.96,16123.96,0
04089100,239646.7,239646.7,0
04089900,1052407.8,1052407.8,0
04090000,196250.99,196250.99,0
04091010,1064.84,0,-1064.84
04096010,41.75,0,-41.75
04100000,976.58,976.58,0
04101000,22811.23,22811.23,0
04109000,115953.38,115953.38,0
04141000,15.4,0,-15.4
04212300,90,0,-90
04414000,422.4,0,-422.4
04421230,634,0,-634
04479990,2415,0,-2415
04602000,5005.86,0,-5005.86
04779990,1250,0,-1250
04818200,950.6199999999999,0,-950.6199999999999
04900000,120,0,-120
05010000,5466.96,5466.96,0
05010121,72.72,0,-72.72
05021011,1994.68,1994.68,0
05021019,15673.22,15673.22,0
05029010,515.76,515.76,0
05029020,7018.5,7018.5,0
05040010,133.8,0,-133.8
05040011,2895045508.029998,2895045508.029998,0
05040012,2302161.08,2302161.08,0
05040013,512098.66,512098.66,0
05040019,41039.01,41039.01,0
05040090,119277.37,119277.37,0
05051000,1788.9,1788.9,0
05059000,649993.91,649993.91,0
05061000,200861.24,200861.24,0
05069000,4591388.83,4591388.83,0
05071000,299.46,299.46,0
05079000,9818.060000000001,9818.060000000001,0
05080000,164902.9,164902.9,0
05100010,55756.5,55756.5,0
05100090,1397808.31,1397808.31,0
05111000,266396882.79,266396882.79,0
05119110,1182,1182,0
05119190,3395705.04,3395705.04,0
05119910,109310308.9,109310308.9,0
05119920,77304591.60999998,77304591.60999998,0
05119930,2148.91,2148.91,0
05119991,1616.25,1616.25,0
05119999,28371014.64,28371014.64,0
05151545,635,0,-635
05187481,1.2,0,-1.2
05405060,830.9,0,-830.9
05424753,40,0,-40
05607509,221.79,0,-221.79
05954934,188,0,-188
06000000,300,0,-300
06002200,348,0,-348
06010000,120,0,-120
06011000,496255.9299999999,496255.9299999999,0
06012000,42989231.98999999,42989231.98999999,0
06012902,30,0,-30
06021000,6255143,6255143,0
06022000,24139340.94,24139340.94,0
06022200,63339,0,-63339
06023000,2475590.44,2475590.44,0
06023001,500,0,-500
06024000,38990.08000000001,38990.08000000001,0
06024100,44.95,0,-44.95
06029002,389,0,-389
06029010,82726.71,82726.71,0
06029020,3879.92,0,-3879.92
06029021,59294807.68999998,59294807.68999998,0
06029029,62985621.87,62985621.87,0
06029069,37416,0,-37416
06029081,196325294.43,196325294.43,0
06029082,5610099.629999999,5610099.629999999,0
06029083,52061828.86,52061828.86,0
06029089,172366952.46,172366952.46,0
06029090,114377311.88,114377311.88,0
06031000,1780,1780,0
06031100,687949.73,687949.73,0
06031200,25790.98,25790.98,0
06031300,816734.0299999999,816734.0299999999,0
06031400,182354.31,182354.31,0
06031500,59412.82,59412.82,0
06031900,1613915.63,1613915.63,0
06039000,2530163.92,2530163.92,0
06041000,126,126,0
06042000,174996.03,174996.03,0
06049000,1412123.78,1412123.78,0
06049900,42,42,0
06062029,2190,0,-2190
06120000,798,0,-798
06170000,1698.74,0,-1698.74
06205900,74,0,-74
06305000,129,0,-129
06505901,600,0,-600
06902200,933.4,0,-933.4
06908900,2448.98,0,-2448.98
07000000,227.02,0,-227.02
07010000,80,0,-80
07011000,121876870.84,121876870.84,0
07019000,182509518.92,182509518.92,0
07020000,29970306.34,29970306.34,0
07022100,11.98,0,-11.98
07024000,7.21,0,-7.21
07030000,13.27,0,-13.27
07031001,179.8,0,-179.8
07031010,271.2,0,-271.2
07031011,17362133.08,17362133.08,0
07031019,21313718.65,21313718.65,0
07031021,1542.09,1542.09,0
07031029,72396.37,72396.37,0
07032000,160,0,-160
07032010,17487157.81,17487157.81,0
07032090,277451638.86,277451638.86,0
07039010,137699.87,137699.87,0
07039090,4887428.55,4887428.55,0
07041000,16361574.07,16361574.07,0
07041001,969.03,0,-969.03
07042000,45735.51999999999,45735.51999999999,0
07042100,65.1,0,-65.1
07049000,12104507.87,12104507.87,0
07049002,254.19,0,-254.19
07049003,6,0,-6
07050190,115,0,-115
07051000,25.57,0,-25.57
07051100,3428562.77,3428562.77,0
07051900,5527242.699999996,5527242.699999996,0
07052100,1404742.42,1404742.42,0
07052900,363730.44,363730.44,0
07060000,3312,0,-3312
07061000,44931201.36999999,44931201.36999999,0
07069000,10394641.98,10394641.98,0
07070000,1503974.34,1503974.34,0
07081000,100957.67,100957.67,0
07082000,327291.0599999999,327291.0599999999,0
07089000,1927258.449999999,1927258.449999999,0
07089001,619.38,0,-619.38
07089990,4645.66,0,-4645.66
07092000,26087.24,26087.24,0
07093000,275318.85,275318.85,0
07094000,23501.03000000001,23501.03000000001,0
07095100,170690.04,170690.04,0
07095200,7755.960000000001,7755.960000000001,0
07095300,1283.6,1283.6,0
07095400,10457.96,10457.96,0
07095500,19586.1,19586.1,0
07095600,23074.8,23074.8,0
07095900,3056346.6,3056346.6,0
07096000,3875207.229999999,3875207.229999999,0
07096007,149.44,0,-149.44
07097000,198477.35,198477.35,0
07098056,300,0,-300
07099000,12484.94,12484.94,0
07099011,117.17,117.17,0
07099090,11434.23,11434.23,0
07099100,19297.19999999999,19297.19999999999,0
07099200,34903.7,34903.7,0
07099300,18826901.43,18826901.43,0
07099909,314.45,0,-314.45
07099911,29467079.8,29467079.8,0
07099919,6463989.149999999,6463989.149999999,0
07099990,6993980.729999999,6993980.729999999,0
07101000,88195851.82999998,88195851.82999998,0
07101220,185.7,0,-185.7
07102100,36928.75999999999,36928.75999999999,0
07102200,140089.82,140089.82,0
07102900,109596.75,109596.75,0
07103000,2109.78,2109.78,0
07104000,16950644.32,16950644.32,0
07108000,975215.3700000001,975215.3700000001,0
07109000,3752887.53,3752887.53,0
07111000,215,215,0
07112010,2626.42,2626.42,0
07112020,2156.37,2156.37,0
07112090,345.73,345.73,0
07114000,154730.14,154730.14,0
07115100,10124.11,10124.11,0
07115900,6402.8,6402.8,0
07119000,230481.1999999999,230481.1999999999,0
07122000,7732378.76,7732378.76,0
07123100,15333.99,15333.99,0
07123200,206.99,206.99,0
07123300,216,216,0
07123400,6350.920000000001,6350.920000000001,0
07123900,729751.66,729751.66,0
07129010,223262.89,223262.89,0
07129090,2532121.47,2532121.47,0
07131010,3022260.94,3022260.94,0
07131090,610392.45,610392.45,0
07132010,233.15,233.15,0
07132090,176944.55,176944.55,0
07133000,3691.37,0,-3691.37
07133110,2595525.48,2595525.48,0
07133190,9570002.309999999,9570002.309999999,0
07133210,754789.22,754789.22,0
07133290,1126683.52,1126683.52,0
07133311,29529788.84,29529788.84,0
07133313,499.98,0,-499.98
07133319,21215595.72,21215595.72,0
07133321,35118018.93,35118018.93,0
07133329,3756036.41,3756036.41,0
07133390,176.25,0,-176.25
07133391,141913613.17,141913613.17,0
07133392,7944.36,0,-7944.36
07133399,112626279.59,112626279.59,0
07133410,113.83,113.83,0
07133490,68.98,68.98,0
07133510,2657667.25,2657667.25,0
07133590,17967108.77,17967108.77,0
07133910,7808818.609999999,7808818.609999999,0
07133990,2199601.68,2199601.68,0
07134010,10501.06,10501.06,0
07134090,123696.58,123696.58,0
07135010,803.3500000000001,803.3500000000001,0
07135090,52599.42,52599.42,0
07136010,513949.23,513949.23,0
07136090,54422.75,54422.75,0
07139010,27097.5,27097.5,0
07139090,893998.9999999999,893998.9999999999,0
07141000,5091288.48,5091288.48,0
07142000,7049660.589999999,7049660.589999999,0
07142001,481.59,0,-481.59
07143000,2627262.53,2627262.53,0
07144000,4398.450000000001,4398.450000000001,0
07145000,4992.44,4992.44,0
07148055,6529.71,0,-6529.71
07149000,2420701.29,2420701.29,0
07161000,470,0,-470
07308900,4800,0,-4800
07318000,109.02,0,-109.02
07318150,33.6,0,-33.6
07333990,599.25,0,-599.25
07378199,939.94,0,-939.94
07610000,287.3,0,-287.3
07898654,3223.6,0,-3223.6
07908367,202.8,0,-202.8
08000000,942.67,0,-942.67
08000090,47.74,0,-47.74
08011100,1254844.98,1254844.98,0
08011110,9299.12,9299.12,0
08011190,3624.49,3624.49,0
08011200,379158.42,379158.42,0
08011900,1274709.28,1274709.28,0
08012100,14972.65,14972.65,0
08012200,95120.07999999999,95120.07999999999,0
08013100,280748.95,280748.95,0
08013200,170829.67,170829.67,0
08021100,5648.61,5648.61,0
08021200,27383.76,27383.76,0
08022100,221.62,221.62,0
08022200,1886.37,1886.37,0
08023100,34700.20000000001,34700.20000000001,0
08023200,59377.00999999999,59377.00999999999,0
08024100,6362.83,6362.83,0
08024200,1802.06,1802.06,0
08025100,9074.61,9074.61,0
08025200,12336.66,12336.66,0
08026100,5183.68,5183.68,0
08026200,8251.890000000001,8251.890000000001,0
08027000,788.78,788.78,0
08028000,89.99,89.99,0
08029000,11533.32,11533.32,0
08029100,27780.09000000001,27780.09000000001,0
08029200,1145.3,1145.3,0
08029900,31793.19,31793.19,0
08030000,55945.51,55945.51,0
08030002,345.88,0,-345.88
08031000,5812041.100000001,5812041.100000001,0
08039000,12517086.54,12517086.54,0
08041010,392234.69,392234.69,0
08041020,33983.8,33983.8,0
08042010,14092.82,14092.82,0
08042020,3749.98,3749.98,0
08043000,12096683.35,12096683.35,0
08043001,11.5,0,-11.5
08044000,11450780.3,11450780.3,0
08045000,107.23,107.23,0
08045010,299245.47,299245.47,0
08045020,4714539.51,4714539.51,0
08045030,5454.13,5454.13,0
08051000,156526766.02,156526766.02,0
08052000,465307.75,465307.75,0
08052100,7666015.1,7666015.1,0
08052200,2412.47,2412.47,0
08052900,39588.78,39588.78,0
08053000,350.9,350.9,0
08053020,242.55,0,-242.55
08054000,1389.45,1389.45,0
08055000,7742212.84,7742212.84,0
08059000,7105979.01,7105979.01,0
08061000,3280021.609999998,3280021.609999998,0
08062000,282064.04,282064.04,0
08062001,148.42,0,-148.42
08071100,11692442.92,11692442.92,0
08071900,1375689.14,1375689.14,0
08072000,5258150.699999999,5258150.699999999,0
08081000,4677784.54,4677784.54,0
08082010,157.67,157.67,0
08082020,1300,1300,0
08083000,889590.8399999999,889590.8399999999,0
08083019,16997.3,0,-16997.3
08083090,70,0,-70
08084000,108609.23,108609.23,0
08091000,22655.62,22655.62,0
08092100,6234.300000000002,6234.300000000002,0
08092900,15917.69,15917.69,0
08093010,761209.5800000001,761209.5800000001,0
08093020,85587.45,85587.45,0
08094000,877030.2,877030.2,0
08101000,28581913.23,28581913.23,0
08102000,31357.9,31357.9,0
08103000,45.9,45.9,0
08104000,26487.33000000001,26487.33000000001,0
08105000,296496.99,296496.99,0
08107000,977389.28,977389.28,0
08109000,28450.09,28450.09,0
08109001,468.34,0,-468.34
08109011,19256.65,19256.65,0
08109012,34653.9,34653.9,0
08109013,498388.18,498388.18,0
08109014,9840.33,9840.33,0
08109015,928283.29,928283.29,0
08109016,1279708.21,1279708.21,0
08109017,2319.87,2319.87,0
08109090,508894.46,508894.46,0
08111000,2427954.78,2427954.78,0
08112000,5858.389999999999,5858.389999999999,0
08119000,584951.32,584951.32,0
08121000,7729.249999999999,7729.249999999999,0
08129000,5296.5,5296.5,0
08131000,57178.19999999999,57178.19999999999,0
08132010,84462.22,84462.22,0
08132020,67413.71,67413.71,0
08133000,89594.85000000002,89594.85000000002,0
08134010,6074.44,6074.44,0
08134090,60917.89,60917.89,0
08135000,104465.7,104465.7,0
08140000,595197.67,595197.67,0
08207501,27.82,0,-27.82
08406902,153.4,0,-153.4
08409990,1760,0,-1760
08413302,60,0,-60
08414801,3486.5,0,-3486.5
08421999,25,0,-25
08424909,72,0,-72
08432900,7665.650000000001,0,-7665.650000000001
08444200,194,0,-194
08467119,474,0,-474
08481990,1140,0,-1140
08483000,145,0,-145
08483309,190,0,-190
08511900,24,0,-24
08512900,65,0,-65
08515010,2950,0,-2950
08517627,800,0,-800
08517797,630.1,0,-630.1
08544200,160,0,-160
08563090,90,0,-90
08708000,306,0,-306
08708299,153.6,0,-153.6
08708990,10836,0,-10836
08714100,45,0,-45
08714920,168,0,-168
08789200,187.02,0,-187.02
08800000,175,0,-175
08800090,6.25,0,-6.25
08806066,30,0,-30
08822000,90,0,-90
08932770,45,0,-45
08990000,1113.4,0,-1113.4
08990010,60,0,-60
08990040,60,0,-60
08990055,385.33,0,-385.33
08990099,122.76,0,-122.76
08990133,170,0,-170
08999000,4005.61,0,-4005.61
08999080,40,0,-40
08999200,906.54,0,-906.54
08999999,25,0,-25
09011110,42587462.08000001,42587462.08000001,0
09011190,2751173.56,2751173.56,0
09011200,93848.87999999998,93848.87999999998,0
09012000,6389.55,0,-6389.55
09012100,36094151.11000001,36094151.11000001,0
09012200,436058.8699999999,436058.8699999999,0
09019000,3249048.819999999,3249048.819999999,0
09021000,137636,137636,0
09022000,16074.77,16074.77,0
09023000,30453.18,30453.18,0
09024000,3509.74,3509.74,0
09030010,129772.94,129772.94,0
09030090,1959542.499999998,1959542.499999998,0
09031100,300,0,-300
09041000,55.98,0,-55.98
09041100,712287.3500000001,712287.3500000001,0
09041101,80.79,0,-80.79
09041200,407718.83,407718.83,0
09042000,159.14,159.14,0
09042100,112323.38,112323.38,0
09042200,162691.48,162691.48,0
09051000,20174.28,20174.28,0
09052000,753.68,753.68,0
09061000,346.68,346.68,0
09061100,92196.6,92196.6,0
09061900,101447.31,101447.31,0
09062000,115953.44,115953.44,0
09066200,125,0,-125
09069000,132.7,0,-132.7
09070000,1250.82,1250.82,0
09071000,100119.54,100119.54,0
09072000,7451.699999999998,7451.699999999998,0
09081000,2.75,2.75,0
09081100,11795.03,11795.03,0
09081200,21122.38,21122.38,0
09082100,35.41,35.41,0
09082200,88.71000000000001,88.71000000000001,0
09083100,885.84,885.84,0
09083200,866.85,866.85,0
09089009,800,0,-800
09090290,259.6,0,-259.6
09091000,71.28,0,-71.28
09091020,5.5,5.5,0
09092000,759.3500000000001,759.3500000000001,0
09092100,325537.07,325537.07,0
09092200,28662.00999999999,28662.00999999999,0
09093000,1810.16,1810.16,0
09093100,8860.799999999997,8860.799999999997,0
09093200,72950.18,72950.18,0
09096110,139085.67,139085.67,0
09096120,11736.98,11736.98,0
09096190,7398.6,7398.6,0
09096210,6924.780000000001,6924.780000000001,0
09096220,316.62,316.62,0
09096290,31081.99,31081.99,0
09100000,142552.76,0,-142552.76
09101000,52.57,52.57,0
09101100,530203.2,530203.2,0
09101200,36403.70999999999,36403.70999999999,0
09102000,215870.58,215870.58,0
09103000,139308.18,139308.18,0
09104000,119.43,119.43,0
09104020,214.35,0,-214.35
09109100,44103.43,44103.43,0
09109900,400235.14,400235.14,0
09172300,8,0,-8
09179528,12,0,-12
09192700,597.9,0,-597.9
09278127,30,0,-30
09512798,66.3,0,-66.3
09529850,50,0,-50
09603100,1300.16,0,-1300.16
09603900,60,0,-60
09876567,300,0,-300
09888000,598.3,0,-598.3
09999000,551368.01,0,-551368.01
09999990,515797,0,-515797
09999999,1203368.37,0,-1203368.37
10000000,4378.72,0,-4378.72
10000001,124656.9,0,-124656.9
10000125,550,0,-550
10007900,141.45,0,-141.45
10010000,1749,0,-1749
10011000,2237.52,0,-2237.52
10011010,76142.66,76142.66,0
10011090,86617.84,86617.84,0
10011100,175828467.82,175828467.82,0
10011900,35761559.44,35761559.44,0
10012011,17009.51999999999,0,-17009.51999999999
10019000,14840,0,-14840
10019100,51184420.33000001,51184420.33000001,0
10019900,55998255.17,55998255.17,0
10020030,4,0,-4
10021000,8223989.24,8223989.24,0
10029000,2140855.31,2140855.31,0
10029646,510,0,-510
10030091,40,40,0
10030722,142.8,0,-142.8
10031000,22588586.54,22588586.54,0
10039010,2692019.08,2692019.08,0
10039080,11030539.6,11030539.6,0
10039090,4556776.81,4556776.81,0
10041000,57388607.95000001,57388607.95000001,0
10049000,56751788.58000001,56751788.58000001,0
10051000,9930217154.52,9930217154.52,0
10052000,208134.3,0,-208134.3
10052920,2233.3,0,-2233.3
10057399,132.8,0,-132.8
10059010,9130152124.560001,9130152124.560001,0
10059090,129376949.18,129376949.18,0
10061000,34,0,-34
10061010,446195641.03,446195641.03,0
10061090,76.98,0,-76.98
10061091,920102.8,920102.8,0
10061092,70747778.46000001,70747778.46000001,0
10062010,997353.3100000002,997353.3100000002,0
10062020,8929645.990000002,8929645.990000002,0
10063011,9380796.489999998,9380796.489999998,0
10063019,1436609.95,1436609.95,0
10063021,65978111.10000001,65978111.10000001,0
10063029,2791179.95,2791179.95,0
10063110,167323.94,0,-167323.94
10064000,3283484.13,3283484.13,0
10070010,419624.85,419624.85,0
10070090,5793874.1,5793874.1,0
10071000,342751355.38,342751355.38,0
10079000,1157244831.08,1157244831.08,0
10081010,9037872.42,9037872.42,0
10081090,7375470.489999999,7375470.489999999,0
10082010,147400,147400,0
10082100,15,15,0
10082110,207051760.43,207051760.43,0
10082190,6171795.95,6171795.95,0
10082900,41680.75,41680.75,0
10082910,205647576.76,205647576.76,0
10082990,3351150.569999999,3351150.569999999,0
10083010,2513.63,2513.63,0
10083090,694475.23,694475.23,0
10084090,20890.67,20890.67,0
10085090,305052.01,305052.01,0
10086010,2951071.3,2951071.3,0
10086090,5489824.659999999,5489824.659999999,0
10086626,1584.16,0,-1584.16
10089010,16926016.28,16926016.28,0
10089090,53773261.3,53773261.3,0
10091290,38,0,-38
10092110,175.35,0,-175.35
10100000,3,0,-3
10101010,36252.7,0,-36252.7
10102029,26,0,-26
10102040,600,0,-600
10102900,15,0,-15
10103200,12,0,-12
10103900,135,0,-135
10107221,180,0,-180
10110357,578.1,0,-578.1
10119200,10,0,-10
10121000,193,0,-193
10126900,70,0,-70
10128200,4100,0,-4100
10129000,200,0,-200
10137000,17313.8,0,-17313.8
10138410,400,0,-400
10153589,530,0,-530
10169300,275.81,0,-275.81
10169990,36,0,-36
10178992,18,0,-18
10200000,351,0,-351
10201010,2134,0,-2134
10201030,12.5,0,-12.5
10221900,14.99,0,-14.99
10229190,1680,0,-1680
10251025,90,0,-90
10251690,547.8,0,-547.8
10256987,600,0,-600
10290900,534859.98,0,-534859.98
10301100,464,0,-464
10301220,55,0,-55
10301290,5984,0,-5984
10301310,1172,0,-1172
10302000,4260,0,-4260
10351180,14,0,-14
10360005,320,0,-320
10392390,210,0,-210
10403900,476,0,-476
10408205,50,0,-50
10412120,16.99,0,-16.99
10431043,35,0,-35
10482582,35,0,-35
10511000,123.7,0,-123.7
10573075,36.75,0,-36.75
10590010,16110,0,-16110
10601900,3800,0,-3800
10608100,600,0,-600
10689999,92,0,-92
10698801,519,0,-519
10853549,35,0,-35
10853949,178,0,-178
10905990,710,0,-710
10987654,525,0,-525
11001100,78.88000000000001,0,-78.88000000000001
11001110,452,0,-452
11010010,21893455.21000001,21893455.21000001,0
11010020,167313.46,167313.46,0
11022000,7653793.25,7653793.25,0
11022102,57,0,-57
11023000,8.75,8.75,0
11029000,1971682.26,1971682.26,0
11031100,66040293.39,66040293.39,0
11031300,51837772.53000001,51837772.53000001,0
11031900,1081844.68,1081844.68,0
11032000,11787.2,11787.2,0
11038050,90,0,-90
11041200,20198954.75,20198954.75,0
11041900,10157165.4,10157165.4,0
11042200,2369388.25,2369388.25,0
11042300,238325677.26,238325677.26,0
11042301,1442.65,0,-1442.65
11042399,91.55,0,-91.55
11042900,1588530.16,1588530.16,0
11043000,53011791.92,53011791.92,0
11049000,1177.9,0,-1177.9
11051000,55000.02999999999,55000.02999999999,0
11052000,41514.19,41514.19,0
11060000,24,0,-24
11061000,26705.41999999999,26705.41999999999,0
11062000,5874101.41,5874101.41,0
11062001,15000.73,0,-15000.73
11062101,120,0,-120
11063000,27007.21,27007.21,0
11071010,18074.95,18074.95,0
11071020,1863.15,1863.15,0
11072010,3867.53,3867.53,0
11072020,303872.02,303872.02,0
11081100,479.2,479.2,0
11081200,3912024.43,3912024.43,0
11081300,11886.4,11886.4,0
11081400,3366010.069999998,3366010.069999998,0
11081900,381282.3099999999,381282.3099999999,0
11082000,79491.46999999999,79491.46999999999,0
11088190,843,0,-843
11090000,63323.43,63323.43,0
11111111,63072.05,0,-63072.05
11112222,82.5,0,-82.5
11112223,7107,0,-7107
11116000,320,0,-320
11122233,32183,0,-32183
11123555,18,0,-18
11221212,12091.5,0,-12091.5
11223344,36893.5,0,-36893.5
11301300,460,0,-460
11384438,1280,0,-1280
11390104,28,0,-28
11400000,2453,0,-2453
11517100,15.95,0,-15.95
11618100,9.96,0,-9.96
11620000,483.28,0,-483.28
11750000,366,0,-366
11801220,12881.72,0,-12881.72
12001100,35792.4,0,-35792.4
12001310,100,0,-100
12009910,868,0,-868
12010010,21145665.56,21145665.56,0
12010090,11200,11200,0
12011000,13235075263.16,13235075263.16,0
12012000,111720,0,-111720
12015478,785,0,-785
12019000,1537799355.66,1537799355.66,0
12020991,2183.01,0,-2183.01
12021000,117.35,117.35,0
12022090,77.49000000000001,77.49000000000001,0
12023000,146365123.5,146365123.5,0
12024100,29584464.84000001,29584464.84000001,0
12024200,14418975.32,14418975.32,0
12029090,128992,0,-128992
12030000,275641.25,275641.25,0
12040010,360831.43,360831.43,0
12040090,910776.9799999999,910776.9799999999,0
12050010,23445,23445,0
12051010,20243156.58,20243156.58,0
12051090,1647962.5,1647962.5,0
12059010,11278866.48,11278866.48,0
12059090,653829.4000000001,653829.4000000001,0
12060010,16859033.6,16859033.6,0
12060090,851984.9600000001,851984.9600000001,0
12071010,46.62,46.62,0
12071090,11754146.77,11754146.77,0
12071300,175.8,0,-175.8
12072100,1349848308.11,1349848308.11,0
12072900,599156489.9900001,599156489.9900001,0
12073010,4023944.24,4023944.24,0
12073090,13032,13032,0
12074010,48713947.94000001,48713947.94000001,0
12074090,49175960.7,49175960.7,0
12075010,1552028.88,1552028.88,0
12075090,1093572.31,1093572.31,0
12076090,3605.42,3605.42,0
12077010,11963703.76,11963703.76,0
12077090,1579.62,1579.62,0
12079020,33091.2,0,-33091.2
12079110,1107087.97,1107087.97,0
12079190,133684.62,133684.62,0
12079290,12.35,12.35,0
12079910,21592006.85,21592006.85,0
12079990,18634759.24,18634759.24,0
12081000,369518068.3,369518068.3,0
12089000,9193713.870000001,9193713.870000001,0
12089011,2,0,-2
12091000,145028.79,145028.79,0
12092000,24050,0,-24050
12092100,4370807.84,4370807.84,0
12092200,3853169.18,3853169.18,0
12092300,836813.66,836813.66,0
12092400,32178950.14,32178950.14,0
12092500,46590179.86,46590179.86,0
12092900,1549499679.7,1549499679.7,0
12092990,400000,0,-400000
12093000,4733872.24,4733872.24,0
12099010,35,0,-35
12099100,332141077.98,332141077.98,0
12099200,1016.94,0,-1016.94
12099900,47705978.23999999,47705978.23999999,0
12101000,2244345.23,2244345.23,0
12102010,108293.98,108293.98,0
12102020,20158.86000000001,20158.86000000001,0
12112000,1169.31,1169.31,0
12113000,55534.15,55534.15,0
12114000,1298119.51,1298119.51,0
12115000,191883.73,191883.73,0
12116000,11806.75999999999,11806.75999999999,0
12119010,218959.4300000001,218959.4300000001,0
12119090,2987849.94,2987849.94,0
12121212,240,0,-240
12122000,21690,21690,0
12122100,1763178.479999999,1763178.479999999,0
12122345,160,0,-160
12122900,331323.99,331323.99,0
12123000,1057732,1057732,0
12129100,217143.36,217143.36,0
12129200,16816.18,16816.18,0
12129300,50033618,50033618,0
12129400,480,480,0
12129910,2554.38,2554.38,0
12129990,2801317.429999999,2801317.429999999,0
12130000,87743745.63000001,87743745.63000001,0
12130070,75,0,-75
12140000,282,0,-282
12141000,3772552.98,3772552.98,0
12141500,504,0,-504
12149000,436878690.8100001,436878690.8100001,0
12155000,1200,0,-1200
12165465,448,0,-448
12198441,145,0,-145
12233654,55.5,0,-55.5
12256400,180,0,-180
12312312,100909.5,0,-100909.5
12312313,25080,0,-25080
12341234,350,0,-350
12345645,3179,0,-3179
12345678,558176.45,0,-558176.45
12345679,4312.8,0,-4312.8
12345682,17.97,0,-17.97
12345687,19.4,0,-19.4
12345689,14,0,-14
12352000,285.3,0,-285.3
12365201,3895,0,-3895
12365400,1244,0,-1244
12365478,221.99,0,-221.99
12365894,120,0,-120
12398564,550,0,-550
12450012,120,0,-120
12457812,344,0,-344
12457896,23.74,0,-23.74
12457898,31.78,0,-31.78
12478978,132.27,0,-132.27
12486630,145,0,-145
12524545,51.8,0,-51.8
12536552,245.76,0,-245.76
12541000,20,0,-20
12564974,71.97999999999999,0,-71.97999999999999
12650000,50,0,-50
12710193,49.9,0,-49.9
12790000,6633.620000000001,0,-6633.620000000001
12849653,133.8,0,-133.8
12849700,23,0,-23
12871471,850,0,-850
12871817,700,0,-700
12897398,109.9,0,-109.9
12909100,7,0,-7
13000200,80,0,-80
13012000,7532.46,7532.46,0
13019000,108.52,108.52,0
13019010,81444.58000000002,81444.58000000002,0
13019090,347878.83,347878.83,0
13021110,63626.00999999998,63626.00999999998,0
13021190,290049.13,290049.13,0
13021200,752.3100000000001,752.3100000000001,0
13021300,116710.59,116710.59,0
13021400,88,88,0
13021910,166703.52,166703.52,0
13021920,209960.37,209960.37,0
13021930,1227.59,1227.59,0
13021940,300.4,300.4,0
13021950,308.79,308.79,0
13021960,1656.94,1656.94,0
13021991,388.97,388.97,0
13021999,1432386.53,1432386.53,0
13022010,8008.89,8008.89,0
13022090,2193.37,2193.37,0
13023100,319710.89,319710.89,0
13023211,61652.46,61652.46,0
13023219,5795.99,5795.99,0
13023220,519187.51,519187.51,0
13023910,25056.49,25056.49,0
13023990,183249.79,183249.79,0
13024000,58412,0,-58412
13049900,1861.57,0,-1861.57
13069900,269.7,0,-269.7
13071990,2090,0,-2090
13089010,50,0,-50
13099010,34016,0,-34016
13143900,4982,0,-4982
13181500,55,0,-55
13181600,15,0,-15
13182100,16,0,-16
13215454,1000,0,-1000
13451285,120,0,-120
13649286,195,0,-195
13653016,1900,0,-1900
13924900,90,0,-90
14011000,3747330.86,3747330.86,0
14012000,26594.31,26594.31,0
14019000,110713.52,110713.52,0
14029090,51.32,0,-51.32
14039000,131325.97,131325.97,0
14042010,120489.41,120489.41,0
14042090,8908750.270000001,8908750.270000001,0
14049010,39353286.23000002,39353286.23000002,0
14049090,9816762.049999999,9816762.049999999,0
14080900,85,0,-85
14090090,550,0,-550
14090900,608,0,-608
14098258,340,0,-340
14253678,28,0,-28
14273000,25,0,-25
14511981,5310,0,-5310
14515000,4.7,0,-4.7
14520700,25.9,0,-25.9
14535200,8,0,-8
14551714,54,0,-54
14578751,79.98,0,-79.98
14589632,246.4,0,-246.4
14631046,648,0,-648
14741478,84,0,-84
14789632,219.94,0,-219.94
15010000,40,40,0
15011000,371408.24,371408.24,0
15012000,349767.2,349767.2,0
15019000,5037966.71,5037966.71,0
15019011,199,0,-199
15020001,78,0,-78
15021010,108.17,0,-108.17
15021011,5946601.83,5946601.83,0
15021012,118386.78,118386.78,0
15021019,10571.65,10571.65,0
15021090,1570730.89,1570730.89,0
15029000,339512.71,339512.71,0
15030000,226711.15,226711.15,0
15041011,2018.45,2018.45,0
15041019,6477.64,6477.64,0
15041090,2186.13,2186.13,0
15042000,137476.91,137476.91,0
15043000,44,44,0
15050010,3265.47,3265.47,0
15050090,1069.75,1069.75,0
15060000,15279826.71,15279826.71,0
15061090,64.46000000000001,0,-64.46000000000001
15071000,281424410.86,281424410.86,0
15079010,18177.55,18177.55,0
15079011,29933557.90000001,29933557.90000001,0
15079019,3638858.53,3638858.53,0
15079090,11804784.69,11804784.69,0
15081000,8725.16,8725.16,0
15089000,639.44,639.44,0
15091000,42816.87999999998,42816.87999999998,0
15092000,2945798.479999998,2945798.479999998,0
15093000,97394.70999999999,97394.70999999999,0
15094000,32205.13999999998,32205.13999999998,0
15099010,113191.33,113191.33,0
15099090,590370.33,590370.33,0
15100000,1792.17,1792.17,0
15101000,4933.610000000001,4933.610000000001,0
15109000,2960.11,2960.11,0
15111000,629589.16,629589.16,0
15112090,239,0,-239
15119000,305437.5,305437.5,0
15121110,166812.67,166812.67,0
15121120,2819.85,2819.85,0
15121910,21,21,0
15121911,168688.38,168688.38,0
15121919,23566.73,23566.73,0
15121920,933.5,933.5,0
15122100,3433838.49,3433838.49,0
15122910,3163740.249999999,3163740.249999999,0
15122990,1466913.12,1466913.12,0
15131100,16222.24,16222.24,0
15131900,319677.0499999999,319677.0499999999,0
15132110,790.0799999999998,790.0799999999998,0
15132119,1490467.17,1490467.17,0
15132120,20884.73,20884.73,0
15132919,19518.33,19518.33,0
15132920,5212.92,5212.92,0
15141100,120000,120000,0
15141910,61585.70999999998,61585.70999999998,0
15141990,529.99,529.99,0
15149100,15384.7,15384.7,0
15149990,23.89,23.89,0
15151100,22525.25,22525.25,0
15151900,63904.45000000001,63904.45000000001,0
15152100,4549496.87,4549496.87,0
15152910,412658.95,412658.95,0
15152990,74898.05,74898.05,0
15153000,441842.2299999999,441842.2299999999,0
15155000,8806.32,8806.32,0
15156000,7824140.590000002,7824140.590000002,0
15159000,78211.79999999999,78211.79999999999,0
15159010,5639.82,5639.82,0
15159021,1161.84,1161.84,0
15159022,2899.85,2899.85,0
15159090,191412.12,191412.12,0
15160090,78,0,-78
15161000,22647918.25,22647918.25,0
15162000,2074061.24,2074061.24,0
15163000,6732.370000000001,6732.370000000001,0
15171000,6316218.729999997,6316218.729999997,0
15179000,505.81,505.81,0
15179010,369475.84,369475.84,0
15179090,393158.24,393158.24,0
15180000,16,16,0
15180010,460399.1800000001,460399.1800000001,0
15180090,15156863.09,15156863.09,0
15190090,55,0,-55
15200010,466977.7,466977.7,0
15200020,19790.05,19790.05,0
15211000,327805.65,327805.65,0
15219011,19907.16,19907.16,0
15219019,30010.71,30010.71,0
15219090,11130.03,11130.03,0
15220000,578089.7000000001,578089.7000000001,0
15225415,516,0,-516
15468792,7152.5,0,-7152.5
15484626,61240,0,-61240
15484826,4.6,0,-4.6
15555855,14.22,0,-14.22
15921984,18,0,-18
16000000,190,0,-190
16010000,35893265.31000002,35893265.31000002,0
16020704,80,0,-80
16021000,349389.2,349389.2,0
16022000,46657.95,46657.95,0
16023100,123432.09,123432.09,0
16023200,2657.309999999999,2657.309999999999,0
16023210,77242.06,77242.06,0
16023220,288852.4799999999,288852.4799999999,0
16023230,582516.47,582516.47,0
16023290,122067.65,122067.65,0
16023900,8258.440000000002,8258.440000000002,0
16024100,808030.0499999998,808030.0499999998,0
16024200,39890.05,39890.05,0
16024900,2416193.669999999,2416193.669999999,0
16024922,4148.21,0,-4148.21
16025000,43506427.13,43506427.13,0
16029000,543941.18,543941.18,0
16030000,2901.36,2901.36,0
16041100,5729.78,5729.78,0
16041200,394.59,394.59,0
16041310,1874474.349999999,1874474.349999999,0
16041390,6064.29,6064.29,0
16041410,177828.4,177828.4,0
16041420,246.78,246.78,0
16041430,3362.08,3362.08,0
16041500,1127.51,1127.51,0
16041600,16174.36,16174.36,0
16041700,1763.08,1763.08,0
16041900,2087.56,2087.56,0
16042010,178597.74,178597.74,0
16042020,10056.31,10056.31,0
16042030,38523.41,38523.41,0
16042090,151711.98,151711.98,0
16043100,1960,1960,0
16043200,77543.72,77543.72,0
16051000,577.0799999999999,577.0799999999999,0
16052100,825,825,0
16052900,8476.4,8476.4,0
16053000,453,453,0
16054000,2947.5,2947.5,0
16055100,612.71,612.71,0
16055200,178.5,178.5,0
16055300,360.25,360.25,0
16055400,275.35,275.35,0
16055500,847.0999999999999,847.0999999999999,0
16055900,4968.77,4968.77,0
16056100,537,537,0
16056200,80,80,0
16056300,14.71,14.71,0
16056900,5710.66,5710.66,0
16100000,36,0,-36
16420000,9.9,0,-9.9
16440000,1252.5,0,-1252.5
16548468,6,0,-6
16720000,140,0,-140
16850000,55.84,0,-55.84
16911145,250,0,-250
17000225,180,0,-180
17011000,240,0,-240
17011100,9020.509999999998,9020.509999999998,0
17011200,1437105.26,1437105.26,0
17011300,1732735.7,1732735.7,0
17011400,9571047.969999999,9571047.969999999,0
17011900,814.98,0,-814.98
17019100,117662.96,117662.96,0
17019900,45420791.73000001,45420791.73000001,0
17021100,55243.2,55243.2,0
17021900,39087.65,39087.65,0
17022000,18860.78,18860.78,0
17023011,77565.03,77565.03,0
17023019,131763.59,131763.59,0
17023020,7272.22,7272.22,0
17024010,3621.39,3621.39,0
17024020,13215.48,13215.48,0
17025000,6883.63,6883.63,0
17026010,29186.53,29186.53,0
17026020,5455.309999999999,5455.309999999999,0
17029000,538860.21,538860.21,0
17031000,8123779.63,8123779.63,0
17039000,230804.03,230804.03,0
17041000,213593.1599999999,213593.1599999999,0
17044902,8,0,-8
17049010,241617.37,241617.37,0
17049020,1437867.289999997,1437867.289999997,0
17049090,921186.1999999995,921186.1999999995,0
17060000,314.7,0,-314.7
17094000,20,0,-20
17101100,124.5,0,-124.5
17144100,2200,0,-2200
17182900,3,0,-3
17258287,55,0,-55
17367092,260,0,-260
17390000,21.91,0,-21.91
17805000,37.8,0,-37.8
17897047,86299.75,0,-86299.75
17902090,36.45,0,-36.45
18005000,128,0,-128
18010000,208319.12,208319.12,0
18020000,1160676.33,1160676.33,0
18031000,642.94,642.94,0
18040000,4748.37,4748.37,0
18050000,76880.93,76880.93,0
18060000,22.5,0,-22.5
18061000,254262.22,254262.22,0
18061010,139.93,0,-139.93
18062000,54331.02999999998,54331.02999999998,0
18063000,6.49,0,-6.49
18063110,586946.61,586946.61,0
18063120,112319,112319,0
18063210,1177910.569999999,1177910.569999999,0
18063220,126929.11,126929.11,0
18063810,118,0,-118
18069000,7798981.480000003,7798981.480000003,0
18069010,7.74,0,-7.74
18069090,136,0,-136
18069900,29.94,0,-29.94
18101900,1360,0,-1360
18181000,26.8,0,-26.8
18223888,16,0,-16
18285124,60,0,-60
18425448,70,0,-70
18590349,12,0,-12
18592581,390,0,-390
18714000,210,0,-210
18892000,2840,0,-2840
18973232,39.8,0,-39.8
19000000,21.97,0,-21.97
19001000,60,0,-60
19002200,200,0,-200
19011000,20.26,0,-20.26
19011010,452768.6800000001,452768.6800000001,0
19011020,154637.51,154637.51,0
19011030,167358.69,167358.69,0
19011090,1307781.49,1307781.49,0
19012000,543825.46,543825.46,0
19012010,1545422.16,1545422.16,0
19012020,23124.82,23124.82,0
19012090,2949359.649999997,2949359.649999997,0
19015000,24.42,0,-24.42
19019010,12614.48,12614.48,0
19019020,821207.4099999998,821207.4099999998,0
19019090,3312735.829999998,3312735.829999998,0
19021010,65,0,-65
19021100,3989218.009999998,3989218.009999998,0
19021110,18.8,0,-18.8
19021900,10915350.37,10915350.37,0
19022000,2208629.8,2208629.8,0
19022099,2700,0,-2700
19023000,1894665.45,1894665.45,0
19024000,48587.32,48587.32,0
19024900,60,0,-60
19030000,464272.38,464272.38,0
19041000,974480.0699999993,974480.0699999993,0
19042000,200487.81,200487.81,0
19042090,437.75,0,-437.75
19043000,29480.42000000001,29480.42000000001,0
19049000,7932214.3,7932214.3,0
19049090,74.5,0,-74.5
19050000,290.08,0,-290.08
19050100,9181.5,0,-9181.5
19050909,60,0,-60
19051000,562414.13,562414.13,0
19052000,62770.95999999998,62770.95999999998,0
19052010,4370600.469999999,4370600.469999999,0
19052020,14.58,0,-14.58
19052090,2875214.159999999,2875214.159999999,0
19053010,1468.75,1468.75,0
19053090,200,200,0
19053100,10585819.91000001,10585819.91000001,0
19053200,1914944.199999998,1914944.199999998,0
19054000,577620.9699999997,577620.9699999997,0
19058090,28,0,-28
19059000,27288.5,27288.5,0
19059010,5711598.309999997,5711598.309999997,0
19059020,928131.9699999997,928131.9699999997,0
19059090,26308016.09,26308016.09,0
19059099,4901.2,0,-4901.2
19061000,4162.85,0,-4162.85
19069090,10,0,-10
19099090,990.2,0,-990.2
19112000,27.2,0,-27.2
19174090,34.77,0,-34.77
19195219,90,0,-90
19241000,154.8,0,-154.8
19302114,1090,0,-1090
19503100,37.96,0,-37.96
19507300,178,0,-178
19582519,63,0,-63
19940000,24,0,-24
20000000,4.42,0,-4.42
20000002,34,0,-34
20002048,13.2,0,-13.2
20004410,219.5,0,-219.5
20004808,487.5,0,-487.5
20005000,13.99,0,-13.99
20007992,550,0,-550
20011000,384521.58,384521.58,0
20012000,113.62,113.62,0
20015201,64,0,-64
20019000,210880.3499999999,210880.3499999999,0
20021000,635402.3999999999,635402.3999999999,0
20029000,4919468.619999999,4919468.619999999,0
20029010,2823.1,2823.1,0
20029090,267455.55,267455.55,0
20031000,151148.62,151148.62,0
20039000,20521.96,20521.96,0
20041000,1337828.95,1337828.95,0
20048000,45,0,-45
20049000,71701.51000000002,71701.51000000002,0
20051000,55203.66,55203.66,0
20052000,1665592.619999999,1665592.619999999,0
20053000,7.83,0,-7.83
20054000,488652.9199999999,488652.9199999999,0
20055100,2246536.66,2246536.66,0
20055900,12236.49,12236.49,0
20056000,12063.11,12063.11,0
20057000,1345246.709999999,1345246.709999999,0
20057070,95.88,0,-95.88
20058000,11370622.7,11370622.7,0
20059000,14.37,14.37,0
20059100,455.1799999999999,455.1799999999999,0
20059900,382480.7000000001,382480.7000000001,0
20060000,948582.8500000001,948582.8500000001,0
20060099,31.49,0,-31.49
20069090,5593,0,-5593
20070000,23.99,0,-23.99
20071000,284408.34,284408.34,0
20075000,300,0,-300
20079100,34243.74,34243.74,0
20079101,47.94,0,-47.94
20079910,476583.9599999999,476583.9599999999,0
20079921,49399.85,49399.85,0
20079922,1095.2,1095.2,0
20079923,34307.99000000001,34307.99000000001,0
20079924,40684.85000000001,40684.85000000001,0
20079925,323533.74,323533.74,0
20079926,1354.86,1354.86,0
20079927,301309.93,301309.93,0
20079929,389943.26,389943.26,0
20079990,1412918.2,1412918.2,0
20081000,6863.280000000001,0,-6863.280000000001
20081100,5257496.810000001,5257496.810000001,0
20081900,448530.3400000001,448530.3400000001,0
20082010,62031.77,62031.77,0
20082090,109229.28,109229.28,0
20083000,56196.39,56196.39,0
20083020,15,0,-15
20084010,13.09,13.09,0
20084090,21201.7,21201.7,0
20085000,11325.56,11325.56,0
20086010,26685.59999999999,26685.59999999999,0
20086090,2408.71,2408.71,0
20087010,634135.05,634135.05,0
20087020,44108.25,44108.25,0
20087090,53519.70999999999,53519.70999999999,0
20088000,30387.76,30387.76,0
20089000,158.22,0,-158.22
20089100,1169699.56,1169699.56,0
20089290,45,45,0
20089300,2309.97,2309.97,0
20089710,117123.51,117123.51,0
20089790,52090.16000000001,52090.16000000001,0
20089900,1229531.94,1229531.94,0
20090909,2,0,-2
20091000,1070.38,0,-1070.38
20091100,14847.62,14847.62,0
20091200,184777.27,184777.27,0
20091900,602295.5599999999,602295.5599999999,0
20092100,19982.41,19982.41,0
20092900,1741.99,1741.99,0
20093100,34696.38,34696.38,0
20093900,14429.65,14429.65,0
20094000,92.99,92.99,0
20094100,884.2,884.2,0
20094900,4578.37,4578.37,0
20095000,21534.57,21534.57,0
20096001,59.97,0,-59.97
20096100,902645.2599999998,902645.2599999998,0
20096900,156338.9,156338.9,0
20097100,40172.55000000001,40172.55000000001,0
20097900,3314.93,3314.93,0
20098000,18660.54,18660.54,0
20098100,13157.44,13157.44,0
20098290,65.94,0,-65.94
20098900,38920.64999999999,38920.64999999999,0
20098910,1395.06,1395.06,0
20098911,2602.37,2602.37,0
20098912,3297.51,3297.51,0
20098913,852086.2499999999,852086.2499999999,0
20098919,4756.48,4756.48,0
20098920,240.99,0,-240.99
20098921,237747.94,237747.94,0
20098922,2950.15,2950.15,0
20098990,598980.11,598980.11,0
20099000,280041.8199999999,280041.8199999999,0
20099010,125,0,-125
20103902,1217.49,0,-1217.49
20115020,501,0,-501
20120100,2088.94,0,-2088.94
20130000,2111.5,0,-2111.5
20131350,195,0,-195
20140030,181.5,0,-181.5
20150040,3960,0,-3960
20160003,8.3,0,-8.3
20200000,26.72,0,-26.72
20202020,119.9,0,-119.9
20256000,144,0,-144
20301478,17.99,0,-17.99
20304000,48,0,-48
20319000,13.85,0,-13.85
20319996,885,0,-885
20329000,629.79,0,-629.79
20335255,320,0,-320
20361000,45,0,-45
20365489,154.7,0,-154.7
20412231,360.12,0,-360.12
20436678,20.2,0,-20.2
20460001,5000,0,-5000
20476025,650,0,-650
20504020,179.7,0,-179.7
20550003,7342.5,0,-7342.5
20580000,152,0,-152
20630000,899.75,0,-899.75
20710010,2777.4,0,-2777.4
20713000,836.68,0,-836.68
20714000,1543.2,0,-1543.2
20732197,42.56,0,-42.56
20806212,870,0,-870
20842139,104,0,-104
21001163,1086,0,-1086
21002245,111.8,0,-111.8
21010000,13600,0,-13600
21011110,1926279.31,1926279.31,0
21011111,139,0,-139
21011190,158241.4,158241.4,0
21011200,1018513,1018513,0
21012010,127286.43,127286.43,0
21012020,13680.38,13680.38,0
21013000,1787.5,1787.5,0
21019000,1.75,0,-1.75
21021000,161.6,161.6,0
21021010,12788.73,12788.73,0
21021090,5399505.450000001,5399505.450000001,0
21021200,24,0,-24
21022000,13923999.82,13923999.82,0
21023000,2023610.319999997,2023610.319999997,0
21025400,100,0,-100
21031010,145368.52,145368.52,0
21031090,113264.71,113264.71,0
21032001,209.94,0,-209.94
21032010,2283867.569999998,2283867.569999998,0
21032090,408877.7299999999,408877.7299999999,0
21033010,386.36,386.36,0
21033021,214579.9899999999,214579.9899999999,0
21033029,39431.57000000001,39431.57000000001,0
21039001,108.85,0,-108.85
21039010,7392.829999999999,0,-7392.829999999999
21039011,2334781.639999997,2334781.639999997,0
21039019,534371.6400000001,534371.6400000001,0
21039020,78.55999999999999,0,-78.55999999999999
21039021,5812750.739999999,5812750.739999999,0
21039029,630317.66,630317.66,0
21039091,489151.08,489151.08,0
21039099,144432.48,144432.48,0
21041000,755.76,0,-755.76
21041010,140,0,-140
21041011,747201.5699999996,747201.5699999996,0
21041019,337021.2100000001,337021.2100000001,0
21041021,55465.85000000001,55465.85000000001,0
21041029,302939.62,302939.62,0
21042000,1673564.24,1673564.24,0
21050000,960,0,-960
21050010,1100038.799999999,1100038.799999999,0
21050090,307459.98,307459.98,0
21059010,18,0,-18
21060929,3774,0,-3774
21061000,33753701.66999999,33753701.66999999,0
21069000,22398,0,-22398
21069005,271370.2,0,-271370.2
21069010,9345298.420000011,9345298.420000011,0
21069021,53277.19,53277.19,0
21069026,289.2,0,-289.2
21069029,22200329.68,22200329.68,0
21069030,18532411.48,18532411.48,0
21069040,8243.41,8243.41,0
21069050,332639.93,332639.93,0
21069060,289390.9399999999,289390.9399999999,0
21069090,259096729.31,259096729.31,0
21090000,151,0,-151
21090606,10080,0,-10080
21099090,47,0,-47
21101931,669.6999999999999,0,-669.6999999999999
21101932,163.74,0,-163.74
21212121,112.9,0,-112.9
21222333,53067,0,-53067
21224454,191.6,0,-191.6
21241612,250,0,-250
21458793,420,0,-420
21490070,30,0,-30
21500035,35.4,0,-35.4
21509999,34,0,-34
21514545,124,0,-124
21521000,40,0,-40
21524625,103.6,0,-103.6
21609029,350,0,-350
21654867,25.28,0,-25.28
21862948,19.8,0,-19.8
22002900,16,0,-16
22010000,135533.4,0,-135533.4
22010001,1495,0,-1495
22011000,10846168.42,10846168.42,0
22011100,628,0,-628
22019000,11545034.19,11545034.19,0
22021000,19417657.77000002,19417657.77000002,0
22021004,51.33,0,-51.33
22022000,225.77,0,-225.77
22022990,8.99,0,-8.99
22029000,14654.61,14654.61,0
22029090,7583.59,0,-7583.59
22029100,535909.8000000002,535909.8000000002,0
22029900,3757294.939999993,3757294.939999993,0
22030000,35805880.93000001,35805880.93000001,0
22041000,35.97,0,-35.97
22041010,3864871.92,3864871.92,0
22041090,1345064.83,1345064.83,0
22041200,170,0,-170
22042100,20829712.88,20829712.88,0
22042211,131111.99,131111.99,0
22042219,16459.67,16459.67,0
22042900,279.1,279.1,0
22042910,709368.03,709368.03,0
22042920,66.25,66.25,0
22043000,74321.3,74321.3,0
22049000,105,0,-105
22051000,47080.16999999999,47080.16999999999,0
22059000,2450.45,2450.45,0
22060010,220741.12,220741.12,0
22060090,945751.8399999999,945751.8399999999,0
22069000,189.5,0,-189.5
22071000,17306.34,17306.34,0
22071010,12543500.92,12543500.92,0
22071090,98648068.28000012,98648068.28000012,0
22071099,72,0,-72
22072010,4731.889999999999,4731.889999999999,0
22072011,1884092.4,1884092.4,0
22072019,3140102.03,3140102.03,0
22072020,85572.27,85572.27,0
22082000,74384.04000000001,74384.04000000001,0
22083000,30,0,-30
22083010,29334.25,29334.25,0
22083020,3955444.81,3955444.81,0
22083090,35669.35,35669.35,0
22084000,1220878.86,1220878.86,0
22085000,291819.02,291819.02,0
22086000,370626,370626,0
22087000,486483.29,486483.29,0
22089000,1747502.81,1747502.81,0
22089010,350,0,-350
22089999,35,0,-35
22090000,1708629.099999997,1708629.099999997,0
22099000,15.95,0,-15.95
22150502,488.8,0,-488.8
22220130,8756.6,0,-8756.6
22222222,13751.1,0,-13751.1
22334441,555,0,-555
22358211,410.52,0,-410.52
22412312,101.85,0,-101.85
22456566,260,0,-260
22545654,18,0,-18
22588444,10,0,-10
22700061,4000,0,-4000
22730000,92,0,-92
22940900,483,0,-483
23002589,156,0,-156
23003010,6221,0,-6221
23009010,456656,0,-456656
23011000,187500,0,-187500
23011010,164041422.8,164041422.8,0
23011090,125632845.06,125632845.06,0
23012010,1835318.5,1835318.5,0
23012090,114453.5,114453.5,0
23013000,197.49,0,-197.49
23019010,11204.35,0,-11204.35
23021000,1106855377.67,1106855377.67,0
23021010,31968.8,0,-31968.8
23021099,1029.96,0,-1029.96
23022000,41.9,0,-41.9
23022001,270,0,-270
23022010,12310.2,12310.2,0
23022090,39164.6,39164.6,0
23023010,159156863.41,159156863.41,0
23023090,12212847.87,12212847.87,0
23024000,94236974.72,94236974.72,0
23025000,135024244.19,135024244.19,0
23025090,250554,0,-250554
23030000,494.85,0,-494.85
23031000,3232294.58,3232294.58,0
23031090,449.4,0,-449.4
23032000,98341757.95,98341757.95,0
23033000,112356788.14,112356788.14,0
23040010,1527461826.88,1527461826.88,0
23040090,3498100409.98,3498100409.98,0
23041100,46.25,0,-46.25
23042000,724.75,0,-724.75
23050000,25737925.41,25737925.41,0
23061000,959770431.15,959770431.15,0
23062000,16888.02,16888.02,0
23063010,12733186.36,12733186.36,0
23063090,16527061.51,16527061.51,0
23064100,7355139.550000002,7355139.550000002,0
23064900,117879,117879,0
23065000,774539.99,774539.99,0
23066000,4273828.95,4273828.95,0
23069010,51515271.37,51515271.37,0
23069090,646960028.53,646960028.53,0
23070000,1578.99,1578.99,0
23080000,208002810.94,208002810.94,0
23081000,10,10,0
23081020,66,0,-66
23089010,550,0,-550
23091000,14561078.47,14561078.47,0
23099000,162.5,0,-162.5
23099002,725.94,0,-725.94
23099003,16013.99,0,-16013.99
23099005,275450,0,-275450
23099006,26271.4,0,-26271.4
23099009,3213,0,-3213
23099010,4749973561.27,4749973561.27,0
23099012,291,0,-291
23099020,306377389.79,306377389.79,0
23099030,1364028.02,1364028.02,0
23099040,2995825.189999999,2995825.189999999,0
23099050,10875444.62,10875444.62,0
23099060,1022394.98,1022394.98,0
23099090,5246904444.66,5246904444.66,0
23099092,4400,0,-4400
23099100,50,0,-50
23099290,285.6,0,-285.6
23108131,57.21,0,-57.21
23114455,56,0,-56
23120000,365.7,0,-365.7
23145897,26.9,0,-26.9
23146499,15,0,-15
23178977,180,0,-180
23182900,24,0,-24
23232323,391,0,-391
23259910,14,0,-14
23391000,550,0,-550
23456789,24,0,-24
23457898,72,0,-72
23458900,32,0,-32
23459801,6427.19,0,-6427.19
23467867,30,0,-30
23540000,192.5,0,-192.5
23544210,13,0,-13
23568912,275,0,-275
23569874,520,0,-520
23600045,32,0,-32
23620120,210,0,-210
23652010,738,0,-738
23652100,660,0,-660
23769090,950,0,-950
23784512,170.5,0,-170.5
23931000,1754,0,-1754
23939000,36,0,-36
24011000,8.5,0,-8.5
24011010,47919.72,47919.72,0
24011020,14390.66,14390.66,0
24011030,260,260,0
24011040,963.9899999999999,963.9899999999999,0
24011090,6711.14,6711.14,0
24012010,1260.69,1260.69,0
24012020,550.75,550.75,0
24012030,61,61,0
24012090,3144,3144,0
24013000,636,636,0
24021000,345594.27,345594.27,0
24022000,1030194.3,1030194.3,0
24025000,55.96,0,-55.96
24029000,1357.62,1357.62,0
24031000,19.64,19.64,0
24031100,27296.8,27296.8,0
24031900,287861.01,287861.01,0
24039100,116939.84,116939.84,0
24039910,3729.72,3729.72,0
24039990,7711.67,7711.67,0
24041100,15380.41999999999,15380.41999999999,0
24041200,4204.87,4204.87,0
24041900,480,480,0
24048682,803.28,0,-803.28
24049100,5292.84,5292.84,0
24049200,1514.65,1514.65,0
24049900,61.44,61.44,0
24089379,70.2,0,-70.2
24101932,105,0,-105
24102424,76.57,0,-76.57
24122110,21600,0,-21600
24234242,191.68,0,-191.68
24532215,44,0,-44
24567542,3600,0,-3600
24664324,656,0,-656
24821010,110,0,-110
24846264,79.2,0,-79.2
25000000,428,0,-428
25010000,215.95,0,-215.95
25010011,49274184.02,49274184.02,0
25010019,13150813.66,13150813.66,0
25010020,11769525.97,11769525.97,0
25010090,40705701.24000001,40705701.24000001,0
25011000,15,0,-15
25019090,500,0,-500
25020000,59159.6,59159.6,0
25030010,6319578.210000001,6319578.210000001,0
25030090,314055218.85,314055218.85,0
25039090,1400,0,-1400
25041000,50992070.68999999,50992070.68999999,0
25049000,279231.67,279231.67,0
25051000,49382728.4,49382728.4,0
25054000,4402.5,0,-4402.5
25059000,94865371.25000001,94865371.25000001,0
25059001,40412.06,0,-40412.06
25059002,11000,0,-11000
25059900,80210,0,-80210
25061000,1334164.37,1334164.37,0
25061200,2880,0,-2880
25062000,4029506.39,4029506.39,0
25062100,18756.4,18756.4,0
25070010,28831856.48,28831856.48,0
25070090,4248691.910000001,4248691.910000001,0
25070900,10.5,0,-10.5
25071000,71.76,0,-71.76
25081000,9459714.180000002,9459714.180000002,0
25083000,348148.9399999999,348148.9399999999,0
25084010,8660.4,8660.4,0
25084090,857244.25,857244.25,0
25085000,14.46,14.46,0
25086000,9653.11,9653.11,0
25087000,288407.66,288407.66,0
25089000,18.98,0,-18.98
25090000,79312.7,79312.7,0
25099000,4930,0,-4930
25101010,33524257.03,33524257.03,0
25101090,7267153.019999999,7267153.019999999,0
25101249,317,0,-317
25102010,103621477.11,103621477.11,0
25102090,53995668.17,53995668.17,0
25106137,4415.2,0,-4415.2
25111000,1664.75,1664.75,0
25112000,1606.25,1606.25,0
25120000,1506813.28,1506813.28,0
25123648,798,0,-798
25125263,187.04,0,-187.04
25129000,72,0,-72
25130000,42,0,-42
25131000,351812.6699999999,351812.6699999999,0
25132000,37773.82,37773.82,0
25140000,1742041.1,1742041.1,0
25141000,15365.02,0,-15365.02
25151100,452610.75,452610.75,0
25151200,1840,0,-1840
25151210,3033137.89,3033137.89,0
25151220,5548168.560000001,5548168.560000001,0
25152000,2089912.85,2089912.85,0
25161100,2352218.05,2352218.05,0
25161200,5403518.77,5403518.77,0
25162000,887455.4199999998,887455.4199999998,0
25169000,6605107.51,6605107.51,0
25171000,251652239.5400001,251652239.5400001,0
25171002,2757.8,0,-2757.8
25171090,2320,0,-2320
25171099,1101,0,-1101
25172000,235017.11,235017.11,0
25174100,417568.86,417568.86,0
25174900,218180591.69,218180591.69,0
25181000,2421903397.92,2421903397.92,0
25182000,403185797.34,403185797.34,0
25183000,235503.8,235503.8,0
25191000,60216803.3,60216803.3,0
25199010,1125.25,1125.25,0
25199090,21695765.13000001,21695765.13000001,0
25201011,2981500.52,2981500.52,0
25201019,100413189,100413189,0
25201020,1286608.55,1286608.55,0
25202000,217,0,-217
25202010,1136273.63,1136273.63,0
25202090,563009151.1299999,563009151.1299999,0
25210000,1010854815.81,1010854815.81,0
25210010,95000,0,-95000
25211000,189631.8,0,-189631.8
25220010,154,0,-154
25221000,67003092.02,67003092.02,0
25222000,13574251.84,13574251.84,0
25223000,8730249.049999997,8730249.049999997,0
25226200,13,0,-13
25230090,83.22,0,-83.22
25231000,493190.5600000001,493190.5600000001,0
25232100,993443.5000000001,993443.5000000001,0
25232901,177,0,-177
25232910,490861993.17,490861993.17,0
25232990,22652613.87,22652613.87,0
25233000,201618.12,201618.12,0
25239000,61700.3,61700.3,0
25239010,3570,0,-3570
25241000,71082.84,71082.84,0
25249000,903.4,903.4,0
25251000,374.09,374.09,0
25252000,694238.5700000002,694238.5700000002,0
25252525,20,0,-20
25253000,354588.1,354588.1,0
25261000,587.72,587.72,0
25262000,2294405.21,2294405.21,0
25262927,1150,0,-1150
25280000,125040596.42,125040596.42,0
25291000,60916.42,60916.42,0
25292100,103.38,103.38,0
25292200,1423.2,1423.2,0
25301010,2438.78,2438.78,0
25301090,2662945.35,2662945.35,0
25302000,696689.84,696689.84,0
25309000,750,0,-750
25309010,216.59,216.59,0
25309020,1883474.82,1883474.82,0
25309030,2095.39,2095.39,0
25309040,36628.66,36628.66,0
25309090,163500628.27,163500628.27,0
25320101,595,0,-595
25410000,36,0,-36
25410202,310,0,-310
25410210,69.6,0,-69.6
25410222,60,0,-60
25420000,16,0,-16
25420101,680,0,-680
25454545,12,0,-12
25456800,24,0,-24
25478000,8,0,-8
25489498,10,0,-10
25600089,23,0,-23
25632010,1722,0,-1722
25639874,156,0,-156
25648900,50,0,-50
25652101,32,0,-32
25695210,15.5,0,-15.5
25698741,2240,0,-2240
25700210,520,0,-520
25796981,40,0,-40
25801888,15.49,0,-15.49
25808025,21.75,0,-21.75
25845669,20,0,-20
25874136,36,0,-36
25874411,336,0,-336
25895632,330,0,-330
25934000,526,0,-526
25987461,700,0,-700
26011100,281469.31,281469.31,0
26011210,12179.9,12179.9,0
26011290,2459151.34,2459151.34,0
26012000,14909,14909,0
26020010,20641.4,20641.4,0
26020090,77425.64,77425.64,0
26030010,648342.65,648342.65,0
26030090,813.9200000000001,813.9200000000001,0
26040000,430,430,0
26050000,72442.51000000001,72442.51000000001,0
26060011,1989.76,1989.76,0
26060012,202245,202245,0
26060090,7102.62,7102.62,0
26070000,641.16,641.16,0
26080090,259041.22,259041.22,0
26082000,181.77,0,-181.77
26090000,352.91,352.91,0
26100090,500,500,0
26110000,575,575,0
26122000,28.9,28.9,0
26131090,41.98,41.98,0
26139090,14,14,0
26140090,79.05,79.05,0
26151010,19,19,0
26151020,49014.99,49014.99,0
26159000,59.9,59.9,0
26169000,17844,17844,0
26171000,12087,12087,0
26179000,82102.68000000001,82102.68000000001,0
26180000,240895.58,240895.58,0
26190000,19253.95,19253.95,0
26201100,884404.5800000001,884404.5800000001,0
26201900,7353.13,7353.13,0
26202100,1571.29,1571.29,0
26202900,201940,201940,0
26203000,31.5,31.5,0
26204000,103532.28,103532.28,0
26206000,490,490,0
26209100,44,44,0
26209910,61,61,0
26209990,2600.67,2600.67,0
26211000,185.5,185.5,0
26219010,286703.62,286703.62,0
26219090,478885.08,478885.08,0
26456563,290,0,-290
26484843,3,0,-3
26564485,245,0,-245
26684613,200,0,-200
26915864,9.75,0,-9.75
26985471,13,0,-13
27010193,324,0,-324
27011100,58851.04,58851.04,0
27011200,3606.88,3606.88,0
27011900,384,384,0
27011932,134422.43,0,-134422.43
27012000,415599.53,415599.53,0
27021000,1204386.52,1204386.52,0
27030000,19591381.08,19591381.08,0
27040011,250,250,0
27040012,40,40,0
27040090,6359.44,6359.44,0
27050000,221639.21,221639.21,0
27052221,165.56,0,-165.56
27060000,245738.05,245738.05,0
27071000,16441.26,16441.26,0
27072000,55494.48000000001,55494.48000000001,0
27073000,2049.21,2049.21,0
27074000,144.5,144.5,0
27075000,61183.35000000001,61183.35000000001,0
27075010,170784.81,170784.81,0
27075090,980869.76,980869.76,0
27079100,23979.74,23979.74,0
27079900,563.96,563.96,0
27079910,269.46,269.46,0
27079990,965281.3799999998,965281.3799999998,0
27081000,4383.610000000001,4383.610000000001,0
27082999,120,0,-120
27090000,489,0,-489
27090010,110572.67,110572.67,0
27090090,39915.39,39915.39,0
27100000,61996.10000000001,0,-61996.10000000001
27100001,53.73,0,-53.73
27100011,196.2,196.2,0
27100031,291.4,291.4,0
27100032,372,0,-372
27100039,70.47,70.47,0
27100042,45,45,0
27100049,5259.6,5259.6,0
27100061,27329.16,27329.16,0
27100062,95665.81999999999,95665.81999999999,0
27100092,588.45,588.45,0
27100093,1280,1280,0
27100099,30227.61,30227.61,0
27100132,71,0,-71
27100193,840,0,-840
27101110,16377,16377,0
27101129,766.63,766.63,0
27101130,4774.21,4774.21,0
27101149,6142.6,6142.6,0
27101159,114124.05,114124.05,0
27101160,3645.96,3645.96,0
27101190,1497.29,1497.29,0
27101193,161.66,0,-161.66
27101210,307960.74,307960.74,0
27101221,32093.94,32093.94,0
27101229,2850116.77,2850116.77,0
27101230,2840703.080000001,2840703.080000001,0
27101241,161860.48,161860.48,0
27101249,1038636.46,1038636.46,0
27101251,59945442.55000001,59945442.55000001,0
27101259,217383888.2700015,217383888.2700015,0
27101260,49838.87,49838.87,0
27101290,402802.02,402802.02,0
27101332,21.6,0,-21.6
27101392,1090,0,-1090
27101900,186.59,0,-186.59
27101911,295314690.6799999,295314690.6799999,0
27101912,31.6,0,-31.6
27101913,1648,0,-1648
27101919,1740544.7,1740544.7,0
27101920,1906.6,0,-1906.6
27101921,18683637599.13002,18683637599.13002,0
27101922,625384.7600000001,625384.7600000001,0
27101929,3302095.29,3302095.29,0
27101930,4209.62,0,-4209.62
27101931,16547625.64,16547625.64,0
27101932,1773129658.439999,1773129658.439999,0
27101933,220,0,-220
27101934,395.07,0,-395.07
27101982,2700,0,-2700
27101987,2355.44,0,-2355.44
27101988,130,0,-130
27101990,164.1,0,-164.1
27101991,8998079.440000001,8998079.440000001,0
27101992,14937232.79,14937232.79,0
27101993,747593.72,747593.72,0
27101994,6850.36,6850.36,0
27101999,29525310.76000001,29525310.76000001,0
27102000,3397708.829999998,3397708.829999998,0
27102515,45,0,-45
27102931,116,0,-116
27102932,847.75,0,-847.75
27103932,715,0,-715
27107749,135,0,-135
27109010,230,0,-230
27109100,18069.41,18069.41,0
27109110,4526.85,4526.85,0
27109120,8605.87,8605.87,0
27109190,25216.47,25216.47,0
27109320,1279.33,0,-1279.33
27109322,768.6,0,-768.6
27109900,1413511.57,1413511.57,0
27111100,491477.37,491477.37,0
27111210,17386.47,17386.47,0
27111290,19405.17,19405.17,0
27111300,336860.25,336860.25,0
27111400,2325.6,2325.6,0
27111910,170428321.43,170428321.43,0
27111921,5390,0,-5390
27111990,340864.8,340864.8,0
27112100,2325416.96,2325416.96,0
27112910,47448.47,47448.47,0
27112990,13296.83,13296.83,0
27121000,247307.28,247307.28,0
27122000,73457.8,73457.8,0
27129000,628721.2899999999,628721.2899999999,0
27131100,32.5,32.5,0
27131200,590.8199999999999,590.8199999999999,0
27132000,8065568.689999999,8065568.689999999,0
27139000,30601.44,30601.44,0
27141000,65377.89,65377.89,0
27149000,2200847.12,2200847.12,0
27150000,26002463.69000001,26002463.69000001,0
27160000,28692101.79,28692101.79,0
27171000,2086,0,-2086
27171002,480,0,-480
27182199,36.83,0,-36.83
27201932,300,0,-300
27318150,27.6,0,-27.6
27485286,35,0,-35
27552455,50,0,-50
27608107,9.99,0,-9.99
27858455,137,0,-137
27898665,97.2,0,-97.2
28011000,957593.9400000001,957593.9400000001,0
28012010,8102.95,8102.95,0
28012090,545889.26,545889.26,0
28012100,448,0,-448
28013000,89.56,89.56,0
28020000,509544.45,509544.45,0
28030011,120919.96,120919.96,0
28030019,6381.809999999999,6381.809999999999,0
28030090,27586.85000000001,27586.85000000001,0
28041000,362151.6100000001,362151.6100000001,0
28042000,265,0,-265
28042100,4042895.62,4042895.62,0
28042900,160,0,-160
28042910,665.7,665.7,0
28042990,4521516.530000001,4521516.530000001,0
28043000,13950232.1,13950232.1,0
28044000,6991544.250000002,6991544.250000002,0
28045000,117050.1,117050.1,0
28046100,11690.5,11690.5,0
28046900,148968.99,148968.99,0
28047010,2757.55,2757.55,0
28047020,124.26,124.26,0
28047030,4056.54,4056.54,0
28048000,1100,1100,0
28049000,5642.51,5642.51,0
28051100,143849.67,143849.67,0
28051200,185028.77,185028.77,0
28051920,4352.25,4352.25,0
28051990,48657.2,48657.2,0
28052220,154.36,154.36,0
28053010,4553.17,4553.17,0
28053090,15621.46,15621.46,0
28054000,810275,810275,0
28061000,89,0,-89
28061010,23202.17,23202.17,0
28061020,861111.4999999998,861111.4999999998,0
28062000,10713.02,10713.02,0
28070010,322440.39,322440.39,0
28075090,35,0,-35
28080010,403403.59,403403.59,0
28080020,17830.01,17830.01,0
28081000,87,0,-87
28089000,225,0,-225
28089329,39320,0,-39320
28091000,2413.74,2413.74,0
28092011,613313.65,613313.65,0
28092019,5231760.350000001,5231760.350000001,0
28092020,39591,39591,0
28092030,18223.88,18223.88,0
28092090,23390.78,23390.78,0
28094384,60,0,-60
28099010,160,0,-160
28100010,17047265.07,17047265.07,0
28100090,1990985.36,1990985.36,0
28111100,157322.87,157322.87,0
28111200,220,220,0
28111910,2075.26,2075.26,0
28111920,61077.5,61077.5,0
28111940,84715.19,84715.19,0
28111990,462749.6300000001,462749.6300000001,0
28112100,689677.9099999999,689677.9099999999,0
28112210,1509097.62,1509097.62,0
28112220,23637.86,23637.86,0
28112230,63832.09,63832.09,0
28112290,127777.38,127777.38,0
28112990,349884.7,349884.7,0
28121021,230,230,0
28121100,86,86,0
28121300,4.5,4.5,0
28121919,2095,2095,0
28129000,5330.36,5330.36,0
28131000,295,295,0
28139090,11961.6,11961.6,0
28139190,592,0,-592
28141000,433300.79,433300.79,0
28142000,27067.18,27067.18,0
28150000,23,0,-23
28151100,2282550.389999999,2282550.389999999,0
28151200,4387840.98,4387840.98,0
28152000,348481.62,348481.62,0
28153000,6954.579999999999,6954.579999999999,0
28161010,29295.2,29295.2,0
28161020,2828,2828,0
28164090,224.5,224.5,0
28170010,15552457.83,15552457.83,0
28181010,3861.99,3861.99,0
28181090,158426.32,158426.32,0
28182010,17486.66,17486.66,0
28182090,9464.27,9464.27,0
28183000,1240,1240,0
28191000,8418.66,8418.66,0
28199020,20.5,20.5,0
28201090,2514.6,2514.6,0
28209010,1736488.72,1736488.72,0
28209040,41.31,41.31,0
28211011,292965.72,292965.72,0
28211019,2466,2466,0
28211020,2322.08,2322.08,0
28211030,95686.18000000002,95686.18000000002,0
28211090,23877.65,23877.65,0
28211110,1256.34,0,-1256.34
28212000,5443.68,5443.68,0
28215999,12.17,0,-12.17
28220010,10115.39,10115.39,0
28220090,605.55,605.55,0
28230010,630,630,0
28230090,3679.4,3679.4,0
28235145,33,0,-33
28241000,36439.51,36439.51,0
28249010,37345.00999999999,37345.00999999999,0
28249041,65.36,0,-65.36
28249090,10493.67,10493.67,0
28251010,32.19,32.19,0
28251020,4.9,4.9,0
28253010,44.99,44.99,0
28253090,2563.11,2563.11,0
28254090,72,72,0
28255010,29.9,29.9,0
28255090,80073,80073,0
28256010,2200,2200,0
28256020,168,168,0
28256656,12,0,-12
28257090,86192.5,86192.5,0
28259090,25165,25165,0
28261200,16364.55,16364.55,0
28261990,998.51,998.51,0
28263000,377.78,377.78,0
28269010,149,149,0
28269020,508,508,0
28269090,2720,2720,0
28270001,255,0,-255
28271000,101249.75,101249.75,0
28272010,69480.51999999999,69480.51999999999,0
28272090,3690852.8,3690852.8,0
28273110,94649.73,94649.73,0
28273190,11692868.04,11692868.04,0
28273200,1154589.64,1154589.64,0
28273500,35,35,0
28273600,760,760,0
28273910,830519.91,830519.91,0
28273931,465,465,0
28273939,330338.21,330338.21,0
28273960,4000,4000,0
28273995,701856.52,701856.52,0
28273996,710912.47,710912.47,0
28273997,45869.62,45869.62,0
28273998,14428.11,14428.11,0
28273999,1426127.8,1426127.8,0
28274120,101,101,0
28274912,81,81,0
28274919,18140,18140,0
28274921,1005710.76,1005710.76,0
28274929,23.9,23.9,0
28275100,7427.75,7427.75,0
28275900,17854.1,17854.1,0
28276011,892.6800000000001,892.6800000000001,0
28276012,182274.02,182274.02,0
28276019,153.95,153.95,0
28276029,138380,138380,0
28281000,876781.9500000001,876781.9500000001,0
28289011,11459539.69,11459539.69,0
28289019,390159.02,390159.02,0
28289020,946988.2699999998,946988.2699999998,0
28289090,47168.39000000001,47168.39000000001,0
28291100,3000.19,3000.19,0
28291910,63491,63491,0
28291920,35982.4,35982.4,0
28291990,1400,1400,0
28299011,769.94,769.94,0
28299019,214.5,214.5,0
28299021,120,120,0
28299022,98,98,0
28299029,33,33,0
28299031,58161.83,58161.83,0
28299032,752491.38,752491.38,0
28299039,1740,1740,0
28309000,524,0,-524
28309011,318,318,0
28309013,85193.90000000002,85193.90000000002,0
28309019,43080.67,43080.67,0
28309020,171134.7,171134.7,0
28311011,7888,7888,0
28311019,1821,1821,0
28311029,1223.29,1223.29,0
28319090,29.18,29.18,0
28321010,458490.81,458490.81,0
28321090,165113.28,165113.28,0
28322000,8893.56,8893.56,0
28323010,1376272.92,1376272.92,0
28323020,40333.47000000001,40333.47000000001,0
28323090,338209.4,338209.4,0
28331110,51232.65,51232.65,0
28331190,367.1999999999999,367.1999999999999,0
28331900,1501411.56,1501411.56,0
28332100,30441124.23999999,30441124.23999999,0
28332200,1377098.27,1377098.27,0
28332290,116.55,0,-116.55
28332400,2654258.7,2654258.7,0
28332510,264524.91,264524.91,0
28332520,25070442,25070442,0
28332600,25395.86,25395.86,0
28332790,73099.75,73099.75,0
28332940,470910.71,470910.71,0
28332950,1788.4,1788.4,0
28332960,3589.95,3589.95,0
28332970,9516705,9516705,0
28332990,35925913.67,35925913.67,0
28333000,7209.77,7209.77,0
28334010,2324.41,2324.41,0
28334020,878.71,878.71,0
28334090,209909.92,209909.92,0
28341010,169453.42,169453.42,0
28341090,22862.2,22862.2,0
28342110,272460,272460,0
28342190,304614.6,304614.6,0
28342910,49321.17,49321.17,0
28342930,9548.539999999999,9548.539999999999,0
28342990,12712366.61,12712366.61,0
28351011,10394.45,10394.45,0
28351019,53493.44999999999,53493.44999999999,0
28351029,1761654.34,1761654.34,0
28352200,2360056.06,2360056.06,0
28352400,895847.6499999999,895847.6499999999,0
28352500,87031318.29,87031318.29,0
28352600,13423271.12,13423271.12,0
28352910,104631.49,104631.49,0
28352930,1201121.82,1201121.82,0
28352940,350,350,0
28352960,38347.25,38347.25,0
28352980,3231,3231,0
28352990,2734515.83,2734515.83,0
28353110,190795.85,190795.85,0
28353190,44850.11,44850.11,0
28353910,91135.48,91135.48,0
28353930,18848.84,18848.84,0
28353990,162397.71,162397.71,0
28362000,8.5,0,-8.5
28362010,739884.4299999999,739884.4299999999,0
28362090,83377.52,83377.52,0
28363000,31827277.64,31827277.64,0
28364000,2447667.33,2447667.33,0
28365000,18899617.37,18899617.37,0
28366090,10281.7,10281.7,0
28369200,200,200,0
28369911,292.9,292.9,0
28369913,7861.380000000003,7861.380000000003,0
28369919,78763.23000000001,78763.23000000001,0
28369920,39459.62999999999,39459.62999999999,0
28371914,116.4,116.4,0
28371919,11592.79,11592.79,0
28372011,17122.1,17122.1,0
28372012,10130.5,10130.5,0
28372019,20836.86,20836.86,0
28372021,191.02,191.02,0
28372022,5079.39,5079.39,0
28372029,1343,1343,0
28391000,629.95,0,-629.95
28391100,32090.04,32090.04,0
28391900,81538.21999999999,81538.21999999999,0
28399010,1550,1550,0
28399020,270189.32,270189.32,0
28399040,25,25,0
28399050,533770,533770,0
28399090,674299.74,674299.74,0
28401100,2632,2632,0
28401900,30152060.45,30152060.45,0
28402000,26823797.64,26823797.64,0
28403000,507182.37,507182.37,0
28409913,2972.93,0,-2972.93
28413000,13110.38,13110.38,0
28415011,72,72,0
28415015,4229.7,4229.7,0
28415016,51800,51800,0
28415019,2500,2500,0
28415020,90,90,0
28416100,20736.35,20736.35,0
28416920,1551.07,1551.07,0
28417020,11715729.07,11715729.07,0
28417090,741128.66,741128.66,0
28418090,186.5,186.5,0
28419013,20457.79,20457.79,0
28419014,129.8,129.8,0
28419015,1777.56,1777.56,0
28419019,35,35,0
28419022,153765,153765,0
28419029,28372.92,28372.92,0
28419030,116,116,0
28419043,660,660,0
28419049,21000,21000,0
28419050,8152.54,8152.54,0
28419060,61.4,61.4,0
28419070,19593.5,19593.5,0
28419080,30.99,0,-30.99
28419081,70884.19999999998,70884.19999999998,0
28419082,4,4,0
28419083,28.8,28.8,0
28419089,3772.56,3772.56,0
28419090,100280.8,100280.8,0
28421010,108450.02,108450.02,0
28421090,56523.88,56523.88,0
28429000,575169.0800000001,575169.0800000001,0
28431000,169304.16,169304.16,0
28432100,220473.84,220473.84,0
28432990,401182.6,401182.6,0
28433090,88415.45999999999,88415.45999999999,0
28439011,83856.87,83856.87,0
28439019,450,450,0
28439030,940.9,940.9,0
28439090,941,941,0
28441000,30,30,0
28442000,210,210,0
28444010,268,268,0
28444030,227.4,227.4,0
28444100,8665.02,8665.02,0
28444200,58264.4,58264.4,0
28444310,3941.21,3941.21,0
28444330,24735.45,24735.45,0
28444390,2877,2877,0
28444400,770.7,770.7,0
28445000,16493.45,16493.45,0
28451000,85761.25,85761.25,0
28452000,59637.25000000001,59637.25000000001,0
28453000,29034.56,29034.56,0
28459000,100638.3,100638.3,0
28461010,1313.05,1313.05,0
28461090,2848.34,2848.34,0
28469020,45559,45559,0
28469090,2447.5,2447.5,0
28470000,2988136.119999999,2988136.119999999,0
28491000,630318.8500000001,630318.8500000001,0
28492000,2286.55,2286.55,0
28499010,3004974.3,3004974.3,0
28499090,867.62,867.62,0
28500010,21373.78,21373.78,0
28500020,1096,1096,0
28500090,394.41,394.41,0
28521011,6056.99,6056.99,0
28521019,8664.5,8664.5,0
28521021,908.1,908.1,0
28521022,263116.44,263116.44,0
28521029,2171644.62,2171644.62,0
28528539,25,0,-25
28529000,291138.2,291138.2,0
28529090,21,0,-21
28530000,18,0,-18
28530031,20,20,0
28530090,2874.84,2874.84,0
28531000,200,200,0
28539011,47019.89,47019.89,0
28539012,5466,5466,0
28539013,360,360,0
28539019,211578.38,211578.38,0
28539020,3311.03,3311.03,0
28539030,39,39,0
28539090,521872.4199999999,521872.4199999999,0
28545222,161,0,-161
28789011,598.8,0,-598.8
28964758,1330,0,-1330
28996644,616,0,-616
29011000,230775.05,230775.05,0
29012100,108118.5,108118.5,0
29012200,291863.22,291863.22,0
29012300,13904.95,13904.95,0
29012410,336,336,0
29012420,2090.2,2090.2,0
29012900,7115957.34,7115957.34,0
29012901,700,0,-700
29021000,15,0,-15
29021100,1882020.03,1882020.03,0
29021910,2873089.75,2873089.75,0
29021990,3767729.260000001,3767729.260000001,0
29022000,1049.75,1049.75,0
29022110,45.8,0,-45.8
29023000,9121.880000000001,9121.880000000001,0
29024100,10495,10495,0
29024300,991.8,991.8,0
29024400,133896.6,133896.6,0
29025000,4243.03,4243.03,0
29026000,83.97,83.97,0
29027000,292.46,292.46,0
29029020,92712.62000000001,92712.62000000001,0
29029030,135.65,135.65,0
29029040,34.68,34.68,0
29029090,760293.7999999999,760293.7999999999,0
29031110,83760.4,83760.4,0
29031120,272.6,272.6,0
29031200,66475.56,66475.56,0
29031300,6297.87,6297.87,0
29031400,15200,15200,0
29031500,77286.87,77286.87,0
29031600,82.9,82.9,0
29031910,150352.35,150352.35,0
29031920,41150.8,41150.8,0
29031990,1168095.64,1168095.64,0
29032100,1615.5,1615.5,0
29032200,23926.89,23926.89,0
29032300,39249.25,39249.25,0
29032900,912.2600000000002,912.2600000000002,0
29032910,229215.8600000001,229215.8600000001,0
29032990,135788.98,135788.98,0
29033011,3083,3083,0
29033100,14382.5,14382.5,0
29033911,663458.8599999999,663458.8599999999,0
29033912,1221.5,1221.5,0
29033919,3235.54,3235.54,0
29034100,108617.24,108617.24,0
29034200,74581.5,74581.5,0
29034400,3124.12,3124.12,0
29034510,10469148.41,10469148.41,0
29034520,22072.42,22072.42,0
29034600,391.71,391.71,0
29034700,1640,1640,0
29034800,6647.28,6647.28,0
29034900,4249.619999999999,4249.619999999999,0
29034915,5227.01,5227.01,0
29034919,1034.26,1034.26,0
29035100,6963.280000000001,6963.280000000001,0
29035910,109502.38,109502.38,0
29035990,59647.35999999999,59647.35999999999,0
29036200,22130.67,22130.67,0
29036910,192.9,192.9,0
29036920,337.7,337.7,0
29036990,80948.81999999998,80948.81999999998,0
29037100,2141007.36,2141007.36,0
29037200,1172.32,1172.32,0
29037300,1566071.36,1566071.36,0
29037400,240,240,0
29037500,94.97,94.97,0
29037600,5649.45,5649.45,0
29037712,8701.690000000006,8701.690000000006,0
29037721,746,746,0
29037722,4800,4800,0
29037724,188.78,188.78,0
29037733,3840,3840,0
29037790,1742.9,1742.9,0
29037800,15,15,0
29037911,2299.31,2299.31,0
29037912,985,985,0
29037919,16729.88,16729.88,0
29037920,74.9,74.9,0
29037939,14.9,14.9,0
29037990,2204.389999999999,2204.389999999999,0
29038120,37295.65,37295.65,0
29038190,55,55,0
29038210,1780,1780,0
29038300,7198.6,7198.6,0
29038900,12,12,0
29038910,24,24,0
29038990,16273.52,16273.52,0
29039110,8215,8215,0
29039130,2722.53,2722.53,0
29039220,2397.58,2397.58,0
29039300,1104,1104,0
29039911,2478,2478,0
29039915,5.8,5.8,0
29039917,64,64,0
29039919,4842.75,4842.75,0
29039931,158.5,158.5,0
29039939,178,178,0
29039990,31327.51,31327.51,0
29041011,16851.09,16851.09,0
29041019,28,28,0
29041020,8798618.99,8798618.99,0
29041030,5942.44,5942.44,0
29041040,598,598,0
29041051,75,75,0
29041053,379.9,379.9,0
29041060,128,128,0
29042010,20214.1,20214.1,0
29042041,7841.049999999999,7841.049999999999,0
29042052,58586.67,58586.67,0
29042059,612,612,0
29042070,336.15,336.15,0
29042090,286,286,0
29043100,68114.62,68114.62,0
29049013,42,42,0
29049016,16053,16053,0
29049100,33,33,0
29049911,6224.3,6224.3,0
29049912,21696.13999999999,21696.13999999999,0
29049913,3135,3135,0
29049915,378.31,378.31,0
29049916,25347.6,25347.6,0
29049919,1976.9,1976.9,0
29049929,1069.06,1069.06,0
29049990,641.9,641.9,0
29050000,304.32,0,-304.32
29051100,215470.7799999999,215470.7799999999,0
29051210,3938.55,3938.55,0
29051220,695182.42,695182.42,0
29051300,3407.559999999999,3407.559999999999,0
29051410,3107.4,3107.4,0
29051420,27.7,27.7,0
29051430,39180.74,39180.74,0
29051600,78,78,0
29051710,5562.63,5562.63,0
29051720,1557.51,1557.51,0
29051730,77.6,77.6,0
29051911,657.3,657.3,0
29051912,16,16,0
29051919,4703.490000000001,4703.490000000001,0
29051922,132,132,0
29051923,70,70,0
29051929,24928.15,24928.15,0
29051992,396.3,396.3,0
29051993,161.5,161.5,0
29051994,55.51,55.51,0
29051995,14612,14612,0
29051996,161.22,161.22,0
29051999,868.9,868.9,0
29052290,298.92,298.92,0
29052910,11802.98,11802.98,0
29052990,61516.6,61516.6,0
29053100,494936.29,494936.29,0
29053200,842455.55,842455.55,0
29053910,1140.9,1140.9,0
29053930,45142.88,45142.88,0
29053990,374,374,0
29054100,13234.64,13234.64,0
29054300,398.11,398.11,0
29054400,3308.78,3308.78,0
29054500,118432.84,118432.84,0
29054900,2347443.029999999,2347443.029999999,0
29055100,192,192,0
29055990,29956.97,29956.97,0
29061100,8473.33,8473.33,0
29061300,4744.78,4744.78,0
29061910,571.85,571.85,0
29061920,262.7,262.7,0
29061930,640,640,0
29061940,1390,1390,0
29061950,4173.950000000001,4173.950000000001,0
29061990,552.74,552.74,0
29062100,95.9,95.9,0
29062910,5554.16,5554.16,0
29062990,18424.49999999999,18424.49999999999,0
29069029,6725,0,-6725
29071100,15207.53,15207.53,0
29071200,5777.32,5777.32,0
29071300,9200,9200,0
29071590,44.5,44.5,0
29071910,369862.72,369862.72,0
29071920,7.5,7.5,0
29072200,7217.39,7217.39,0
29072300,15470,15470,0
29072900,10064.74,10064.74,0
29081911,45,45,0
29081912,1080,1080,0
29081913,182.21,182.21,0
29081915,204.9,204.9,0
29081916,100,100,0
29081919,288,288,0
29081921,8675,8675,0
29085338,40,0,-40
29089200,189,189,0
29089919,10283.9,10283.9,0
29089921,132.13,132.13,0
29089930,85.19999999999999,85.19999999999999,0
29090000,858.1899999999999,0,-858.1899999999999
29091100,9388.220000000001,9388.220000000001,0
29091910,805.9999999999999,805.9999999999999,0
29091990,135003.27,135003.27,0
29093011,1470.4,1470.4,0
29093019,19283.12,19283.12,0
29093024,64372.7,64372.7,0
29093025,19.99,19.99,0
29093029,565344.59,565344.59,0
29094100,19881.93,19881.93,0
29094310,202044.18,202044.18,0
29094411,9676.019999999997,9676.019999999997,0
29094412,8387.210000000001,8387.210000000001,0
29094419,12422.22,12422.22,0
29094429,3144.16,3144.16,0
29094910,1337,1337,0
29094929,965.1700000000001,965.1700000000001,0
29094931,278.48,278.48,0
29094939,1395,1395,0
29094941,94.4,94.4,0
29094949,280,280,0
29094950,25760,25760,0
29095011,370,370,0
29095012,53528.35,53528.35,0
29095013,2238.45,2238.45,0
29095019,432,432,0
29095090,454.6300000000001,454.6300000000001,0
29096011,330.9,330.9,0
29096019,11651.71,11651.71,0
29096020,3772.129999999999,3772.129999999999,0
29096090,115109.99,115109.99,0
29100433,38.56,0,-38.56
29101000,144.8,144.8,0
29101249,452.6,0,-452.6
29103000,113938.81,113938.81,0
29109090,2736.88,2736.88,0
29110010,550,550,0
29110090,1131.97,1131.97,0
29121100,4697481.45,4697481.45,0
29121200,11729.94,11729.94,0
29121912,3616.72,3616.72,0
29121919,41213.6,41213.6,0
29121921,600,600,0
29121922,520,520,0
29121999,28025.9,28025.9,0
29122990,58.32,58.32,0
29124910,6,6,0
29124920,2058.85,2058.85,0
29124930,297.8,297.8,0
29124941,146.55,146.55,0
29124949,197.74,197.74,0
29124990,62243.64,62243.64,0
29125000,419,419,0
29126000,679957.57,679957.57,0
29141100,6097.79,6097.79,0
29141200,28895.08,28895.08,0
29141300,280,280,0
29141910,92,92,0
29141921,1368,1368,0
29141922,82.03,82.03,0
29141929,2062.43,2062.43,0
29141940,452,452,0
29141990,8579.900000000001,8579.900000000001,0
29142210,85.8,85.8,0
29142220,180,180,0
29142910,246,246,0
29142920,183280.52,183280.52,0
29142990,3867.77,3867.77,0
29143100,304,304,0
29143990,647.75,647.75,0
29144010,2507.36,2507.36,0
29144099,72219.7,72219.7,0
29145020,490267.83,490267.83,0
29146100,188,188,0
29146200,7176.540000000001,7176.540000000001,0
29146910,151.84,151.84,0
29146920,1843,1843,0
29146990,1827.7,1827.7,0
29147029,168.96,168.96,0
29147911,26748.52,26748.52,0
29147919,236,236,0
29147921,323.2,323.2,0
29147922,98,98,0
29147929,9.99,9.99,0
29147990,1052.04,1052.04,0
29151100,237486.12,237486.12,0
29151210,1441978.86,1441978.86,0
29151290,584069.35,584069.35,0
29151310,42,42,0
29151390,531933.99,531933.99,0
29152100,185119.99,185119.99,0
29152300,642,642,0
29152910,57812.97,57812.97,0
29152990,271034.16,271034.16,0
29153100,99.8,99.8,0
29153200,403.78,403.78,0
29153300,3657.6,3657.6,0
29153500,87,87,0
29153600,2117.02,2117.02,0
29153921,147,147,0
29153929,156886.07,156886.07,0
29153932,2742.91,2742.91,0
29153939,5276.530000000001,5276.530000000001,0
29153951,6,6,0
29153952,5600,5600,0
29153955,80,80,0
29153994,8,8,0
29153999,3391.74,3391.74,0
29155010,17344582.14,17344582.14,0
29155020,258708.02,258708.02,0
29156011,426800.86,426800.86,0
29156012,6,6,0
29156019,135406.38,135406.38,0
29156021,2930,2930,0
29157011,1080050,1080050,0
29157019,2560,2560,0
29157039,99.53999999999999,99.53999999999999,0
29157040,4989.6,4989.6,0
29159022,13315,13315,0
29159023,138.4,138.4,0
29159029,978166.3299999997,978166.3299999997,0
29159031,2852.95,2852.95,0
29159032,10.5,10.5,0
29159033,18,18,0
29159041,2740.41,2740.41,0
29159043,46.8,46.8,0
29159049,32822.67000000001,32822.67000000001,0
29159050,34461.18,34461.18,0
29159060,2709219.08,2709219.08,0
29159090,185127.89,185127.89,0
29161110,4747.1,4747.1,0
29161210,63060,63060,0
29161240,975,975,0
29161310,419.8,419.8,0
29161320,2500,2500,0
29161410,142575.11,142575.11,0
29161490,1394.4,1394.4,0
29161511,2152.98,2152.98,0
29161519,74594.2,74594.2,0
29161520,2564049.599999999,2564049.599999999,0
29161911,173566.87,173566.87,0
29161919,3997.85,3997.85,0
29161990,94490.94,94490.94,0
29162011,1227.63,1227.63,0
29162014,22896.84,22896.84,0
29162015,390445.8199999999,390445.8199999999,0
29162019,648.7,648.7,0
29162090,94.88999999999999,94.88999999999999,0
29163110,28663.79999999999,28663.79999999999,0
29163121,175784.78,175784.78,0
29163129,26081.76,26081.76,0
29163132,4409.99,4409.99,0
29163139,30000,30000,0
29163210,2532.31,2532.31,0
29163400,640,640,0
29163910,87325.66,87325.66,0
29163920,1710.62,1710.62,0
29163930,21.99,21.99,0
29163990,281255,281255,0
29170000,7140,0,-7140
29171110,117820.02,117820.02,0
29171220,491987.5399999999,491987.5399999999,0
29171310,714,714,0
29171323,15036.04,15036.04,0
29171329,12954.28,12954.28,0
29171400,68,68,0
29171910,12,12,0
29171921,112,112,0
29171930,2128377.64,2128377.64,0
29171990,613,613,0
29173200,0.12,0.12,0
29173300,232,232,0
29173400,292,292,0
29173500,52,52,0
29173911,22644.42,22644.42,0
29173919,5203.48,5203.48,0
29173939,785262.4400000001,785262.4400000001,0
29173990,25610.23,25610.23,0
29174090,40.8,0,-40.8
29181100,15068.02,15068.02,0
29181200,810,810,0
29181310,1658.7,1658.7,0
29181400,2208560.4,2208560.4,0
29181500,205970.73,205970.73,0
29181610,34263.3,34263.3,0
29181690,311.94,311.94,0
29181929,1037.7,1037.7,0
29181930,75,75,0
29181943,89.7,89.7,0
29181990,187546.59,187546.59,0
29182110,28614,28614,0
29182211,52713.22,52713.22,0
29182212,22.44,22.44,0
29182219,1802.55,1802.55,0
29182300,3138.73,3138.73,0
29182910,1408.3,1408.3,0
29182922,11109.83,11109.83,0
29182923,88370.82,88370.82,0
29182929,209.5,209.5,0
29182950,6914.34,6914.34,0
29182990,432,432,0
29183010,1250.81,1250.81,0
29183032,275,275,0
29183090,5658,5658,0
29189093,13635,13635,0
29189100,13650.4,13650.4,0
29189912,590,590,0
29189919,600,600,0
29189921,85.5,85.5,0
29189950,840,840,0
29189991,70212,70212,0
29189993,173.04,173.04,0
29189994,6452,6452,0
29189999,584.8,584.8,0
29191000,1702.12,1702.12,0
29199010,165,165,0
29199040,35538.96,35538.96,0
29199050,24,24,0
29199060,53.07,53.07,0
29199090,1105.9,1105.9,0
29200000,150,0,-150
29201120,609.8,609.8,0
29201910,125.88,125.88,0
29201920,283.18,283.18,0
29201990,3210,3210,0
29202990,9616.99,9616.99,0
29209032,259.49,259.49,0
29209033,55.5,55.5,0
29209041,102,102,0
29209059,11289.58,11289.58,0
29211111,1246.64,1246.64,0
29211121,72,72,0
29211122,43984.35000000001,43984.35000000001,0
29211129,477,477,0
29211139,1624.3,1624.3,0
29211200,1541,1541,0
29211300,780,780,0
29211913,440174.13,440174.13,0
29211919,68.83,68.83,0
29211923,20,20,0
29211941,190,190,0
29211992,77.4,77.4,0
29211999,15161.34,15161.34,0
29212100,138842.86,138842.86,0
29212200,60.87,60.87,0
29212910,182.52,182.52,0
29212920,12135.45,12135.45,0
29212990,179500.76,179500.76,0
29213011,12008.75,12008.75,0
29213019,64296.82000000001,64296.82000000001,0
29213090,63163.41,63163.41,0
29214100,1603.05,1603.05,0
29214211,3102.44,3102.44,0
29214221,1200,1200,0
29214229,961.6,961.6,0
29214231,294.9,294.9,0
29214239,450.3,450.3,0
29214311,3784.28,3784.28,0
29214319,35861.53999999999,35861.53999999999,0
29214321,1036.79,1036.79,0
29214322,4668,4668,0
29214323,117.2,117.2,0
29214329,5377.83,5377.83,0
29214422,8942.58,8942.58,0
29214429,56.97,56.97,0
29214500,8343.55,8343.55,0
29214620,181290,181290,0
29214650,94.7,94.7,0
29214660,1551.23,1551.23,0
29214680,82000,82000,0
29214690,155,155,0
29214921,2982.92,2982.92,0
29214922,63000,63000,0
29214929,220,220,0
29214990,16184.43,16184.43,0
29215111,329,329,0
29215119,651,651,0
29215139,3256.5,3256.5,0
29215190,6379,6379,0
29215911,687.1800000000001,687.1800000000001,0
29215919,1913.02,1913.02,0
29215929,1,1,0
29215931,651,651,0
29215932,379,379,0
29215939,13208.9,13208.9,0
29215990,6324.910000000001,6324.910000000001,0
29221100,723481.0199999999,723481.0199999999,0
29221200,3941.8,3941.8,0
29221320,55,55,0
29221500,10736.3,10736.3,0
29221800,11501.6,11501.6,0
29221911,10.5,10.5,0
29221912,12152.92,12152.92,0
29221913,15870.21,15870.21,0
29221919,1211.33,1211.33,0
29221921,592.9,592.9,0
29221929,270,270,0
29221931,28,28,0
29221939,4653.05,4653.05,0
29221949,53,53,0
29221952,550,550,0
29221959,118065.51,118065.51,0
29221969,1948.5,1948.5,0
29221979,399.85,399.85,0
29221981,34.9,34.9,0
29221989,143,143,0
29221991,64401.33,64401.33,0
29221992,70,70,0
29221993,781.97,781.97,0
29221996,60,60,0
29221999,1120,1120,0
29222911,4020,4020,0
29222919,18360.98,18360.98,0
29222990,6742.969999999999,6742.969999999999,0
29223112,1100,1100,0
29223921,6.6,6.6,0
29223929,2981.1,2981.1,0
29224110,33517047.88,33517047.88,0
29224190,104290154.79,104290154.79,0
29224210,308.39,308.39,0
29224220,134869.99,134869.99,0
29224410,320,320,0
29224910,201164.66,201164.66,0
29224920,11165698.65,11165698.65,0
29224940,1697.9,1697.9,0
29224951,2.88,2.88,0
29224959,1134.68,1134.68,0
29224961,277.88,277.88,0
29224962,527.9,527.9,0
29224964,149.94,149.94,0
29224990,30008437.56,30008437.56,0
29225029,224523.6,224523.6,0
29225032,26,26,0
29225039,1565.6,1565.6,0
29225099,54047015.02,54047015.02,0
29229000,47.5,0,-47.5
29231000,1026410.83,1026410.83,0
29232000,5210255.159999998,5210255.159999998,0
29232190,96,0,-96
29232990,98.89,0,-98.89
29234000,65.9,65.9,0
29239010,5951007.69,5951007.69,0
29239020,857.6199999999999,857.6199999999999,0
29239030,30133.28,30133.28,0
29239040,459.26,459.26,0
29239050,543765.78,543765.78,0
29239090,2155005.55,2155005.55,0
29241210,17.45,17.45,0
29241911,6995,6995,0
29241919,272.96,272.96,0
29241922,3208.7,3208.7,0
29241929,637.68,637.68,0
29241932,3536.04,3536.04,0
29241939,38124.51,38124.51,0
29241949,12,12,0
29241993,5300.32,5300.32,0
29241994,15169.68,15169.68,0
29241999,13472.84,13472.84,0
29242120,51978.09,51978.09,0
29242190,43241.99,43241.99,0
29242914,1070.34,1070.34,0
29242915,4452.28,4452.28,0
29242919,159.43,159.43,0
29242920,157.9,157.9,0
29242931,333.5,333.5,0
29242932,6649.780000000001,6649.780000000001,0
29242939,1734.75,1734.75,0
29242943,20,20,0
29242946,4216.08,4216.08,0
29242949,259464.66,259464.66,0
29242952,361.38,361.38,0
29242959,128.7,128.7,0
29242969,40,40,0
29242991,588,588,0
29242992,251837.15,251837.15,0
29242993,1435.22,1435.22,0
29242994,3523,3523,0
29242995,1421.81,1421.81,0
29242996,123536.17,123536.17,0
29242999,9187.41,9187.41,0
29251100,1313.74,1313.74,0
29251200,150,150,0
29251910,1675,1675,0
29251990,16230.05,16230.05,0
29252019,479.46,479.46,0
29252100,557504.4,557504.4,0
29252900,62392.54,0,-62392.54
29252911,69.9,69.9,0
29252919,675132.26,675132.26,0
29252923,14290.21,14290.21,0
29252929,210875.07,210875.07,0
29252930,31222.55,31222.55,0
29252940,8,8,0
29252950,88028.94,88028.94,0
29252990,127370.39,127370.39,0
29261000,1076.26,1076.26,0
29262000,46111.5,46111.5,0
29263012,63,63,0
29263020,223,223,0
29269006,191.19,0,-191.19
29269011,102.4,102.4,0
29269012,58,58,0
29269021,2762.1,2762.1,0
29269022,104950,104950,0
29269023,534900.26,534900.26,0
29269024,25074.73,25074.73,0
29269026,111458.98,111458.98,0
29269029,204.8,204.8,0
29269030,130,130,0
29269090,167.64,0,-167.64
29269091,214.98,214.98,0
29269093,985.4,985.4,0
29269095,1790719.78,1790719.78,0
29269096,171.82,171.82,0
29269099,44077.93,44077.93,0
29270010,70,70,0
29270029,518508.3,518508.3,0
29280011,55.87,55.87,0
29280019,98,98,0
29280030,5752.84,5752.84,0
29280041,25,25,0
29280042,4603.99,4603.99,0
29280090,429,429,0
29291010,134800.42,134800.42,0
29291021,46363.02,46363.02,0
29291029,142359.16,142359.16,0
29291090,324510.26,324510.26,0
29299011,43,43,0
29299012,461.82,461.82,0
29299019,157.78,157.78,0
29299039,13.8,13.8,0
29299090,19886.86,19886.86,0
29301000,120,120,0
29302012,352990.51,352990.51,0
29302019,129.99,129.99,0
29302021,2445.8,2445.8,0
29302022,520119.3099999999,520119.3099999999,0
29302029,2643.6,2643.6,0
29303019,117899.65,117899.65,0
29303021,1337.98,1337.98,0
29303029,2288.25,2288.25,0
29304010,15202254.08,15202254.08,0
29304090,112878741.57,112878741.57,0
29306000,5485.42,5485.42,0
29308010,575.6,575.6,0
29308020,60,60,0
29309011,14057.71,14057.71,0
29309012,1687.56,1687.56,0
29309019,3997,3997,0
29309022,287436.44,287436.44,0
29309023,62.81,62.81,0
29309029,281.2,281.2,0
29309031,382644.4999999999,382644.4999999999,0
29309032,350,350,0
29309033,7,7,0
29309034,26526577.63,26526577.63,0
29309035,1700555.53,1700555.53,0
29309037,35,35,0
29309039,372080.11,372080.11,0
29309041,34976.6,34976.6,0
29309043,89331.09999999999,89331.09999999999,0
29309049,153.9,153.9,0
29309052,80,80,0
29309059,12.79,12.79,0
29309061,4163296.49,4163296.49,0
29309069,22.4,22.4,0
29309079,243.9,243.9,0
29309081,6,6,0
29309084,71162.71,71162.71,0
29309085,66221.24,66221.24,0
29309086,35654,35654,0
29309087,12869.76,12869.76,0
29309089,70,70,0
29309091,5677.7,5677.7,0
29309093,19.2,19.2,0
29309096,739.8,739.8,0
29309098,50,50,0
29309099,70235.44,70235.44,0
29310029,79,79,0
29310039,435.75,435.75,0
29310051,32,32,0
29310090,365,365,0
29311000,67938.26,67938.26,0
29312000,950.06,950.06,0
29313100,200,200,0
29313999,30,30,0
29314100,11532,11532,0
29314600,685,685,0
29314700,27198.57,27198.57,0
29314800,80.85000000000002,80.85000000000002,0
29314911,22148,22148,0
29314913,372.97,372.97,0
29314914,207180.73,207180.73,0
29314915,44450,44450,0
29314920,58.17,58.17,0
29314990,6982.46,6982.46,0
29315100,108370.24,108370.24,0
29315200,52550,52550,0
29315300,36170.4,36170.4,0
29315400,396.9,396.9,0
29315912,630,630,0
29315913,19118,19118,0
29315991,2272.440000000001,2272.440000000001,0
29315996,194,194,0
29315999,31284.52,31284.52,0
29319021,12020,12020,0
29319029,284889.66,284889.66,0
29319032,55338,55338,0
29319045,700,700,0
29319049,597.19,597.19,0
29319052,55.5,55.5,0
29319059,2671.1,2671.1,0
29319069,1144,1144,0
29319090,17946.58,17946.58,0
29321100,25329,25329,0
29321200,1191.84,1191.84,0
29321310,773.38,773.38,0
29321400,152.8,152.8,0
29321930,40,40,0
29321950,350,350,0
29321990,263495.52,263495.52,0
29322000,676881.09,676881.09,0
29322110,30,30,0
29322931,1111,1111,0
29322990,19.22,19.22,0
29329200,107540.09,107540.09,0
29329300,40,40,0
29329400,1500,1500,0
29329600,596.8000000000001,596.8000000000001,0
29329911,3030312.95,3030312.95,0
29329912,748,748,0
29329913,661.5,661.5,0
29329921,3590.7,3590.7,0
29329991,5460.24,5460.24,0
29329992,109949.55,109949.55,0
29329994,55715.15,55715.15,0
29329999,90734.62,90734.62,0
29331111,142923.18,142923.18,0
29331119,24767.39,24767.39,0
29331120,739.1,739.1,0
29331190,100172,100172,0
29331911,1191.05,1191.05,0
29331919,1660.4,1660.4,0
29331990,430,430,0
29332110,4135.6,4135.6,0
29332121,589.74,589.74,0
29332129,1151.21,1151.21,0
29332190,35,35,0
29332911,36,36,0
29332912,356.68,356.68,0
29332913,1050,1050,0
29332919,90,90,0
29332923,270,270,0
29332925,264,264,0
29332929,1614.85,1614.85,0
29332930,101.25,101.25,0
29332991,1867.66,1867.66,0
29332994,102756.54,102756.54,0
29332995,10441.23,10441.23,0
29332999,14446.24,14446.24,0
29333120,125218.21,125218.21,0
29333200,243499.44,243499.44,0
29333319,254.16,254.16,0
29333321,300,300,0
29333322,388774.94,388774.94,0
29333329,27894,27894,0
29333331,812.2,812.2,0
29333342,15,15,0
29333349,522.89,522.89,0
29333359,1383.72,1383.72,0
29333361,20,20,0
29333369,250,250,0
29333371,321.63,321.63,0
29333379,9,9,0
29333382,97078.2,97078.2,0
29333383,84,84,0
29333389,706312.87,706312.87,0
29333391,15,15,0
29333394,1069861.11,1069861.11,0
29333400,1506.54,1506.54,0
29333600,429.06,429.06,0
29333700,738.4200000000001,738.4200000000001,0
29333914,34617.8,34617.8,0
29333915,1400,1400,0
29333919,795086,795086,0
29333921,104674.71,104674.71,0
29333922,1539599.56,1539599.56,0
29333924,10.42,10.42,0
29333925,34713.16,34713.16,0
29333929,1632614.5,1632614.5,0
29333933,20,20,0
29333935,60150.59,60150.59,0
29333937,11596.1,11596.1,0
29333939,15905.9,15905.9,0
29333941,6992,6992,0
29333946,34263.18,34263.18,0
29333949,570.1700000000001,570.1700000000001,0
29333981,732,732,0
29333983,240,240,0
29333991,43.91,43.91,0
29333992,29000,29000,0
29333993,4880,4880,0
29333994,2640.2,2640.2,0
29333999,134988.78,134988.78,0
29334110,55,55,0
29334913,15,15,0
29334930,62.9,62.9,0
29334990,101777,101777,0
29335200,2019.41,2019.41,0
29335323,6220,6220,0
29335350,251775.65,251775.65,0
29335371,1647700,1647700,0
29335380,63.7,63.7,0
29335400,11783.98,11783.98,0
29335520,1350,1350,0
29335540,23.62,23.62,0
29335912,11154.63,11154.63,0
29335913,3784,3784,0
29335914,396,396,0
29335915,81491.62999999999,81491.62999999999,0
29335919,8033.440000000001,8033.440000000001,0
29335921,153.45,153.45,0
29335932,4816.76,4816.76,0
29335935,3213.5,3213.5,0
29335941,32413.44,32413.44,0
29335942,2124.73,2124.73,0
29335943,139.8,139.8,0
29335944,44.4,44.4,0
29335945,29.48,29.48,0
29335949,1777,1777,0
29335991,4980.61,4980.61,0
29335992,7009.31,7009.31,0
29335999,17052.35,17052.35,0
29336100,627.49,627.49,0
29336900,60,0,-60
29336911,84646.72,84646.72,0
29336912,176,176,0
29336913,252498.76,252498.76,0
29336914,24002.86,24002.86,0
29336916,117.64,117.64,0
29336919,2339195.32,2339195.32,0
29336923,5844,5844,0
29336929,44085.13,44085.13,0
29336991,48428,48428,0
29336992,5081.64,5081.64,0
29336999,274201.94,274201.94,0
29337100,8487.2,8487.2,0
29337210,147500.5,147500.5,0
29337220,25200,25200,0
29337910,186,186,0
29337990,822795.3300000001,822795.3300000001,0
29339111,800,800,0
29339113,6962.86,6962.86,0
29339115,1845455.5,1845455.5,0
29339119,4517,4517,0
29339129,795,795,0
29339132,36567.37,36567.37,0
29339133,1600,1600,0
29339134,517.6800000000001,517.6800000000001,0
29339139,235,235,0
29339151,2015,2015,0
29339152,1180,1180,0
29339161,1141.5,1141.5,0
29339162,80.25,80.25,0
29339171,15,15,0
29339172,100,100,0
29339173,278,278,0
29339179,2004.61,2004.61,0
29339181,120.82,120.82,0
29339189,10147.12,10147.12,0
29339913,110,110,0
29339919,14358327.36,14358327.36,0
29339920,3236.33,3236.33,0
29339934,282.6,282.6,0
29339939,280,280,0
29339941,960341.3,960341.3,0
29339945,481.5,481.5,0
29339946,12022,12022,0
29339949,71.5,71.5,0
29339951,55,55,0
29339953,1460705.45,1460705.45,0
29339954,3426.74,3426.74,0
29339955,7603.65,7603.65,0
29339956,22123.48,22123.48,0
29339959,59.96,59.96,0
29339969,112264.4,112264.4,0
29339992,46,46,0
29339993,74.73,74.73,0
29339995,200,200,0
29339999,2032302.07,2032302.07,0
29341090,1299.88,1299.88,0
29342010,2710,2710,0
29342020,3175.88,3175.88,0
29342031,5226.84,5226.84,0
29342032,6553,6553,0
29342033,8606.26,8606.26,0
29342034,10308.52,10308.52,0
29342039,548.1600000000001,548.1600000000001,0
29342040,10547,10547,0
29342090,270,270,0
29343090,1710,1710,0
29349053,808.5,808.5,0
29349129,80,80,0
29349141,48,48,0
29349200,3965,3965,0
29349911,11550.8,11550.8,0
29349912,531.16,531.16,0
29349915,28,28,0
29349919,435,435,0
29349922,581.54,581.54,0
29349923,6990,6990,0
29349924,36,36,0
29349925,11440,11440,0
29349929,60,60,0
29349931,37210.62,37210.62,0
29349934,6056.25,6056.25,0
29349935,35964,35964,0
29349939,322036.21,322036.21,0
29349941,165,165,0
29349942,16,16,0
29349943,5.25,5.25,0
29349945,45,45,0
29349946,493.61,493.61,0
29349949,310.36,310.36,0
29349951,40.62,40.62,0
29349952,149.5,149.5,0
29349953,78847.25,78847.25,0
29349954,11.9,11.9,0
29349969,77.99,77.99,0
29349992,962,962,0
29349999,86866.79,86866.79,0
29350019,100,100,0
29350023,15.37,15.37,0
29350025,625,625,0
29350099,47.71,47.71,0
29352000,1575391.550000001,1575391.550000001,0
29355000,9082.9,9082.9,0
29359011,55,55,0
29359015,45,45,0
29359019,133863.4,133863.4,0
29359023,220,220,0
29359024,16.45,16.45,0
29359029,159.6,159.6,0
29359094,6339.68,6339.68,0
29359099,2388.24,2388.24,0
29362111,945.71,945.71,0
29362112,305351.2,305351.2,0
29362113,2404.95,2404.95,0
29362119,712.9300000000001,712.9300000000001,0
29362190,104967.49,104967.49,0
29362210,4024.41,4024.41,0
29362220,87776.95999999999,87776.95999999999,0
29362290,897.77,897.77,0
29362310,112707.2,112707.2,0
29362320,3348,3348,0
29362390,839.7,839.7,0
29362410,55963.18,55963.18,0
29362490,1256.67,1256.67,0
29362510,4087.36,4087.36,0
29362520,78881.78,78881.78,0
29362590,260,260,0
29362610,64084.32999999999,64084.32999999999,0
29362690,23960.45,23960.45,0
29362710,144130.39,144130.39,0
29362720,35887.5,35887.5,0
29362790,1365070.82,1365070.82,0
29362811,2115.8,2115.8,0
29362812,2773868.86,2773868.86,0
29362819,4725.68,4725.68,0
29362890,31725.17999999999,31725.17999999999,0
29362911,50330.73,50330.73,0
29362919,8329.289999999999,8329.289999999999,0
29362921,38994.27,38994.27,0
29362929,4131.29,4131.29,0
29362931,15212.27,15212.27,0
29362939,149.99,149.99,0
29362940,27663.47,27663.47,0
29362951,130206.74,130206.74,0
29362952,35443.16999999999,35443.16999999999,0
29362953,15,15,0
29362959,8400,8400,0
29362990,1366639.58,1366639.58,0
29369000,1716991.33,1716991.33,0
29371100,250,250,0
29371200,140,140,0
29371920,986.8000000000001,986.8000000000001,0
29371950,3023.43,3023.43,0
29371990,641586.6200000001,641586.6200000001,0
29372120,2263,2263,0
29372130,248.44,248.44,0
29372140,2974.78,2974.78,0
29372201,100,0,-100
29372210,85073.36,85073.36,0
29372221,1300.71,1300.71,0
29372229,167.8,167.8,0
29372231,2892,2892,0
29372239,13670.3,13670.3,0
29372290,6675.26,6675.26,0
29372310,75145.13,75145.13,0
29372331,764.38,764.38,0
29372339,50,50,0
29372341,347,347,0
29372342,262,262,0
29372349,19175.28,19175.28,0
29372359,505.5,505.5,0
29372360,75,75,0
29372391,360.25,360.25,0
29372399,621647.3799999999,621647.3799999999,0
29372910,700,700,0
29372920,12600.1,12600.1,0
29372939,262.9,262.9,0
29372940,3895.59,3895.59,0
29372960,363.54,363.54,0
29372990,29800.59,29800.59,0
29375000,2250,2250,0
29379010,11917.8,11917.8,0
29379090,14970.72,14970.72,0
29381000,77.07,77.07,0
29389020,55.9,55.9,0
29389090,18676.68,18676.68,0
29391110,19.9,19.9,0
29391121,2179.85,2179.85,0
29391122,21.66,21.66,0
29391123,622.63,622.63,0
29391151,300,300,0
29391153,103.8,103.8,0
29391161,28.5,28.5,0
29391169,750303.82,750303.82,0
29391181,100,100,0
29391900,142.85,142.85,0
29392000,106.79,106.79,0
29393010,182090.35,182090.35,0
29394100,83,83,0
29394200,69.5,69.5,0
29394520,24085.2,24085.2,0
29394900,28740.71999999999,28740.71999999999,0
29394949,7500,0,-7500
29395100,300,300,0
29395920,48,48,0
29396929,1576.2,1576.2,0
29396931,3543,3543,0
29396942,80,80,0
29396949,4672.19,4672.19,0
29397111,120,120,0
29397290,843.2,843.2,0
29397911,1240.01,1240.01,0
29397919,295,295,0
29397931,349.24,349.24,0
29397939,300,300,0
29397940,60,60,0
29397990,2481.71,2481.71,0
29398090,49987.8,49987.8,0
29399119,613,613,0
29400011,25.11,25.11,0
29400012,65.31,65.31,0
29400013,26941.08,26941.08,0
29400019,6636.120000000001,6636.120000000001,0
29400021,1108.49,1108.49,0
29400022,200,200,0
29400023,6087.5,6087.5,0
29400029,590,590,0
29400092,861.35,861.35,0
29400093,83,83,0
29400099,1183156.79,1183156.79,0
29410000,1574.25,0,-1574.25
29411010,2080.1,2080.1,0
29411020,28873.42,28873.42,0
29411031,1427,1427,0
29411039,28606.5,28606.5,0
29411041,1016.1,1016.1,0
29411042,1953.98,1953.98,0
29411043,598.8,598.8,0
29411049,487.31,487.31,0
29411090,669551.7699999998,669551.7699999998,0
29412010,85754.8,85754.8,0
29412090,7166,7166,0
29413010,56,56,0
29413020,601835.9199999999,601835.9199999999,0
29413090,9196.990000000002,9196.990000000002,0
29414011,6350.23,6350.23,0
29414019,85,85,0
29415010,165.39,165.39,0
29419011,500,500,0
29419012,262.5,262.5,0
29419013,108.62,108.62,0
29419019,2067.45,2067.45,0
29419021,1500,1500,0
29419029,1174.5,1174.5,0
29419031,1835,1835,0
29419032,470.06,470.06,0
29419033,7822.04,7822.04,0
29419039,15982.26,15982.26,0
29419041,35518.12,35518.12,0
29419043,16222.43,16222.43,0
29419049,3615.15,3615.15,0
29419059,7236.33,7236.33,0
29419061,1098.13,1098.13,0
29419071,337442.71,337442.71,0
29419072,23783.82,23783.82,0
29419073,562948.8300000001,562948.8300000001,0
29419082,135,135,0
29419089,2158.62,2158.62,0
29419092,304.53,304.53,0
29419099,178763.91,178763.91,0
29420000,14336732.75,14336732.75,0
29586201,23.6,0,-23.6
29601260,120,0,-120
29853100,56,0,-56
30000000,237.8,0,-237.8
30000632,1075.45,0,-1075.45
30004405,5293.77,0,-5293.77
30004909,297.5,0,-297.5
30005467,6278,0,-6278
30009099,45.6,0,-45.6
30011190,63.12,0,-63.12
30012001,21641.36,0,-21641.36
30012010,28525.82,28525.82,0
30012090,362388.34,362388.34,0
30019010,2172.69,2172.69,0
30019020,5142.940000000001,5142.940000000001,0
30019031,210.27,210.27,0
30019039,12565.18,12565.18,0
30019090,29644.67,29644.67,0
30021011,4665.7,4665.7,0
30021012,8790.69,8790.69,0
30021013,1488.4,1488.4,0
30021015,309,309,0
30021016,4929.030000000001,4929.030000000001,0
30021019,261.11,261.11,0
30021021,266,266,0
30021029,5683.699999999999,5683.699999999999,0
30021032,74,74,0
30021033,180,180,0
30021037,40,40,0
30021038,71.12,71.12,0
30021100,195,195,0
30021211,1334470.1,1334470.1,0
30021212,677714.12,677714.12,0
30021213,7784,7784,0
30021215,4960,4960,0
30021216,34125.57000000001,34125.57000000001,0
30021219,4111038.61,4111038.61,0
30021221,3700.5,3700.5,0
30021222,689965.82,689965.82,0
30021224,578.2,578.2,0
30021229,31036881.44,31036881.44,0
30021231,2633,2633,0
30021233,100,100,0
30021234,130,130,0
30021235,66626.64000000001,66626.64000000001,0
30021236,1855.38,1855.38,0
30021239,276182.17,276182.17,0
30021300,10881,10881,0
30021400,195434.94,195434.94,0
30021490,1395,1395,0
30021510,1400.17,1400.17,0
30021520,64290.87,64290.87,0
30021590,2425021.82,2425021.82,0
30022011,249,249,0
30022026,2560,2560,0
30023004,70,0,-70
30023010,494676.0299999999,494676.0299999999,0
30023011,182,0,-182
30023030,41369.36,41369.36,0
30023040,42928.01,42928.01,0
30023050,202986.84,202986.84,0
30023060,165243.56,165243.56,0
30023062,150,0,-150
30023070,7328.809999999999,7328.809999999999,0
30023080,53584.68000000001,53584.68000000001,0
30023090,4414419.829999998,4414419.829999998,0
30024111,333885.63,333885.63,0
30024112,48446.64,48446.64,0
30024115,2790,2790,0
30024116,4682.6,4682.6,0
30024117,1925,1925,0
30024119,320949.91,320949.91,0
30024121,88305.08,88305.08,0
30024122,1391.52,1391.52,0
30024123,747.8,747.8,0
30024124,1369.6,1369.6,0
30024125,25728.92,25728.92,0
30024126,165920.5,165920.5,0
30024127,3364.9,3364.9,0
30024128,56.94,56.94,0
30024129,198837.05,198837.05,0
30024210,17760111.62,17760111.62,0
30024220,2576729.88,2576729.88,0
30024230,1483707.7,1483707.7,0
30024240,369439.9799999999,369439.9799999999,0
30024250,13572542.32,13572542.32,0
30024260,6387524.970000001,6387524.970000001,0
30024270,65887297.88999999,65887297.88999999,0
30024280,28489693.77,28489693.77,0
30024290,498807030.5900001,498807030.5900001,0
30024900,8917.5,0,-8917.5
30024909,17754.17,0,-17754.17
30024910,1650318.07,1650318.07,0
30024920,444404.53,444404.53,0
30024991,35105436.96,35105436.96,0
30024992,2331073.9,2331073.9,0
30024994,1343.75,1343.75,0
30024999,320432974.23,320432974.23,0
30025100,59838.56,59838.56,0
30025900,1866989.01,1866989.01,0
30029000,606054918.7700001,606054918.7700001,0
30029010,15360,15360,0
30029019,311.25,0,-311.25
30029020,420,420,0
30029090,1660,0,-1660
30029091,1677080.33,1677080.33,0
30029099,12967028.9,12967028.9,0
30031011,137659.52,137659.52,0
30031012,68066.56999999999,68066.56999999999,0
30031013,5991.17,5991.17,0
30031014,4330.82,4330.82,0
30031015,4839.08,4839.08,0
30031019,84471.39,84471.39,0
30031020,11153.45,11153.45,0
30032011,1261.56,1261.56,0
30032019,20124.46,20124.46,0
30032021,682.4,682.4,0
30032029,291400.3,291400.3,0
30032031,1020.75,1020.75,0
30032032,46530,46530,0
30032039,7272.139999999999,7272.139999999999,0
30032041,898379.1900000001,898379.1900000001,0
30032049,837.4200000000001,837.4200000000001,0
30032052,185829.16,185829.16,0
30032059,15401.55,15401.55,0
30032061,3010175.330000001,3010175.330000001,0
30032062,97,97,0
30032069,19570.05999999999,19570.05999999999,0
30032071,1232.32,1232.32,0
30032072,894.27,894.27,0
30032079,10998.43,10998.43,0
30032091,225.5,225.5,0
30032092,3508828.93,3508828.93,0
30032095,482,482,0
30032099,3727247.14,3727247.14,0
30033090,4565,0,-4565
30033100,449.37,449.37,0
30033911,3209,3209,0
30033913,260.3,260.3,0
30033914,40.99,40.99,0
30033915,43,43,0
30033917,178,178,0
30033921,12824.79,12824.79,0
30033922,447294.4800000001,447294.4800000001,0
30033925,25982.93,25982.93,0
30033926,737.5,737.5,0
30033927,1681.04,1681.04,0
30033929,7798.100000000001,7798.100000000001,0
30033933,113,113,0
30033934,35,35,0
30033939,3376.48,3376.48,0
30033991,188842.44,188842.44,0
30033994,75.75,75.75,0
30033999,155598.32,155598.32,0
30034030,525,525,0
30034090,814.1600000000001,814.1600000000001,0
30034200,1113.8,1113.8,0
30034300,4742.77,4742.77,0
30034562,45,0,-45
30034910,114,114,0
30034920,639.1,639.1,0
30034930,77.59999999999998,77.59999999999998,0
30034950,2131.23,2131.23,0
30034990,2443156.14,2443156.14,0
30036000,536.0600000000001,536.0600000000001,0
30039001,197.12,0,-197.12
30039011,3072.07,3072.07,0
30039012,99.1,99.1,0
30039013,4143.81,4143.81,0
30039014,1968.39,1968.39,0
30039015,818.85,818.85,0
30039016,13427.64,13427.64,0
30039017,2622.5,2622.5,0
30039019,906506.22,906506.22,0
30039021,285.35,285.35,0
30039024,12020.33,12020.33,0
30039029,374.08,374.08,0
30039031,10400.27,10400.27,0
30039033,328441.6,328441.6,0
30039034,738863.9499999997,738863.9499999997,0
30039037,1072.5,1072.5,0
30039039,10025.47,10025.47,0
30039041,5266.57,5266.57,0
30039042,1166.24,1166.24,0
30039043,4579.860000000001,4579.860000000001,0
30039045,65.94,65.94,0
30039046,3544.23,3544.23,0
30039047,4597.349999999999,4597.349999999999,0
30039049,846842.7699999999,846842.7699999999,0
30039051,1513.46,1513.46,0
30039052,467.27,467.27,0
30039053,24235.71,24235.71,0
30039054,60,60,0
30039055,16587.50999999999,16587.50999999999,0
30039056,42637.63999999998,42637.63999999998,0
30039057,1871.85,1871.85,0
30039059,32632.2,32632.2,0
30039061,5877,5877,0
30039062,8573.13,8573.13,0
30039064,338.96,338.96,0
30039065,45689.09,45689.09,0
30039066,180,180,0
30039067,31937.73,31937.73,0
30039069,1038702.2,1038702.2,0
30039071,162,162,0
30039072,261.44,261.44,0
30039073,318733.2499999999,318733.2499999999,0
30039074,313.81,313.81,0
30039076,13046.31,13046.31,0
30039077,1581428.53,1581428.53,0
30039078,590.36,590.36,0
30039079,11162326.66,11162326.66,0
30039081,26.99,26.99,0
30039082,1383820.25,1383820.25,0
30039083,1991.4,1991.4,0
30039084,8393.85,8393.85,0
30039085,1099.85,1099.85,0
30039086,2935.4,2935.4,0
30039087,7135.47,7135.47,0
30039088,960.6,960.6,0
30039089,8900.970000000001,8900.970000000001,0
30039091,18863.8,18863.8,0
30039094,4459.389999999999,4459.389999999999,0
30039095,3446.81,3446.81,0
30039096,5926.259999999999,5926.259999999999,0
30039099,16411639.03,16411639.03,0
30041011,3979696.219999999,3979696.219999999,0
30041012,64380199.98,64380199.98,0
30041013,9084313.6,9084313.6,0
30041014,754191.66,754191.66,0
30041015,2864571.540000001,2864571.540000001,0
30041019,19304529.17,19304529.17,0
30041020,6867455.529999999,6867455.529999999,0
30042009,114,0,-114
30042011,49153.07999999999,49153.07999999999,0
30042019,36701788.99000001,36701788.99000001,0
30042021,2919.490000000001,2919.490000000001,0
30042029,79594388.88000001,79594388.88000001,0
30042031,28050.12,28050.12,0
30042032,1795.7,1795.7,0
30042039,44606.02,44606.02,0
30042041,11795375.78,11795375.78,0
30042049,70502.26,70502.26,0
30042051,5183.799999999999,5183.799999999999,0
30042052,3698550.73,3698550.73,0
30042059,36275674.51000001,36275674.51000001,0
30042061,3230402.929999999,3230402.929999999,0
30042063,60,60,0
30042069,3973551.18,3973551.18,0
30042072,397.28,397.28,0
30042073,31363.2,31363.2,0
30042079,9254799.52,9254799.52,0
30042090,2568.8,0,-2568.8
30042091,6052.25,6052.25,0
30042092,13009595.62,13009595.62,0
30042093,105,105,0
30042094,5743.87,5743.87,0
30042095,4770.41,4770.41,0
30042099,101640408.78,101640408.78,0
30043100,44451.54999999999,44451.54999999999,0
30043200,595.85,595.85,0
30043210,6020496.740000002,6020496.740000002,0
30043220,15936.29,15936.29,0
30043290,6188048.09,6188048.09,0
30043911,139766466.68,139766466.68,0
30043912,572783.3,572783.3,0
30043913,54363.42,54363.42,0
30043914,33.9,33.9,0
30043915,52851455.24999999,52851455.24999999,0
30043916,229731.73,229731.73,0
30043917,8364853.870000003,8364853.870000003,0
30043918,180545.62,180545.62,0
30043919,73913.20999999999,73913.20999999999,0
30043921,6095658.54,6095658.54,0
30043922,3055000.55,3055000.55,0
30043923,37.8,37.8,0
30043925,125.7,125.7,0
30043926,1635,1635,0
30043927,52075.12,52075.12,0
30043929,9372383.88,9372383.88,0
30043931,3037.5,3037.5,0
30043932,159.9,159.9,0
30043933,31241.56,31241.56,0
30043936,6022.08,6022.08,0
30043937,1023.57,1023.57,0
30043939,97451347.55000003,97451347.55000003,0
30043981,92756.99999999999,92756.99999999999,0
30043990,1318.86,1318.86,0
30043991,6547281.02,6547281.02,0
30043992,22345.47999999999,22345.47999999999,0
30043994,15928.08,15928.08,0
30043999,32877512.68,32877512.68,0
30044030,117,117,0
30044040,76.71,76.71,0
30044090,15791.89,15791.89,0
30044100,36765.82000000001,36765.82000000001,0
30044200,23036.62,23036.62,0
30044240,113.4,0,-113.4
30044300,246667.5,246667.5,0
30044503,251.3,0,-251.3
30044900,75,0,-75
30044910,724.5,724.5,0
30044920,152207.72,152207.72,0
30044930,3478.46,3478.46,0
30044940,43495.77,43495.77,0
30044950,162.36,162.36,0
30044990,15865861.97,15865861.97,0
30045000,190.88,0,-190.88
30045010,8499.17,8499.17,0
30045020,2121533.49,2121533.49,0
30045030,8577093.17,8577093.17,0
30045040,6111444.919999999,6111444.919999999,0
30045050,276311.44,276311.44,0
30045060,65258.08,65258.08,0
30045090,88329073.03000002,88329073.03000002,0
30046000,7570566.04,7570566.04,0
30046900,46.65,0,-46.65
30049002,50.95,0,-50.95
30049006,140.84,0,-140.84
30049011,17301.58,17301.58,0
30049012,9134.730000000001,9134.730000000001,0
30049013,6167.46,6167.46,0
30049014,505,505,0
30049019,522932.91,522932.91,0
30049020,30,0,-30
30049021,164291.9800000001,164291.9800000001,0
30049022,1299.46,1299.46,0
30049023,1380816.28,1380816.28,0
30049024,4694686.810000001,4694686.810000001,0
30049025,3330.48,3330.48,0
30049026,15876.71,15876.71,0
30049027,147.24,147.24,0
30049028,375.54,375.54,0
30049029,18934492.95,18934492.95,0
30049031,20.6,20.6,0
30049032,186435.55,186435.55,0
30049033,155417.62,155417.62,0
30049034,14487.92,14487.92,0
30049035,28824.65999999999,28824.65999999999,0
30049036,28755.92,28755.92,0
30049037,3281172.15,3281172.15,0
30049038,986.31,986.31,0
30049039,6022323.730000001,6022323.730000001,0
30049041,693320.75,693320.75,0
30049042,25095.35,25095.35,0
30049043,1217803.59,1217803.59,0
30049044,1310.33,1310.33,0
30049045,371208.49,371208.49,0
30049046,2485409.78,2485409.78,0
30049047,137229.67,137229.67,0
30049048,850.4000000000001,850.4000000000001,0
30049049,4839187.100000001,4839187.100000001,0
30049051,2288.01,2288.01,0
30049052,1587.5,1587.5,0
30049053,1509.91,1509.91,0
30049054,17553.99,17553.99,0
30049055,33046697.54999999,33046697.54999999,0
30049057,2187.24,2187.24,0
30049058,1790.7,1790.7,0
30049059,163376261.26,163376261.26,0
30049061,1715500.91,1715500.91,0
30049062,57527260.31999999,57527260.31999999,0
30049063,13553511.56,13553511.56,0
30049064,92852.61000000002,92852.61000000002,0
30049065,41230.09,41230.09,0
30049066,148828.76,148828.76,0
30049067,25839869.63,25839869.63,0
30049068,358442.6300000001,358442.6300000001,0
30049069,55576784.38,55576784.38,0
30049071,8114519.990000001,8114519.990000001,0
30049072,3130504.9,3130504.9,0
30049073,12917590.27,12917590.27,0
30049074,76821.56999999999,76821.56999999999,0
30049075,8219.13,8219.13,0
30049076,44520.52,44520.52,0
30049077,70498.99,70498.99,0
30049078,183032.92,183032.92,0
30049079,64685155.95,64685155.95,0
30049083,380,0,-380
30049090,2736.25,0,-2736.25
30049091,52744.62999999999,52744.62999999999,0
30049092,55996.25999999999,55996.25999999999,0
30049093,4284.25,4284.25,0
30049094,56487.92,56487.92,0
30049095,191095.45,191095.45,0
30049096,4138787.6,4138787.6,0
30049097,132,132,0
30049098,37374.68,37374.68,0
30049099,99120003.45999998,99120003.45999998,0
30049199,28.5,0,-28.5
30049322,105,0,-105
30049909,1745,0,-1745
30049910,30.02,0,-30.02
30050000,612,0,-612
30051010,27866.21,27866.21,0
30051019,132.35,132.35,0
30051020,114760.04,114760.04,0
30051030,153388.54,153388.54,0
30051040,269.42,269.42,0
30051050,115330.15,115330.15,0
30051090,843333.35,843333.35,0
30055990,26.4,0,-26.4
30059000,51.8,0,-51.8
30059011,819.88,819.88,0
30059012,1220.8,1220.8,0
30059019,105352.86,105352.86,0
30059020,25952.13,25952.13,0
30059090,2944826.719999999,2944826.719999999,0
30059099,19.28,0,-19.28
30061010,24761.17,24761.17,0
30061019,10.35,10.35,0
30061020,12847.54,12847.54,0
30061090,1450106.71,1450106.71,0
30062000,25,25,0
30063011,608.2,608.2,0
30063012,234.5,234.5,0
30063016,783.25,783.25,0
30063017,510.72,510.72,0
30063018,3568.77,3568.77,0
30063019,4420,4420,0
30063021,690,690,0
30063029,21876.63,21876.63,0
30064011,275406.6800000001,275406.6800000001,0
30064012,461693.7399999999,461693.7399999999,0
30064020,44321.06,44321.06,0
30065000,109665.74,109665.74,0
30066000,1227489.2,1227489.2,0
30067000,288414.77,288414.77,0
30069110,54497.53999999999,54497.53999999999,0
30069190,24815.16,24815.16,0
30069200,264.76,264.76,0
30069300,557336.08,557336.08,0
30081020,500,0,-500
30082011,20.82,0,-20.82
30082029,34200,0,-34200
30089198,151.52,0,-151.52
30089199,3521.81,0,-3521.81
30089329,475510,0,-475510
30089429,128.94,0,-128.94
30089993,8246,0,-8246
30089999,4998.88,0,-4998.88
30101001,4117.68,0,-4117.68
30102012,425,0,-425
30140090,47.48,0,-47.48
30141052,233.8,0,-233.8
30169090,102.44,0,-102.44
30172300,48.72,0,-48.72
30174090,666.54,0,-666.54
30183119,4,0,-4
30200010,90,0,-90
30201010,57,0,-57
30239000,47.5,0,-47.5
30249041,30,0,-30
30250000,14.99,0,-14.99
30254900,108.42,0,-108.42
30259090,4,0,-4
30269090,787.64,0,-787.64
30305101,56,0,-56
30322000,85,0,-85
30350000,184.65,0,-184.65
30402500,3895.889999999999,0,-3895.889999999999
30422099,540,0,-540
30500018,1920,0,-1920
30613990,179.39,0,-179.39
30830000,82.3,0,-82.3
30870899,633,0,-633
30929091,739.6500000000001,0,-739.6500000000001
30980000,1344,0,-1344
30989000,40,0,-40
31010000,1704668313.79,1704668313.79,0
31021000,15130,0,-15130
31021010,4574602821.83,4574602821.83,0
31021090,627999323.96,627999323.96,0
31022100,2042027643.1,2042027643.1,0
31022910,436944.04,436944.04,0
31022990,142633846.19,142633846.19,0
31023000,68406117.72999999,68406117.72999999,0
31024000,327315648.74,327315648.74,0
31025000,26.5,0,-26.5
31025011,62037184.37999999,62037184.37999999,0
31025019,979686.5,979686.5,0
31025090,69427554.29,69427554.29,0
31026000,101171356.98,101171356.98,0
31028000,232291661.71,232291661.71,0
31029000,2179768357.36,2179768357.36,0
31029090,479873.44,0,-479873.44
31031010,6756651.09,6756651.09,0
31031030,282784.8800000001,282784.8800000001,0
31031100,1520805097.97,1520805097.97,0
31031900,4268548404.75,4268548404.75,0
31039011,483660519.17,483660519.17,0
31039019,73421880.31999998,73421880.31999998,0
31039090,1047229971.99,1047229971.99,0
31039291,27600,0,-27600
31040020,387.2,0,-387.2
31042010,3269726210.340001,3269726210.340001,0
31042090,8074147013.32,8074147013.32,0
31043010,99380541.58999999,99380541.58999999,0
31043090,24703568.54,24703568.54,0
31049010,2413772.88,2413772.88,0
31049090,847105659.8100001,847105659.8100001,0
31050000,311700,0,-311700
31051000,979084144.8399999,979084144.8399999,0
31052000,17452745347.62,17453330347.62,585000
31052090,585000,0,-585000
31053000,181665558.47,181665558.47,0
31053090,134302.95,134302.95,0
31054000,4137290563.3,4137290563.3,0
31054010,390000,0,-390000
31055000,198002.05,0,-198002.05
31055100,395778806.77,395778806.77,0
31055900,5710933029.73,5710933029.73,0
31056000,1907976608.42,1907976608.42,0
31059010,68901.95,0,-68901.95
31059011,107853549.28,107853549.28,0
31059019,306821537.28,306821537.28,0
31059030,1440,0,-1440
31059090,8217602046.319999,8217602046.319999,0
31089010,58.6,0,-58.6
31089199,54280,0,-54280
31100012,188,0,-188
31129090,91,0,-91
31141010,243,0,-243
31141020,1040,0,-1040
31151900,570,0,-570
31174090,3.33,0,-3.33
31191090,16,0,-16
31200100,35,0,-35
31219999,33.71,0,-33.71
31811500,10,0,-10
31822007,868.8599999999999,0,-868.8599999999999
32011000,8346.880000000001,8346.880000000001,0
32012000,393759.63,393759.63,0
32019000,70.9,0,-70.9
32019011,3556,3556,0
32019012,1543.5,1543.5,0
32019019,124937.38,124937.38,0
32019020,221877.68,221877.68,0
32019090,1545210.2,1545210.2,0
32021000,119719.67,119719.67,0
32029000,48840,0,-48840
32029011,744.98,744.98,0
32029012,259.92,259.92,0
32029013,74098,74098,0
32029019,12899.05,12899.05,0
32029021,118,118,0
32029029,1013.88,1013.88,0
32030012,274,274,0
32030013,470,470,0
32030019,767736.77,767736.77,0
32030021,6400.29,6400.29,0
32030029,75127.22,75127.22,0
32030030,767408.77,767408.77,0
32041010,500,0,-500
32041020,210,0,-210
32041100,4682378.11,4682378.11,0
32041210,133420.48,133420.48,0
32041220,5731.42,5731.42,0
32041247,171,0,-171
32041300,381958.9000000001,381958.9000000001,0
32041400,17945.88,17945.88,0
32041510,35.5,35.5,0
32041520,56.21,56.21,0
32041530,205.65,205.65,0
32041590,26434.1,26434.1,0
32041600,39959.24000000001,39959.24000000001,0
32041700,4213289.73,4213289.73,0
32041810,9570148.5,9570148.5,0
32041820,2301638.95,2301638.95,0
32041830,19640.35,19640.35,0
32041890,3576.02,3576.02,0
32041911,25,25,0
32041912,20939,20939,0
32041913,354.08,354.08,0
32041920,83610.73,83610.73,0
32041930,16688.51,16688.51,0
32041990,456333.16,456333.16,0
32042011,4178.72,4178.72,0
32042019,917.62,917.62,0
32042090,7295.22,7295.22,0
32042900,107.8,0,-107.8
32049000,3339987.06,3339987.06,0
32049039,305.68,0,-305.68
32050000,30040.73,30040.73,0
32053003,2000,0,-2000
32054000,149.4,0,-149.4
32061010,500.6,0,-500.6
32061110,256348.93,256348.93,0
32061111,165.84,165.84,0
32061119,3149.4,3149.4,0
32061120,2608.15,2608.15,0
32061130,48685.81,48685.81,0
32061910,3626473.36,3626473.36,0
32061990,4895771.79,4895771.79,0
32062000,6952.25,6952.25,0
32064100,40757.71,40757.71,0
32064290,64,64,0
32064900,88,88,0
32064920,202,202,0
32064990,8013667.130000002,8013667.130000002,0
32065011,2636,2636,0
32065019,985,985,0
32065021,2523.02,2523.02,0
32065029,8747.36,8747.36,0
32071010,420.19,420.19,0
32071090,25603.15,25603.15,0
32072010,147134.58,147134.58,0
32072099,16423.49,16423.49,0
32073000,183367.03,183367.03,0
32073029,216,0,-216
32074010,29212.5,29212.5,0
32074090,43268.85,43268.85,0
32075011,82.46,0,-82.46
32080000,110,0,-110
32081000,175.18,0,-175.18
32081010,43293807.48999998,43293807.48999998,0
32081011,613.8,0,-613.8
32081020,5897710.020000002,5897710.020000002,0
32081030,9787.4,9787.4,0
32081090,8020,0,-8020
32082010,6113.63,6113.63,0
32082011,4691133.84,4691133.84,0
32082019,14044882.51,14044882.51,0
32082020,3916867.68,3916867.68,0
32082030,44945.13,44945.13,0
32083010,525,0,-525
32083019,20.58,0,-20.58
32088010,750,0,-750
32088019,39,0,-39
32089000,928.77,0,-928.77
32089002,1620,0,-1620
32089010,62616771.2,62616771.2,0
32089019,125.92,0,-125.92
32089021,194894.72,194894.72,0
32089029,7077883.08,7077883.08,0
32089031,169381.2,169381.2,0
32089039,536144.29,536144.29,0
32089100,147.16,0,-147.16
32089299,10805.96,0,-10805.96
32090000,421,0,-421
32090010,89.9,0,-89.9
32090101,175.9,0,-175.9
32091000,250,0,-250
32091010,175993214.9400001,175993214.9400001,0
32091011,359.8,0,-359.8
32091020,3052010.390000002,3052010.390000002,0
32092019,90,0,-90
32092020,3960,0,-3960
32092355,220,0,-220
32094990,297,0,-297
32095011,114,0,-114
32095252,350,0,-350
32095558,84,0,-84
32095874,24,0,-24
32099011,177410.76,177410.76,0
32099019,7028977.2,7028977.2,0
32099020,251565.39,251565.39,0
32100000,22.14,0,-22.14
32100010,801113.98,801113.98,0
32100020,50568.46,50568.46,0
32100030,4035.28,4035.28,0
32101000,187.4,0,-187.4
32110000,130587.27,130587.27,0
32110100,21,0,-21
32119390,23.18,0,-23.18
32121000,15790.68,15790.68,0
32121010,30.1,0,-30.1
32123212,77.8,0,-77.8
32129010,119211.31,119211.31,0
32129090,848738.6400000001,848738.6400000001,0
32131000,162640.43,162640.43,0
32139000,18848.95,18848.95,0
32140000,60,0,-60
32140090,664.64,0,-664.64
32140900,2496,0,-2496
32141000,483.8,0,-483.8
32141002,300,0,-300
32141010,18290055.88,18290055.88,0
32141013,1410.24,0,-1410.24
32141020,27003368.76,27003368.76,0
32141023,85,0,-85
32141090,86.84,0,-86.84
32141900,84,0,-84
32144900,1550,0,-1550
32149000,91629216.71,91629216.71,0
32149090,805,0,-805
32149099,13.15,0,-13.15
32151100,1523132.1,1523132.1,0
32151900,1618591.95,1618591.95,0
32154678,575,0,-575
32155900,163.9,0,-163.9
32159000,6245839.550000001,6245839.550000001,0
32159100,105,0,-105
32165465,70.95,0,-70.95
32172300,186,0,-186
32174090,69.70000000000002,0,-69.70000000000002
32200000,150,0,-150
32209990,22.16,0,-22.16
32211900,1260,0,-1260
32229000,220,0,-220
32232190,721.0700000000002,0,-721.0700000000002
32239000,12,0,-12
32241000,423.44,0,-423.44
32244000,1426,0,-1426
32245000,31.25,0,-31.25
32249000,566.1000000000001,0,-566.1000000000001
32249041,3876,0,-3876
32249941,905.1,0,-905.1
32251000,3.64,0,-3.64
32259090,7,0,-7
32269090,1816.79,0,-1816.79
32290000,861.3399999999999,0,-861.3399999999999
32310000,1236,0,-1236
32323232,41.8,0,-41.8
32326633,130,0,-130
32409000,971.96,0,-971.96
32439000,67.2,0,-67.2
32454646,55,0,-55
32540000,320.84,0,-320.84
32605000,10,0,-10
32629008,7990,0,-7990
32659863,74,0,-74
32659874,143.5,0,-143.5
32690900,41.8,0,-41.8
32893289,800,0,-800
32901010,455,0,-455
32923007,50,0,-50
32992811,375.35,0,-375.35
33010000,5044.6,0,-5044.6
33011210,652073.2799999999,652073.2799999999,0
33011290,1191557.1,1191557.1,0
33011300,45133.65,45133.65,0
33011910,2975.72,2975.72,0
33011990,82152.99,82152.99,0
33012400,62681.1,62681.1,0
33012510,2838.25,2838.25,0
33012520,1970.72,1970.72,0
33012590,72330.04999999999,72330.04999999999,0
33012600,131.88,131.88,0
33012911,73137.69,73137.69,0
33012912,2082.29,2082.29,0
33012913,36.3,36.3,0
33012914,3671.15,3671.15,0
33012915,166,166,0
33012916,92.3,92.3,0
33012917,629,629,0
33012919,3686711.99,3686711.99,0
33012921,100560.2,100560.2,0
33012922,3064.64,3064.64,0
33012990,1475399.06,1475399.06,0
33013000,1087.46,1087.46,0
33019010,366509.08,366509.08,0
33019019,200,0,-200
33019020,1037267.68,1037267.68,0
33019030,410748.3,410748.3,0
33019040,87496.08,87496.08,0
33021000,1034139.67,1034139.67,0
33029011,232.93,232.93,0
33029019,764240.5599999999,764240.5599999999,0
33029090,4735.19,4735.19,0
33029091,16999.96,16999.96,0
33029099,1746173.84,1746173.84,0
33029119,57.8,0,-57.8
33030010,2390612.899999999,2390612.899999999,0
33030020,2863380.039999999,2863380.039999999,0
33032052,550,0,-550
33040999,82.17,0,-82.17
33041000,670875.2299999997,670875.2299999997,0
33041700,56.9,0,-56.9
33042010,491700.0800000002,491700.0800000002,0
33042090,139691.54,139691.54,0
33043000,349426.02,349426.02,0
33043304,634.99,0,-634.99
33049090,3548.290000000001,0,-3548.290000000001
33049100,319773.83,319773.83,0
33049900,84,0,-84
33049910,3270054.24,3270054.24,0
33049990,7819339.859999999,7819339.859999999,0
33050000,121.75,0,-121.75
33051000,3480242.659999997,3480242.659999997,0
33052000,74978.87,74978.87,0
33053000,56782.07000000001,56782.07000000001,0
33059000,4926799.729999997,4926799.729999997,0
33059001,674.2699999999999,0,-674.2699999999999
33061000,1930173.289999999,1930173.289999999,0
33061090,73.78,0,-73.78
33062000,204563.49,204563.49,0
33069000,415153.1200000001,415153.1200000001,0
33069090,63.6,0,-63.6
33071000,86159.02999999998,86159.02999999998,0
33071900,90.5,0,-90.5
33072000,759.18,0,-759.18
33072010,3034212.769999998,3034212.769999998,0
33072090,824765.3799999999,824765.3799999999,0
33072099,19.9,0,-19.9
33073000,37331.43,37331.43,0
33073900,6,0,-6
33074000,69.3,0,-69.3
33074100,29805.31999999999,29805.31999999999,0
33074800,989.92,0,-989.92
33074900,4230381.329999998,4230381.329999998,0
33079000,6946388.399999999,6946388.399999999,0
33079400,13.9,0,-13.9
33166785,270,0,-270
33181100,75,0,-75
33181500,7.6,0,-7.6
33230000,623.4499999999999,0,-623.4499999999999
33269090,180,0,-180
33308021,898,0,-898
33322211,543120.3999999999,0,-543120.3999999999
33333333,417.8,0,-417.8
33666622,156425.5,0,-156425.5
33903617,120,0,-120
34007019,11.12,0,-11.12
34011110,182285.58,182285.58,0
34011119,1000,0,-1000
34011190,4637698.979999995,4637698.979999995,0
34011199,145.31,0,-145.31
34011900,4945779.859999998,4945779.859999998,0
34011903,167.34,0,-167.34
34012000,121.34,0,-121.34
34012001,65,0,-65
34012010,1217983.8,1217983.8,0
34012090,4333788.72,4333788.72,0
34013000,3024560.999999999,3024560.999999999,0
34013030,7,0,-7
34019031,234,0,-234
34020000,3802.46,0,-3802.46
34020200,1810,0,-1810
34020900,25,0,-25
34021110,2850,2850,0
34021120,655.1999999999999,655.1999999999999,0
34021130,540,540,0
34021140,351882.47,351882.47,0
34021190,148950.9000000001,148950.9000000001,0
34021200,492,0,-492
34021290,11176.63,11176.63,0
34021300,1440829.89,1440829.89,0
34021900,29622.93000000001,29622.93000000001,0
34022000,1154103.39,1154103.39,0
34022020,144,0,-144
34022200,841.1900000000002,0,-841.1900000000002
34022500,2136.300000000001,0,-2136.300000000001
34022903,24.4,0,-24.4
34023100,2121640.91,2121640.91,0
34023910,5702.47,5702.47,0
34023920,1752.36,1752.36,0
34023930,87641.43000000002,87641.43000000002,0
34023990,5871044.73,5871044.73,0
34024110,20411.41,20411.41,0
34024190,1812250.95,1812250.95,0
34024200,117698474.72,117698474.72,0
34024490,85,0,-85
34024900,3037776.280000001,3037776.280000001,0
34025000,42007958.46000005,42007958.46000005,0
34029000,215.7,0,-215.7
34029002,281.14,0,-281.14
34029011,44106705.19000001,44106705.19000001,0
34029019,23555687.13,23555687.13,0
34029020,232,232,0
34029021,25211.96,25211.96,0
34029022,105240.92,105240.92,0
34029023,10086.81,10086.81,0
34029029,299400616.6,299400616.6,0
34029030,808.28,0,-808.28
34029031,7742446.48,7742446.48,0
34029036,280,0,-280
34029039,65484731.37,65484731.37,0
34029090,60577000.16000002,60577000.16000002,0
34029639,1200,0,-1200
34031110,8528.2,8528.2,0
34031120,10645.33,10645.33,0
34031190,257814.93,257814.93,0
34031900,19664476.51,19664476.51,0
34034000,395,0,-395
34036000,3832.8,0,-3832.8
34039019,9.1,0,-9.1
34039110,3255,3255,0
34039120,4820.29,4820.29,0
34039190,10976.59,10976.59,0
34039900,4968275.27,4968275.27,0
34042010,41473.62,41473.62,0
34042019,441,0,-441
34042020,92285.58999999998,92285.58999999998,0
34042079,740,0,-740
34043917,1075,0,-1075
34049011,32673.45,32673.45,0
34049012,20288.71,20288.71,0
34049013,2103.74,2103.74,0
34049014,8921,8921,0
34049019,95191.68,95191.68,0
34049021,38061.78,38061.78,0
34049022,134.62,134.62,0
34049029,146310.8400000001,146310.8400000001,0
34049037,21282,0,-21282
34049990,7.79,0,-7.79
34050000,106.94,0,-106.94
34051000,243954.19,243954.19,0
34052000,1954513.17,1954513.17,0
34052001,856,0,-856
34053000,2958968.23,2958968.23,0
34053990,65.74,0,-65.74
34054000,1165102.739999999,1165102.739999999,0
34055400,680.9000000000001,0,-680.9000000000001
34058200,55,0,-55
34059000,1995847.26,1995847.26,0
34060000,743563.28,743563.28,0
34070010,60867.63000000001,60867.63000000001,0
34070020,104835.13,104835.13,0
34070090,38567.02,38567.02,0
34090000,54.97,0,-54.97
34099103,220,0,-220
34102000,1777.23,0,-1777.23
34102010,39.6,0,-39.6
34121002,10.5,0,-10.5
34122090,560.2,0,-560.2
34139190,149.7,0,-149.7
34140090,2598.5,0,-2598.5
34141010,407,0,-407
34141020,5550.53,0,-5550.53
34149039,360,0,-360
34173900,45,0,-45
34174090,72.5,0,-72.5
34201000,5034.560000000001,0,-5034.560000000001
34201100,18,0,-18
34204390,69.9,0,-69.9
34205000,120,0,-120
34213990,72.05,0,-72.05
34220000,110.02,0,-110.02
34239040,391,0,-391
34241000,1270,0,-1270
34248119,3330,0,-3330
34249000,111.92,0,-111.92
34329000,1556.4,0,-1556.4
34500000,8,0,-8
34663600,465,0,-465
34909000,26,0,-26
34951034,174.9,0,-174.9
35001090,9,0,-9
35011000,3351.48,3351.48,0
35019011,1556.6,1556.6,0
35019019,2423.61,2423.61,0
35019020,37074.03,37074.03,0
35021090,372.68,0,-372.68
35021100,25212.41,25212.41,0
35021900,9371.490000000002,9371.490000000002,0
35022000,324485.71,324485.71,0
35029010,2304.75,2304.75,0
35029090,2067.32,2067.32,0
35030001,3935.4,0,-3935.4
35030011,421.99,421.99,0
35030012,1397.12,1397.12,0
35030019,87868.53000000001,87868.53000000001,0
35030090,2846.34,2846.34,0
35031090,25,0,-25
35040011,57851.46000000001,57851.46000000001,0
35040019,14939.91,14939.91,0
35040020,548572.84,548572.84,0
35040030,78643.04999999999,78643.04999999999,0
35040090,49366.93,49366.93,0
35051000,1910238.02,1910238.02,0
35051050,546,0,-546
35052000,402599.2699999999,402599.2699999999,0
35052099,29.9,0,-29.9
35059090,26150,0,-26150
35060000,776.37,0,-776.37
35060252,32.5,0,-32.5
35061000,1055.31,0,-1055.31
35061010,2795990.429999999,2795990.429999999,0
35061019,311.5,0,-311.5
35061090,32672033.48999999,32672033.48999999,0
35061092,91.02,0,-91.02
35061099,394,0,-394
35061100,954,0,-954
35061200,30000,0,-30000
35061990,139.9,0,-139.9
35066190,743.2800000000001,0,-743.2800000000001
35069000,2.11,0,-2.11
35069102,589,0,-589
35069109,29,0,-29
35069110,5670006.830000001,5670006.830000001,0
35069111,65,0,-65
35069120,10792317.52,10792317.52,0
35069142,2535,0,-2535
35069160,1529,0,-1529
35069190,13929140.06,13929140.06,0
35069900,3343256.69,3343256.69,0
35069901,1423,0,-1423
35071000,455030,455030,0
35072000,2199,0,-2199
35079011,179436.48,179436.48,0
35079019,611991.26,611991.26,0
35079022,169.08,169.08,0
35079025,84.23,84.23,0
35079026,3973.66,3973.66,0
35079029,336415.24,336415.24,0
35079039,4481191.17,4481191.17,0
35079041,30123.36,30123.36,0
35079042,2805.67,2805.67,0
35079049,117849944.74,117849944.74,0
35081010,11,0,-11
35091090,63.64,0,-63.64
35101090,162,0,-162
35121555,38,0,-38
35123155,15,0,-15
35161000,4,0,-4
35161090,389,0,-389
35173290,10.04,0,-10.04
35259090,46.4,0,-46.4
35262353,280,0,-280
35262555,120,0,-120
35269090,5000,0,-5000
35301090,42727.2,0,-42727.2
35301300,60,0,-60
35456300,203.02,0,-203.02
35545244,570,0,-570
35619090,25,0,-25
35665898,284.53,0,-284.53
35687122,202.3,0,-202.3
35691100,140,0,-140
35847112,6.99,0,-6.99
35896321,240,0,-240
35950000,263.76,0,-263.76
35961010,14,0,-14
36010000,342224.98,342224.98,0
36020000,25139,25139,0
36030000,62,62,0
36030002,386.96,0,-386.96
36030030,5488.5,5488.5,0
36031000,80324.02,80324.02,0
36032000,62.5,62.5,0
36033000,186349.71,186349.71,0
36034000,244569.4700000001,244569.4700000001,0
36036000,17736.04,17736.04,0
36039000,22,0,-22
36041000,831779.6900000001,831779.6900000001,0
36049010,13365.08,13365.08,0
36049090,120502.84,120502.84,0
36050000,306068.6200000001,306068.6200000001,0
36051090,10,0,-10
36055000,193.92,0,-193.92
36061000,56851.61000000001,56851.61000000001,0
36061010,70,0,-70
36061090,8.3,0,-8.3
36069000,24944.86000000001,24944.86000000001,0
36069110,300,0,-300
36069190,96,0,-96
36099000,2068.36,0,-2068.36
36140090,1991.44,0,-1991.44
36169090,75,0,-75
36173900,74.8,0,-74.8
36174090,7,0,-7
36231090,349,0,-349
36232190,29.76,0,-29.76
36241000,237.5,0,-237.5
36249941,25,0,-25
36251478,660,0,-660
36259090,9,0,-9
36263000,8600,0,-8600
36269090,1285.6,0,-1285.6
36307201,10.7,0,-10.7
36520120,920,0,-920
36520140,29,0,-29
36565566,3800,0,-3800
36565656,50,0,-50
36955656,162,0,-162
36958632,2040,0,-2040
36965556,35,0,-35
36985214,479,0,-479
36985623,390,0,-390
36985698,680,0,-680
36986332,78,0,-78
36988557,120,0,-120
36988787,90,0,-90
36988855,112,0,-112
36988877,4200,0,-4200
36988885,476,0,-476
36998877,135,0,-135
36999777,80,0,-80
37011010,30999.73,30999.73,0
37011021,11177.62,11177.62,0
37011029,2592.89,2592.89,0
37012010,75891.93000000001,75891.93000000001,0
37012020,564.3600000000001,564.3600000000001,0
37013010,3.46,3.46,0
37013021,221703.44,221703.44,0
37013022,121876.2,121876.2,0
37013029,15162,15162,0
37013031,16488.99,16488.99,0
37013039,20472.96,20472.96,0
37013040,1482.28,1482.28,0
37013050,140,140,0
37013090,13310,13310,0
37019100,548.16,548.16,0
37019900,771.1999999999999,771.1999999999999,0
37023100,640,640,0
37023200,11.5,11.5,0
37024100,98.4,98.4,0
37024210,649.5,649.5,0
37024290,40,40,0
37024310,6489.729999999999,6489.729999999999,0
37024320,90.82,90.82,0
37024390,108814.24,108814.24,0
37024421,500,500,0
37024422,19345,19345,0
37025200,1868.7,1868.7,0
37025300,1762.65,1762.65,0
37025411,189.8,189.8,0
37025412,2740.88,2740.88,0
37025419,460.8,460.8,0
37025491,7,7,0
37025600,64,64,0
37029600,1223.99,1223.99,0
37029700,260,260,0
37029800,3.2,3.2,0
37031010,14840.08,14840.08,0
37031021,214372.12,214372.12,0
37031029,79.94000000000001,79.94000000000001,0
37032000,3440.48,3440.48,0
37039010,4779.780000000001,4779.780000000001,0
37039090,76840.72000000002,76840.72000000002,0
37040000,14546.39,14546.39,0
37050010,1577,1577,0
37050090,22654.07,22654.07,0
37059010,4,4,0
37059090,90,90,0
37061000,13.22,13.22,0
37069000,322.8200000000001,322.8200000000001,0
37071000,160,160,0
37074900,80,0,-80
37079010,11926.56,11926.56,0
37079021,220204.23,220204.23,0
37079029,21539.07,21539.07,0
37079030,19.5,19.5,0
37079090,2646,2646,0
37082999,445.5,0,-445.5
37089300,680,0,-680
37140090,20026.23,0,-20026.23
37173300,6,0,-6
37173900,11.16,0,-11.16
37174090,515.1999999999999,0,-515.1999999999999
37182100,13.4,0,-13.4
37192300,93.85,0,-93.85
37193229,74.8,0,-74.8
37193900,66.65,0,-66.65
37194090,60.38,0,-60.38
37480441,1860.3,0,-1860.3
37598529,8,0,-8
38000000,3498.8,0,-3498.8
38000010,120,0,-120
38000215,12,0,-12
38001619,3960,0,-3960
38009919,89.97,0,-89.97
38011000,193879.5900000001,193879.5900000001,0
38012010,35372.8,35372.8,0
38012090,1194536.36,1194536.36,0
38013010,5076.89,5076.89,0
38013090,14616.72,14616.72,0
38019000,139837.71,139837.71,0
38021000,632324.3399999999,632324.3399999999,0
38021010,60.5,0,-60.5
38021090,70070,0,-70070
38024999,29931.2,0,-29931.2
38029010,11563.92,11563.92,0
38029020,1152498.24,1152498.24,0
38029030,2712.05,2712.05,0
38029040,463595.5699999999,463595.5699999999,0
38029050,100,100,0
38029090,157503.24,157503.24,0
38030010,415.88,415.88,0
38030090,547051.8,547051.8,0
38039990,478,0,-478
38040011,47.9,47.9,0
38040012,33076.2,33076.2,0
38040020,123858.24,123858.24,0
38051000,4911.08,4911.08,0
38052000,135,135,0
38053020,2.85,0,-2.85
38059010,2172.33,2172.33,0
38059090,213313.91,213313.91,0
38061000,6389.35,6389.35,0
38061090,23.54,0,-23.54
38062000,18441.84,18441.84,0
38063000,246.59,246.59,0
38069011,466275,466275,0
38069012,3756.84,3756.84,0
38069019,71,71,0
38069090,68382.12000000001,68382.12000000001,0
38070000,2002717.02,2002717.02,0
38070003,71.7,0,-71.7
38075010,885.4,0,-885.4
38080000,383603.76,0,-383603.76
38080199,6459500,0,-6459500
38081010,1127463.64,1127463.64,0
38081021,17040,17040,0
38081022,375536.9999999999,375536.9999999999,0
38081025,397,397,0
38081026,975.76,975.76,0
38081027,5147.700000000001,5147.700000000001,0
38081029,2162404.94,2162404.94,0
38081099,1988.5,0,-1988.5
38082010,816974.18,816974.18,0
38082019,78,0,-78
38082024,5208.41,5208.41,0
38082025,90729.3,90729.3,0
38082029,1596566.24,1596566.24,0
38082099,2730,0,-2730
38083010,409616,409616,0
38083021,34649.75999999999,34649.75999999999,0
38083022,110080,110080,0
38083023,445786.47,445786.47,0
38083024,262574,262574,0
38083029,747434.13,747434.13,0
38083031,67.9,67.9,0
38083051,250,250,0
38083299,10240,0,-10240
38083419,692.5,0,-692.5
38083446,15.5,0,-15.5
38083922,30518.52,0,-30518.52
38084010,7088.690000000001,7088.690000000001,0
38084022,174.42,174.42,0
38084029,744.7000000000002,744.7000000000002,0
38084419,194.84,0,-194.84
38085010,12036.69,12036.69,0
38085021,72,72,0
38085029,645955.3999999994,645955.3999999994,0
38085200,1163622.49,1163622.49,0
38085455,74,0,-74
38085910,4702269.289999999,4702269.289999999,0
38085921,128354.99,128354.99,0
38085922,166028.2,166028.2,0
38085923,4707719.590000001,4707719.590000001,0
38085924,632.25,632.25,0
38085925,160308.48,160308.48,0
38085926,715893.5,715893.5,0
38085929,259478840.27,259478840.27,0
38086100,3425183.95,3425183.95,0
38086210,71620268.84,71620268.84,0
38086290,1547010679.04,1547010679.04,0
38086910,12046441.31,12046441.31,0
38086990,3426369613.340001,3426369613.340001,0
38086999,92020.66,0,-92020.66
38087029,200,0,-200
38088119,1682.9,0,-1682.9
38088323,80,0,-80
38088324,73628.5,0,-73628.5
38088999,1956.51,0,-1956.51
38089010,866.8,866.8,0
38089021,420962.2,420962.2,0
38089023,14559.9,14559.9,0
38089024,266762.23,266762.23,0
38089026,1097.9,1097.9,0
38089029,1031998.88,1031998.88,0
38089039,45,0,-45
38089046,2269.3,0,-2269.3
38089100,72844.32,0,-72844.32
38089110,60,60,0
38089111,6376002.559999999,6376002.559999999,0
38089119,141010910.42,141010910.42,0
38089120,5090844.97,5090844.97,0
38089122,36,36,0
38089123,240000,240000,0
38089124,78080,78080,0
38089125,75,75,0
38089126,211.5,211.5,0
38089128,45,45,0
38089129,1577706.68,1577706.68,0
38089132,5.95,0,-5.95
38089185,11030,0,-11030
38089187,88796,0,-88796
38089191,1687872489.72,1687872489.72,0
38089192,147390106.3700001,147390106.3700001,0
38089193,9272963.75,9272963.75,0
38089194,7437389.100000001,7437389.100000001,0
38089195,22230639.13,22230639.13,0
38089196,29904404.6,29904404.6,0
38089197,131163590.42,131163590.42,0
38089198,12041.67,12041.67,0
38089199,11798312331.39,11806216154.73,7903823.340000153
38089211,2982250.779999999,2982250.779999999,0
38089219,68521282.24000001,68521282.24000001,0
38089220,4352305.36,4352305.36,0
38089222,305112.94,305112.94,0
38089223,8380,8380,0
38089229,1459386.94,1459386.94,0
38089290,350,0,-350
38089291,251017124.62,251017124.62,0
38089292,4546044.86,4546044.86,0
38089293,1826672104.4,1826672104.4,0
38089294,2494328.549999999,2494328.549999999,0
38089295,6331056.359999999,6331056.359999999,0
38089296,28639922.24000001,28639922.24000001,0
38089297,264817014.86,264817014.86,0
38089299,14630402699.78,14630402699.78,0
38089311,756330.44,756330.44,0
38089319,39888195.74,39888195.74,0
38089320,718983.34,0,-718983.34
38089321,11265599.09,11265599.09,0
38089322,779580129.7599999,779580129.7599999,0
38089323,978083904.5699999,978083904.5699999,0
38089324,4660981886.599999,4660981886.599999,0
38089325,43944153.25000001,43944153.25000001,0
38089326,119575179.94,119575179.94,0
38089327,318248211.49,318248211.49,0
38089328,9985157.450000001,9985157.450000001,0
38089329,7665534745.860001,7665534745.860001,0
38089331,326855.16,326855.16,0
38089332,362281.47,362281.47,0
38089333,718880.41,718880.41,0
38089341,175684.27,175684.27,0
38089349,803025.1399999999,803025.1399999999,0
38089350,2898,0,-2898
38089351,34253.96,34253.96,0
38089352,2321,2321,0
38089359,787528489.5500001,787528489.5500001,0
38089399,4320,0,-4320
38089400,41.7,0,-41.7
38089410,861.8400000000001,861.8400000000001,0
38089411,100201.19,100201.19,0
38089414,130,0,-130
38089415,282.73,0,-282.73
38089419,27359290.83000001,27359290.83000001,0
38089421,16451.11,16451.11,0
38089422,21151.70999999999,21151.70999999999,0
38089424,134289.4,0,-134289.4
38089429,86555342.20000002,86555342.20000002,0
38089910,1000.69,1000.69,0
38089911,15190.93,15190.93,0
38089919,12643506.14,12643506.14,0
38089920,20838.02,20838.02,0
38089923,50000,50000,0
38089929,6.58,6.58,0
38089990,220,0,-220
38089991,24159528.91,24159528.91,0
38089992,2539035.59,2539035.59,0
38089993,388592616.48,388592616.48,0
38089994,10401020.29,10401020.29,0
38089995,559177166.83,559177166.83,0
38089996,14911109.36,14911109.36,0
38089999,1654782996.16,1654782996.16,0
38091010,108962.78,108962.78,0
38091090,74958.52,74958.52,0
38098999,1217.2,0,-1217.2
38099110,92190.04999999999,92190.04999999999,0
38099119,154,0,-154
38099120,1881.84,1881.84,0
38099130,560,560,0
38099140,895.5999999999999,0,-895.5999999999999
38099141,265848.02,265848.02,0
38099149,349039.46,349039.46,0
38099190,10286367.45,10286367.45,0
38099199,725340,0,-725340
38099211,4038,4038,0
38099219,12809.07,12809.07,0
38099290,233843.74,233843.74,0
38099299,80,0,-80
38099311,9123.71,9123.71,0
38099319,397268.94,397268.94,0
38099390,1030930.63,1030930.63,0
38099993,1328,0,-1328
38099999,3366,0,-3366
38100550,36,0,-36
38101010,845150.7000000001,845150.7000000001,0
38101020,847532.85,847532.85,0
38109000,632737.1399999998,632737.1399999998,0
38109001,106.59,0,-106.59
38111100,3050.25,3050.25,0
38111900,2224189.86,2224189.86,0
38111904,676,0,-676
38112110,477972.47,477972.47,0
38112120,942268.3999999999,942268.3999999999,0
38112130,45699.25000000001,45699.25000000001,0
38112140,197306.97,197306.97,0
38112150,10188184.03,10188184.03,0
38112190,2033185.469999999,2033185.469999999,0
38112910,2578.580000000002,2578.580000000002,0
38112920,203839.18,203839.18,0
38112990,399762.58,399762.58,0
38119010,6443286.359999999,6443286.359999999,0
38119090,33749575.64000001,33749575.64000001,0
38121000,250414.38,250414.38,0
38122000,234098.86,234098.86,0
38123019,8.55,8.55,0
38123021,23.87,23.87,0
38123912,76,76,0
38123919,5521.2,5521.2,0
38123929,92232.96,92232.96,0
38130010,63972.6,63972.6,0
38130030,305.01,305.01,0
38130040,330,330,0
38130090,1473644.83,1473644.83,0
38140000,12781.63,12781.63,0
38140010,304488.02,304488.02,0
38140020,39512.22999999999,39512.22999999999,0
38140030,8262.32,8262.32,0
38140040,416,0,-416
38140090,34011370.06999999,34011370.06999999,0
38144009,720,0,-720
38149000,2300,0,-2300
38151011,12700,0,-12700
38151100,48190.59,48190.59,0
38151200,6899.4,6899.4,0
38151210,789468.91,789468.91,0
38151220,9117.699999999999,9117.699999999999,0
38151290,207291.37,207291.37,0
38151900,835598.2899999999,835598.2899999999,0
38151910,326.04,326.04,0
38151911,298,0,-298
38151914,363,0,-363
38151920,4094.47,4094.47,0
38151930,1116.81,1116.81,0
38151990,1221,1221,0
38159010,1615.03,1615.03,0
38159091,2274.75,2274.75,0
38159092,89682.17000000001,89682.17000000001,0
38159099,187009.44,187009.44,0
38160010,8640,0,-8640
38160011,1030711.87,1030711.87,0
38160012,1872948.11,1872948.11,0
38160019,3030536.64,3030536.64,0
38160021,14153,14153,0
38160029,4967.700000000001,4967.700000000001,0
38160090,2528384.56,2528384.56,0
38170010,5125.8,5125.8,0
38172300,26.9,0,-26.9
38174090,129.75,0,-129.75
38180010,4124,4124,0
38180090,47861.54999999998,47861.54999999998,0
38181000,23990.9,0,-23990.9
38190000,11621426.21,11621426.21,0
38200000,28183942.27,28183942.27,0
38200006,1445,0,-1445
38202000,96,0,-96
38204900,720.1,0,-720.1
38206000,253.2,0,-253.2
38209990,10,0,-10
38210000,101389535.51,101389535.51,0
38220000,137,137,0
38220010,144,144,0
38220090,15526.34,15526.34,0
38221100,1922.6,1922.6,0
38221200,115384.33,115384.33,0
38221300,42031.1,42031.1,0
38221910,83008.10000000002,83008.10000000002,0
38221920,40455.48,40455.48,0
38221930,745325.5,745325.5,0
38221940,1667.03,1667.03,0
38221990,1034228.41,1034228.41,0
38222000,141,0,-141
38224000,2160.18,0,-2160.18
38224941,37.7,0,-37.7
38229000,3322177.17,3322177.17,0
38231100,9499.1,9499.1,0
38231200,387255.24,387255.24,0
38231300,776498.55,776498.55,0
38231910,678,678,0
38231990,8706499.969999999,8706499.969999999,0
38232110,9353,0,-9353
38235000,360,0,-360
38237010,3039.4,3039.4,0
38237020,4685.62,4685.62,0
38237040,216.8,216.8,0
38237090,459126.4300000001,459126.4300000001,0
38240000,698,0,-698
38241000,71001.7,71001.7,0
38241510,102,0,-102
38243000,2672.21,2672.21,0
38244000,10260711.97,10260711.97,0
38244400,310.75,0,-310.75
38244500,6760,0,-6760
38244941,80,0,-80
38245000,33091535.33000001,33091535.33000001,0
38246000,690.5300000000001,690.5300000000001,0
38247190,645585,645585,0
38247810,12655.1,12655.1,0
38247890,8126.04,8126.04,0
38247900,1761.3,1761.3,0
38248110,6149.9,6149.9,0
38248190,121965.62,121965.62,0
38248210,88,88,0
38248290,758.3,758.3,0
38248300,25.98,25.98,0
38248400,46182.57000000001,46182.57000000001,0
38248600,330,330,0
38248810,26752.73,26752.73,0
38248820,1156.54,1156.54,0
38248900,6745.39,6745.39,0
38249000,8943.85,0,-8943.85
38249001,10,0,-10
38249011,76.78,76.78,0
38249014,1020,1020,0
38249019,3480,3480,0
38249029,1777.59,1777.59,0
38249031,16351.23,16351.23,0
38249032,2737.53,2737.53,0
38249033,15,15,0
38249036,543,543,0
38249037,58,58,0
38249039,414.5,414.5,0
38249041,162764.6,162764.6,0
38249049,30537.45,30537.45,0
38249051,2128.95,2128.95,0
38249052,2263.6,2263.6,0
38249054,14038,14038,0
38249071,464,464,0
38249075,65.5,65.5,0
38249077,2864407.18,2864407.18,0
38249079,1130508.85,1130508.85,0
38249089,6382.299999999998,6382.299999999998,0
38249090,74,74,0
38249100,194163.57,194163.57,0
38249200,276292,276292,0
38249911,1552.11,1552.11,0
38249912,113.4,113.4,0
38249913,375,375,0
38249914,8331.86,8331.86,0
38249915,15.99,15.99,0
38249919,474260.67,474260.67,0
38249920,140,0,-140
38249921,81793.53,81793.53,0
38249922,636.98,636.98,0
38249923,508.8799999999999,508.8799999999999,0
38249924,83.73,83.73,0
38249925,4445.35,4445.35,0
38249929,2696560.45,2696560.45,0
38249931,3551243.850000001,3551243.850000001,0
38249932,435597.22,435597.22,0
38249933,1031.6,1031.6,0
38249934,2930.68,2930.68,0
38249935,16211.61,16211.61,0
38249936,2464,2464,0
38249939,590025.86,590025.86,0
38249941,46987731.86,46987731.86,0
38249942,306.56,306.56,0
38249943,628.4,628.4,0
38249949,474329.7299999999,474329.7299999999,0
38249951,188077.85,188077.85,0
38249952,30951810.82999999,30951810.82999999,0
38249953,10380,10380,0
38249954,49091.5,49091.5,0
38249959,50770.20999999999,50770.20999999999,0
38249962,23,23,0
38249969,240.56,240.56,0
38249971,5563.809999999999,5563.809999999999,0
38249972,2999.6,2999.6,0
38249974,19706.9,19706.9,0
38249975,90364.26,90364.26,0
38249976,17429.55,17429.55,0
38249977,330362082.3,330362082.3,0
38249978,493.42,493.42,0
38249979,235856837.44,235856837.44,0
38249981,73701,73701,0
38249982,72.35,72.35,0
38249983,498.14,498.14,0
38249984,347.96,347.96,0
38249985,21147.07,21147.07,0
38249986,2529189.34,2529189.34,0
38249987,43.09,43.09,0
38249988,44852.6,44852.6,0
38249989,18060506.42,18060506.42,0
38251000,25167.52,25167.52,0
38252000,86871.44,86871.44,0
38253000,527.26,527.26,0
38253090,13.2,0,-13.2
38254100,1776.17,1776.17,0
38254900,279461.94,279461.94,0
38255000,64403.8,64403.8,0
38256100,80595.2,80595.2,0
38256200,399.92,0,-399.92
38256900,185497.6,185497.6,0
38259000,2219793.85,2219793.85,0
38259090,405,0,-405
38260000,5678206.549999999,5678206.549999999,0
38269090,27,0,-27
38271110,235,235,0
38271190,16378.42,16378.42,0
38271300,617.8,617.8,0
38272000,4368.59,4368.59,0
38273110,28183.08,28183.08,0
38273190,15,15,0
38273210,9849.02,9849.02,0
38273290,1678.26,1678.26,0
38273900,10287.22,10287.22,0
38274000,360,360,0
38275100,53088.59,53088.59,0
38276100,736445.6499999999,736445.6499999999,0
38276200,52.79,52.79,0
38276300,412818.96,412818.96,0
38276400,22648.55,22648.55,0
38276500,78254.43999999999,78254.43999999999,0
38276800,420,420,0
38276900,10426.23,10426.23,0
38279000,47697.31,47697.31,0
38289990,277.2,0,-277.2
38365090,6,0,-6
38392990,50.94,0,-50.94
38424901,17.31,0,-17.31
38479041,42,0,-42
38530900,18.98,0,-18.98
38580910,25,0,-25
38742000,7000,0,-7000
38900000,28,0,-28
39000000,3716.6,0,-3716.6
39001000,1784.7,0,-1784.7
39002130,90,0,-90
39011010,101493.67,101493.67,0
39011020,331985.7,331985.7,0
39011030,263296.46,263296.46,0
39011092,4446.25,4446.25,0
39012000,27,0,-27
39012011,2424.38,2424.38,0
39012019,203841.5300000001,203841.5300000001,0
39012021,680.6800000000001,680.6800000000001,0
39012029,776362.1,776362.1,0
39012090,20.69,0,-20.69
39013010,7577.75,7577.75,0
39013090,7627.68,7627.68,0
39014000,5295.26,5295.26,0
39019000,932.36,0,-932.36
39019010,8349.119999999999,8349.119999999999,0
39019020,109.3,109.3,0
39019030,8081.519999999999,8081.519999999999,0
39019040,2556.04,2556.04,0
39019050,7342.99,7342.99,0
39019090,776430.1099999999,776430.1099999999,0
39021001,5100,0,-5100
39021010,2018989.02,2018989.02,0
39021020,2529711.25,2529711.25,0
39021100,22,0,-22
39021140,594,0,-594
39022000,24604.25,24604.25,0
39023000,67107.04,67107.04,0
39026400,390,0,-390
39029000,652927.27,652927.27,0
39029031,158,0,-158
39029039,835.6,0,-835.6
39029990,706.2,0,-706.2
39031101,3,0,-3
39031110,21292.04,21292.04,0
39031120,1235136.37,1235136.37,0
39031900,2755477.899999999,2755477.899999999,0
39033010,6966.98,6966.98,0
39033020,44917.51,44917.51,0
39039010,13.5,13.5,0
39039020,15159.8,15159.8,0
39039090,3876547.199999999,3876547.199999999,0
39041010,809113.3800000001,809113.3800000001,0
39041020,11445.82,11445.82,0
39041090,6326.92,6326.92,0
39042100,26965.87,26965.87,0
39042200,255181.6199999999,255181.6199999999,0
39043000,816.35,816.35,0
39044090,7898.85,7898.85,0
39045010,7045.7,7045.7,0
39045090,9531.16,9531.16,0
39046110,14.4,14.4,0
39046190,7123.96,7123.96,0
39046910,17100,17100,0
39046990,328014.28,328014.28,0
39049010,767,767,0
39049090,4021.52,4021.52,0
39051000,1970,0,-1970
39051200,31316.9,31316.9,0
39051910,285.9,285.9,0
39051990,29749.63,29749.63,0
39052100,10327120.13,10327120.13,0
39052900,13641.83,13641.83,0
39053000,10939.77,10939.77,0
39055019,140,0,-140
39059190,60,60,0
39059910,126,126,0
39059920,4515,4515,0
39059930,1180,1180,0
39059990,2542.79,2542.79,0
39061000,370003.47,370003.47,0
39069011,168065.22,168065.22,0
39069012,43955.7,43955.7,0
39069019,2192074.94,2192074.94,0
39069021,55746.34,55746.34,0
39069022,1543,1543,0
39069029,225480.54,225480.54,0
39069030,105,0,-105
39069031,2923.97,2923.97,0
39069032,378420.3099999999,378420.3099999999,0
39069039,29818.12,29818.12,0
39069041,2317.17,2317.17,0
39069042,45976.32,45976.32,0
39069044,172734.88,172734.88,0
39069045,331474.11,331474.11,0
39069046,550,550,0
39069047,773.61,773.61,0
39069048,12120.11,12120.11,0
39069049,816513.28,816513.28,0
39069052,925,925,0
39069054,61013.58,61013.58,0
39069059,7892.35,7892.35,0
39069061,8205.599999999999,8205.599999999999,0
39069065,39637.95,39637.95,0
39069069,121442.57,121442.57,0
39069120,649.99,0,-649.99
39071020,4410,4410,0
39071039,43705.44,43705.44,0
39071041,117.5,117.5,0
39071042,4225.04,4225.04,0
39071049,49394.82999999999,49394.82999999999,0
39071091,555.03,555.03,0
39071099,5537.26,5537.26,0
39072031,28,28,0
39072039,4344,4344,0
39072042,42,42,0
39072049,276,276,0
39072090,4507.4,4507.4,0
39072100,4014.85,4014.85,0
39072911,442.75,442.75,0
39072912,147,147,0
39072920,75.88,75.88,0
39072931,323.45,323.45,0
39072939,425287.41,425287.41,0
39072941,1933.8,1933.8,0
39072942,40.5,40.5,0
39072949,66804.85999999999,66804.85999999999,0
39072990,145.41,145.41,0
39072991,26.68,26.68,0
39072999,50.98,50.98,0
39073011,220696.37,220696.37,0
39073019,1124863.34,1124863.34,0
39073021,26785.44,26785.44,0
39073022,272733.33,272733.33,0
39073029,208504.64,208504.64,0
39074010,1267.33,1267.33,0
39074020,423.1,423.1,0
39074090,42013.02,42013.02,0
39075010,49412.58000000001,49412.58000000001,0
39075090,22864.72,22864.72,0
39076900,4254.14,4254.14,0
39077000,523.6,523.6,0
39079100,1408579.65,1408579.65,0
39079911,234473.7,234473.7,0
39079912,694.93,694.93,0
39079919,48947.08,48947.08,0
39079991,4876.440000000001,4876.440000000001,0
39079994,2155,2155,0
39079995,1200,1200,0
39079999,439150.3,439150.3,0
39081011,12365,12365,0
39081012,473.46,473.46,0
39081013,1008.7,1008.7,0
39081014,810730.1799999999,810730.1799999999,0
39081019,24905.77,24905.77,0
39081021,16,16,0
39081022,10433.37,10433.37,0
39081023,28648.72,28648.72,0
39081024,3386.34,3386.34,0
39081025,15639.58,15639.58,0
39081026,65,65,0
39081029,404365.21,404365.21,0
39089010,30188.65,30188.65,0
39089020,2866.82,2866.82,0
39089090,110000.68,110000.68,0
39090529,7260,0,-7260
39091000,33220.66,33220.66,0
39091001,18,0,-18
39091010,1470,0,-1470
39092019,212.29,212.29,0
39092029,4340.130000000001,4340.130000000001,0
39093100,476881.99,476881.99,0
39093900,150956.12,150956.12,0
39094011,975.9300000000001,975.9300000000001,0
39094019,2262.03,2262.03,0
39094091,59.79,59.79,0
39094099,13336.8,13336.8,0
39095011,2098768.870000001,2098768.870000001,0
39095012,12046.62,12046.62,0
39095019,2788711.67,2788711.67,0
39095021,49295.98,49295.98,0
39095025,900,0,-900
39095028,28,0,-28
39095029,1163749.67,1163749.67,0
39100000,110,0,-110
39100011,416828.39,416828.39,0
39100012,6291718.569999998,6291718.569999998,0
39100013,293259.65,293259.65,0
39100019,6783040.749999996,6783040.749999996,0
39100020,19,19,0
39100021,391803.91,391803.91,0
39100029,199520.57,199520.57,0
39100030,204901.09,204901.09,0
39100090,1706450.93,1706450.93,0
39101020,80,0,-80
39104090,12.5,0,-12.5
39109000,25,0,-25
39111010,328756.2399999999,328756.2399999999,0
39111021,318.4,318.4,0
39111029,2853.07,2853.07,0
39112000,4869.72,4869.72,0
39113900,55.9,0,-55.9
39114090,99,0,-99
39117409,115.2,0,-115.2
39119012,837.97,837.97,0
39119013,400,400,0
39119014,298,298,0
39119019,110848.09,110848.09,0
39119021,508.36,508.36,0
39119025,269,269,0
39119026,1420,1420,0
39119029,30372.35,30372.35,0
39121110,7352.8,7352.8,0
39121120,3515.14,3515.14,0
39121200,17191.78,17191.78,0
39122010,25,25,0
39122029,101,101,0
39123111,694689.85,694689.85,0
39123119,6623.57,6623.57,0
39123910,8482.1,8482.1,0
39123920,11085.85,11085.85,0
39123990,280.13,280.13,0
39129010,25,25,0
39129020,30,30,0
39129031,338912.47,338912.47,0
39129039,48,48,0
39129090,925.6700000000001,925.6700000000001,0
39131000,2796.13,2796.13,0
39139011,4035.86,4035.86,0
39139012,25773.11,25773.11,0
39139019,23432.99,23432.99,0
39139020,359828.69,359828.69,0
39139030,100.02,100.02,0
39139050,51,51,0
39139060,4340,4340,0
39139090,66855.20999999999,66855.20999999999,0
39140011,88897.5,88897.5,0
39140019,34957.19,34957.19,0
39140090,21349.75999999999,21349.75999999999,0
39143240,3950,0,-3950
39144090,27,0,-27
39147090,69.1,0,-69.1
39149000,179.8,0,-179.8
39150000,1620,0,-1620
39151000,327441.64,327441.64,0
39152000,5034947.75,5034947.75,0
39153000,234450.02,234450.02,0
39159000,7790774.62,7790774.62,0
39159001,2245,0,-2245
39161000,955407.1300000001,955407.1300000001,0
39162000,30046748.66,30046748.66,0
39162090,8500,0,-8500
39162300,260,0,-260
39169010,3576304.38,3576304.38,0
39169090,9685869.200000001,9685869.200000001,0
39169909,760,0,-760
39170000,7363.55,0,-7363.55
39170019,80,0,-80
39170290,64.36,0,-64.36
39171000,10846.36,0,-10846.36
39171010,83377.38999999998,83377.38999999998,0
39171021,4494.110000000001,4494.110000000001,0
39171029,139561.8,139561.8,0
39171090,170.86,0,-170.86
39171290,1792.1,0,-1792.1
39171490,28,0,-28
39172000,8951.78,0,-8951.78
39172100,54779302.17,54779302.17,0
39172101,23.22,0,-23.22
39172200,982524.9099999999,982524.9099999999,0
39172210,53067.46,53067.46,0
39172220,48,0,-48
39172290,1059563.47,1059563.47,0
39172300,124769081.5,124769081.5,0
39172333,570,0,-570
39172900,9773879.83,9773879.83,0
39172923,102.5,0,-102.5
39173000,286,0,-286
39173100,15613562.64,15613562.64,0
39173190,32.5,0,-32.5
39173199,234.01,0,-234.01
39173200,875,0,-875
39173209,510.4,0,-510.4
39173210,1382864.96,1382864.96,0
39173221,12840.71,12840.71,0
39173229,5984893.090000001,5984893.090000001,0
39173230,200333.23,200333.23,0
39173240,2776570.68,2776570.68,0
39173251,112041.32,112041.32,0
39173259,8729.82,8729.82,0
39173290,195058579.97,195058579.97,0
39173299,24.3,0,-24.3
39173300,5625529.91,5625529.91,0
39173900,73595651.62000002,73595651.62000002,0
39173920,234,0,-234
39174000,4572.660000000001,4572.660000000001,0
39174001,12,0,-12
39174004,140.5,0,-140.5
39174010,598723.78,598723.78,0
39174040,5.2,0,-5.2
39174049,19.1,0,-19.1
39174060,117,0,-117
39174070,45.88,0,-45.88
39174080,38,0,-38
39174090,91204261.87999997,91204261.87999997,0
39174091,251.6300000000001,0,-251.6300000000001
39174092,39.75,0,-39.75
39174094,21.18,0,-21.18
39174095,22,0,-22
39174099,11.76,0,-11.76
39174990,9.6,0,-9.6
39176490,88.02,0,-88.02
39177090,21,0,-21
39179100,450.12,0,-450.12
39179290,20.26,0,-20.26
39180000,740.13,0,-740.13
39181000,10810880.1,10810880.1,0
39189000,5215260.54,5215260.54,0
39190000,1965,0,-1965
39190120,77.28,0,-77.28
39191000,153779.97,153779.97,0
39191010,7155925.9,7155925.9,0
39191012,13.8,0,-13.8
39191019,1010.98,0,-1010.98
39191020,8346010.41,8346010.41,0
39191090,3293876.209999999,3293876.209999999,0
39191920,5.99,0,-5.99
39193920,124,0,-124
39194090,28.84,0,-28.84
39199000,77742.32,77742.32,0
39199010,4135188.05,4135188.05,0
39199020,1772358.23,1772358.23,0
39199090,15097864.38,15097864.38,0
39199990,745,0,-745
39201000,4716.16,4716.16,0
39201010,2471284.57,2471284.57,0
39201090,668.27,668.27,0
39201091,16564.69,16564.69,0
39201099,376980067.42,376980067.42,0
39202011,542518.1,542518.1,0
39202012,538.45,538.45,0
39202019,18453445.52,18453445.52,0
39202090,1267207.03,1267207.03,0
39202900,48,0,-48
39203000,1749113.92,1749113.92,0
39204310,2462093.55,2462093.55,0
39204390,4509849.36,4509849.36,0
39204900,1639897.83,1639897.83,0
39205100,2358665.53,2358665.53,0
39205900,358425.84,358425.84,0
39206100,1395598.75,1395598.75,0
39206211,1250,1250,0
39206219,1381953.2,1381953.2,0
39206291,114177.99,114177.99,0
39206299,8896044.49,8896044.49,0
39206300,3118.79,3118.79,0
39206900,450634.95,450634.95,0
39206909,2268.5,0,-2268.5
39207100,37206.79,37206.79,0
39207310,3120.09,3120.09,0
39207390,3788.9,3788.9,0
39207910,25512.85,25512.85,0
39207990,13133.37,13133.37,0
39209090,109,0,-109
39209100,35476.83,35476.83,0
39209200,2424694.11,2424694.11,0
39209300,12704,12704,0
39209400,34065.22,34065.22,0
39209590,5,0,-5
39209900,470.7,0,-470.7
39209910,301661.2600000001,301661.2600000001,0
39209920,2863679.62,2863679.62,0
39209930,8785,8785,0
39209940,13984.69,13984.69,0
39209950,2977.7,2977.7,0
39209990,7084422.019999998,7084422.019999998,0
39209999,3,0,-3
39211000,103.6,0,-103.6
39211100,572754.75,572754.75,0
39211200,1371986.15,1371986.15,0
39211300,29.31,29.31,0
39211310,13733.2,13733.2,0
39211390,985699.95,985699.95,0
39211400,5105.26,5105.26,0
39211900,11533760.53,11533760.53,0
39211990,458,0,-458
39213000,148.86,0,-148.86
39214000,42.7,0,-42.7
39219000,148.3,0,-148.3
39219011,391972.88,391972.88,0
39219012,125399.57,125399.57,0
39219013,6360.630000000001,6360.630000000001,0
39219019,5871863.029999999,5871863.029999999,0
39219020,212929.22,212929.22,0
39219090,29150682.53,29150682.53,0
39219099,799.9,0,-799.9
39220000,230,0,-230
39221000,2736694.98,2736694.98,0
39221100,29.9,0,-29.9
39222000,6710369.860000001,6710369.860000001,0
39222100,1275.12,0,-1275.12
39222900,69,0,-69
39226909,565,0,-565
39229000,4923046.709999999,4923046.709999999,0
39229022,330,0,-330
39230000,6,0,-6
39231000,16055.05,16055.05,0
39231010,777275.75,777275.75,0
39231090,57461526.17000001,57461526.17000001,0
39231100,1834.9,0,-1834.9
39231990,50,0,-50
39232100,460,0,-460
39232101,35813.68,0,-35813.68
39232110,9382919.329999998,9382919.329999998,0
39232190,27808440.64,27808440.64,0
39232196,900.93,0,-900.93
39232900,196.81,0,-196.81
39232910,17989051.62000001,17989051.62000001,0
39232990,27255523.3,27255523.3,0
39233000,458328.7499999998,458328.7499999998,0
39233010,149667.37,149667.37,0
39233090,18592995.28,18592995.28,0
39233190,45,0,-45
39233900,66,0,-66
39234000,2268448.7,2268448.7,0
39234099,84,0,-84
39234390,418,0,-418
39235000,20473596.39,20473596.39,0
39235219,1350,0,-1350
39236219,19.99,0,-19.99
39237090,46.9,0,-46.9
39239000,1249991.56,1249991.56,0
39239010,805252.82,805252.82,0
39239032,154,0,-154
39239090,23341397.51,23341397.51,0
39239190,27,0,-27
39241000,18135719.66000001,18135719.66000001,0
39241001,2348.34,0,-2348.34
39241002,12.48,0,-12.48
39241010,15.19,0,-15.19
39241400,275,0,-275
39242000,10.02,0,-10.02
39242190,35.9,0,-35.9
39243000,176.87,0,-176.87
39244100,10,0,-10
39249000,37367816.04000001,37367816.04000001,0
39249090,1032.9,0,-1032.9
39251000,238387691.13,238387691.13,0
39251010,249.9,0,-249.9
39252000,26411057.69,26411057.69,0
39253000,1271821.97,1271821.97,0
39254090,4,0,-4
39259000,89148.90000000002,89148.90000000002,0
39259010,10659091.54,10659091.54,0
39259090,62320308.21,62320308.21,0
39259099,136501.36,0,-136501.36
39260000,1034,0,-1034
39261000,2506661.96,2506661.96,0
39261010,515.06,0,-515.06
39262000,5751743.699999999,5751743.699999999,0
39262003,590,0,-590
39262090,205,0,-205
39263000,25072813.96,25072813.96,0
39263030,454.6799999999999,0,-454.6799999999999
39264000,1715447.64,1715447.64,0
39266300,30,0,-30
39269000,1530.28,0,-1530.28
39269002,60,0,-60
39269006,12,0,-12
39269009,72,0,-72
39269010,3405942.04,3405942.04,0
39269021,1136812.82,1136812.82,0
39269022,8934891.370000001,8934891.370000001,0
39269024,2600,0,-2600
39269030,48048.79000000001,48048.79000000001,0
39269040,2624024.08,2624024.08,0
39269050,7235.95,7235.95,0
39269060,285,0,-285
39269061,567596.2200000001,567596.2200000001,0
39269069,2926831.37,2926831.37,0
39269080,7652.2,0,-7652.2
39269090,273184313.1,273184313.1,0
39269097,280,0,-280
39272300,72,0,-72
39290000,123.5,0,-123.5
39291000,2245.8,0,-2245.8
39291099,30,0,-30
39292110,505,0,-505
39292190,39.96,0,-39.96
39294390,31.6,0,-31.6
39299090,229.9,0,-229.9
39500000,58.5,0,-58.5
39504000,7.5,0,-7.5
39519019,1758.6,0,-1758.6
39525555,12,0,-12
39565555,9,0,-9
39565585,18,0,-18
39565658,70,0,-70
39565854,40,0,-40
39565855,2624,0,-2624
39565858,24,0,-24
39566588,5,0,-5
39568555,1449,0,-1449
39568556,70,0,-70
39568855,101,0,-101
39584584,1350,0,-1350
39584745,31.5,0,-31.5
39585422,75,0,-75
39585475,9,0,-9
39585485,60,0,-60
39585555,96.5,0,-96.5
39585655,170,0,-170
39585658,80,0,-80
39585685,560,0,-560
39585755,183,0,-183
39585866,5600,0,-5600
39585875,17.8,0,-17.8
39586555,960,0,-960
39586585,116.5,0,-116.5
39586588,100,0,-100
39586658,25.5,0,-25.5
39586855,6400,0,-6400
39587400,113,0,-113
39587450,303,0,-303
39587452,475,0,-475
39587524,40,0,-40
39587552,10.5,0,-10.5
39587555,104,0,-104
39587585,512,0,-512
39587587,315,0,-315
39587588,60,0,-60
39655855,29,0,-29
39656588,132,0,-132
39658555,1252.5,0,-1252.5
39689090,44,0,-44
39692100,57.8,0,-57.8
39699090,2731.3,0,-2731.3
39733900,806.4,0,-806.4
39740900,80,0,-80
39781001,190,0,-190
39852000,9,0,-9
39857400,925,0,-925
39857450,162,0,-162
39929000,52,0,-52
40000000,642,0,-642
40008290,42,0,-42
40009219,324,0,-324
40009310,385,0,-385
40009989,96.6,0,-96.6
40010010,271.37,0,-271.37
40011000,408572.83,408572.83,0
40012100,2801.53,2801.53,0
40012200,145480.28,145480.28,0
40012910,2335.73,2335.73,0
40012920,56365.91,56365.91,0
40012990,329556.98,329556.98,0
40012999,28250,0,-28250
40013000,2050.3,2050.3,0
40016930,214,0,-214
40018000,99.1,0,-99.1
40021110,220855.0699999999,220855.0699999999,0
40021120,2844284.6,2844284.6,0
40021910,45,0,-45
40021911,208605.38,208605.38,0
40021912,965.23,965.23,0
40021919,81561.34000000001,81561.34000000001,0
40021920,1568763.58,1568763.58,0
40022010,49036.86000000001,49036.86000000001,0
40022090,116,116,0
40022091,1314.33,1314.33,0
40022099,1289,1289,0
40022110,385.96,0,-385.96
40023100,243641.07,243641.07,0
40023900,400.83,400.83,0
40024100,598.05,598.05,0
40024900,657.34,657.34,0
40025100,18604.67,18604.67,0
40025900,232215.08,232215.08,0
40026000,1759.4,1759.4,0
40027000,49155.46000000001,49155.46000000001,0
40028000,157.87,157.87,0
40029100,62413.3,62413.3,0
40029910,5648.49,5648.49,0
40029920,4192.54,4192.54,0
40029930,52926.37,52926.37,0
40029990,586781.2599999999,586781.2599999999,0
40030000,825755.9600000001,825755.9600000001,0
40031022,440,0,-440
40031800,153.2,0,-153.2
40033100,299.46,0,-299.46
40040000,4212279.2,4212279.2,0
40049290,87.8,0,-87.8
40051000,15.9,0,-15.9
40051010,211309.46,211309.46,0
40051090,326735.12,326735.12,0
40052000,2070127.73,2070127.73,0
40055183,31200,0,-31200
40059110,1704.34,1704.34,0
40059190,2501835.88,2501835.88,0
40059910,73.1,73.1,0
40059990,26014.43,26014.43,0
40061000,1948597.64,1948597.64,0
40061020,150,0,-150
40062000,59.88,0,-59.88
40063100,614.8699999999999,0,-614.8699999999999
40069000,2884475.560000001,2884475.560000001,0
40070000,24,24,0
40070011,117319.82,117319.82,0
40070019,527332.37,527332.37,0
40070020,230906.96,230906.96,0
40079990,2126,0,-2126
40081100,606173.6000000001,606173.6000000001,0
40081199,89.67,0,-89.67
40081900,1508024.03,1508024.03,0
40081990,50,0,-50
40082100,11476607.05,11476607.05,0
40082210,80,0,-80
40082900,8648821.590000002,8648821.590000002,0
40083210,300,0,-300
40088210,153,0,-153
40088290,390,0,-390
40089000,280,0,-280
40091000,22926.65,22926.65,0
40091100,11806271.86,11806271.86,0
40091110,7237.99,0,-7237.99
40091210,180433.27,180433.27,0
40091290,1183473.59,1183473.59,0
40091300,57.2,0,-57.2
40091900,2566.92,0,-2566.92
40092001,5000,0,-5000
40092010,1164.18,1164.18,0
40092090,3536.14,3536.14,0
40092100,52192.06,0,-52192.06
40092110,70985899.16,70985899.16,0
40092190,18796016.61,18796016.61,0
40092210,10404672.21,10404672.21,0
40092290,7867071.000000001,7867071.000000001,0
40093000,5833.57,5833.57,0
40093001,64.45,0,-64.45
40093009,7922.200000000001,0,-7922.200000000001
40093099,181.06,0,-181.06
40093100,40430800.74,40430800.74,0
40093110,6840.95,0,-6840.95
40093160,109,0,-109
40093200,11947.5,0,-11947.5
40093210,772275.1900000002,772275.1900000002,0
40093290,7558856.9,7558856.9,0
40094000,4414.61,4414.61,0
40094100,4595444.52,4595444.52,0
40094101,5400,0,-5400
40094110,2298.15,0,-2298.15
40094210,711838.1199999999,711838.1199999999,0
40094290,5224641.07,5224641.07,0
40095001,751.02,0,-751.02
40095010,1180,1180,0
40095090,2082.16,2082.16,0
40096100,8515.86,0,-8515.86
40099999,795.54,0,-795.54
40100000,1480.38,0,-1480.38
40100074,701.76,0,-701.76
40101000,22807.05,0,-22807.05
40101001,170,0,-170
40101100,2320144.46,2320144.46,0
40101200,67509602.56999998,67509602.56999998,0
40101300,140.61,140.61,0
40101590,30,0,-30
40101600,2231.48,0,-2231.48
40101900,75224602.55,75224602.55,0
40102030,336,0,-336
40102100,819.24,819.24,0
40102200,7835.170000000001,7835.170000000001,0
40102400,410,410,0
40102900,6052.71,6052.71,0
40103000,25312.4,0,-25312.4
40103100,20727307.78,20727307.78,0
40103200,19359436.21000001,19359436.21000001,0
40103300,17895293.52,17895293.52,0
40103400,20083606.22000001,20083606.22000001,0
40103500,3771110,3771110,0
40103600,2765938.63,2765938.63,0
40103700,1248,0,-1248
40103900,198446400.37,198446400.37,0
40103920,1170.48,0,-1170.48
40103990,111.14,0,-111.14
40105900,1536,0,-1536
40109000,1570.7,0,-1570.7
40109300,311.8,0,-311.8
40110000,18403.7,0,-18403.7
40111000,213835330.52,213835330.52,0
40111100,3658,0,-3658
40111969,100,0,-100
40112000,26620,0,-26620
40112010,4934228.279999999,4934228.279999999,0
40112090,548949649.26,548949649.26,0
40112091,974,0,-974
40113000,7946421.66,7946421.66,0
40113900,63,0,-63
40114000,12030771.12,12030771.12,0
40115000,384108.9599999999,384108.9599999999,0
40116090,1712,0,-1712
40116100,2225891.15,2225891.15,0
40116200,20013.72,20013.72,0
40116310,124.14,124.14,0
40116910,12600,12600,0
40116930,245.07,0,-245.07
40116990,1360,1360,0
40117000,650,0,-650
40117010,17252380.58,17252380.58,0
40117090,495499008.59,495499008.59,0
40118010,163581.08,163581.08,0
40118020,88623.76000000001,88623.76000000001,0
40118090,59119332.8,59119332.8,0
40119000,848,0,-848
40119010,489678.46,489678.46,0
40119020,2350,0,-2350
40119090,39793965.03,39793965.03,0
40119119,300,300,0
40119210,114429.4,114429.4,0
40119290,93359.89,93359.89,0
40119300,169396.04,169396.04,0
40119490,35440,35440,0
40119900,100,0,-100
40119910,2246760,2246760,0
40119930,194.7,194.7,0
40119990,154179.69,154179.69,0
40121000,279124.6,279124.6,0
40121010,1595,0,-1595
40121100,6904633.63,6904633.63,0
40121200,4185099.22,4185099.22,0
40121300,103790,103790,0
40121900,4423017.82,4423017.82,0
40122000,14777217.18,14777217.18,0
40125011,60,0,-60
40129000,7503,0,-7503
40129010,3248891.76,3248891.76,0
40129090,12492048.23,12492048.23,0
40130000,853.4,0,-853.4
40130210,11.7,0,-11.7
40131000,1733,0,-1733
40131010,2922801.72,2922801.72,0
40131090,18686184.13,18686184.13,0
40132000,191169.33,191169.33,0
40133100,157.95,0,-157.95
40133900,176,0,-176
40139000,64159885.73999999,64159885.73999999,0
40139010,250,0,-250
40139300,85.5,0,-85.5
40141000,52752.88999999999,52752.88999999999,0
40141010,936,0,-936
40146999,18,0,-18
40149000,1930,0,-1930
40149010,96844.73,96844.73,0
40149090,713232.15,713232.15,0
40151100,49880.74000000001,49880.74000000001,0
40151200,1922837.57,1922837.57,0
40151900,17341154.74,17341154.74,0
40151901,1270.83,0,-1270.83
40152190,260,0,-260
40159000,1159486.74,1159486.74,0
40159001,4000,0,-4000
40160090,5,0,-5
40161000,2619,0,-2619
40161010,17622631.86,17622631.86,0
40161090,2321101.63,2321101.63,0
40161300,622,0,-622
40161930,80,0,-80
40162100,1.5,0,-1.5
40162199,3.02,0,-3.02
40162300,138,0,-138
40163000,4685.99,0,-4685.99
40163900,440.36,0,-440.36
40163999,180,0,-180
40164578,2980,0,-2980
40166690,160,0,-160
40166900,400.18,0,-400.18
40166930,138,0,-138
40166990,1060,0,-1060
40166993,792,0,-792
40167300,931.35,0,-931.35
40168300,2025,0,-2025
40169000,105.73,0,-105.73
40169036,80,0,-80
40169090,83.65,0,-83.65
40169100,2589856.21,2589856.21,0
40169200,163663.88,163663.88,0
40169300,341341344.9,341341344.9,0
40169301,398.92,0,-398.92
40169303,443,0,-443
40169330,82.9,0,-82.9
40169393,140,0,-140
40169399,1701.91,0,-1701.91
40169400,70291.73000000001,70291.73000000001,0
40169510,16673.07,16673.07,0
40169590,94141.77000000002,94141.77000000002,0
40169600,404.22,0,-404.22
40169630,320,0,-320
40169900,26891.2,0,-26891.2
40169910,79639.37,79639.37,0
40169990,122713478.51,122713478.51,0
40169993,555,0,-555
40169999,578.03,0,-578.03
40170000,2366784.57,2366784.57,0
40174090,7,0,-7
40179990,390,0,-390
40189300,200,0,-200
40193000,19.5,0,-19.5
40196300,2001.66,0,-2001.66
40199300,4072.79,0,-4072.79
40199900,220,0,-220
40199990,90,0,-90
40213000,490,0,-490
40213990,59.8,0,-59.8
40251300,4.25,0,-4.25
40269300,278.6,0,-278.6
40292300,180,0,-180
40301070,10135.58,0,-10135.58
40301090,595,0,-595
40307010,729.7,0,-729.7
40311000,3140.2,0,-3140.2
40311070,65,0,-65
40339090,85,0,-85
40369300,54.36,0,-54.36
40390000,58.14,0,-58.14
40403900,448,0,-448
40510000,293,0,-293
40608330,184,0,-184
40611010,12.73,0,-12.73
40628013,19.2,0,-19.2
40633354,225.48,0,-225.48
40700110,1797.99,0,-1797.99
40701190,5800,0,-5800
40719000,143.92,0,-143.92
40769990,280,0,-280
40800510,293.3,0,-293.3
40822100,1450.5,0,-1450.5
40931090,182.28,0,-182.28
40931600,64.86,0,-64.86
41000000,854.8399999999999,0,-854.8399999999999
41001000,16144,0,-16144
41010010,55.95,0,-55.95
41012000,688206.71,688206.71,0
41015010,11622.72,11622.72,0
41015020,43764.49,43764.49,0
41019010,30486.15,30486.15,0
41019020,423525.6,423525.6,0
41019030,190,190,0
41021000,43514.52,43514.52,0
41022100,33.94,33.94,0
41022900,7924.99,7924.99,0
41032000,914,914,0
41033000,186706.92,186706.92,0
41039000,265614.58,265614.58,0
41041012,38,38,0
41041111,2093316.8,2093316.8,0
41041112,3905,3905,0
41041113,79794.83,79794.83,0
41041114,8058.29,8058.29,0
41041119,6454.2,6454.2,0
41041121,22736.45,22736.45,0
41041123,11515.23,11515.23,0
41041124,302084.66,302084.66,0
41041129,43,43,0
41041220,30,0,-30
41041910,3482.39,3482.39,0
41041920,472,472,0
41041930,490,490,0
41041940,10889.4,10889.4,0
41041990,607.3100000000001,607.3100000000001,0
41042211,63.24,63.24,0
41044110,2501.6,2501.6,0
41044120,79968.85,79968.85,0
41044130,27986.11,27986.11,0
41044190,316,316,0
41044910,593.85,593.85,0
41044920,107372.15,107372.15,0
41044990,65,65,0
41051021,339.05,339.05,0
41051029,12062.35,12062.35,0
41051090,1471.52,1471.52,0
41053000,2790.26,2790.26,0
41062110,180,180,0
41063110,120,120,0
41063190,88.11,88.11,0
41064000,1051.18,1051.18,0
41069200,5328.8,5328.8,0
41071110,44348.34,44348.34,0
41071120,100548.66,100548.66,0
41071190,1924.39,1924.39,0
41071210,2173.77,2173.77,0
41071220,762549.99,762549.99,0
41071290,15392.87,15392.87,0
41071910,36865,36865,0
41071920,314968.1899999999,314968.1899999999,0
41071990,2550,2550,0
41079110,2248867.11,2248867.11,0
41079210,3826175.45,3826175.45,0
41079290,199,199,0
41079910,24322961.91,24322961.91,0
41100000,3615.27,3615.27,0
41103600,490,0,-490
41110000,5200,5200,0
41112090,5050,0,-5050
41114110,231.5,0,-231.5
41114190,1000,0,-1000
41120000,263733.4,263733.4,0
41128124,13.5,0,-13.5
41131010,117267.17,117267.17,0
41131090,675.76,675.76,0
41132000,48.5,48.5,0
41133000,5121,5121,0
41139000,3628.77,3628.77,0
41141000,45838.27,45838.27,0
41142010,9874.66,9874.66,0
41142020,4359.82,4359.82,0
41151000,46379.03999999999,46379.03999999999,0
41152000,36216.08,36216.08,0
41169300,55,0,-55
41169990,650,0,-650
41202541,40,0,-40
41390000,58,0,-58
41408416,7800,0,-7800
41551900,412.34,0,-412.34
41693000,1739.52,0,-1739.52
41789578,59.19,0,-59.19
41981902,998,0,-998
42001009,159.7,0,-159.7
42003220,43,0,-43
42010000,1033.88,0,-1033.88
42010010,10175161.48,10175161.48,0
42010090,9114634.87,9114634.87,0
42010099,2550.5,0,-2550.5
42011001,288,0,-288
42011210,69.8,0,-69.8
42012010,17.5,0,-17.5
42020090,373.5,0,-373.5
42021100,583890.1100000001,583890.1100000001,0
42021210,3710349.720000001,3710349.720000001,0
42021220,1332302.66,1332302.66,0
42021900,886416.69,886416.69,0
42022000,229.3,0,-229.3
42022100,15250562.21,15250562.21,0
42022210,1799131.46,1799131.46,0
42022220,3831983.49,3831983.49,0
42022900,995501.69,995501.69,0
42023100,1237771.68,1237771.68,0
42023200,1212181.09,1212181.09,0
42023900,189922.62,189922.62,0
42029100,821079.96,821079.96,0
42029200,3804323.36,3804323.36,0
42029900,545242.6900000001,545242.6900000001,0
42030010,1050.4,0,-1050.4
42030030,119.8,0,-119.8
42030101,654.9,0,-654.9
42031000,5240539.73,5240539.73,0
42032000,798.9899999999999,0,-798.9899999999999
42032100,110880.7,110880.7,0
42032900,9920506.989999998,9920506.989999998,0
42032901,8993.15,0,-8993.15
42032911,2109.34,0,-2109.34
42033000,1751833.26,1751833.26,0
42034000,508060.9799999999,508060.9799999999,0
42039000,99,0,-99
42040090,1775,1775,0
42041210,84,0,-84
42050000,1241669.33,1241669.33,0
42060000,4993.59,4993.59,0
42061000,10533,10533,0
42091000,49.05,0,-49.05
42092600,1987.2,0,-1987.2
42100010,124,0,-124
42110541,20,0,-20
42142000,330,0,-330
42169990,79.82,0,-79.82
42219000,2.8,0,-2.8
42256666,899,0,-899
42487987,6,0,-6
42513622,45.96,0,-45.96
42823209,35.94,0,-35.94
42920200,1212.5,0,-1212.5
43011000,1233.66,1233.66,0
43013000,1518.74,1518.74,0
43018000,392.55,392.55,0
43019000,39653.99,39653.99,0
43021100,300,300,0
43021910,382588.78,382588.78,0
43021990,178111.69,178111.69,0
43022000,15166.44,15166.44,0
43023000,381209.87,381209.87,0
43031000,525346.8400000001,525346.8400000001,0
43033000,89.9,0,-89.9
43039000,831090.17,831090.17,0
43040000,3495.83,3495.83,0
43139000,590,0,-590
43139008,22.5,0,-22.5
43144100,2160,0,-2160
43169300,1829.2,0,-1829.2
43181500,120,0,-120
43201000,21.8,0,-21.8
43290000,150,0,-150
43490000,3136,0,-3136
44003120,17924,0,-17924
44011000,1210836.67,1210836.67,0
44011100,18312899.32,18312899.32,0
44011200,34468913.13,34468913.13,0
44012100,11510242.11,11510242.11,0
44012200,57859645.23999999,57859645.23999999,0
44013000,1048180.67,1048180.67,0
44013100,20651236.94,20651236.94,0
44013200,1883392.63,1883392.63,0
44013900,65542534.31,65542534.31,0
44014000,3136082.6,3136082.6,0
44014100,19363019.08,19363019.08,0
44014900,7639280.700000001,7639280.700000001,0
44017090,1520,0,-1520
44020000,3796.04,3796.04,0
44021000,241393.72,241393.72,0
44022000,37503.29,37503.29,0
44029000,5616671.560000001,5616671.560000001,0
44031000,1321217.38,1321217.38,0
44031001,88509.7,0,-88509.7
44031100,31706389.21,31706389.21,0
44031200,63199671.18999999,63199671.18999999,0
44032000,2935.57,2935.57,0
44032100,1223233.679999999,1223233.679999999,0
44032200,4613228.689999999,4613228.689999999,0
44032300,339248.5,339248.5,0
44032400,64224.92,64224.92,0
44032500,5220.6,5220.6,0
44032600,1067124.82,1067124.82,0
44034100,111412.05,111412.05,0
44034200,164982.87,164982.87,0
44034900,18810923.89,18810923.89,0
44038000,6600,0,-6600
44039000,17820,0,-17820
44039100,232823.17,232823.17,0
44039300,2,2,0
44039400,2448,2448,0
44039500,9407.5,9407.5,0
44039600,5274.72,5274.72,0
44039700,180,180,0
44039800,113088805.34,113088805.34,0
44039900,94096715.83000001,94096715.83000001,0
44039990,100,0,-100
44041000,3248824.76,3248824.76,0
44042000,6094192.199999999,6094192.199999999,0
44044000,850.0500000000001,0,-850.0500000000001
44050000,1758878.51,1758878.51,0
44061100,27325.41,27325.41,0
44061200,159808.79,159808.79,0
44069100,367388.5,367388.5,0
44069200,1649919.3,1649919.3,0
44069800,95,0,-95
44070000,619.95,0,-619.95
44071000,218661.95,218661.95,0
44071010,277.8,0,-277.8
44071100,18669145.37,18669145.37,0
44071200,208777.72,208777.72,0
44071300,162343.69,162343.69,0
44071400,3403,3403,0
44071900,4113618.170000001,4113618.170000001,0
44072100,299739.6,299739.6,0
44072200,315089.31,315089.31,0
44072299,1556.18,0,-1556.18
44072300,984407.24,984407.24,0
44072420,2195,2195,0
44072490,2027,2027,0
44072500,110638.06,110638.06,0
44072600,15823.5,15823.5,0
44072800,1200,1200,0
44072900,2952.8,0,-2952.8
44072910,2242522.19,2242522.19,0
44072920,554744.05,554744.05,0
44072925,17897.05,0,-17897.05
44072930,21546.04,21546.04,0
44072933,65166,0,-65166
44072940,279691.75,279691.75,0
44072949,67557.44,0,-67557.44
44072950,6449.12,6449.12,0
44072960,2351.8,2351.8,0
44072970,6774.389999999999,6774.389999999999,0
44072990,26561278.38,26561278.38,0
44072991,205,0,-205
44072998,7234,0,-7234
44077999,2200,0,-2200
44078990,2.8,0,-2.8
44079099,4400,0,-4400
44079100,92136.23999999999,92136.23999999999,0
44079200,15784.72,15784.72,0
44079290,621,0,-621
44079300,202445.8,202445.8,0
44079400,42061.48,42061.48,0
44079500,29516.27,29516.27,0
44079600,2578.6,2578.6,0
44079700,1366.52,1366.52,0
44079900,73960.56000000001,0,-73960.56000000001
44079902,768,0,-768
44079920,1612738.72,1612738.72,0
44079930,49707.92,49707.92,0
44079940,251.58,251.58,0
44079960,63005.20999999999,63005.20999999999,0
44079970,103525.26,103525.26,0
44079990,173710351.07,173710351.07,0
44081010,177978.5,177978.5,0
44081091,418056.66,418056.66,0
44081099,607051.23,607051.23,0
44083110,3930,3930,0
44083190,13934.36,13934.36,0
44083910,321971.33,321971.33,0
44083920,19405.55,19405.55,0
44083991,104815.63,104815.63,0
44083992,306.5,306.5,0
44083999,16938.97,16938.97,0
44087190,245,0,-245
44089010,105960.1,105960.1,0
44089090,820140.42,820140.42,0
44090000,37700,0,-37700
44091000,1576723.78,1576723.78,0
44091010,437.04,0,-437.04
44092000,16972.11,16972.11,0
44092100,482999.1200000001,482999.1200000001,0
44092200,1206972.8,1206972.8,0
44092900,4351140.239999999,4351140.239999999,0
44099800,1398,0,-1398
44099900,4145,0,-4145
44100090,578,0,-578
44100900,100,0,-100
44101110,519223.04,519223.04,0
44101121,1411114.5,1411114.5,0
44101129,207119.17,207119.17,0
44101190,133619.42,133619.42,0
44101210,1453244.82,1453244.82,0
44101290,2066.8,2066.8,0
44101909,423.8,0,-423.8
44101911,1464.48,1464.48,0
44101919,6369,6369,0
44101991,21308.44,21308.44,0
44101992,686.2,686.2,0
44101999,62162.8,62162.8,0
44109000,79074.36,79074.36,0
44111100,831.8,831.8,0
44111210,473898.03,473898.03,0
44111290,668279.6399999999,668279.6399999999,0
44111310,197450.5,197450.5,0
44111390,1800,1800,0
44111391,2273319.14,2273319.14,0
44111399,3272771.640000001,3272771.640000001,0
44111410,1495308.75,1495308.75,0
44111490,26384469.37,26384469.37,0
44111900,517.5,517.5,0
44119210,421680.51,421680.51,0
44119290,187796.68,187796.68,0
44119300,454.3,0,-454.3
44119310,24523.73,24523.73,0
44119390,282661.72,282661.72,0
44119410,8600,8600,0
44119490,31777.12,31777.12,0
44121000,1358463.18,1358463.18,0
44121300,31355,31355,0
44121400,11152,11152,0
44121900,778.9,778.9,0
44123100,2652210.04,2652210.04,0
44123200,3845.72,3845.72,0
44123300,1804557.09,1804557.09,0
44123400,192794.19,192794.19,0
44123900,13002104.83,13002104.83,0
44124100,236012.9,236012.9,0
44124200,7962,7962,0
44124900,64663.78999999999,64663.78999999999,0
44125100,21121.56,21121.56,0
44125200,176477.46,176477.46,0
44125900,100610,100610,0
44129100,45663.48,45663.48,0
44129200,150072.21,150072.21,0
44129300,13750,13750,0
44129900,14670512.4,14670512.4,0
44129920,350.2,0,-350.2
44130000,15309008.35,15309008.35,0
44131000,116,0,-116
44135458,224,0,-224
44140000,39995,39995,0
44141000,294668.47,294668.47,0
44141490,7600,0,-7600
44149000,647258.9699999999,647258.9699999999,0
44151000,14024842.84,14024842.84,0
44152000,19428667,19428667,0
44160010,270521.99,270521.99,0
44160090,243470.56,243470.56,0
44170009,21.45,0,-21.45
44170010,1614137.62,1614137.62,0
44170020,67332.93000000001,67332.93000000001,0
44170090,3820620.25,3820620.25,0
44170099,68.75,0,-68.75
44181000,46480.66,46480.66,0
44181100,1358155.07,1358155.07,0
44181900,700783.17,700783.17,0
44182000,1708137.56,1708137.56,0
44182100,7278722.689999999,7278722.689999999,0
44182200,3060,0,-3060
44182900,15291628.93,15291628.93,0
44183000,2673165.73,2673165.73,0
44184000,1179572.35,1179572.35,0
44185000,603300.0800000001,603300.0800000001,0
44186000,333123.96,333123.96,0
44187200,78265.2,78265.2,0
44187300,31128,31128,0
44187400,291396.8,291396.8,0
44187500,3819736.379999999,3819736.379999999,0
44187900,3064577.560000001,3064577.560000001,0
44188100,5065888.689999999,5065888.689999999,0
44188200,15226.26,15226.26,0
44188300,53525.18,53525.18,0
44188900,659559.6299999999,659559.6299999999,0
44189000,281841.09,281841.09,0
44189100,184642.03,184642.03,0
44189200,274004.8,274004.8,0
44189900,4262733.739999999,4262733.739999999,0
44190000,489458.23,489458.23,0
44191000,450.17,0,-450.17
44191100,1372685.17,1372685.17,0
44191200,347965.71,347965.71,0
44191900,463956.95,463956.95,0
44192000,127572.14,127572.14,0
44199000,1441525.06,1441525.06,0
44201000,40169.65,40169.65,0
44201100,335716.19,335716.19,0
44201900,1197875.14,1197875.14,0
44209000,1359108.86,1359108.86,0
44210000,4.38,0,-4.38
44210900,5876.259999999999,0,-5876.259999999999
44211000,227775.5899999999,227775.5899999999,0
44212000,229139.86,229139.86,0
44219000,1143434.66,1143434.66,0
44219100,934640.02,934640.02,0
44219900,30800432.97,30800432.97,0
44219990,89.2,0,-89.2
44220000,30,0,-30
44562836,60,0,-60
44585845,15.8,0,-15.8
44658522,1142.41,0,-1142.41
44668468,25,0,-25
44709990,16128,0,-16128
44799990,152.25,0,-152.25
44920100,4,0,-4
45004774,162,0,-162
45004900,40.73,0,-40.73
45011000,10088.14,10088.14,0
45018381,20,0,-20
45019000,42352.74,42352.74,0
45020000,155998.51,155998.51,0
45031000,14172.57,14172.57,0
45039000,40668.41,40668.41,0
45041000,53623.19,53623.19,0
45049000,2670063.09,2670063.09,0
45049001,2160,0,-2160
45049090,10,0,-10
45050000,285,0,-285
45121565,4000,0,-4000
45122011,80,0,-80
45124578,59.7,0,-59.7
45126232,269,0,-269
45151900,13.8,0,-13.8
45201000,11.99,0,-11.99
45201020,44.99,0,-44.99
45201202,13.99,0,-13.99
45260000,12588.16,0,-12588.16
45261535,550,0,-550
45456456,512,0,-512
45490000,3,0,-3
45494946,1535,0,-1535
45500006,378,0,-378
45512632,6.8,0,-6.8
45529632,590,0,-590
45545451,45,0,-45
45564541,4.9,0,-4.9
45631549,174.75,0,-174.75
45645645,450,0,-450
45666870,60,0,-60
45669875,460,0,-460
45781245,384,0,-384
45788922,804,0,-804
45789658,2397.65,0,-2397.65
45802810,210,0,-210
45821000,495,0,-495
45879022,120,0,-120
45889900,50,0,-50
45896000,282,0,-282
45931100,190,0,-190
45950000,9.6,0,-9.6
46012100,46272.24000000001,46272.24000000001,0
46012200,814.49,814.49,0
46012900,167941.05,167941.05,0
46019100,1650,1650,0
46019200,1409610.14,1409610.14,0
46019300,6632.18,6632.18,0
46019400,13942.41,13942.41,0
46019900,64306.37000000001,64306.37000000001,0
46021000,126.6,126.6,0
46021100,202329.16,202329.16,0
46021200,170472.53,170472.53,0
46021900,673561.6799999999,673561.6799999999,0
46029000,949925.46,949925.46,0
46069000,9.96,0,-9.96
46090000,180,0,-180
46100900,10,0,-10
46122987,100,0,-100
46161010,30.71,0,-30.71
46169300,480.8,0,-480.8
46169990,177.73,0,-177.73
46202314,240,0,-240
46370000,818.52,0,-818.52
46810000,322,0,-322
46877911,756,0,-756
46879542,60,0,-60
46990000,49.9,0,-49.9
47010000,3671751.47,3671751.47,0
47016930,35.57,0,-35.57
47020000,150,150,0
47031100,48731.38,48731.38,0
47031900,160,160,0
47032110,6754.009999999999,6754.009999999999,0
47032190,24553.89,24553.89,0
47032900,11912.11,11912.11,0
47050000,6108.95,6108.95,0
47061000,70047.63,70047.63,0
47062000,324864.56,324864.56,0
47063000,241.3,241.3,0
47069100,264591.2,264591.2,0
47069200,14594.54,14594.54,0
47069300,329238.01,329238.01,0
47071000,692709.34,692709.34,0
47072000,11481.97,11481.97,0
47073000,13967.81,13967.81,0
47079000,3346673.23,3346673.23,0
47112000,380,0,-380
47122000,274,0,-274
47141000,13,0,-13
47182000,659.99,0,-659.99
47891263,13.53,0,-13.53
47894125,44,0,-44
48000000,20,0,-20
48010010,218.06,218.06,0
48010020,6294.309999999999,6294.309999999999,0
48010030,43042.60000000001,43042.60000000001,0
48010090,101285.18,101285.18,0
48021000,174778.1,174778.1,0
48021900,280,0,-280
48022000,28.29,28.29,0
48022010,127949.77,127949.77,0
48022090,77735.65000000001,77735.65000000001,0
48023010,2.4,2.4,0
48024010,265,265,0
48024090,138021.39,138021.39,0
48025000,15,0,-15
48025100,849.99,849.99,0
48025230,1077.8,1077.8,0
48025310,86.9,86.9,0
48025390,249.9,249.9,0
48025491,173517.57,173517.57,0
48025499,92931.37000000001,92931.37000000001,0
48025510,57855.21000000001,57855.21000000001,0
48025591,3977.52,3977.52,0
48025592,165526.88,165526.88,0
48025599,468689.99,468689.99,0
48025610,17850112.46,17850112.46,0
48025691,354.33,354.33,0
48025692,459.86,459.86,0
48025693,45402.37,45402.37,0
48025699,51976.73,51976.73,0
48025710,12399.15,12399.15,0
48025791,515.22,515.22,0
48025792,1045.45,1045.45,0
48025793,178763.36,178763.36,0
48025799,86782.72000000002,86782.72000000002,0
48025807,27,0,-27
48025810,54640.26000000001,54640.26000000001,0
48025891,7130.969999999999,7130.969999999999,0
48025892,11017.17,11017.17,0
48025899,25109.07,25109.07,0
48026110,3551.95,3551.95,0
48026191,315517.52,315517.52,0
48026199,9017.3,9017.3,0
48026210,23030.64,23030.64,0
48026291,9.9,9.9,0
48026299,321.9,321.9,0
48026910,193.75,193.75,0
48026991,253694.01,253694.01,0
48026999,8775.25,8775.25,0
48030010,5295.13,5295.13,0
48030090,2088967.45,2088967.45,0
48033090,17.97,0,-17.97
48041100,350948.96,350948.96,0
48041900,1093693.86,1093693.86,0
48042100,307229.5200000001,307229.5200000001,0
48042900,794296.1000000001,794296.1000000001,0
48043110,98090.19,98090.19,0
48043190,265184.42,265184.42,0
48043910,10017.19,10017.19,0
48043990,560018.1200000001,560018.1200000001,0
48044100,3651.83,3651.83,0
48044200,7768.839999999998,7768.839999999998,0
48044900,38,38,0
48045100,4297.100000000002,4297.100000000002,0
48045200,56.66,56.66,0
48045910,140.16,140.16,0
48045990,1456.5,1456.5,0
48051100,830.47,830.47,0
48051200,8691.67,8691.67,0
48051900,1214833.45,1214833.45,0
48052400,56517.69,56517.69,0
48052500,43330.62,43330.62,0
48053000,243502.47,243502.47,0
48054000,2839.52,2839.52,0
48054010,11600.34,11600.34,0
48054090,551522.1699999999,551522.1699999999,0
48055000,171.45,171.45,0
48059100,4868793.91,4868793.91,0
48059210,43274.35999999999,43274.35999999999,0
48059290,20892.99,20892.99,0
48059300,25695.34,25695.34,0
48061000,185.37,185.37,0
48062000,69527.9,69527.9,0
48063000,13446.5,13446.5,0
48064000,26220.05,26220.05,0
48070000,32877.24,32877.24,0
48081000,20981467.3,20981467.3,0
48082000,419.9,419.9,0
48084000,4019.27,4019.27,0
48089000,440677.4300000001,440677.4300000001,0
48092000,49743.37999999999,49743.37999999999,0
48099000,33813.44,33813.44,0
48101000,23,0,-23
48101100,1959.3,1959.3,0
48101299,3.4,0,-3.4
48101310,243,243,0
48101381,4547.23,4547.23,0
48101382,8.51,8.51,0
48101389,7728.030000000001,7728.030000000001,0
48101390,336.8,336.8,0
48101391,3950.23,3950.23,0
48101399,21588.84,21588.84,0
48101410,7523.31,7523.31,0
48101481,553.0699999999999,553.0699999999999,0
48101482,264.56,264.56,0
48101489,1582.6,1582.6,0
48101490,34985.86,34985.86,0
48101910,1940.07,1940.07,0
48101981,2208.4,2208.4,0
48101989,40914.47,40914.47,0
48101990,4228.77,4228.77,0
48101999,38564.11,38564.11,0
48102210,1627.4,1627.4,0
48102290,41807.92,41807.92,0
48102910,127.5,127.5,0
48102990,103618.58,103618.58,0
48103190,107.99,107.99,0
48103210,203.7,203.7,0
48103290,9.8,9.8,0
48103659,600,0,-600
48103990,1175,1175,0
48109210,210.7,210.7,0
48109290,322523.22,322523.22,0
48109900,4,4,0
48109990,24218.33,24218.33,0
48111010,82949.54,82949.54,0
48111090,34639.7,34639.7,0
48111411,1120.8,0,-1120.8
48112100,11,11,0
48112900,119,119,0
48113199,24,0,-24
48114000,665.94,665.94,0
48114110,7804362.570000004,7804362.570000004,0
48114111,44.03,0,-44.03
48114190,1423804.83,1423804.83,0
48114810,15.9,0,-15.9
48114910,33172.64,33172.64,0
48114990,123059,123059,0
48115110,17653.22,17653.22,0
48115121,160381.18,160381.18,0
48115122,8094.49,8094.49,0
48115123,10398.43,10398.43,0
48115128,1299.58,1299.58,0
48115129,1662330.71,1662330.71,0
48115130,318328.29,318328.29,0
48115910,794.28,794.28,0
48115921,2813,2813,0
48115922,2244.13,2244.13,0
48115923,111.9,111.9,0
48115929,141056.14,141056.14,0
48115930,10584.67,10584.67,0
48116010,2693.45,2693.45,0
48116090,174366.43,174366.43,0
48119000,1355.03,1355.03,0
48119010,874066.0400000002,874066.0400000002,0
48119011,48546.5,48546.5,0
48119019,100397.15,100397.15,0
48119020,50,50,0
48119090,892960.97,892960.97,0
48120000,2194990.44,2194990.44,0
48123659,20000,0,-20000
48129080,6,0,-6
48131000,15777.43,15777.43,0
48132000,790.5,790.5,0
48133000,739.73,0,-739.73
48139000,5608.88,5608.88,0
48142000,3765244.7,3765244.7,0
48149000,227366,227366,0
48149200,29084.91,0,-29084.91
48162000,67505.06,67505.06,0
48169010,4838.410000000001,4838.410000000001,0
48169090,24996.36,24996.36,0
48169300,100,0,-100
48170000,5,0,-5
48171000,467995.11,467995.11,0
48172000,4413.389999999999,4413.389999999999,0
48173000,128836.54,128836.54,0
48181000,10633336.59000001,10633336.59000001,0
48182000,14421511.38,14421511.38,0
48183000,2472842.069999999,2472842.069999999,0
48184010,2638.49,2638.49,0
48184090,148.94,148.94,0
48185000,45062.42,45062.42,0
48189010,46903.64000000001,46903.64000000001,0
48189090,2691728.089999998,2691728.089999998,0
48191000,317509754.04,317509754.04,0
48192000,3933667.14,3933667.14,0
48193000,4480412.16,4480412.16,0
48194000,4860562.23,4860562.23,0
48195000,171092627.51,171092627.51,0
48196000,96576.54000000001,96576.54000000001,0
48200000,579.3,0,-579.3
48201000,1616728.1,1616728.1,0
48202000,1160920.86,1160920.86,0
48203000,392413.62,392413.62,0
48204000,2665003.52,2665003.52,0
48205000,57593.49,57593.49,0
48209000,823670.1499999999,823670.1499999999,0
48209090,56.61,0,-56.61
48211000,15473446.03,15473446.03,0
48212990,35,0,-35
48219000,4899277.31,4899277.31,0
48221000,229266.81,229266.81,0
48229000,198925.77,198925.77,0
48231100,983.49,983.49,0
48232000,3.5,3.5,0
48232010,4209.179999999999,4209.179999999999,0
48232090,80,80,0
48232091,12364.02,12364.02,0
48232099,1087271.71,1087271.71,0
48234000,1428952.12,1428952.12,0
48236000,17005.52,17005.52,0
48236100,40590.45999999999,40590.45999999999,0
48236900,3246800.769999999,3246800.769999999,0
48237000,62605373.55000002,62605373.55000002,0
48239000,10.98,0,-10.98
48239005,30,0,-30
48239009,18,0,-18
48239010,718.59,718.59,0
48239020,1436.39,1436.39,0
48239090,4331.11,4331.11,0
48239091,10294.2,10294.2,0
48239099,9685729.649999999,9685729.649999999,0
48410090,310.5,0,-310.5
48482201,1295,0,-1295
48483000,1176,0,-1176
48602580,305,0,-305
48714100,24.16,0,-24.16
48811410,106.41,0,-106.41
48839000,34,0,-34
48841000,140,0,-140
48879000,279,0,-279
49001100,2800,0,-2800
49011000,4497161.439999999,4497161.439999999,0
49019100,78918.47,78918.47,0
49019900,28836994.67,28836994.67,0
49019901,784,0,-784
49021000,877434.2300000001,877434.2300000001,0
49029000,5217051.34,5217051.34,0
49030000,162034.96,162034.96,0
49033010,70,0,-70
49040000,9592.17,9592.17,0
49052000,533191.12,533191.12,0
49059000,23651.71,23651.71,0
49059100,49.9,49.9,0
49060000,18449.46,18449.46,0
49070000,105.5,0,-105.5
49070020,108,108,0
49070030,546,546,0
49070090,24079.8,24079.8,0
49079990,1952.4,0,-1952.4
49081000,30249.91000000001,30249.91000000001,0
49089000,2485458.11,2485458.11,0
49090000,181528.6,181528.6,0
49093000,146.5,0,-146.5
49099900,292.5,0,-292.5
49100000,144685.82,144685.82,0
49103900,80,0,-80
49110000,53120,0,-53120
49111010,2039304.83,2039304.83,0
49111090,3987715.63,3987715.63,0
49119100,1353225.79,1353225.79,0
49119900,3455808.01,3455808.01,0
49169300,474.7,0,-474.7
49174090,25,0,-25
49718045,3190.43,0,-3190.43
49801130,3470,0,-3470
49859384,1099.1,0,-1099.1
49872003,14.9,0,-14.9
49901900,58.6,0,-58.6
50000000,13750.25,0,-13750.25
50010000,9774.130000000001,9774.130000000001,0
50012682,17,0,-17
50013000,91,0,-91
50013371,17,0,-17
50014660,99,0,-99
50020000,2707.95,2707.95,0
50030010,1042,1042,0
50030090,5256.9,5256.9,0
50040000,830.58,830.58,0
50050000,85.93,85.93,0
50060000,1410,1410,0
50071010,6997.04,6997.04,0
50071090,42424.04,42424.04,0
50072010,73328.04,73328.04,0
50072090,13747.3,13747.3,0
50079000,20403.39,20403.39,0
50079090,439.26,0,-439.26
50169300,145,0,-145
50231473,6480,0,-6480
50400120,115,0,-115
50400130,35,0,-35
50497528,18000,0,-18000
50674900,522,0,-522
50690000,1.4,0,-1.4
50881038,42.82,0,-42.82
50903510,207.99,0,-207.99
51011110,67660,67660,0
51011190,8163.690000000001,8163.690000000001,0
51011900,3775.25,3775.25,0
51012100,58483.82,58483.82,0
51012900,10550,10550,0
51013000,343.7,343.7,0
51021100,573.5,573.5,0
51021900,15463,15463,0
51022000,1154.97,1154.97,0
51031000,10220,10220,0
51033000,550.4,550.4,0
51040000,2019.23,2019.23,0
51051000,7953.700000000001,7953.700000000001,0
51052100,3065.08,3065.08,0
51052910,23011.16,23011.16,0
51052999,1074.6,1074.6,0
51053900,202,202,0
51061000,1629,1629,0
51062000,13731.48,13731.48,0
51071011,5076.530000000001,5076.530000000001,0
51072000,256,256,0
51082000,135,135,0
51091000,34162.06,34162.06,0
51099000,135.96,135.96,0
51100000,2411.5,2411.5,0
51110000,369482.9,0,-369482.9
51111110,43703.1,43703.1,0
51111900,4389.54,4389.54,0
51112000,9724.34,9724.34,0
51113010,214.82,214.82,0
51113090,700.5,700.5,0
51119000,6042.05,6042.05,0
51121100,10455.72,10455.72,0
51121910,25450.82,25450.82,0
51121920,6578.3,6578.3,0
51123010,9985.66,9985.66,0
51129000,1208.1,1208.1,0
51130012,375.1,375.1,0
51130013,435.5,435.5,0
51130020,393,393,0
51270016,680.2,0,-680.2
51354867,1848,0,-1848
51387463,3.78,0,-3.78
51515151,8500,0,-8500
51581147,75,0,-75
51761830,270,0,-270
51804452,108,0,-108
52001600,93.5,0,-93.5
52010010,138503365.7,138503365.7,0
52010020,103591816.56,103591816.56,0
52010090,49552728.28,49552728.28,0
52020021,998,0,-998
52021000,1159138.15,1159138.15,0
52022900,3694.55,0,-3694.55
52029100,80969.52999999998,80969.52999999998,0
52029900,62808382.34,62808382.34,0
52030000,1731466.79,1731466.79,0
52031010,205,0,-205
52041111,20126.71,20126.71,0
52041112,8472.95,8472.95,0
52041120,2491.48,2491.48,0
52041131,8296.439999999999,8296.439999999999,0
52041132,256.13,256.13,0
52041140,544.4200000000001,544.4200000000001,0
52041911,178,178,0
52041912,1507.15,1507.15,0
52041920,2406.7,2406.7,0
52041931,302,302,0
52041932,1106.94,1106.94,0
52041940,2758.440000000001,2758.440000000001,0
52042000,89289.96,89289.96,0
52051100,130328.23,130328.23,0
52051200,595.26,595.26,0
52051310,7808.449999999999,7808.449999999999,0
52051390,19383.43999999999,19383.43999999999,0
52051400,4865.78,4865.78,0
52051500,1241,1241,0
52052100,352,352,0
52052200,7925,7925,0
52052310,518813.45,518813.45,0
52052390,8594.77,8594.77,0
52053100,135603.3399999999,135603.3399999999,0
52053200,4302.389999999999,4302.389999999999,0
52053300,7515.05,7515.05,0
52053400,29575.75,29575.75,0
52053500,32.5,32.5,0
52054000,77.22,0,-77.22
52054100,24182.4,24182.4,0
52054700,421.35,421.35,0
52054800,173,173,0
52055100,1,0,-1
52061100,1513.84,1513.84,0
52061200,1104.94,1104.94,0
52061300,2211.33,2211.33,0
52061400,1315,1315,0
52062100,15,15,0
52062200,2517.48,2517.48,0
52062500,104.5,104.5,0
52063100,10.95,10.95,0
52063200,60394.96,60394.96,0
52063300,558.44,558.44,0
52063400,460.8,460.8,0
52063500,57.57,57.57,0
52064200,258.3,258.3,0
52071000,66416.52,66416.52,0
52079000,73595.31999999998,73595.31999999998,0
52081100,22777.77,22777.77,0
52081200,8003678.16,8003678.16,0
52081300,13043.99,13043.99,0
52081900,688349.85,688349.85,0
52082100,28073.57,28073.57,0
52082200,26072.67,26072.67,0
52082300,9328.26,9328.26,0
52082900,59961.00999999999,59961.00999999999,0
52083100,1185.84,1185.84,0
52083200,116343.31,116343.31,0
52083300,620182.4400000001,620182.4400000001,0
52083900,130172.12,130172.12,0
52084100,7528.14,7528.14,0
52084200,17954.07,17954.07,0
52084300,2432.31,2432.31,0
52084900,248331.03,248331.03,0
52085100,14342.21,14342.21,0
52085200,51941.07000000001,51941.07000000001,0
52085910,10274.18,10274.18,0
52085990,17360.29,17360.29,0
52091100,94058.69000000002,94058.69000000002,0
52091200,28527.68,28527.68,0
52091900,188738.41,188738.41,0
52092100,3021.73,3021.73,0
52092200,42851.85,42851.85,0
52092900,110215.36,110215.36,0
52093100,138722.66,138722.66,0
52093200,1239063.41,1239063.41,0
52093900,120200.99,120200.99,0
52094100,3113.4,3113.4,0
52094200,5878.059999999999,0,-5878.059999999999
52094210,21823.52,21823.52,0
52094290,53276.12,53276.12,0
52094300,10910.05,10910.05,0
52094900,148038.99,148038.99,0
52095100,1476.3,1476.3,0
52095200,905.3299999999999,905.3299999999999,0
52095900,95060.43999999999,95060.43999999999,0
52101100,10534.32,10534.32,0
52101910,3134.040000000001,3134.040000000001,0
52101990,6137,6137,0
52102100,2597.06,2597.06,0
52102200,75.97999999999999,75.97999999999999,0
52102910,4134.4,4134.4,0
52102990,18166.7,18166.7,0
52103100,180784.61,180784.61,0
52103200,139067.62,139067.62,0
52103900,36210.61,36210.61,0
52104100,40716.68,40716.68,0
52104910,40938.03,40938.03,0
52104990,611.5699999999999,611.5699999999999,0
52105100,14899.72,14899.72,0
52105900,1.8,1.8,0
52105990,3645.74,3645.74,0
52111100,17264.36,17264.36,0
52111200,64399.82999999999,64399.82999999999,0
52111900,3050015.61,3050015.61,0
52112010,11,11,0
52112020,818.98,818.98,0
52112090,89.9,89.9,0
52113100,7063.16,7063.16,0
52113200,59535.00999999999,59535.00999999999,0
52113900,46319.10000000001,46319.10000000001,0
52114100,35407.93,35407.93,0
52114210,2507.75,2507.75,0
52114290,50330.93,50330.93,0
52114300,6046.72,6046.72,0
52114900,115078.6,115078.6,0
52115100,41621.9,41621.9,0
52115200,15257,15257,0
52115900,33682.29,33682.29,0
52121100,11262791.14,11262791.14,0
52121200,52266.52,52266.52,0
52121300,3423.520000000001,3423.520000000001,0
52121400,190545.49,190545.49,0
52121500,82779.48,82779.48,0
52122100,10291.05,10291.05,0
52122200,7420.04,7420.04,0
52122300,40271.36,40271.36,0
52122400,207047.2600000001,207047.2600000001,0
52122500,66208.33,66208.33,0
52160001,10.9,0,-10.9
52160080,36,0,-36
52170001,28.9,0,-28.9
52170013,441.9,0,-441.9
52170016,14029.58,0,-14029.58
52170018,30.7,0,-30.7
52179000,57,0,-57
52180016,230.1,0,-230.1
52188362,239.9,0,-239.9
52189640,67.69999999999999,0,-67.69999999999999
52189960,39.5,0,-39.5
52219000,13,0,-13
52221100,59.41,0,-59.41
52240435,698,0,-698
52362012,37,0,-37
52365090,1306.24,0,-1306.24
52368001,322.5,0,-322.5
52410221,46.35,0,-46.35
52458755,196,0,-196
52475269,65.7,0,-65.7
52642000,399.2,0,-399.2
52646546,46.8,0,-46.8
52663010,37.7,0,-37.7
52678598,21.9,0,-21.9
52689510,56,0,-56
52842688,87000,0,-87000
52883010,525,0,-525
52897412,516.48,0,-516.48
53011000,30629.74999999999,30629.74999999999,0
53011300,399.2,0,-399.2
53012110,1863.8,1863.8,0
53012120,3462.8,3462.8,0
53012910,232.2,232.2,0
53012990,34676.54,34676.54,0
53013000,6014862.320000001,6014862.320000001,0
53021000,15357.62,15357.62,0
53029000,4405.29,4405.29,0
53031010,5790.209999999998,5790.209999999998,0
53031090,3111.86,3111.86,0
53032900,22464.22,0,-22464.22
53039010,1021.6,1021.6,0
53039090,1232347.22,1232347.22,0
53039099,165.55,0,-165.55
53041000,2653.309999999999,2653.309999999999,0
53043910,920,0,-920
53050010,1979.54,1979.54,0
53050090,2203897.08,2203897.08,0
53051900,431.09,431.09,0
53052100,30931.05,30931.05,0
53052900,6108.209999999999,6108.209999999999,0
53059190,347.68,347.68,0
53059990,8785.14,8785.14,0
53061000,1299.44,1299.44,0
53062000,10829,10829,0
53071000,5.4,0,-5.4
53071010,11014.65,11014.65,0
53071090,7009.469999999998,7009.469999999998,0
53072010,1578.98,1578.98,0
53072090,509.18,509.18,0
53079010,796,0,-796
53081000,3598337.94,3598337.94,0
53082000,2052.72,2052.72,0
53089000,298905.7300000002,298905.7300000002,0
53091100,153106.7,153106.7,0
53091900,277342.62,277342.62,0
53092100,131174.37,131174.37,0
53092900,249253.16,249253.16,0
53101010,79490.72,79490.72,0
53101090,119487.82,119487.82,0
53109000,8101.57,8101.57,0
53110000,197111.25,197111.25,0
53152199,1480,0,-1480
53214836,700,0,-700
53768700,215,0,-215
54011011,42026.28,42026.28,0
54011012,44560.48,44560.48,0
54011090,155277.01,155277.01,0
54012012,143.99,143.99,0
54012090,2060.87,2060.87,0
54021020,25,25,0
54021100,686.1,686.1,0
54021910,13748.62,13748.62,0
54021990,5751.200000000001,5751.200000000001,0
54022000,750,750,0
54022010,590.1400000000001,590.1400000000001,0
54022090,26915.23,26915.23,0
54023119,1129.74,1129.74,0
54023190,1653.94,1653.94,0
54023211,5120.62,5120.62,0
54023219,1640.46,1640.46,0
54023290,67.88,67.88,0
54023310,31678.72,31678.72,0
54023320,3091.3,3091.3,0
54023390,10099.41,10099.41,0
54023400,200861.04,200861.04,0
54023900,35771.57,35771.57,0
54023910,204.9,204.9,0
54024400,189.83,189.83,0
54024520,6098.42,6098.42,0
54024590,230.1,230.1,0
54024600,5.1,5.1,0
54024710,805,805,0
54024720,350.28,350.28,0
54024790,124957.52,124957.52,0
54024800,307335.91,307335.91,0
54024910,8483.859999999999,8483.859999999999,0
54024990,7524.52,7524.52,0
54025110,2353.72,2353.72,0
54025190,1917.3,1917.3,0
54025200,3317,3317,0
54025300,4525,4525,0
54025900,71.52,71.52,0
54026110,747.28,747.28,0
54026190,31906.49,31906.49,0
54026200,24721.4,24721.4,0
54026300,229.25,229.25,0
54026900,83940.26000000001,83940.26000000001,0
54031000,7797.59,7797.59,0
54033000,584.75,0,-584.75
54033100,160,160,0
54033110,184,184,0
54033190,53106.64999999999,53106.64999999999,0
54033300,169.55,169.55,0
54034100,43433.66,43433.66,0
54034200,298.37,298.37,0
54034900,204.97,204.97,0
54039490,600,0,-600
54041100,3124.690000000001,3124.690000000001,0
54041200,382794.96,382794.96,0
54041911,39,39,0
54041919,2574.5,2574.5,0
54041990,367725.03,367725.03,0
54049000,208352.13,208352.13,0
54050000,960137.3399999997,960137.3399999997,0
54060010,797691.2799999999,797691.2799999999,0
54060020,2534.829999999999,2534.829999999999,0
54062000,867,867,0
54071001,388.3,0,-388.3
54071011,643118.98,643118.98,0
54071018,98.99,0,-98.99
54071019,5204007.83,5204007.83,0
54071021,378091.7699999999,378091.7699999999,0
54071029,20250.7,20250.7,0
54072000,17275172.95,17275172.95,0
54073000,130869.02,130869.02,0
54074100,271.63,271.63,0
54074200,44759.34,44759.34,0
54074300,18222.02,18222.02,0
54074400,2172.2,2172.2,0
54075100,124025.25,124025.25,0
54075210,1246336.96,1246336.96,0
54075220,968.94,968.94,0
54075300,565510.3100000002,565510.3100000002,0
54075400,184909.98,184909.98,0
54076100,626750.29,626750.29,0
54076900,365116.23,365116.23,0
54077100,10592918.85,10592918.85,0
54077200,14825062.36,14825062.36,0
54077300,384786.6300000001,384786.6300000001,0
54077400,3001.4,3001.4,0
54078100,10295.2,10295.2,0
54078200,71685.70999999999,71685.70999999999,0
54078300,84859.30000000002,84859.30000000002,0
54078400,10754.72,10754.72,0
54079000,115,0,-115
54079100,21896,21896,0
54079200,376074.52,376074.52,0
54079300,275533.59,275533.59,0
54079400,23743.17,23743.17,0
54081000,2073.95,2073.95,0
54082100,148713.79,148713.79,0
54082200,6956.42,6956.42,0
54082300,325285.78,325285.78,0
54082400,1722.02,1722.02,0
54083200,716.9399999999999,716.9399999999999,0
54083300,39920.19,39920.19,0
54083400,1610.54,1610.54,0
54099999,8700,0,-8700
54103698,1900,0,-1900
54123697,1.5,0,-1.5
54191000,6,0,-6
54212300,305,0,-305
54212990,1269.06,0,-1269.06
54213990,30,0,-30
54454455,56.88,0,-56.88
54454564,8,0,-8
54521569,20,0,-20
54534090,1000.5,0,-1000.5
54536467,199.9,0,-199.9
54545455,25,0,-25
54545478,50,0,-50
54551654,35.2,0,-35.2
54628000,336,0,-336
54634646,377,0,-377
54651455,263,0,-263
54665654,697,0,-697
54680400,108,0,-108
54748764,55,0,-55
54772000,217.7,0,-217.7
54879655,36,0,-36
54963248,35,0,-35
54983562,59,0,-59
54987981,45,0,-45
55011000,6143.07,6143.07,0
55011100,23475.29,23475.29,0
55011900,19134.06,19134.06,0
55012000,44307.78,44307.78,0
55013000,37737.14,37737.14,0
55014000,556045.81,556045.81,0
55019000,326217.43,326217.43,0
55020090,272,272,0
55029090,5836.48,5836.48,0
55031910,2885.31,2885.31,0
55031990,2467.27,2467.27,0
55032010,25390.23,25390.23,0
55032090,181139.95,181139.95,0
55033000,10767.8,10767.8,0
55034000,626128.78,626128.78,0
55039010,197652.35,197652.35,0
55039090,5574.35,5574.35,0
55041000,12150,12150,0
55049010,100379.84,100379.84,0
55049090,8642.17,8642.17,0
55050090,170,0,-170
55051000,2856.34,2856.34,0
55052000,60648.25,60648.25,0
55061000,4526.21,4526.21,0
55062000,25308.84,25308.84,0
55063000,104522.7,104522.7,0
55069000,262.09,262.09,0
55070000,21614.56,21614.56,0
55081000,390361.2,390361.2,0
55082000,32011.66000000001,32011.66000000001,0
55091100,1074.4,1074.4,0
55091290,15497.59,15497.59,0
55092100,109577.86,109577.86,0
55092200,1258451.22,1258451.22,0
55093100,4.48,4.48,0
55093200,923.74,923.74,0
55094100,2131.2,2131.2,0
55095100,76713.36,76713.36,0
55095200,1428,1428,0
55095300,88554.72000000002,88554.72000000002,0
55095900,3733.24,3733.24,0
55096100,345,345,0
55096200,1374,1374,0
55096900,480.64,480.64,0
55099200,13004.44,13004.44,0
55099900,11973.11,11973.11,0
55101119,360,360,0
55101190,429.9,429.9,0
55101219,1248981.64,1248981.64,0
55102011,3019,3019,0
55102013,68,68,0
55102019,2754.67,2754.67,0
55102090,3680,3680,0
55103011,90,90,0
55103090,2157.4,2157.4,0
55109090,3.39,3.39,0
55111000,30632.59999999999,30632.59999999999,0
55112000,3587.27,3587.27,0
55113000,54.5,54.5,0
55121100,46560.50999999999,46560.50999999999,0
55121900,100558.24,100558.24,0
55122100,15099.6,15099.6,0
55122900,348248.29,348248.29,0
55129190,8459.68,8459.68,0
55129910,5838.69,5838.69,0
55129990,6170.160000000001,6170.160000000001,0
55131100,25933.55,25933.55,0
55131200,3781.9,3781.9,0
55131300,5889.65,5889.65,0
55131900,95275.68999999999,95275.68999999999,0
55132100,177997.9,177997.9,0
55132310,131.24,131.24,0
55132390,3142.5,3142.5,0
55132900,7568.34,7568.34,0
55133100,35168.79,35168.79,0
55133911,211.78,211.78,0
55133919,160.8,160.8,0
55133990,5446,5446,0
55134100,40041.66,40041.66,0
55134919,41,41,0
55134990,1595.97,1595.97,0
55141100,15.45,15.45,0
55141200,5.25,5.25,0
55141990,1865.98,1865.98,0
55142100,13714.23,13714.23,0
55142200,275974.4,275974.4,0
55142300,287.5,287.5,0
55142900,1846.32,1846.32,0
55143012,23890.84,23890.84,0
55143019,31146.28,31146.28,0
55143090,199.95,199.95,0
55144100,1073.5,1073.5,0
55144200,13254.9,13254.9,0
55144300,2061.77,2061.77,0
55144900,1778.6,1778.6,0
55145645,6,0,-6
55151100,17807.42,17807.42,0
55151200,1250289.95,1250289.95,0
55151300,5517.82,5517.82,0
55151900,154830.99,154830.99,0
55152100,22919.44,22919.44,0
55152900,67991.2,67991.2,0
55159100,6227.08,6227.08,0
55159990,5998.46,5998.46,0
55161100,5035,5035,0
55161200,37828.46999999999,37828.46999999999,0
55161300,1562.5,1562.5,0
55161400,8614.06,8614.06,0
55162100,399.65,399.65,0
55162200,9865.09,9865.09,0
55162300,265622.26,265622.26,0
55162400,5186.799999999999,5186.799999999999,0
55163200,19788.2,19788.2,0
55164100,3655,3655,0
55164200,2447.5,2447.5,0
55164300,13771.87,13771.87,0
55164400,19562,19562,0
55169100,9715.57,9715.57,0
55169200,13361.23,13361.23,0
55169300,104596.56,104596.56,0
55169400,3654.780000000001,3654.780000000001,0
55171090,7900,0,-7900
55248564,364,0,-364
55332417,330,0,-330
55454555,3,0,-3
55555555,45,0,-45
55825412,134.8,0,-134.8
56011000,1089,1089,0
56012110,127792.1,127792.1,0
56012190,117658.35,117658.35,0
56012211,5633.34,5633.34,0
56012219,12440.97,12440.97,0
56012291,11875.36,11875.36,0
56012299,31855.82,31855.82,0
56012900,24816.44,24816.44,0
56013010,44,44,0
56013090,1541.28,1541.28,0
56014000,118,0,-118
56021000,819404.3599999999,819404.3599999999,0
56022100,405617.6900000001,405617.6900000001,0
56022900,1082540.49,1082540.49,0
56024900,198,0,-198
56029000,722855.85,722855.85,0
56031110,9400,9400,0
56031120,21157.76,21157.76,0
56031130,379010.53,379010.53,0
56031140,117,117,0
56031190,18388.62,18388.62,0
56031210,133558.82,133558.82,0
56031220,509.92,509.92,0
56031230,461396.49,461396.49,0
56031240,270342.8199999999,270342.8199999999,0
56031250,89751.47000000003,89751.47000000003,0
56031290,838596.89,838596.89,0
56031310,34397.92000000001,34397.92000000001,0
56031320,86338.45000000001,86338.45000000001,0
56031330,1336279.01,1336279.01,0
56031340,138620.1,138620.1,0
56031350,4709.19,4709.19,0
56031390,695833.65,695833.65,0
56031410,126030.69,126030.69,0
56031420,704033.04,704033.04,0
56031430,122502.99,122502.99,0
56031440,49.8,49.8,0
56031490,1055767.71,1055767.71,0
56039100,840,840,0
56039110,274.54,274.54,0
56039120,39.25,39.25,0
56039190,1006.3,1006.3,0
56039200,120,0,-120
56039210,51881.14,51881.14,0
56039220,130708.24,130708.24,0
56039230,21.5,21.5,0
56039240,170638.53,170638.53,0
56039290,136212.6,136212.6,0
56039310,34143.28,34143.28,0
56039320,77315.55,77315.55,0
56039330,12964.63,12964.63,0
56039340,1407.22,1407.22,0
56039390,99633.91,99633.91,0
56039400,10.8,10.8,0
56039410,404015.24,404015.24,0
56039420,117558.06,117558.06,0
56039490,659902.67,659902.67,0
56041000,4184796.9,4184796.9,0
56041010,22.9,0,-22.9
56041990,19.88,0,-19.88
56044100,24,0,-24
56049010,18698.79,18698.79,0
56049021,62818.81,62818.81,0
56049022,27553.12,27553.12,0
56049090,132821.1,132821.1,0
56050010,640.5,640.5,0
56050020,9605.34,9605.34,0
56050090,414728.4700000001,414728.4700000001,0
56060000,15701.21,15701.21,0
56070000,970.4,0,-970.4
56071000,2983.03,2983.03,0
56071090,2281.72,2281.72,0
56072100,3287795.76,3287795.76,0
56072900,446808.73,446808.73,0
56074000,1384.38,0,-1384.38
56074090,214.16,0,-214.16
56074100,2701472.34,2701472.34,0
56074900,18689256.54,18689256.54,0
56075011,2406434.52,2406434.52,0
56075019,533366.94,533366.94,0
56075090,7970842.999999999,7970842.999999999,0
56075099,761,0,-761
56077490,12.5,0,-12.5
56079000,282.8,0,-282.8
56079001,16,0,-16
56079010,1105052.36,1105052.36,0
56079020,18070.38,18070.38,0
56079090,2522531.53,2522531.53,0
56081100,8921939.739999998,8921939.739999998,0
56081900,6691956.71,6691956.71,0
56089000,1111331.15,1111331.15,0
56090010,17163.61,17163.61,0
56090090,2710163.74,2710163.74,0
56099010,3253,0,-3253
56127843,2536.45,0,-2536.45
56181415,13.5,0,-13.5
56245876,45,0,-45
56320101,2265,0,-2265
56320102,19,0,-19
56456456,40,0,-40
56465465,45,0,-45
56468456,17.01,0,-17.01
56500000,84.5,0,-84.5
56565767,1000,0,-1000
56633211,1210,0,-1210
56789876,4500,0,-4500
56932510,139,0,-139
56985632,550,0,-550
56987452,5280,0,-5280
57011011,1527565.44,1527565.44,0
57011012,142537,142537,0
57011020,18053.75,18053.75,0
57019000,1219801.92,1219801.92,0
57021000,2008020.85,2008020.85,0
57022000,106847.67,106847.67,0
57023100,112350.67,112350.67,0
57023200,274856.01,274856.01,0
57023900,41320.75999999999,41320.75999999999,0
57024100,97670.95,97670.95,0
57024200,3973373.240000001,3973373.240000001,0
57024900,292860.6200000001,292860.6200000001,0
57025010,399.03,399.03,0
57025020,205118.06,205118.06,0
57025090,28741.09,28741.09,0
57029100,104531.93,104531.93,0
57029200,1191966.84,1191966.84,0
57029900,279436.89,279436.89,0
57031000,226469.55,226469.55,0
57032000,91239.01,91239.01,0
57032100,1259031.75,1259031.75,0
57032900,3277948.16,3277948.16,0
57033000,20519.9,20519.9,0
57033100,571847.08,571847.08,0
57033900,1282675.94,1282675.94,0
57039000,1504592.83,1504592.83,0
57039200,191273.09,0,-191273.09
57041000,48378,48378,0
57042000,22269.98,22269.98,0
57049000,222886.01,222886.01,0
57050000,2041102.69,2041102.69,0
57074900,72,0,-72
57085012,590,0,-590
57088000,415,0,-415
57089990,17,0,-17
57141000,219,0,-219
57646736,15,0,-15
57842845,35,0,-35
57979000,71.69999999999999,0,-71.69999999999999
58011000,21887.26,21887.26,0
58012100,77928.48000000001,77928.48000000001,0
58012200,10968.92,10968.92,0
58012300,14667.05,14667.05,0
58012600,5940.52,5940.52,0
58012700,4788.26,4788.26,0
58013100,1772.22,1772.22,0
58013200,41157.25999999999,41157.25999999999,0
58013300,125586.36,125586.36,0
58013600,263005.49,263005.49,0
58013700,206690.35,206690.35,0
58019000,43174.98,43174.98,0
58021000,37243.1,37243.1,0
58021100,20,20,0
58021900,4958.63,4958.63,0
58022000,50393.59000000002,50393.59000000002,0
58023000,175068.85,175068.85,0
58030010,64557.72,64557.72,0
58030090,45737.45,45737.45,0
58041010,17278.66,17278.66,0
58041090,209883.71,209883.71,0
58042100,67143.75999999998,67143.75999999998,0
58042910,105313.96,105313.96,0
58042990,5042.04,5042.04,0
58043010,12291.8,12291.8,0
58043090,39553.24000000001,39553.24000000001,0
58050010,121353.14,121353.14,0
58050020,127156.76,127156.76,0
58050090,231939.92,231939.92,0
58061000,146591.24,146591.24,0
58062000,145976.03,145976.03,0
58063100,110461.93,110461.93,0
58063200,3145636.98,3145636.98,0
58063900,117390.48,117390.48,0
58064000,40591.91,40591.91,0
58071000,972051.89,972051.89,0
58079000,116984.35,116984.35,0
58081000,102286.13,102286.13,0
58089000,143398.78,143398.78,0
58090000,18097.88,18097.88,0
58090099,791.2,0,-791.2
58101000,17593.45999999998,17593.45999999998,0
58109100,344053.84,344053.84,0
58109200,215047.48,215047.48,0
58109900,123897.46,123897.46,0
58110000,651510.88,651510.88,0
58118020,1768.35,0,-1768.35
58176241,567,0,-567
58224200,1120,0,-1120
58256090,2642.14,0,-2642.14
58364100,19.74,0,-19.74
58426161,92.24,0,-92.24
58462580,54,0,-54
58487488,35,0,-35
58501101,150,0,-150
58678996,8,0,-8
58741236,6,0,-6
58769522,6,0,-6
58798461,15,0,-15
58933320,46,0,-46
58963010,2700,0,-2700
58963214,1100,0,-1100
58970000,225,0,-225
58996666,2080,0,-2080
59000000,36,0,-36
59009000,3120,0,-3120
59011000,314007.28,314007.28,0
59019000,88927.49000000002,88927.49000000002,0
59021010,33455.61,33455.61,0
59021090,3952.61,3952.61,0
59022000,25412.14,25412.14,0
59029000,12574.88,12574.88,0
59031000,4206517.83,4206517.83,0
59032000,99646.94,99646.94,0
59033100,741,0,-741
59039000,314911.59,314911.59,0
59041000,2065.87,2065.87,0
59049000,18194,18194,0
59050000,223655.15,223655.15,0
59061000,2715564.309999999,2715564.309999999,0
59061010,67,0,-67
59064125,32,0,-32
59069100,24621.9,24621.9,0
59069900,132651.83,132651.83,0
59070000,161960.09,161960.09,0
59072200,514.15,0,-514.15
59074900,75,0,-75
59080000,43567.52,43567.52,0
59090000,13354075.46,13354075.46,0
59099000,190,0,-190
59100000,8330371.33,8330371.33,0
59111000,247520.14,247520.14,0
59112010,90454.8,90454.8,0
59112090,114585.95,114585.95,0
59113100,36.2,36.2,0
59113200,5696.77,5696.77,0
59114000,114168.76,114168.76,0
59119000,5024290.430000001,5024290.430000001,0
59119090,221.16,0,-221.16
59503300,690,0,-690
59852101,390,0,-390
59860314,250,0,-250
59877745,1276,0,-1276
60006320,3500,0,-3500
60011010,94478.82,94478.82,0
60011020,192332.61,192332.61,0
60011090,40572.41,40572.41,0
60012100,26606.98,26606.98,0
60012200,15001.55,15001.55,0
60012900,4586.770000000001,4586.770000000001,0
60019100,2583.17,2583.17,0
60019200,423782.0600000001,423782.0600000001,0
60019900,35336.05,35336.05,0
60021010,6.5,6.5,0
60023020,1183.2,1183.2,0
60024010,3241,3241,0
60024020,6732.670000000001,6732.670000000001,0
60024090,12425,12425,0
60029010,5999.620000000001,5999.620000000001,0
60029020,2407.61,2407.61,0
60029090,30024.21,30024.21,0
60029200,3475.95,3475.95,0
60032000,1566.16,1566.16,0
60032090,190.54,0,-190.54
60033000,9626.1,9626.1,0
60034000,597.06,597.06,0
60039000,111848.7,111848.7,0
60041011,1144.7,1144.7,0
60041012,264.89,264.89,0
60041013,2251.84,2251.84,0
60041014,5153.7,5153.7,0
60041031,7417.820000000001,7417.820000000001,0
60041032,111879.97,111879.97,0
60041033,1823.6,1823.6,0
60041034,9625.6,9625.6,0
60041041,156,156,0
60041042,7078.41,7078.41,0
60041043,11821,11821,0
60041044,1584.81,1584.81,0
60041091,129.49,129.49,0
60042211,11.5,0,-11.5
60049010,36729.44000000001,36729.44000000001,0
60049030,78699.7,78699.7,0
60049059,479.2,0,-479.2
60049090,34961.89,34961.89,0
60052100,114,114,0
60052300,5957.52,5957.52,0
60053000,20.48,0,-20.48
60053100,390828,390828,0
60053200,2720.69,2720.69,0
60053300,26516.72,26516.72,0
60053500,36914.3,36914.3,0
60053600,3281752.23,3281752.23,0
60053700,68769.31,68769.31,0
60053800,3275039.99,3275039.99,0
60053900,114172.3,114172.3,0
60054100,13479.48,13479.48,0
60054300,1420.06,1420.06,0
60054400,4798.4,4798.4,0
60059090,6334385.48,6334385.48,0
60061000,38350.96,38350.96,0
60062100,17983945.54,17983945.54,0
60062200,489373.8999999999,489373.8999999999,0
60062300,34950.19,34950.19,0
60062400,5651.389999999999,5651.389999999999,0
60063100,2080,2080,0
60063110,13010.6,13010.6,0
60063120,34212.38,34212.38,0
60063130,8921.55,8921.55,0
60063190,9294.710000000001,9294.710000000001,0
60063200,19134.02,19134.02,0
60063210,26557.34999999999,26557.34999999999,0
60063220,482392.73,482392.73,0
60063230,55,55,0
60063290,201209.65,201209.65,0
60063310,280922.1,280922.1,0
60063320,70669.39,70669.39,0
60063330,1066.4,1066.4,0
60063390,5144,5144,0
60063410,53200.35000000001,53200.35000000001,0
60063420,12016.99,12016.99,0
60063430,2306.9,2306.9,0
60063490,417546.13,417546.13,0
60064011,118.99,0,-118.99
60064100,1612.95,1612.95,0
60064200,115003.85,115003.85,0
60064300,11900.8,11900.8,0
60064400,8349.43,8349.43,0
60069000,728322.22,728322.22,0
60200710,60,0,-60
60905100,130.4,0,-130.4
61010000,301.93,0,-301.93
61011000,6.56,6.56,0
61012000,617802.6799999999,617802.6799999999,0
61013000,2405593.44,2405593.44,0
61014200,3457.3,0,-3457.3
61019000,4940,4940,0
61019010,153549.7,153549.7,0
61019090,753743.23,753743.23,0
61021000,307678.61,307678.61,0
61022000,485611.6899999999,485611.6899999999,0
61023000,923807.0899999999,923807.0899999999,0
61023100,1440,0,-1440
61025200,59.42,0,-59.42
61026400,12049,0,-12049
61029000,557425.79,557425.79,0
61031010,67331.68,67331.68,0
61031020,455146.41,455146.41,0
61031090,272942.24,272942.24,0
61031900,1713.8,1713.8,0
61032200,831572.1799999999,831572.1799999999,0
61032300,346946.2600000001,346946.2600000001,0
61032910,3145.8,3145.8,0
61032990,305578.4,305578.4,0
61033100,44469.9,44469.9,0
61033200,52273.5,52273.5,0
61033300,25480.97,25480.97,0
61033900,38746.99,38746.99,0
61034100,314803.65,314803.65,0
61034200,3028983.59,3028983.59,0
61034300,1975833.32,1975833.32,0
61034900,3291737.41,3291737.41,0
61041300,63624.3,63624.3,0
61041910,1067.49,1067.49,0
61041920,50865.85,50865.85,0
61041990,882597.1199999999,882597.1199999999,0
61042200,378878.61,378878.61,0
61042300,244149.1500000001,244149.1500000001,0
61042900,5069.53,5069.53,0
61042910,23414.33,23414.33,0
61042990,232102.92,232102.92,0
61043100,44324.58,44324.58,0
61043200,97973.46,97973.46,0
61043300,146310.65,146310.65,0
61043900,552511.9,552511.9,0
61044100,619589.28,619589.28,0
61044200,1100248.97,1100248.97,0
61044300,2051323.2,2051323.2,0
61044400,854420.1500000001,854420.1500000001,0
61044900,1498040.95,1498040.95,0
61045100,35820.77999999999,35820.77999999999,0
61045200,244834.82,244834.82,0
61045300,631043.6799999998,631043.6799999998,0
61045900,487972.3999999999,487972.3999999999,0
61046000,449.15,0,-449.15
61046100,430794.09,430794.09,0
61046200,2446069.87,2446069.87,0
61046300,2867637.46,2867637.46,0
61046900,2971350.12,2971350.12,0
61048200,592,0,-592
61050000,3243.5,0,-3243.5
61051000,6755523.08,6755523.08,0
61052000,3889496.69,3889496.69,0
61059000,7205781.279999999,7205781.279999999,0
61061000,1504159.96,1504159.96,0
61062000,3649837.589999999,3649837.589999999,0
61069000,2733870.49,2733870.49,0
61071100,381302.52,381302.52,0
61071200,209773.31,209773.31,0
61071900,164730.61,164730.61,0
61072100,137440.32,137440.32,0
61072200,45216.72999999999,45216.72999999999,0
61072900,99557.98000000001,99557.98000000001,0
61079100,62433.97,62433.97,0
61079200,7555.700000000001,7555.700000000001,0
61079910,31093.1,31093.1,0
61079990,10353.17,10353.17,0
61081100,33474.93999999999,33474.93999999999,0
61081900,6832.56,6832.56,0
61082100,168774.66,168774.66,0
61082200,392472.3,392472.3,0
61082201,152.6,0,-152.6
61082900,77278.79000000002,77278.79000000002,0
61083100,253043.15,253043.15,0
61083200,1034290.44,1034290.44,0
61083900,73807.64000000001,73807.64000000001,0
61089100,7429.779999999999,7429.779999999999,0
61089200,75604.93000000001,75604.93000000001,0
61089900,72394.18999999999,72394.18999999999,0
61090000,14.95,0,-14.95
61091000,10884286.43,10884286.43,0
61091090,204.9,0,-204.9
61099000,17851281.97,17851281.97,0
61101000,96.03,96.03,0
61101100,569248.69,569248.69,0
61101200,673087.9299999999,673087.9299999999,0
61101900,13016.24,13016.24,0
61102000,1060768.670000001,1060768.670000001,0
61103000,1408383.78,1408383.78,0
61109000,227470.33,227470.33,0
61112000,1062505.04,1062505.04,0
61112200,73.8,0,-73.8
61113000,142004.98,142004.98,0
61119000,1564,1564,0
61119010,5591.48,5591.48,0
61119090,99390.75,99390.75,0
61121100,86878.19,86878.19,0
61121200,108342.6,108342.6,0
61121900,68177.14,68177.14,0
61122000,356691.73,356691.73,0
61123100,140907.71,140907.71,0
61123900,84423.92,84423.92,0
61124100,1559550.97,1559550.97,0
61124900,326269.64,326269.64,0
61130000,3866172.949999999,3866172.949999999,0
61141000,577,577,0
61142000,484827.5700000001,484827.5700000001,0
61143000,1498642.49,1498642.49,0
61149000,2450,2450,0
61149010,23071.46,23071.46,0
61149090,2187522.38,2187522.38,0
61149990,4543.86,0,-4543.86
61151011,7698.41,7698.41,0
61151012,39534.3,39534.3,0
61151013,691.26,691.26,0
61151014,16371.43,16371.43,0
61151019,14853.51,14853.51,0
61151021,69981.57,69981.57,0
61151022,31823.82,31823.82,0
61151029,2997.05,2997.05,0
61151091,572.36,572.36,0
61151092,4107.68,4107.68,0
61151093,36607.78,36607.78,0
61151099,2995.15,2995.15,0
61151100,27.8,27.8,0
61151990,750,750,0
61152100,42728.88999999999,42728.88999999999,0
61152200,16558.71,16558.71,0
61152910,10436.78,10436.78,0
61152920,4286.52,4286.52,0
61152990,8275.14,8275.14,0
61153010,18814.5,18814.5,0
61153020,2491.02,2491.02,0
61153090,4035.89,4035.89,0
61159100,59.4,59.4,0
61159200,199.5,199.5,0
61159400,36314.51,36314.51,0
61159500,480016.45,480016.45,0
61159600,206269.24,206269.24,0
61159900,71324.32,71324.32,0
61161000,7794790.859999999,7794790.859999999,0
61161001,140,0,-140
61166100,140.4,0,-140.4
61169100,26029.34,26029.34,0
61169200,585270.28,585270.28,0
61169300,2419587.11,2419587.11,0
61169900,166171.47,166171.47,0
61171000,129011.58,129011.58,0
61178000,1181.3,1181.3,0
61178010,5359.58,5359.58,0
61178090,302799.01,302799.01,0
61179000,81269.01,81269.01,0
61199200,26.1,0,-26.1
61646900,18765.9,0,-18765.9
61700000,127.35,0,-127.35
61811820,853.5,0,-853.5
61901000,3728,0,-3728
62011200,12936.5,12936.5,0
62011300,82332.13000000002,82332.13000000002,0
62011900,3372.58,3372.58,0
62012000,463508.7299999999,463508.7299999999,0
62013000,1115701.73,1115701.73,0
62014000,3599773.220000001,3599773.220000001,0
62019000,697725.76,697725.76,0
62019100,615.9,615.9,0
62019200,5488,5488,0
62019300,3456.28,3456.28,0
62019900,18800.22,18800.22,0
62021100,89.69999999999999,89.69999999999999,0
62021300,1477.7,1477.7,0
62021900,500,500,0
62022000,672250.69,672250.69,0
62023000,777845.66,777845.66,0
62024000,1330044.360000001,1330044.360000001,0
62029000,662313.21,662313.21,0
62029100,670,670,0
62029200,1553,1553,0
62029300,2290,2290,0
62029900,194778.37,194778.37,0
62031100,2085045.84,2085045.84,0
62031200,246148.3899999999,246148.3899999999,0
62031900,109941.29,109941.29,0
62032200,1777035.83,1777035.83,0
62032300,1546536.140000001,1546536.140000001,0
62032900,3493.8,3493.8,0
62032910,1496512.74,1496512.74,0
62032990,3309614.12,3309614.12,0
62033100,772166.3899999999,772166.3899999999,0
62033200,95903.04999999999,95903.04999999999,0
62033300,158462.72,158462.72,0
62033900,327307.35,327307.35,0
62034100,746110.44,746110.44,0
62034200,11247446.43,11247446.43,0
62034300,1887937.43,1887937.43,0
62034900,3060171.04,3060171.04,0
62034910,2208,0,-2208
62035276,2640,0,-2640
62041100,17765.77,17765.77,0
62041200,18397.63,18397.63,0
62041300,41516.83,41516.83,0
62041900,90206.28,90206.28,0
62042100,2227.12,2227.12,0
62042200,179643.22,179643.22,0
62042300,709124.2799999998,709124.2799999998,0
62042900,2487812.01,2487812.01,0
62043100,473840.6,473840.6,0
62043200,421248.8799999999,421248.8799999999,0
62043300,975224.7600000002,975224.7600000002,0
62043900,930355.9100000001,930355.9100000001,0
62044100,393359.84,393359.84,0
62044200,2442556.88,2442556.88,0
62044300,4532064.869999999,4532064.869999999,0
62044400,2093556.600000001,2093556.600000001,0
62044900,5595652.559999999,5595652.559999999,0
62045100,89346.09000000001,89346.09000000001,0
62045200,941261.9500000002,941261.9500000002,0
62045300,1119871.26,1119871.26,0
62045900,1291126.64,1291126.64,0
62046100,267916.97,267916.97,0
62046200,5662969.58,5662969.58,0
62046300,3249629.419999999,3249629.419999999,0
62046900,3580768.860000001,3580768.860000001,0
62052000,9357147.569999998,9357147.569999998,0
62053000,2862942.95,2862942.95,0
62055200,950,0,-950
62055900,54,0,-54
62058000,33.96,0,-33.96
62059000,61884.6,61884.6,0
62059010,189170.42,189170.42,0
62059090,3867613.1,3867613.1,0
62061000,1175754.77,1175754.77,0
62062000,465696.8699999999,465696.8699999999,0
62063000,3425856.87,3425856.87,0
62064000,3799635.930000001,3799635.930000001,0
62069000,4756745.32,4756745.32,0
62069090,1760,0,-1760
62071100,18613.3,18613.3,0
62071900,64311.67999999999,64311.67999999999,0
62072100,11805.07,11805.07,0
62072200,11088.46,11088.46,0
62072900,69156.69,69156.69,0
62079000,120.58,0,-120.58
62079100,737255.8,737255.8,0
62079900,4960,4960,0
62079910,91258.85999999999,91258.85999999999,0
62079990,312530.7399999999,312530.7399999999,0
62081100,11800.83,11800.83,0
62081900,7599.389999999999,7599.389999999999,0
62082000,2440,0,-2440
62082100,57398.04,57398.04,0
62082200,97851.28,97851.28,0
62082900,274117.51,274117.51,0
62084200,90,0,-90
62089100,65874.98,65874.98,0
62089200,67389.23,67389.23,0
62089900,28676.94,28676.94,0
62092000,489593.16,489593.16,0
62093000,121317.59,121317.59,0
62099000,290.13,290.13,0
62099010,3856.14,3856.14,0
62099090,137703.81,137703.81,0
62099200,92,0,-92
62101000,4236354.289999999,4236354.289999999,0
62102000,497215.3399999999,497215.3399999999,0
62102156,620,0,-620
62103000,131735.31,131735.31,0
62104000,1733300.7,1733300.7,0
62105000,334598.98,334598.98,0
62111100,287334.08,287334.08,0
62111200,421906.21,421906.21,0
62112000,380182.1,380182.1,0
62113000,41.7,0,-41.7
62113200,358000.2699999999,358000.2699999999,0
62113300,407210.22,407210.22,0
62113910,1927.76,1927.76,0
62113990,670934.2300000001,670934.2300000001,0
62114200,377169.21,377169.21,0
62114300,496876.1300000001,496876.1300000001,0
62114900,441889.8599999999,441889.8599999999,0
62121000,727777.8699999999,727777.8699999999,0
62122000,148931.99,148931.99,0
62123000,66244.4,66244.4,0
62129000,336871.99,336871.99,0
62132000,7639.48,7639.48,0
62139010,3985.47,3985.47,0
62139090,1755.39,1755.39,0
62141000,333369.36,333369.36,0
62142000,289225.03,289225.03,0
62143000,67220.88999999998,67220.88999999998,0
62144000,66067.81,66067.81,0
62149010,31579.93,31579.93,0
62149090,468018.27,468018.27,0
62151000,172955.3,172955.3,0
62152000,28628.97,28628.97,0
62159000,18757.2,18757.2,0
62160000,738765.9099999998,738765.9099999998,0
62160099,114,0,-114
62171000,1010642.77,1010642.77,0
62179000,509955.3300000001,509955.3300000001,0
62179099,936,0,-936
62216000,24,0,-24
62424300,16247.7,0,-16247.7
62510000,269.8,0,-269.8
62525000,3080,0,-3080
62546555,240,0,-240
62620062,129.9,0,-129.9
62915200,320,0,-320
63000000,5165,0,-5165
63011000,85239.69000000002,85239.69000000002,0
63012000,224213.89,224213.89,0
63013000,150813.41,150813.41,0
63014000,2262927.27,2262927.27,0
63014099,1795,0,-1795
63019000,312313.4399999999,312313.4399999999,0
63019010,55,0,-55
63021000,1355188.99,1355188.99,0
63022100,2765699.3,2765699.3,0
63022200,712845.85,712845.85,0
63022900,213279.77,213279.77,0
63023100,5328117.240000001,5328117.240000001,0
63023200,915016.3100000002,915016.3100000002,0
63023900,809964.2000000002,809964.2000000002,0
63024000,34472.61,34472.61,0
63025100,428780.58,428780.58,0
63025300,404337.8,404337.8,0
63025910,213901.23,213901.23,0
63025990,238445.22,238445.22,0
63026000,4117812.799999999,4117812.799999999,0
63026200,13.99,0,-13.99
63029100,480171.19,480171.19,0
63029300,249388.19,249388.19,0
63029910,68451.12999999999,68451.12999999999,0
63029990,110002.78,110002.78,0
63031100,3400,3400,0
63031200,884698.56,884698.56,0
63031900,25889.74,25889.74,0
63031910,394337.05,394337.05,0
63031990,2104580.7,2104580.7,0
63039100,459467.69,459467.69,0
63039200,16173468.29,16173468.29,0
63039900,9030275.9,9030275.9,0
63041100,142342.89,142342.89,0
63041910,864160.7400000002,864160.7400000002,0
63041990,350666.89,350666.89,0
63042000,30305.26,30305.26,0
63049100,86363.05,86363.05,0
63049200,225250.5,225250.5,0
63049300,718836.6399999998,718836.6399999998,0
63049900,341796.87,341796.87,0
63051000,2321326.19,2321326.19,0
63052000,5729001,5729001,0
63053090,152,0,-152
63053200,71981661.62999998,71981661.62999998,0
63053310,6857975.2,6857975.2,0
63053390,102963277.79,102963277.79,0
63053900,1270872.43,1270872.43,0
63059000,4014147.07,4014147.07,0
63061100,26290.15,26290.15,0
63061200,3908028.08,3908028.08,0
63061900,132452.39,132452.39,0
63061910,332053.09,332053.09,0
63061990,3040925.21,3040925.21,0
63062200,1699877.48,1699877.48,0
63062900,24390,24390,0
63062910,17925.17,17925.17,0
63062990,847013.38,847013.38,0
63063000,220,0,-220
63063010,83894.96,83894.96,0
63063090,3442.8,3442.8,0
63064010,4882.34,4882.34,0
63064090,9371.009999999998,9371.009999999998,0
63064100,936,936,0
63064900,116.75,116.75,0
63069000,6894061.410000001,6894061.410000001,0
63069900,9245.41,9245.41,0
63070000,578.05,0,-578.05
63071000,5030206.459999997,5030206.459999997,0
63071099,106,0,-106
63072000,3634109.77,3634109.77,0
63075425,30,0,-30
63079000,330,0,-330
63079010,12859642.66,12859642.66,0
63079020,15513.39,15513.39,0
63079090,21175314.15,21175314.15,0
63079099,6795.38,0,-6795.38
63079990,9.99,0,-9.99
63080000,1489150.17,1489150.17,0
63089300,4320,0,-4320
63090010,3912709.419999999,3912709.419999999,0
63090090,1403997.28,1403997.28,0
63091000,38,0,-38
63092990,760,0,-760
63101000,343289.58,343289.58,0
63109000,984835.73,984835.73,0
63138190,4379.6,0,-4379.6
63181901,520,0,-520
63188190,966,0,-966
63207200,391.6,0,-391.6
63231000,78.52,0,-78.52
63254415,116,0,-116
63545646,8.9,0,-8.9
63607200,371.97,0,-371.97
63710000,20.49,0,-20.49
63800000,40,0,-40
63971000,36,0,-36
64011000,230700.5399999999,230700.5399999999,0
64019000,1113.31,0,-1113.31
64019100,65.4,65.4,0
64019200,14044019.00000001,14044019.00000001,0
64019900,200,200,0
64019910,9400.51,9400.51,0
64019990,1423539.39,1423539.39,0
64021200,8452.470000000001,8452.470000000001,0
64021900,954539,954539,0
64022000,1492584.429999999,1492584.429999999,0
64022050,7900,0,-7900
64023000,55,55,0
64025000,1548,0,-1548
64028000,62.5,0,-62.5
64029100,1743.75,1743.75,0
64029110,182652.77,182652.77,0
64029190,2008809.56,2008809.56,0
64029900,445,445,0
64029910,8389.8,8389.8,0
64029990,3061600.98,3061600.98,0
64031200,14622.18,14622.18,0
64031900,5865177.66,5865177.66,0
64032000,996807.49,996807.49,0
64033900,318,0,-318
64034000,5351334.83,5351334.83,0
64035100,4003.97,4003.97,0
64035110,48097.07,48097.07,0
64035190,2621800.99,2621800.99,0
64035900,63,63,0
64035910,1694,1694,0
64035990,5579096.85,5579096.85,0
64036000,796.3,0,-796.3
64039100,2017.52,2017.52,0
64039101,1034.8,0,-1034.8
64039110,121662.82,121662.82,0
64039190,20110148.5,20110148.5,0
64039900,4945.98,4945.98,0
64039910,18117.64,18117.64,0
64039990,33503237.85,33503237.85,0
64039996,2734.47,0,-2734.47
64040000,833,0,-833
64041000,3216.4,0,-3216.4
64041100,5749091.35,5749091.35,0
64041900,2755737.600000001,2755737.600000001,0
64042000,1879676.75,1879676.75,0
64042211,1929.9,0,-1929.9
64044000,75985,0,-75985
64051000,144,0,-144
64051010,9007167.460000003,9007167.460000003,0
64051020,867598.43,867598.43,0
64051090,1163483.77,1163483.77,0
64052000,168877.11,168877.11,0
64059000,4809026.199999999,4809026.199999999,0
64059090,288,0,-288
64060000,98.53999999999999,0,-98.53999999999999
64061000,295745.9399999999,295745.9399999999,0
64062000,209322.91,209322.91,0
64069010,196924.9,196924.9,0
64069020,66270.81999999999,66270.81999999999,0
64069090,2896227.8,2896227.8,0
64069910,770,770,0
64069990,4634.430000000001,4634.430000000001,0
64091000,3349,0,-3349
64094000,56,0,-56
64192000,162.6,0,-162.6
64242000,571.84,0,-571.84
64249000,154.5,0,-154.5
64314200,2200,0,-2200
64320000,2611.2,0,-2611.2
64335990,190000,0,-190000
64359892,420,0,-420
64456898,80,0,-80
64566987,40,0,-40
64653213,24,0,-24
64785632,75,0,-75
64818019,164.5,0,-164.5
64819200,140.26,0,-140.26
64824000,380,0,-380
64984894,285,0,-285
64996023,519.9,0,-519.9
65010000,15217.24,15217.24,0
65020010,71159.10000000002,71159.10000000002,0
65020090,24146.01,24146.01,0
65030000,3030,3030,0
65040010,1374695.73,1374695.73,0
65040012,102.96,0,-102.96
65040090,2140450.89,2140450.89,0
65042119,180,0,-180
65050010,96,0,-96
65050011,4041075.71,4041075.71,0
65050012,2468996.71,2468996.71,0
65050019,1669556.81,1669556.81,0
65050021,39090.56,39090.56,0
65050022,42305.67999999999,42305.67999999999,0
65050029,42997.42,42997.42,0
65050031,250652.87,250652.87,0
65050032,133735.19,133735.19,0
65050039,390576.21,390576.21,0
65050090,883787.8200000001,883787.8200000001,0
65051000,171.14,171.14,0
65052000,5588.84,0,-5588.84
65058000,65,0,-65
65059000,7612.119999999999,7612.119999999999,0
65059001,700,0,-700
65059010,7363.09,0,-7363.09
65059011,41138.59,41138.59,0
65059012,235.64,235.64,0
65059090,666.0699999999999,666.0699999999999,0
65061000,5513509.380000001,5513509.380000001,0
65061001,169.3,0,-169.3
65061009,74.9,0,-74.9
65069100,246508.1999999999,246508.1999999999,0
65069200,245,245,0
65069900,773853.1300000001,773853.1300000001,0
65070000,709714.1900000002,709714.1900000002,0
65074000,4.4,0,-4.4
65146497,20,0,-20
65464657,816,0,-816
65465456,96,0,-96
65465465,16.8,0,-16.8
65467686,175,0,-175
65488256,70,0,-70
65984235,2788.5,0,-2788.5
65987412,8,0,-8
66011000,2363805,2363805,0
66019110,153243.42,153243.42,0
66019190,71846.54000000001,71846.54000000001,0
66019900,403075.2,403075.2,0
66020000,124198.51,124198.51,0
66032000,21114.78,21114.78,0
66039000,594419.6900000001,594419.6900000001,0
66297404,509.9,0,-509.9
66666666,203579.9,0,-203579.9
66669474,45,0,-45
67010000,10070.1,10070.1,0
67021000,1110508.17,1110508.17,0
67029000,1118671.2,1118671.2,0
67030000,22690.57,22690.57,0
67041100,11211.59,11211.59,0
67041900,13762.27,13762.27,0
67042000,94631.59,94631.59,0
67049000,109613.58,109613.58,0
67071000,34.17,0,-34.17
67079090,378,0,-378
67082999,1500,0,-1500
67089990,142.48,0,-142.48
67109100,5825.18,0,-5825.18
67804221,10673.1,0,-10673.1
67890876,50,0,-50
67890898,700,0,-700
67890987,310,0,-310
68000000,450,0,-450
68004211,516.14,0,-516.14
68010000,7371106.429999999,7371106.429999999,0
68011100,2330.6,0,-2330.6
68020000,13.68,0,-13.68
68021000,854660.03,854660.03,0
68022100,14661032.03,14661032.03,0
68022200,9216.23,9216.23,0
68022300,39634981.45,39634981.45,0
68022900,8887720.939999998,8887720.939999998,0
68023000,200,0,-200
68029100,13251389.7,13251389.7,0
68029200,14106297.89,14106297.89,0
68029310,63746.73,63746.73,0
68029390,14681152.51,14681152.51,0
68029910,8403.78,8403.78,0
68029990,9145568.41,9145568.41,0
68030000,2876031.16,2876031.16,0
68040000,15,0,-15
68041000,275497.2799999999,275497.2799999999,0
68042051,150,0,-150
68042100,18,0,-18
68042111,305273.33,305273.33,0
68042119,5698375.550000001,5698375.550000001,0
68042190,1123895.74,1123895.74,0
68042200,545.3,0,-545.3
68042210,14,0,-14
68042211,26787144.09,26787144.09,0
68042219,2656617.57,2656617.57,0
68042222,132.12,0,-132.12
68042290,618720.7899999999,618720.7899999999,0
68042300,1749054.06,1749054.06,0
68043000,581347.23,581347.23,0
68045000,42,0,-42
68048811,61.3,0,-61.3
68051000,5448981.370000001,5448981.370000001,0
68051010,1435.77,0,-1435.77
68051090,79.2,0,-79.2
68052000,6203858.800000001,6203858.800000001,0
68052002,188,0,-188
68052009,6,0,-6
68052020,1722.85,0,-1722.85
68052099,19,0,-19
68052211,105,0,-105
68053010,108309.86,108309.86,0
68053020,2741927.21,2741927.21,0
68053090,7203226.379999995,7203226.379999995,0
68053680,350.76,0,-350.76
68055100,128.5,0,-128.5
68055200,6.6,0,-6.6
68061000,646913.5599999999,646913.5599999999,0
68061200,4.51,0,-4.51
68062000,1721257.73,1721257.73,0
68069010,848138.3400000001,848138.3400000001,0
68069090,1252678.97,1252678.97,0
68071000,8442606.700000001,8442606.700000001,0
68072119,99,0,-99
68072200,1500,0,-1500
68079000,3159683.44,3159683.44,0
68080000,565997.77,565997.77,0
68091100,8239681.259999998,8239681.259999998,0
68091900,1540311.79,1540311.79,0
68099000,984957.5,984957.5,0
68100000,760,0,-760
68101000,27354,0,-27354
68101099,648,0,-648
68101100,68550082.63,68550082.63,0
68101104,1550,0,-1550
68101110,16418,0,-16418
68101900,42307260.64999999,42307260.64999999,0
68101902,7228.200000000001,0,-7228.200000000001
68101910,1800,0,-1800
68102020,6050,0,-6050
68109000,1476.5,0,-1476.5
68109100,331744765.17,331744765.17,0
68109104,8139.77,0,-8139.77
68109199,758774.32,0,-758774.32
68109900,112796938.87,113555713.19,758774.3199999928
68109901,450.48,0,-450.48
68109990,975,0,-975
68109999,456.49,0,-456.49
68111000,3303.5,3303.5,0
68112000,2893.05,2893.05,0
68114000,5410074.57,5410074.57,0
68115200,1188,0,-1188
68118020,2424,0,-2424
68118100,23605458.04,23605458.04,0
68118200,43483134.69000001,43483134.69000001,0
68118300,47169,47169,0
68118900,2475044.499999999,2475044.499999999,0
68119001,1292,0,-1292
68121010,66.99000000000001,66.99000000000001,0
68123000,896.9,896.9,0
68126000,175.82,175.82,0
68127000,2286,2286,0
68128000,2904.43,2904.43,0
68128910,750,0,-750
68129001,129.32,0,-129.32
68129010,29008.41,29008.41,0
68129080,1536,0,-1536
68129100,116996.57,116996.57,0
68129300,328.17,328.17,0
68129900,15,0,-15
68129910,798266.9400000001,798266.9400000001,0
68129920,18556.4,18556.4,0
68129928,44,0,-44
68129930,530,530,0
68129990,259807.91,259807.91,0
68130000,200,0,-200
68131010,9614.220000000001,9614.220000000001,0
68131090,8699.9,8699.9,0
68131900,707,0,-707
68132000,283437.87,283437.87,0
68133110,30,0,-30
68136190,205,0,-205
68138100,30,0,-30
68138110,5128369.560000001,5128369.560000001,0
68138190,24047801.56,24047801.56,0
68138910,3941066.759999999,3941066.759999999,0
68138990,510339.02,510339.02,0
68139010,3994.29,3994.29,0
68139090,265.08,265.08,0
68141000,57160.36,57160.36,0
68149000,105573.25,105573.25,0
68151010,1000.01,1000.01,0
68151090,20225.78,20225.78,0
68151100,27785.71,27785.71,0
68151200,171607.6,171607.6,0
68151300,188077.98,188077.98,0
68151900,452898.81,452898.81,0
68152000,13680.18,13680.18,0
68159110,10392.42,10392.42,0
68159190,8207.6,8207.6,0
68159911,5160,5160,0
68159912,1643.99,1643.99,0
68159913,261.5,261.5,0
68159914,7947.61,7947.61,0
68159919,5571.8,5571.8,0
68159990,535371.55,535371.55,0
68159999,1236.75,0,-1236.75
68188110,105,0,-105
68209200,278.4,0,-278.4
68238190,1280,0,-1280
68249041,30,0,-30
68404221,231,0,-231
68565855,21,0,-21
68710000,18.22,0,-18.22
68710910,7582.5,0,-7582.5
68905200,10,0,-10
69010000,3612079.2,3612079.2,0
69014100,18398.5,0,-18398.5
69021011,129684.23,129684.23,0
69021018,867497.36,867497.36,0
69021019,147202.36,147202.36,0
69021090,127924.76,127924.76,0
69022010,3636522.86,3636522.86,0
69022091,3947.19,3947.19,0
69022092,3149.4,3149.4,0
69022093,68,68,0
69022099,1110571.29,1110571.29,0
69029010,156598.06,156598.06,0
69029020,37904.63,37904.63,0
69029030,15378.43,15378.43,0
69029040,46306.71,46306.71,0
69029090,1689969.84,1689969.84,0
69031011,83352.29000000001,83352.29000000001,0
69031012,7.5,7.5,0
69031019,89890.09,89890.09,0
69031020,261.49,261.49,0
69031030,26800.33,26800.33,0
69031040,1019853.48,1019853.48,0
69031090,2256.7,2256.7,0
69032010,6822.059999999999,6822.059999999999,0
69032020,114251.68,114251.68,0
69032030,35072.42,35072.42,0
69032090,27609.1,27609.1,0
69039000,170,0,-170
69039011,201.64,201.64,0
69039012,32840.6,32840.6,0
69039019,311.61,311.61,0
69039091,10177.93,10177.93,0
69039099,23838.72,23838.72,0
69040000,3726,0,-3726
69041000,102701807.6,102701807.6,0
69041001,10720,0,-10720
69049000,7260331.7,7260331.7,0
69051000,33102060.01,33102060.01,0
69053020,20,0,-20
69053090,134.93,0,-134.93
69059000,1157841.03,1157841.03,0
69060000,4163363.93,4163363.93,0
69071000,367.39,367.39,0
69072100,209966387.36,209966387.36,0
69072200,81321600.16000001,81321600.16000001,0
69072300,9705280.73,9705280.73,0
69073000,871921.2100000001,871921.2100000001,0
69074000,3200141.92,3200141.92,0
69079000,250448.07,250448.07,0
69081000,21098.29,21098.29,0
69089000,358661.52,358661.52,0
69091100,282074.8,282074.8,0
69091210,2088.93,2088.93,0
69091220,1120,1120,0
69091230,127491.58,127491.58,0
69091290,896306.85,896306.85,0
69091910,1067,1067,0
69091920,95,95,0
69091930,12183.66,12183.66,0
69091990,659598.62,659598.62,0
69099000,788606.7300000001,788606.7300000001,0
69101000,1284021.35,1284021.35,0
69101100,10620,0,-10620
69101900,2475.4,0,-2475.4
69109000,37297040.41,37297040.41,0
69109100,1367,0,-1367
69109900,400,0,-400
69109901,283.68,0,-283.68
69109955,290,0,-290
69110090,591.5,0,-591.5
69111010,1420305.55,1420305.55,0
69111090,2616479.77,2616479.77,0
69119000,154345.02,154345.02,0
69120000,2644765.229999999,2644765.229999999,0
69131000,680287.16,680287.16,0
69139000,3217397.14,3217397.14,0
69141000,438942.63,438942.63,0
69149000,2913399.39,2913399.39,0
69149099,383.5,0,-383.5
69170010,199.9,0,-199.9
69325874,520,0,-520
69332211,980,0,-980
69332222,2100,0,-2100
69365478,1632,0,-1632
69369865,45,0,-45
69494448,297,0,-297
69851234,470,0,-470
69856664,240,0,-240
69875514,60,0,-60
69996332,140,0,-140
69998866,64,0,-64
69999887,560,0,-560
70000000,266.05,0,-266.05
70000014,70,0,-70
70000463,21.9,0,-21.9
70010000,206512.78,206512.78,0
70019005,1617,0,-1617
70019008,4401.55,0,-4401.55
70020233,400,0,-400
70021000,45057.25,45057.25,0
70022000,253529.75,253529.75,0
70023100,106966.75,106966.75,0
70023200,8636.66,8636.66,0
70023900,65528.12,65528.12,0
70031200,298004.63,298004.63,0
70031900,1412592.07,1412592.07,0
70032000,125898.38,125898.38,0
70032900,45.3,0,-45.3
70033000,190919.78,190919.78,0
70042000,68560.59,68560.59,0
70049000,368428.37,368428.37,0
70051000,1044788.54,1044788.54,0
70052100,4150808.220000001,4150808.220000001,0
70052900,8525154.920000002,8525154.920000002,0
70052920,4231.65,0,-4231.65
70053000,96546.19,96546.19,0
70060000,963126.8499999999,963126.8499999999,0
70061900,500.22,0,-500.22
70071000,20205.7,0,-20205.7
70071100,24291348.8,24291348.8,0
70071101,350,0,-350
70071700,2335,0,-2335
70071900,56757055.55999999,56757055.55999999,0
70072100,10989300.18,10989300.18,0
70072200,50,0,-50
70072900,6827273.909999999,6827273.909999999,0
70080000,601233.64,601233.64,0
70090790,2445,0,-2445
70091000,7391985.659999999,7391985.659999999,0
70099100,4385076.120000001,4385076.120000001,0
70099200,3425710.58,3425710.58,0
70101000,46087.86,46087.86,0
70102000,34770.05,34770.05,0
70106270,2250,0,-2250
70109011,239213.02,239213.02,0
70109012,121265.36,121265.36,0
70109021,166961.64,166961.64,0
70109022,164536.51,164536.51,0
70109090,141569.08,141569.08,0
70109110,710.0999999999999,710.0999999999999,0
70111010,37349.34,37349.34,0
70111021,68054.51000000001,68054.51000000001,0
70111029,38501.21000000001,38501.21000000001,0
70111090,90235.48999999999,90235.48999999999,0
70112000,74,74,0
70119000,18451.93,18451.93,0
70120000,523,523,0
70123860,258.72,0,-258.72
70124900,75,0,-75
70131000,43727.66,43727.66,0
70132200,507746.83,507746.83,0
70132800,1190418.62,1190418.62,0
70132900,520,520,0
70133210,199,199,0
70133300,175165.83,175165.83,0
70133700,840820.9700000001,840820.9700000001,0
70133900,213.28,213.28,0
70134100,257752.48,257752.48,0
70134210,70169.72,70169.72,0
70134290,559878.01,559878.01,0
70134900,1711582.15,1711582.15,0
70134990,39,0,-39
70137300,89.9,0,-89.9
70139110,906133.8500000001,906133.8500000001,0
70139190,1022185.85,1022185.85,0
70139900,3390644.79,3390644.79,0
70140000,553175.45,553175.45,0
70149000,28515.8,0,-28515.8
70150000,489.42,0,-489.42
70151010,3328.55,3328.55,0
70151091,17752.09,17752.09,0
70151092,9815,9815,0
70159010,29712.23,29712.23,0
70159020,125336.89,125336.89,0
70159030,2724.6,2724.6,0
70159090,77342.98,77342.98,0
70161000,279430.37,279430.37,0
70169000,340387.6,340387.6,0
70169300,372,0,-372
70171000,128051.76,128051.76,0
70172000,81676.68000000001,81676.68000000001,0
70179000,1282032.11,1282032.11,0
70181010,14195.99,14195.99,0
70181020,6412.709999999995,6412.709999999995,0
70181090,5154.58,5154.58,0
70181500,116.94,0,-116.94
70182000,67743,67743,0
70182900,80,0,-80
70189000,4487.73,4487.73,0
70191100,45376.34,45376.34,0
70191210,220642.5,220642.5,0
70191260,143,0,-143
70191290,680418.46,680418.46,0
70191300,49482.45,49482.45,0
70191400,117101.47,117101.47,0
70191500,187458.19,187458.19,0
70191900,621211.8300000001,621211.8300000001,0
70193000,150,0,-150
70193100,45358.57999999999,45358.57999999999,0
70193900,62727.55,62727.55,0
70194000,4490.69,4490.69,0
70195100,4582.29,4582.29,0
70195210,268,268,0
70195290,20317.38,20317.38,0
70195900,16776.1,16776.1,0
70196100,14177.62,14177.62,0
70196200,40259.73,40259.73,0
70196300,76214.59,76214.59,0
70196400,101333.87,101333.87,0
70196500,121764.53,121764.53,0
70196600,63495.9,63495.9,0
70196900,137754.29,137754.29,0
70197100,6787.25,6787.25,0
70197200,23078.32,23078.32,0
70197310,47288.34,47288.34,0
70197390,100809.85,100809.85,0
70198000,1747008.77,1747008.77,0
70199000,2361469.02,2361469.02,0
70199010,580,580,0
70199090,40230.94,40230.94,0
70199300,174,0,-174
70200010,17244.62,17244.62,0
70200070,75,0,-75
70200090,1418569.8,1418569.8,0
70202010,78.41,0,-78.41
70410000,140,0,-140
70511000,55.2,0,-55.2
70530050,600,0,-600
70610000,293.58,0,-293.58
70634519,320,0,-320
70890000,3213.5,0,-3213.5
70960000,5933.42,0,-5933.42
70990578,354,0,-354
71011000,61682.94,61682.94,0
71012100,128.7,128.7,0
71012200,4588.809999999999,4588.809999999999,0
71021000,284.29,284.29,0
71022100,971,971,0
71022900,717.1500000000001,717.1500000000001,0
71023900,77929.03,77929.03,0
71031000,98111.47,98111.47,0
71039100,55331.36,55331.36,0
71039900,189006.1,189006.1,0
71042900,1246.15,1246.15,0
71049900,2427.77,2427.77,0
71051000,2606.92,2606.92,0
71059000,84763.78,84763.78,0
71061000,5309,5309,0
71069100,9513.88,9513.88,0
71069210,316994.79,316994.79,0
71069220,11140.32,11140.32,0
71069290,94432.79999999999,94432.79999999999,0
71070000,11354.19,11354.19,0
71081100,6856.93,6856.93,0
71081210,145,145,0
71081290,118646.68,118646.68,0
71081310,54579.30000000001,54579.30000000001,0
71081390,84728.77000000002,84728.77000000002,0
71082000,1468.24,1468.24,0
71090000,12500.08,12500.08,0
71101100,3158.47,3158.47,0
71101910,8280.58,8280.58,0
71101990,2842.01,2842.01,0
71102100,2746.25,2746.25,0
71102900,1374.14,1374.14,0
71103900,69.4,69.4,0
71106100,186,0,-186
71110000,556649.1199999999,556649.1199999999,0
71121000,292.51,292.51,0
71122000,84,84,0
71123010,36.3,36.3,0
71123020,280,280,0
71123090,847.9,847.9,0
71129100,1262204.02,1262204.02,0
71129200,3578.94,3578.94,0
71129900,6415.190000000001,6415.190000000001,0
71131100,2207380.43,2207380.43,0
71131900,57738449.14000002,57738449.14000002,0
71132000,1049877.5,1049877.5,0
71141100,91017.09000000001,91017.09000000001,0
71141900,1444564.79,1444564.79,0
71142000,207013.4,207013.4,0
71144100,222.15,0,-222.15
71151000,35453.66,35453.66,0
71159000,43643.95,43643.95,0
71160000,11.5,0,-11.5
71161000,8949.83,8949.83,0
71162010,96.5,96.5,0
71162020,2318,2318,0
71162090,808890.7,808890.7,0
71170020,10,0,-10
71170090,218.3,0,-218.3
71171090,1387.2,0,-1387.2
71171100,31966.35,31966.35,0
71171900,1744876.4,1744876.4,0
71179000,1292578.69,1292578.69,0
71181010,250,250,0
71181090,5707.809999999999,5707.809999999999,0
71181400,62,0,-62
71181500,13.2,0,-13.2
71182400,27,0,-27
71189000,1264595.01,1264595.01,0
71236578,50,0,-50
71290100,211.35,0,-211.35
71331900,43.12,0,-43.12
71333999,612,0,-612
71349000,39.99,0,-39.99
71381500,44,0,-44
71410000,4129.799999999999,0,-4129.799999999999
71420000,37691.07,0,-37691.07
71610000,480,0,-480
71616210,243.06,0,-243.06
71691000,630,0,-630
71719000,289,0,-289
71808080,1870,0,-1870
71812000,4.4,0,-4.4
72000000,2960.15,0,-2960.15
72002090,22.1,0,-22.1
72011000,1211371.3,1211371.3,0
72011200,660,0,-660
72012000,219929.48,219929.48,0
72015000,142134.19,142134.19,0
72021100,50176.91,50176.91,0
72021900,141975.9,141975.9,0
72022100,837.95,837.95,0
72022900,150562.08,150562.08,0
72023000,5088.000000000001,5088.000000000001,0
72023100,33.48,0,-33.48
72024100,10874.26,10874.26,0
72024900,44059.03,44059.03,0
72025000,30.4,30.4,0
72026000,11119.58,11119.58,0
72027000,195.55,195.55,0
72028000,121.8,121.8,0
72029100,2041.8,2041.8,0
72029200,2102.74,2102.74,0
72029300,225.75,225.75,0
72029910,5368.24,5368.24,0
72029990,19309.41,19309.41,0
72031000,33414.63,33414.63,0
72032900,404.75,0,-404.75
72039000,1212610.44,1212610.44,0
72041000,2768703.68,2768703.68,0
72042000,1351.1,0,-1351.1
72042100,964569.01,964569.01,0
72042900,6103269.819999999,6103269.819999999,0
72043000,8790917.4,8790917.4,0
72043600,108.8,0,-108.8
72044100,1099736.8,1099736.8,0
72044900,3829729.06,3829729.06,0
72045000,386870.9,386870.9,0
72051000,91967.7,91967.7,0
72052100,139743,139743,0
72052910,865.8000000000001,865.8000000000001,0
72052920,1458.3,1458.3,0
72052990,54210.41999999999,54210.41999999999,0
72061000,799703.0200000001,799703.0200000001,0
72062000,24041.6,0,-24041.6
72065400,300,0,-300
72069000,1777122.72,1777122.72,0
72071110,813423.6899999998,813423.6899999998,0
72071190,144266.03,144266.03,0
72071200,110128.64,110128.64,0
72071900,212876.78,212876.78,0
72072000,2242417.34,2242417.34,0
72072100,81336,0,-81336
72075011,107.5,0,-107.5
72079000,215,0,-215
72079900,99,0,-99
72081000,283099.86,283099.86,0
72082300,22686.2,0,-22686.2
72082500,453233.67,453233.67,0
72082610,49980.29000000001,49980.29000000001,0
72082690,225941.04,225941.04,0
72082710,34006.68,34006.68,0
72082790,104296.09,104296.09,0
72083200,88,0,-88
72083610,15426.49,15426.49,0
72083690,195388.49,195388.49,0
72083700,703633.3099999999,703633.3099999999,0
72083810,174501.86,174501.86,0
72083890,412526.49,412526.49,0
72083910,98779.98,98779.98,0
72083990,1407545.14,1407545.14,0
72084000,4628316.050000001,4628316.050000001,0
72085100,16069348.32,16069348.32,0
72085200,43691424.11000001,43691424.11000001,0
72085300,27853686.53999999,27853686.53999999,0
72085400,34988006.56,34988006.56,0
72085800,36928.16,0,-36928.16
72089000,4076396.29,4076396.29,0
72091500,236999.89,236999.89,0
72091600,1432780.99,1432780.99,0
72091700,618350.51,618350.51,0
72091800,5724.52,5724.52,0
72092500,821627.3700000002,821627.3700000002,0
72092600,11365463.01,11365463.01,0
72092700,4150244.639999999,4150244.639999999,0
72092800,323803.2,323803.2,0
72099000,1993920.32,1993920.32,0
72101090,858.85,0,-858.85
72101100,14559.14,14559.14,0
72101200,207795.52,207795.52,0
72102000,46,46,0
72103000,86,0,-86
72103010,1706761.04,1706761.04,0
72103090,1401970.07,1401970.07,0
72103900,201.65,0,-201.65
72104100,15282.94,0,-15282.94
72104110,144093.4000000001,144093.4000000001,0
72104190,371093.04,371093.04,0
72104910,18197474.75,18197474.75,0
72104990,771900.1000000001,771900.1000000001,0
72105000,20022,20022,0
72106100,36839544.68000001,36839544.68000001,0
72106919,49133.65,49133.65,0
72106990,1643792.08,1643792.08,0
72107010,1423864.82,1423864.82,0
72107020,139185.48,139185.48,0
72109000,113794.56,113794.56,0
72111300,380804.81,380804.81,0
72111400,1418511.51,1418511.51,0
72111900,1458798.62,1458798.62,0
72112090,127.6,0,-127.6
72112300,138041.89,138041.89,0
72112910,9048.960000000001,9048.960000000001,0
72112920,17835.2,17835.2,0
72116190,1965.44,0,-1965.44
72119010,15457.91,15457.91,0
72119090,28135.32,28135.32,0
72121000,83711.43999999999,83711.43999999999,0
72121090,56,0,-56
72122000,5.3,0,-5.3
72122010,1309781.39,1309781.39,0
72122090,123389.6,123389.6,0
72123000,4146524.62,4146524.62,0
72124010,78729.82,78729.82,0
72124021,244.8,244.8,0
72124029,3002824.17,3002824.17,0
72125010,172072.07,172072.07,0
72125090,172888.63,172888.63,0
72126000,92146.26,92146.26,0
72126110,2822.63,0,-2822.63
72131000,40791702.12,40791702.12,0
72132000,388028.88,388028.88,0
72133100,180,0,-180
72139110,3648.19,3648.19,0
72139190,272383.55,272383.55,0
72139910,12656.47,12656.47,0
72139990,94578.75,94578.75,0
72140000,32,0,-32
72141000,5865,0,-5865
72141010,740726.5900000001,740726.5900000001,0
72141090,653900.7400000001,653900.7400000001,0
72142000,274730958.0599999,274730958.0599999,0
72142200,1199.52,0,-1199.52
72142880,169.9,0,-169.9
72143000,684747.3400000001,684747.3400000001,0
72144200,5304.84,0,-5304.84
72145485,16,0,-16
72149090,212.88,0,-212.88
72149100,22568228.08,22568228.08,0
72149900,1000,0,-1000
72149910,33465838.4,33465838.4,0
72149990,13368410.26,13368410.26,0
72151000,2504659.86,2504659.86,0
72151900,141.84,0,-141.84
72152100,2603,0,-2603
72155000,24971470.51,24971470.51,0
72155500,2356,0,-2356
72159010,29048.62,29048.62,0
72159090,1645192.560000001,1645192.560000001,0
72161000,15643199.68,15643199.68,0
72161009,21035.57,0,-21035.57
72162100,67007749.55,67007749.55,0
72162110,757.86,0,-757.86
72162200,894401.5599999999,894401.5599999999,0
72163100,20773718.31,20773718.31,0
72163200,29908520.32,29908520.32,0
72163300,3039406.7,3039406.7,0
72164010,1785502.56,1785502.56,0
72164090,1003548.24,1003548.24,0
72165000,21908384.06999999,21908384.06999999,0
72166100,51131.16,0,-51131.16
72166110,160571172.86,160571172.86,0
72166190,48488264.44000001,48488264.44000001,0
72166910,3773170.140000001,3773170.140000001,0
72166990,11907283.18,11907283.18,0
72169100,148277619.49,148277619.49,0
72169900,16868324.1,16868324.1,0
72169910,2733.6,0,-2733.6
72170090,30,0,-30
72171011,8717.630000000001,8717.630000000001,0
72171019,58742530.19000001,58742530.19000001,0
72171090,16967909.16,16967909.16,0
72171290,239,0,-239
72172010,45964698.03,45964698.03,0
72172090,192925188.7,192925188.7,0
72173010,127882.22,127882.22,0
72173090,2173730.68,2173730.68,0
72174910,560,0,-560
72177109,900,0,-900
72179000,860483.0700000001,860483.0700000001,0
72180022,621.7399999999999,0,-621.7399999999999
72181000,556270.5,556270.5,0
72181400,53.5,0,-53.5
72181500,768.55,0,-768.55
72181600,20,0,-20
72182100,592.05,0,-592.05
72182900,829.7,0,-829.7
72189001,2987.25,0,-2987.25
72189100,53879.4,53879.4,0
72189900,1435511.61,1435511.61,0
72190000,1122.04,0,-1122.04
72191100,21881.9,21881.9,0
72191200,97694.29999999999,97694.29999999999,0
72191300,35753.56,35753.56,0
72191400,180772.85,180772.85,0
72192090,25379,0,-25379
72192100,96991.23000000001,96991.23000000001,0
72192200,1240997.39,1240997.39,0
72192300,1506252.2,1506252.2,0
72192400,96750.79000000001,96750.79000000001,0
72193100,68493.54000000001,68493.54000000001,0
72193200,1172032,1172032,0
72193300,5885538.42,5885538.42,0
72193400,1812345.85,1812345.85,0
72193500,379031.1299999999,379031.1299999999,0
72199010,445.87,445.87,0
72199090,263420.92,263420.92,0
72201000,790.68,0,-790.68
72201100,20693.6,20693.6,0
72201210,42913.10000000001,42913.10000000001,0
72201220,5764.68,5764.68,0
72201290,105110.13,105110.13,0
72202010,14962.39,14962.39,0
72202090,393423.6299999999,393423.6299999999,0
72209000,258446.68,258446.68,0
72210000,216009.82,216009.82,0
72210002,15000,0,-15000
72217209,5873.5,0,-5873.5
72220000,88,0,-88
72221100,291320.02,291320.02,0
72221910,525742.3699999999,525742.3699999999,0
72221990,74848.74,74848.74,0
72222000,804147.2600000001,804147.2600000001,0
72223000,137266.77,137266.77,0
72224010,18295.43,18295.43,0
72224090,1317866.23,1317866.23,0
72230000,4054959.95,4054959.95,0
72231000,140,0,-140
72239300,89.45,0,-89.45
72241000,9146.49,9146.49,0
72249000,80005.81,80005.81,0
72249100,1210.32,0,-1210.32
72251100,47895.48,47895.48,0
72251900,598.09,598.09,0
72252000,11,11,0
72253000,101238.27,101238.27,0
72254020,2067.06,2067.06,0
72254090,2872952.68,2872952.68,0
72255010,3503.07,3503.07,0
72255090,24013.39,24013.39,0
72258555,138,0,-138
72259100,45883.97,45883.97,0
72259200,22880.36,22880.36,0
72259910,6517.52,6517.52,0
72259990,124866.29,124866.29,0
72261100,116333,116333,0
72261900,10267.41,10267.41,0
72262010,8980.24,8980.24,0
72262090,17348.76,17348.76,0
72269090,174.7,0,-174.7
72269100,148456.32,148456.32,0
72269200,22365.4,22365.4,0
72269900,75687.95,75687.95,0
72271000,7225.95,7225.95,0
72272000,1888.3,1888.3,0
72279000,17961.19,17961.19,0
72281010,10432.99,10432.99,0
72281090,72091.18000000001,72091.18000000001,0
72282000,12426.2,12426.2,0
72283000,1220198.15,1220198.15,0
72284000,1177875.71,1177875.71,0
72285000,1802269.02,1802269.02,0
72286000,89372.87,89372.87,0
72287000,933412.79,933412.79,0
72288000,11939.25,11939.25,0
72292000,8202321.69,8202321.69,0
72299000,758554.55,758554.55,0
72300000,162,0,-162
72350000,17.4,0,-17.4
72354555,23,0,-23
72369000,338.51,0,-338.51
72415855,48,0,-48
72419910,649.8,0,-649.8
72452555,28,0,-28
72454855,14,0,-14
72455555,929,0,-929
72455855,47,0,-47
72456955,23,0,-23
72458555,5511.549999999999,0,-5511.549999999999
72458595,60,0,-60
72465555,55,0,-55
72485555,60,0,-60
72500000,84,0,-84
72515222,9,0,-9
72525555,20,0,-20
72541587,227.5,0,-227.5
72542255,10,0,-10
72542555,138,0,-138
72544585,34,0,-34
72545222,298,0,-298
72545555,62.5,0,-62.5
72545585,95,0,-95
72545854,86,0,-86
72545855,6448.900000000001,0,-6448.900000000001
72545856,70,0,-70
72545888,270,0,-270
72547450,51,0,-51
72548445,23.5,0,-23.5
72548450,129,0,-129
72548454,60,0,-60
72548474,45,0,-45
72548555,266,0,-266
72548570,459.7,0,-459.7
72548574,423,0,-423
72548575,156,0,-156
72548745,1242,0,-1242
72548755,27.4,0,-27.4
72564585,9,0,-9
72565455,144,0,-144
72565658,25,0,-25
72565754,288,0,-288
72565852,42,0,-42
72565855,439,0,-439
72565856,805,0,-805
72565857,124,0,-124
72565858,50,0,-50
72565859,3,0,-3
72568555,20,0,-20
72569585,24,0,-24
72569857,2035,0,-2035
72584100,96,0,-96
72584552,720,0,-720
72584720,45,0,-45
72584755,94.5,0,-94.5
72584758,22.5,0,-22.5
72584778,155,0,-155
72585745,14,0,-14
72587400,34,0,-34
72587450,710,0,-710
72587500,43,0,-43
72650000,151,0,-151
72685400,29.9,0,-29.9
72685740,9,0,-9
72690900,487.5,0,-487.5
72985000,64,0,-64
72985400,20,0,-20
73000000,372,0,-372
73008300,527,0,-527
73011000,1886146.31,1886146.31,0
73011920,88.53999999999999,0,-88.53999999999999
73011990,9353.599999999999,0,-9353.599999999999
73011999,26,0,-26
73012000,1324278.39,1324278.39,0
73012200,455,0,-455
73017192,259.2,0,-259.2
73021010,752615.78,752615.78,0
73021090,1867764.74,1867764.74,0
73022000,160,160,0
73023000,181152.56,181152.56,0
73024000,73421.77,73421.77,0
73029000,469330.53,469330.53,0
73030000,4749965.360000001,4749965.360000001,0
73031920,27,0,-27
73036000,900,0,-900
73040000,212.06,0,-212.06
73041010,401.17,401.17,0
73041090,37284,37284,0
73041100,2855094.76,2855094.76,0
73041900,1484584.62,1484584.62,0
73041920,64,0,-64
73042200,182973.5,182973.5,0
73042310,85427.04999999999,85427.04999999999,0
73042390,293176.89,293176.89,0
73042400,165668.21,165668.21,0
73042910,234712.43,234712.43,0
73042920,773,773,0
73042931,59919.67999999999,59919.67999999999,0
73042939,276436.41,276436.41,0
73042990,795399.37,795399.37,0
73043010,67.9,0,-67.9
73043110,2903103.27,2903103.27,0
73043190,2141947,2141947,0
73043910,3428225.19,3428225.19,0
73043920,1899401.13,1899401.13,0
73043990,260150.34,260150.34,0
73044110,33622.97,33622.97,0
73044190,346344.48,346344.48,0
73044900,99813.95999999999,99813.95999999999,0
73045111,15671.4,15671.4,0
73045119,154375.95,154375.95,0
73045190,71028.91,71028.91,0
73045910,40490.41,40490.41,0
73045911,90,90,0
73045919,678.3,678.3,0
73045990,147713.81,147713.81,0
73048400,359,0,-359
73049011,162429.13,162429.13,0
73049019,34786.65,34786.65,0
73049090,2801595.49,2801595.49,0
73051100,30697.41,30697.41,0
73051200,82368.98,82368.98,0
73051900,91523.91,91523.91,0
73052000,597528.3899999999,597528.3899999999,0
73053100,1069649.94,1069649.94,0
73053900,104272.21,104272.21,0
73059000,25321.75,25321.75,0
73061000,215.46,215.46,0
73061100,383258.59,383258.59,0
73061900,1223253.1,1223253.1,0
73062100,969119.54,969119.54,0
73062900,12557446.57,12557446.57,0
73063000,98253568.78999999,98253568.78999999,0
73063100,1777.92,0,-1777.92
73064000,24619240.04,24619240.04,0
73065000,1960922.49,1960922.49,0
73066000,123133.54,123133.54,0
73066100,79847990.27000003,79847990.27000003,0
73066110,10938.13,0,-10938.13
73066600,65,0,-65
73066900,1815770.74,1815770.74,0
73066990,1126.91,0,-1126.91
73069010,3848913.37,3848913.37,0
73069020,289623.51,289623.51,0
73069090,17541577.75,17541577.75,0
73070000,8100.59,0,-8100.59
73070090,124,0,-124
73070990,348.38,0,-348.38
73071000,7477.61,0,-7477.61
73071010,20,0,-20
73071100,11528715.54,11528715.54,0
73071620,40,0,-40
73071790,3763.35,0,-3763.35
73071820,135,0,-135
73071900,1655.38,0,-1655.38
73071902,150,0,-150
73071903,421.45,0,-421.45
73071910,5343041.090000001,5343041.090000001,0
73071911,13.5,0,-13.5
73071919,185.4,0,-185.4
73071920,57060505.97000001,57060505.97000001,0
73071922,9,0,-9
73071930,17,0,-17
73071970,426.8,0,-426.8
73071990,12571777.73,12571777.73,0
73072100,486649,486649,0
73072200,2312855.060000001,2312855.060000001,0
73072300,963429.97,963429.97,0
73072900,2318680.82,2318680.82,0
73072990,954,0,-954
73073090,20,0,-20
73074110,22.53,0,-22.53
73077290,33.69,0,-33.69
73077306,17.25,0,-17.25
73077900,77.89,0,-77.89
73077920,169.08,0,-169.08
73079000,5272.96,0,-5272.96
73079010,1440,0,-1440
73079090,1099.95,0,-1099.95
73079100,2918600.74,2918600.74,0
73079120,35,0,-35
73079200,20933585.74,20933585.74,0
73079300,2444957.5,2444957.5,0
73079900,17443171.39,17443171.39,0
73079990,8016.52,0,-8016.52
73080000,544.97,0,-544.97
73080900,30,0,-30
73081000,1208610.39,1208610.39,0
73081090,7650,0,-7650
73081920,24.67,0,-24.67
73082000,13059968.37,13059968.37,0
73083000,47139695.13,47139695.13,0
73083030,320,0,-320
73084000,62943882.61999999,62943882.61999999,0
73088300,1781,0,-1781
73089000,7333.719999999999,0,-7333.719999999999
73089001,318230,0,-318230
73089006,120,0,-120
73089007,344.35,0,-344.35
73089010,221603353.66,221603353.66,0
73089012,485,0,-485
73089090,420888489.58,420888489.58,0
73089100,10,0,-10
73089200,46.19,0,-46.19
73090000,70,0,-70
73090010,175259082.34,175259082.34,0
73090020,247084.85,247084.85,0
73090090,46476522.69,46476522.69,0
73091910,15.3,0,-15.3
73091920,25,0,-25
73098010,154.7,0,-154.7
73099010,9409.78,0,-9409.78
73099200,19,0,-19
73100000,1182.28,0,-1182.28
73100100,10.2,0,-10.2
73101000,152450.03,152450.03,0
73101010,702486.7799999999,702486.7799999999,0
73101090,3879991.870000001,3879991.870000001,0
73101099,91500,0,-91500
73102110,612636.9500000001,612636.9500000001,0
73102190,2541149.72,2541149.72,0
73102910,407817.98,407817.98,0
73102920,106653.3,106653.3,0
73102990,4773733.100000001,4773733.100000001,0
73102999,950,0,-950
73109000,60.05,0,-60.05
73110000,5041301.129999999,5041301.129999999,0
73110563,187,0,-187
73110568,251.9,0,-251.9
73115000,91.2,0,-91.2
73118150,624,0,-624
73120000,149.8,0,-149.8
73121010,515310.6900000001,515310.6900000001,0
73121090,25563664.26,25563664.26,0
73121500,263.63,0,-263.63
73121900,60,0,-60
73122000,15230.27,0,-15230.27
73129000,713582.5700000001,713582.5700000001,0
73129090,70,0,-70
73130000,43459380.27,43459380.27,0
73130099,28,0,-28
73132090,126.14,0,-126.14
73133000,215,0,-215
73140000,11160.8,0,-11160.8
73140200,829.3,0,-829.3
73141000,28,0,-28
73141010,168,0,-168
73141100,6460,0,-6460
73141200,2697153.76,2697153.76,0
73141300,417,417,0
73141400,3436255.54,3436255.54,0
73141900,2652441.94,2652441.94,0
73142000,92289585.57,92289585.57,0
73143100,10422889.88,10422889.88,0
73143200,399.8,0,-399.8
73143900,16395423.28,16395423.28,0
73144100,30730502.98,30730502.98,0
73144104,22180,0,-22180
73144200,2688770.52,2688770.52,0
73144900,1814649.89,1814649.89,0
73145000,2285476.85,2285476.85,0
73148210,135.6,0,-135.6
73149100,147.39,0,-147.39
73151100,28014090.29,28014090.29,0
73151110,52044.33,52044.33,0
73151121,540,0,-540
73151190,7089585.47,7089585.47,0
73151200,2397.9,0,-2397.9
73151210,78852207.55000001,78852207.55000001,0
73151290,5305311.28,5305311.28,0
73151400,49,0,-49
73151500,328.84,0,-328.84
73151600,39,0,-39
73151800,467.78,0,-467.78
73151900,10449248.31,10449248.31,0
73152000,12527.03,12527.03,0
73158000,351.01,0,-351.01
73158100,295898.41,295898.41,0
73158200,13658018.79,13658018.79,0
73158900,985704.5799999998,985704.5799999998,0
73159000,799409.0099999999,799409.0099999999,0
73159990,3090,0,-3090
73160000,146694.82,146694.82,0
73161000,2245.69,0,-2245.69
73161500,810.14,0,-810.14
73161600,72,0,-72
73161800,176,0,-176
73161900,315.01,0,-315.01
73162400,21,0,-21
73166100,6,0,-6
73168200,250.95,0,-250.95
73169090,114.7,0,-114.7
73170000,238.26,0,-238.26
73170001,227.2799999999999,0,-227.2799999999999
73170004,0.79,0,-0.79
73170009,232.75,0,-232.75
73170010,108396.22,108396.22,0
73170020,3226701.68,3226701.68,0
73170022,2770,0,-2770
73170030,29615.57,29615.57,0
73170090,22786219.96,22786219.96,0
73170200,18,0,-18
73170900,1020,0,-1020
73171500,87,0,-87
73171600,1679.7,0,-1679.7
73171920,192.1,0,-192.1
73172200,46.44,0,-46.44
73174090,679.4,0,-679.4
73178150,1.4,0,-1.4
73180000,2576.55,0,-2576.55
73180090,186,0,-186
73181000,876.3799999999999,0,-876.3799999999999
73181100,625470.8699999999,625470.8699999999,0
73181115,90,0,-90
73181150,12,0,-12
73181160,17.57,0,-17.57
73181200,12586994.22,12586994.22,0
73181210,16.38,0,-16.38
73181220,58.97,0,-58.97
73181290,3,0,-3
73181300,1303664.22,1303664.22,0
73181313,3,0,-3
73181400,19276836.54,19276836.54,0
73181490,71.2,0,-71.2
73181500,241256144.05,241256144.05,0
73181510,52.8,0,-52.8
73181520,200,0,-200
73181522,121,0,-121
73181541,50,0,-50
73181550,44,0,-44
73181580,7.12,0,-7.12
73181590,6.8,0,-6.8
73181599,760.66,0,-760.66
73181600,83638315.41000001,83638315.41000001,0
73181608,175.96,0,-175.96
73181800,24.72,0,-24.72
73181900,23616327.44,23616327.44,0
73182000,1749.63,0,-1749.63
73182100,11313472.59,11313472.59,0
73182200,46185598.9,46185598.9,0
73182220,486.54,0,-486.54
73182300,3266154.55,3266154.55,0
73182399,11,0,-11
73182400,17025173.74,17025173.74,0
73182500,1790.91,0,-1790.91
73182600,8.83,0,-8.83
73182800,54,0,-54
73182900,107545587.52,107545587.52,0
73182909,94.5,0,-94.5
73182920,4,0,-4
73182990,85.1,0,-85.1
73182999,331,0,-331
73183000,110.5,0,-110.5
73183300,1.5,0,-1.5
73184100,1.4,0,-1.4
73184200,4,0,-4
73184600,88.25,0,-88.25
73185000,552.62,0,-552.62
73185100,58.87,0,-58.87
73185150,675,0,-675
73186000,12023.84,0,-12023.84
73187300,110,0,-110
73187500,2239.7,0,-2239.7
73188200,36.75,0,-36.75
73188220,176,0,-176
73188240,48,0,-48
73189000,610.74,0,-610.74
73189090,1004.09,0,-1004.09
73189150,390,0,-390
73189200,41.96,0,-41.96
73189290,416.34,0,-416.34
73189800,57,0,-57
73190090,18,0,-18
73191000,104.79,104.79,0
73191500,355.6,0,-355.6
73191900,6,0,-6
73192200,179.91,0,-179.91
73192800,1.5,0,-1.5
73192900,200,0,-200
73193000,121,121,0
73194000,20638.21,20638.21,0
73199000,82276.98000000001,82276.98000000001,0
73200000,787.41,0,-787.41
73200100,1167,0,-1167
73201000,44435602.48,44435602.48,0
73201001,424,0,-424
73201010,4430,0,-4430
73201900,160,0,-160
73202000,300.96,0,-300.96
73202010,23586172.92,23586172.92,0
73202013,530.28,0,-530.28
73202090,3497346.69,3497346.69,0
73207192,33,0,-33
73209000,14426878.91,14426878.91,0
73209090,145.56,0,-145.56
73209099,120,0,-120
73210000,100,0,-100
73211100,12801110.79,12801110.79,0
73211200,70203.34,70203.34,0
73211900,2047185.28,2047185.28,0
73218100,452089.91,452089.91,0
73218200,209208.29,209208.29,0
73218300,61.25,61.25,0
73218900,4026165.47,4026165.47,0
73219000,1521458.86,1521458.86,0
73220209,3,0,-3
73221100,387327.65,387327.65,0
73221900,200388.92,200388.92,0
73229010,271215.42,271215.42,0
73229090,227360.87,227360.87,0
73230000,97.87,0,-97.87
73231000,2288577.679999999,2288577.679999999,0
73237900,7377.5,0,-7377.5
73239000,390,0,-390
73239090,19,0,-19
73239100,441483.7900000001,441483.7900000001,0
73239200,904567.3100000002,904567.3100000002,0
73239300,11834102.1,11834102.1,0
73239400,2884329.689999999,2884329.689999999,0
73239900,2136034.23,2136034.23,0
73241000,10225596.48,10225596.48,0
73242100,30920.84999999999,30920.84999999999,0
73242900,142081.24,142081.24,0
73249000,1887478.14,1887478.14,0
73251000,8058557.350000001,8058557.350000001,0
73251012,3594,0,-3594
73254101,120,0,-120
73254125,35,0,-35
73259000,782.88,0,-782.88
73259090,316,0,-316
73259100,321612.51,321612.51,0
73259910,7608297.189999999,7608297.189999999,0
73259941,70,0,-70
73259990,9869882.680000002,9869882.680000002,0
73260000,1165.69,0,-1165.69
73260900,198.94,0,-198.94
73261000,35008,0,-35008
73261100,66152.17,66152.17,0
73261900,49538538.08999999,49538538.08999999,0
73261999,82.92,0,-82.92
73262000,13884890.11,13884890.11,0
73266090,893,0,-893
73266900,36450,0,-36450
73266909,354,0,-354
73268090,9,0,-9
73269000,419685.21,419685.21,0
73269010,58367.31,58367.31,0
73269019,166.36,0,-166.36
73269020,8745.01,8745.01,0
73269090,151189577.88,151189577.88,0
73269100,124,0,-124
73269290,65,0,-65
73269900,1917.49,0,-1917.49
73269909,8.5,0,-8.5
73282100,21,0,-21
73282500,16,0,-16
73282900,22.36,0,-22.36
73289000,87,0,-87
73289910,36.04,0,-36.04
73291000,6,0,-6
73292090,102.78,0,-102.78
73299090,289.8,0,-289.8
73326909,66,0,-66
73443920,90,0,-90
73444567,359.96,0,-359.96
73450005,35,0,-35
73481500,132,0,-132
73482400,49,0,-49
73565555,305,0,-305
73569090,150,0,-150
73618220,3.42,0,-3.42
73622000,4,0,-4
73626900,18,0,-18
73629090,3.63,0,-3.63
73630629,2137.5,0,-2137.5
73658200,40,0,-40
73671100,46.91,0,-46.91
73699090,78,0,-78
73710090,10,0,-10
73711990,1718,0,-1718
73809010,520,0,-520
73811500,210,0,-210
73815000,335,0,-335
73842000,249,0,-249
73881500,32,0,-32
73903100,3,0,-3
73917410,104,0,-104
73991285,399.8,0,-399.8
73999999,20.24,0,-20.24
74000000,246.5,0,-246.5
74010000,17095.61,17095.61,0
74019000,100,0,-100
74020000,8267.8,8267.8,0
74022110,32.11,0,-32.11
74031200,11450.87,11450.87,0
74031300,794.05,794.05,0
74031900,169309.94,169309.94,0
74032100,190142.31,190142.31,0
74032200,750922.59,750922.59,0
74032900,34086.59999999999,34086.59999999999,0
74040000,182559.45,182559.45,0
74042100,2960,0,-2960
74042920,3,0,-3
74050000,3406.28,3406.28,0
74052900,118,0,-118
74061000,4203.35,4203.35,0
74062000,3591.639999999999,3591.639999999999,0
74064000,3080,0,-3080
74071010,5072346.180000001,5072346.180000001,0
74071021,4020,4020,0
74071029,81689.52,81689.52,0
74071100,164.25,0,-164.25
74072110,719594.51,719594.51,0
74072120,46367.79,46367.79,0
74072910,809945.21,809945.21,0
74072921,2099316.98,2099316.98,0
74072929,343591.32,343591.32,0
74081100,378832.48,378832.48,0
74081900,821829.29,821829.29,0
74082100,197529.9600000001,197529.9600000001,0
74082200,1195.55,1195.55,0
74082912,2678.26,2678.26,0
74082913,280.8,280.8,0
74082919,9795.11,9795.11,0
74082990,6125.62,6125.62,0
74091100,3113.5,3113.5,0
74091900,13740.74,13740.74,0
74092100,10284.98,10284.98,0
74092900,61700.28999999999,61700.28999999999,0
74093100,3000,3000,0
74093111,17855.3,17855.3,0
74093119,1290.96,1290.96,0
74093190,354300.69,354300.69,0
74093900,41686.64,41686.64,0
74094010,332,332,0
74094090,110,110,0
74099000,38012.59,38012.59,0
74099112,20,0,-20
74101112,873.6,873.6,0
74101113,5.98,5.98,0
74101119,230,230,0
74101190,20812.78,20812.78,0
74101200,450.5,450.5,0
74102110,20549.84,20549.84,0
74102120,34.99,34.99,0
74102130,23385.2,23385.2,0
74102190,2764.66,2764.66,0
74102200,47.1,47.1,0
74111010,5170795.08,5170795.08,0
74111090,637862.03,637862.03,0
74112000,330,0,-330
74112110,45595.73,45595.73,0
74112190,142120.38,142120.38,0
74112200,15,0,-15
74112210,8696.41,8696.41,0
74112290,10177.24,10177.24,0
74112910,5304.63,5304.63,0
74112990,64392.36000000001,64392.36000000001,0
74120000,83.6,0,-83.6
74120200,135,0,-135
74121000,537048.5799999998,537048.5799999998,0
74122000,12862097.72,12862097.72,0
74122020,95,0,-95
74122200,238.06,0,-238.06
74122900,218.7,0,-218.7
74130000,17604369.86,17604369.86,0
74140000,200,0,-200
74141800,10.8,0,-10.8
74141900,150,0,-150
74142000,130,130,0
74143000,406.4,0,-406.4
74143300,39,0,-39
74150000,160,0,-160
74151000,126056.57,126056.57,0
74152000,8,0,-8
74152100,2063547.74,2063547.74,0
74152900,4342185.9,4342185.9,0
74153100,746.4300000000001,746.4300000000001,0
74153200,3607.849999999999,3607.849999999999,0
74153300,2028392.32,2028392.32,0
74153900,393287.16,393287.16,0
74169300,101.7,0,-101.7
74170000,2,2,0
74170100,6984,0,-6984
74181000,688185.18,688185.18,0
74181100,153.92,153.92,0
74181900,1964.1,1964.1,0
74182000,9895847.090000002,9895847.090000002,0
74182300,7.8,0,-7.8
74192000,183510.56,183510.56,0
74198010,28571.45,28571.45,0
74198020,8860.900000000001,8860.900000000001,0
74198030,42827.87,42827.87,0
74198040,193.72,193.72,0
74198090,1270784.53,1270784.53,0
74199100,8852.310000000001,8852.310000000001,0
74199900,593.81,593.81,0
74199920,379,379,0
74199930,14367.19,14367.19,0
74199990,18908.92,18908.92,0
74212200,87.30000000000001,0,-87.30000000000001
74219999,24.82,0,-24.82
74232649,321.46,0,-321.46
74252522,715.44,0,-715.44
74254156,121.5,0,-121.5
74269090,32.5,0,-32.5
74329000,200,0,-200
74351800,38,0,-38
74391200,857.02,0,-857.02
74465447,20,0,-20
74564564,795,0,-795
74589352,59.8,0,-59.8
74659800,10,0,-10
74824000,25,0,-25
74833090,94.52,0,-94.52
75011000,567.06,567.06,0
75012000,2051.78,2051.78,0
75021010,364,364,0
75021090,3579,3579,0
75022000,78761.84,78761.84,0
75030000,20.82,20.82,0
75043000,5815,0,-5815
75051110,1239.57,1239.57,0
75051121,43.2,43.2,0
75051129,952.3,952.3,0
75051210,3138.39,3138.39,0
75052100,10454.44,10454.44,0
75052210,6572.899999999999,6572.899999999999,0
75052290,1607.81,1607.81,0
75061000,22340,22340,0
75062000,400,400,0
75071100,1381.34,1381.34,0
75071200,2266.92,2266.92,0
75072000,123862.21,123862.21,0
75079000,669.01,0,-669.01
75081000,59335.99,59335.99,0
75089010,99498.28,99498.28,0
75089090,217178,217178,0
75090000,240,0,-240
75131900,45,0,-45
75151000,80,0,-80
75152900,3.32,0,-3.32
75181500,1407.11,0,-1407.11
75206035,40,0,-40
75239000,23.94,0,-23.94
75269090,34,0,-34
75365090,280,0,-280
75412654,536.5,0,-536.5
75481452,260,0,-260
75698759,50,0,-50
75859636,105,0,-105
76000000,15,0,-15
76011000,254138.4,254138.4,0
76012000,192026.29,192026.29,0
76020000,515992.31,515992.31,0
76031000,360,360,0
76032000,207.6,207.6,0
76041000,35.7,0,-35.7
76041010,818126.98,818126.98,0
76041020,34840.92,0,-34840.92
76041021,671165.58,671165.58,0
76041029,1673308.86,1673308.86,0
76042021,1900,0,-1900
76042100,14601449.15,14601449.15,0
76042900,1490,0,-1490
76042911,150553.76,150553.76,0
76042919,1664359.54,1664359.54,0
76042920,30433845.27,30433845.27,0
76045920,12.9,0,-12.9
76047608,851,0,-851
76047920,40000,0,-40000
76049000,186.34,0,-186.34
76051110,10883.1,10883.1,0
76051190,7617.63,7617.63,0
76051910,21786.15,21786.15,0
76051990,50817.71000000001,50817.71000000001,0
76052110,8213.8,8213.8,0
76052190,14239.52,14239.52,0
76052910,20692.98,20692.98,0
76052990,112786.63,112786.63,0
76060000,5653.12,0,-5653.12
76061110,73844.64,73844.64,0
76061190,2629093.36,2629093.36,0
76061210,120133.74,120133.74,0
76061220,14676.54,14676.54,0
76061230,12580.07,12580.07,0
76061290,4385106.049999999,4385106.049999999,0
76066100,1937,0,-1937
76069100,12692.69,12692.69,0
76069200,669471.23,669471.23,0
76071000,2080,0,-2080
76071100,199.66,199.66,0
76071110,2882165.459999999,2882165.459999999,0
76071120,973.66,973.66,0
76071190,2009279.12,2009279.12,0
76071900,3492.89,0,-3492.89
76071910,294362.24,294362.24,0
76071990,5114410.51,5114410.51,0
76072000,1207870.54,1207870.54,0
76079090,1305.74,0,-1305.74
76079900,395,0,-395
76081000,156812.71,156812.71,0
76082000,390.47,390.47,0
76082010,183831.57,183831.57,0
76082090,1313867.78,1313867.78,0
76089010,64770.06,0,-64770.06
76090000,17545238.8,17545238.8,0
76090900,64.29,0,-64.29
76099000,832.5,0,-832.5
76100000,9375,0,-9375
76100900,44.2,0,-44.2
76101000,117824377.06,117824377.06,0
76109000,8970425.18,8970425.18,0
76109090,80,0,-80
76110000,411106.65,411106.65,0
76120000,65000,0,-65000
76121000,170123.38,170123.38,0
76129011,120177.56,120177.56,0
76129012,855630.24,855630.24,0
76129019,380088.17,380088.17,0
76129090,645306.7200000002,645306.7200000002,0
76130000,169505.14,169505.14,0
76141010,17878818.84,17878818.84,0
76141090,242726.69,242726.69,0
76149010,4381552.88,4381552.88,0
76149090,434191.0600000001,434191.0600000001,0
76151000,8310817.690000001,8310817.690000001,0
76151100,179.72,179.72,0
76151900,26109.31,26109.31,0
76152000,809718.2100000002,809718.2100000002,0
76158200,350,0,-350
76159000,315.3,0,-315.3
76161000,5929401.92,5929401.92,0
76161010,100,0,-100
76161600,11.9,0,-11.9
76161900,802.4,0,-802.4
76165000,18397.22,0,-18397.22
76166100,6,0,-6
76166190,4200,0,-4200
76169000,1185.9,0,-1185.9
76169090,1812.42,0,-1812.42
76169100,3155404.38,3155404.38,0
76169900,17793388.49,17793388.49,0
76169990,1233.33,0,-1233.33
76171990,12,0,-12
76181500,325.76,0,-325.76
76181600,714.09,0,-714.09
76199900,457.5,0,-457.5
76220000,5832,0,-5832
76224340,20,0,-20
76239090,10.25,0,-10.25
76261900,52.83,0,-52.83
76269090,2444.05,0,-2444.05
76299090,29.95,0,-29.95
76410359,20000,0,-20000
76458555,90,0,-90
76520000,7.6,0,-7.6
76543212,9824,0,-9824
76544223,45,0,-45
76554555,2.5,0,-2.5
76584585,295,0,-295
76760000,290,0,-290
76761000,25,0,-25
76876567,56.9,0,-56.9
76990000,110,0,-110
77101932,196,0,-196
77181600,400,0,-400
77536690,100,0,-100
77655600,816,0,-816
77696093,2055,0,-2055
77777777,6.5,0,-6.5
77889910,259,0,-259
78000000,15455,0,-15455
78011011,23246.94,23246.94,0
78011019,19916.41,19916.41,0
78011090,39207.15000000001,39207.15000000001,0
78019100,20488.7,20488.7,0
78019900,20866.25,20866.25,0
78020000,42030.81,42030.81,0
78030000,18,18,0
78039000,180,0,-180
78041100,10,10,0
78041900,51045.86,51045.86,0
78042000,75,75,0
78060000,455,455,0
78060010,121255.67,121255.67,0
78060020,39373.97,39373.97,0
78060090,134486.91,134486.91,0
78083000,8403.16,0,-8403.16
78083010,1120,0,-1120
78083019,475.5,0,-475.5
78089010,2759.84,0,-2759.84
78089490,800,0,-800
78112011,275,0,-275
78122300,19.84,0,-19.84
78131500,321,0,-321
78132100,225.9,0,-225.9
78161000,2.7,0,-2.7
78170020,20,0,-20
78181000,65,0,-65
78181100,54.06,0,-54.06
78181400,90,0,-90
78181500,2719.139999999999,0,-2719.139999999999
78181600,149,0,-149
78182000,18,0,-18
78182100,61.5,0,-61.5
78182200,708.1,0,-708.1
78182300,1249.4,0,-1249.4
78182900,18,0,-18
78200147,38,0,-38
78249500,395,0,-395
78251000,297,0,-297
78422018,6.65,0,-6.65
78451245,18,0,-18
78451249,140,0,-140
78451275,15.84,0,-15.84
78451278,15777,0,-15777
78451287,523,0,-523
78451878,62.4,0,-62.4
78452127,1900,0,-1900
78452178,6.3,0,-6.3
78452181,28,0,-28
78452187,298,0,-298
78452248,800,0,-800
78457812,1515,0,-1515
78457845,2713.3,0,-2713.3
78457889,400,0,-400
78475457,54,0,-54
78500000,1300,0,-1300
78502750,22,0,-22
78512457,2000,0,-2000
78529401,48,0,-48
78552635,156,0,-156
78594111,63.67,0,-63.67
78887665,300,0,-300
78894512,195.6,0,-195.6
78910000,37.97,0,-37.97
78910382,285,0,-285
78910401,18,0,-18
78911071,14.78,0,-14.78
78911140,89,0,-89
78911141,17,0,-17
78911170,206,0,-206
78911171,1360,0,-1360
78911491,1100,0,-1100
78912000,9.99,0,-9.99
78912246,2.99,0,-2.99
78915042,123.6,0,-123.6
78916451,29.5,0,-29.5
78919880,117.5,0,-117.5
78921468,330,0,-330
78921834,132,0,-132
78921836,92,0,-92
78922016,1179.98,0,-1179.98
78922613,291.2,0,-291.2
78928408,14.98,0,-14.98
78933902,30,0,-30
78937320,6,0,-6
78939461,78,0,-78
78956161,112,0,-112
78960010,64,0,-64
78960062,200,0,-200
78961100,44.94,0,-44.94
78962328,9.66,0,-9.66
78965200,124.75,0,-124.75
78965412,237,0,-237
78966332,270,0,-270
78966608,590,0,-590
78966890,0.8999999999999999,0,-0.8999999999999999
78968215,518,0,-518
78970472,2304,0,-2304
78972559,39.53,0,-39.53
78975172,73.56,0,-73.56
78976133,64,0,-64
78977075,4184.4,0,-4184.4
78978013,34,0,-34
78978276,244,0,-244
78980119,1182,0,-1182
78980260,361.9,0,-361.9
78980269,4,0,-4
78980392,12255,0,-12255
78980439,599.8,0,-599.8
78980709,110,0,-110
78981130,8.25,0,-8.25
78981295,2054,0,-2054
78981645,420,0,-420
78981870,4167.9,0,-4167.9
78982248,1718,0,-1718
78983574,112,0,-112
78983786,52,0,-52
78984232,448,0,-448
78984413,34127.31,0,-34127.31
78984884,380,0,-380
78984897,37.5,0,-37.5
78985435,1650,0,-1650
78985472,26,0,-26
78985662,2034.2,0,-2034.2
78985899,20.25,0,-20.25
78986210,38.97,0,-38.97
78986312,89.64000000000001,0,-89.64000000000001
78986545,52,0,-52
78987376,13.9,0,-13.9
78988800,515,0,-515
78989110,79.98,0,-79.98
78989113,536,0,-536
78989136,5,0,-5
78989154,267,0,-267
78989319,300,0,-300
78989376,987,0,-987
78989582,138.96,0,-138.96
78990525,10,0,-10
78990747,12.9,0,-12.9
78990854,280,0,-280
78990954,34,0,-34
78991922,350,0,-350
78992717,56.9,0,-56.9
78994680,93,0,-93
78995995,8,0,-8
78997100,80,0,-80
78997614,191,0,-191
78998080,136.2,0,-136.2
78998122,145,0,-145
78998823,810,0,-810
79000000,221,0,-221
79011019,150,0,-150
79011111,157899.39,157899.39,0
79011119,88410.9,88410.9,0
79011199,22085.87,22085.87,0
79011210,3028.9,3028.9,0
79011290,36.8,36.8,0
79012010,55612.24,55612.24,0
79012090,48343.39999999999,48343.39999999999,0
79020000,13813,13813,0
79031000,347,347,0
79039000,306380.53,306380.53,0
79040000,142555.67,142555.67,0
79050000,2204020.79,2204020.79,0
79060000,400,400,0
79070000,22794,22794,0
79070010,648962.85,648962.85,0
79070090,2096727.54,2096727.54,0
79070099,12,0,-12
79071920,82.36,0,-82.36
79078990,3.5,0,-3.5
79079900,20,0,-20
79081476,195,0,-195
79083509,228,0,-228
79089010,229666,0,-229666
79090090,5000,0,-5000
79181900,2690,0,-2690
79191000,2.1,0,-2.1
79199000,588,0,-588
79244600,1764.11,0,-1764.11
79252588,990.4,0,-990.4
79269090,9.4,0,-9.4
79552233,25,0,-25
79632541,550,0,-550
79847338,19.35,0,-19.35
79870000,2.8,0,-2.8
80000000,19600,0,-19600
80008299,1500,0,-1500
80011000,230995.2200000001,230995.2200000001,0
80012000,324578.86,324578.86,0
80020000,120.2,120.2,0
80023100,15,0,-15
80024000,6.6,0,-6.6
80029990,142.5,0,-142.5
80030000,380158.71,380158.71,0
80030090,1071.52,0,-1071.52
80039000,416.8099999999999,0,-416.8099999999999
80042000,70.25999999999999,0,-70.25999999999999
80042100,13,0,-13
80063700,69.5,0,-69.5
80070010,3296.89,3296.89,0
80070020,2456.26,2456.26,0
80070030,1624.68,1624.68,0
80070090,124383.79,124383.79,0
80075011,222.88,0,-222.88
80075090,26.8,0,-26.8
80088000,2720,0,-2720
80100100,123.88,0,-123.88
80111000,2.5,0,-2.5
80111100,13.65,0,-13.65
80119000,8,0,-8
80149039,15345.38,0,-15345.38
80169090,1800,0,-1800
80193200,97.5,0,-97.5
80208900,59.36,0,-59.36
80219999,151,0,-151
80232010,105.8,0,-105.8
80261029,50,0,-50
80262090,114.71,0,-114.71
80300000,656.5500000000001,0,-656.5500000000001
80328981,450.14,0,-450.14
80336900,1157.7,0,-1157.7
80422110,9.6,0,-9.6
80469300,112.8,0,-112.8
80520000,228.5,0,-228.5
80536610,906,0,-906
80540000,25,0,-25
80611029,7000,0,-7000
80620000,598,0,-598
80645100,3,0,-3
80701000,24.9,0,-24.9
80711000,57.91,0,-57.91
80783090,35,0,-35
80802222,4300,0,-4300
80808080,1122,0,-1122
80812000,40.4,0,-40.4
80818011,229.9,0,-229.9
80818019,65,0,-65
80818094,99.6,0,-99.6
80818095,72,0,-72
80819090,3930,0,-3930
80821010,56,0,-56
80822010,80.47999999999999,0,-80.47999999999999
80836090,25,0,-25
80851220,539.08,0,-539.08
80879990,55,0,-55
80899990,800,0,-800
81001000,180,0,-180
81001010,560,0,-560
81011000,2820.68,2820.68,0
81019400,3369.82,3369.82,0
81019600,39455.53,39455.53,0
81019700,229749.95,229749.95,0
81019910,28636.26000000001,28636.26000000001,0
81019990,84370.73000000001,84370.73000000001,0
81021000,11,11,0
81023000,45.24,0,-45.24
81029400,7770,7770,0
81029500,32561.9,32561.9,0
81029600,17729.55,17729.55,0
81029700,90474.5,90474.5,0
81029900,57798,57798,0
81032000,3550,3550,0
81033000,540,540,0
81034000,82,0,-82
81039100,18647.47,18647.47,0
81039900,700,700,0
81039901,140,0,-140
81040000,20.5,0,-20.5
81041100,3785.58,3785.58,0
81041900,17795,17795,0
81042000,114,114,0
81043000,110,110,0
81049000,99524.95999999996,99524.95999999996,0
81052010,3110.08,3110.08,0
81052021,1057.79,1057.79,0
81052029,9457.22,9457.22,0
81052090,17,17,0
81059010,92829.69,92829.69,0
81059090,15924.05,15924.05,0
81061000,18,18,0
81069000,451.41,451.41,0
81082000,2.4,2.4,0
81086075,22.64,0,-22.64
81089000,56729.75,56729.75,0
81091000,84.8,84.8,0
81092100,40.4,40.4,0
81092900,4928.309999999999,4928.309999999999,0
81093100,570.8,570.8,0
81093900,55423.05,55423.05,0
81099100,17733.05,17733.05,0
81099900,17644.8,17644.8,0
81099999,8252,0,-8252
81101010,140,140,0
81101991,7.5,0,-7.5
81102000,295,295,0
81109000,14744.87,14744.87,0
81110010,1038.67,1038.67,0
81110020,142396.8,142396.8,0
81110090,9133.650000000001,9133.650000000001,0
81118020,5145,0,-5145
81119000,2011,0,-2011
81121200,202.97,202.97,0
81121300,2372,2372,0
81121900,306.51,306.51,0
81122010,2850,2850,0
81122023,378.5,0,-378.5
81122110,3700,3700,0
81122120,55,55,0
81122200,859.8,859.8,0
81122900,24006.69,24006.69,0
81123900,270,270,0
81125100,5957,5957,0
81125200,6686339,6686339,0
81125900,79,79,0
81126100,29159.94,29159.94,0
81126900,370.2,370.2,0
81129000,128.5,0,-128.5
81129200,2432.62,2432.62,0
81129900,423,423,0
81130010,45234.29,45234.29,0
81130090,55779.50999999999,55779.50999999999,0
81131900,438,0,-438
81139190,9375,0,-9375
81144464,35.7,0,-35.7
81149190,2700,0,-2700
81208000,1309.94,0,-1309.94
81212100,495,0,-495
81212300,392.84,0,-392.84
81212990,890,0,-890
81213100,4956,0,-4956
81213990,363.8,0,-363.8
81219999,352.94,0,-352.94
81242990,8,0,-8
81248229,6,0,-6
81309090,327.96,0,-327.96
81313110,90000,0,-90000
81314929,190,0,-190
81329000,1396,0,-1396
81513110,2626.26,0,-2626.26
81524251,352,0,-352
81545655,45,0,-45
81623478,1800,0,-1800
81701932,270,0,-270
81709010,1462,0,-1462
81733041,800.57,0,-800.57
81811000,365,0,-365
81818019,539.0999999999999,0,-539.0999999999999
81818020,89,0,-89
81818021,268,0,-268
81818092,1690,0,-1690
81818099,99,0,-99
81821010,638,0,-638
81821090,705,0,-705
81822356,84,0,-84
81824000,54.78,0,-54.78
81831090,1085,0,-1085
81833010,100,0,-100
81833320,115.68,0,-115.68
81834090,390,0,-390
81848019,119.8,0,-119.8
81851454,70,0,-70
81873789,12.24,0,-12.24
82003996,250,0,-250
82004110,27.5,0,-27.5
82005590,68.48,0,-68.48
82008704,985.05,0,-985.05
82011000,2654126.379999999,2654126.379999999,0
82011100,686.39,0,-686.39
82011910,124.5,0,-124.5
82012000,2056.05,2056.05,0
82012900,75,0,-75
82013000,6284475.909999998,6284475.909999998,0
82013030,120,0,-120
82014000,2812984.33,2812984.33,0
82015000,2288979.35,2288979.35,0
82016000,382361.8199999999,382361.8199999999,0
82018000,65.23,0,-65.23
82019000,12001631.65,12001631.65,0
82019090,1150.59,0,-1150.59
82019900,14,0,-14
82021000,1912520.3,1912520.3,0
82021010,79.9,0,-79.9
82022000,1365430.16,1365430.16,0
82023100,1588950.07,1588950.07,0
82023400,600,0,-600
82023900,1130788.87,1130788.87,0
82024000,13563532.8,13563532.8,0
82025900,17.4,0,-17.4
82029100,2642272.86,2642272.86,0
82029900,333.1,0,-333.1
82029910,6121.87,6121.87,0
82029990,1459638.64,1459638.64,0
82031000,71,0,-71
82031010,9059766.129999999,9059766.129999999,0
82031090,125420.67,125420.67,0
82031119,32.5,0,-32.5
82032000,50,0,-50
82032010,10833996.12,10833996.12,0
82032020,90,0,-90
82032090,1996495.13,1996495.13,0
82033000,146120.37,146120.37,0
82033010,605.16,0,-605.16
82034000,193336.62,193336.62,0
82040000,94,0,-94
82041000,9258.3,0,-9258.3
82041100,24144532.86000001,24144532.86000001,0
82041110,886.44,0,-886.44
82041200,5376235.99,5376235.99,0
82041400,174.2,0,-174.2
82042000,12941894.22,12941894.22,0
82042015,16.5,0,-16.5
82042119,295,0,-295
82042200,139.9,0,-139.9
82044000,642.42,0,-642.42
82044200,115,0,-115
82049000,77.88,0,-77.88
82050900,220,0,-220
82051000,792956.5100000002,792956.5100000002,0
82051010,33.5,0,-33.5
82051100,665.12,0,-665.12
82052000,3390719.96,3390719.96,0
82052010,752,0,-752
82052020,277,0,-277
82053000,2578787.449999999,2578787.449999999,0
82054000,5697666.869999999,5697666.869999999,0
82055100,898839.0299999998,898839.0299999998,0
82055200,37.53,0,-37.53
82055400,19.5,0,-19.5
82055900,14726783.99,14726783.99,0
82055920,461.1900000000001,0,-461.1900000000001
82055990,185,0,-185
82056000,142451.16,142451.16,0
82057000,2949632.120000001,2949632.120000001,0
82057200,166.88,0,-166.88
82059000,200249.12,200249.12,0
82060000,3368011.77,3368011.77,0
82060100,336,0,-336
82061032,10,0,-10
82070020,7.5,0,-7.5
82071000,290.1,0,-290.1
82071090,1200,0,-1200
82071300,49015.88,49015.88,0
82071900,26202.03999999999,26202.03999999999,0
82071910,257534.28,257534.28,0
82071990,97600.07,97600.07,0
82072000,3020.39,3020.39,0
82073000,1047897.02,1047897.02,0
82073011,73.9,0,-73.9
82074000,2020.79,0,-2020.79
82074010,2187919.43,2187919.43,0
82074020,357351.6100000001,357351.6100000001,0
82074100,110,0,-110
82075000,710.68,0,-710.68
82075010,1952.76,0,-1952.76
82075011,14595874.26,14595874.26,0
82075014,329.9,0,-329.9
82075019,924426.3600000002,924426.3600000002,0
82075051,129.8,0,-129.8
82075090,846581.4900000002,846581.4900000002,0
82075811,416.5,0,-416.5
82075919,7.65,0,-7.65
82075990,1140,0,-1140
82076000,102169.14,102169.14,0
82077010,221442.01,221442.01,0
82077011,250,0,-250
82077020,124797.29,124797.29,0
82077090,302848.48,302848.48,0
82078000,1200070.17,1200070.17,0
82078501,13.8,0,-13.8
82079000,5669976.510000001,5669976.510000001,0
82079090,26.04,0,-26.04
82079500,206.8,0,-206.8
82081000,95910.54000000001,95910.54000000001,0
82081010,379.8,0,-379.8
82081020,320,0,-320
82082000,650682.22,650682.22,0
82082100,35.6,0,-35.6
82083000,170443.49,170443.49,0
82084000,96614942.69999999,96614942.69999999,0
82088000,400,0,-400
82088400,315,0,-315
82089000,2318479.45,2318479.45,0
82089010,195,0,-195
82089990,405,0,-405
82090011,868547.9400000001,868547.9400000001,0
82090019,58594.26000000001,58594.26000000001,0
82090090,474623.6,474623.6,0
82091010,39.8,0,-39.8
82095011,475.28,0,-475.28
82098900,19.5,0,-19.5
82099100,23.16,0,-23.16
82100009,89,0,-89
82100010,193509.43,193509.43,0
82100052,4520,0,-4520
82100090,386169.12,386169.12,0
82111000,343967.02,343967.02,0
82111900,115.5,0,-115.5
82119000,1010,0,-1010
82119100,1287681.65,1287681.65,0
82119210,1947790.83,1947790.83,0
82119220,91103.73,91103.73,0
82119290,310703.78,310703.78,0
82119300,81.5,0,-81.5
82119310,307708.8,307708.8,0
82119320,1281763.26,1281763.26,0
82119390,330973.12,330973.12,0
82119399,149,0,-149
82119400,440522.3099999999,440522.3099999999,0
82119500,40656.01,40656.01,0
82119910,459,0,-459
82121010,33459.53,33459.53,0
82121020,469273.5600000002,469273.5600000002,0
82122010,217743.6900000001,217743.6900000001,0
82122011,212.11,0,-212.11
82122019,741.94,0,-741.94
82122020,13206.5,13206.5,0
82122029,56,0,-56
82123000,10,0,-10
82129000,14584.45,14584.45,0
82130000,2128831.919999999,2128831.919999999,0
82130090,51.6,0,-51.6
82132213,8425,0,-8425
82133000,138,0,-138
82141000,137404.77,137404.77,0
82142000,122184.73,122184.73,0
82145963,96,0,-96
82149000,45,0,-45
82149010,18266.15,18266.15,0
82149090,1541779.4,1541779.4,0
82151000,186220.9,186220.9,0
82152000,2046000.75,2046000.75,0
82152020,196,0,-196
82152922,78,0,-78
82159100,242698.4699999999,242698.4699999999,0
82159900,289.5,0,-289.5
82159910,2747466.23,2747466.23,0
82159990,326619.23,326619.23,0
82160000,495,0,-495
82171200,217.4,0,-217.4
82199999,10,0,-10
82205011,135,0,-135
82212990,1041.08,0,-1041.08
82213100,40,0,-40
82214000,88,0,-88
82219999,300,0,-300
82248111,12,0,-12
82248221,192.12,0,-192.12
82248229,35,0,-35
82249090,80,0,-80
82319390,2.9,0,-2.9
82329000,1345,0,-1345
82332110,270,0,-270
82339090,380.8,0,-380.8
82381000,41.6,0,-41.6
82392990,80,0,-80
82411000,70,0,-70
82425000,750,0,-750
82454000,15.65,0,-15.65
82455585,240,0,-240
82473698,525,0,-525
82491523,5,0,-5
82501400,85,0,-85
82566385,52.9,0,-52.9
82599721,248.35,0,-248.35
82707501,41.36,0,-41.36
82720900,2300,0,-2300
82799900,750,0,-750
82805200,40,0,-40
82810013,93.72,0,-93.72
82821010,2307.5,0,-2307.5
82833029,39850,0,-39850
82840000,2207,0,-2207
82841090,1257.16,0,-1257.16
82842010,1770,0,-1770
82842090,172.6,0,-172.6
82892461,20,0,-20
82995580,650,0,-650
83010000,124.74,0,-124.74
83011000,6269821.15,6269821.15,0
83011100,562.26,0,-562.26
83011400,468,0,-468
83012000,6379062.809999999,6379062.809999999,0
83012022,320,0,-320
83012060,429.4,0,-429.4
83013000,496466.65,496466.65,0
83014000,12056106.7,12056106.7,0
83014400,60,0,-60
83015000,1166942.16,1166942.16,0
83015210,5689.6,0,-5689.6
83016000,1552597.449999999,1552597.449999999,0
83017000,939963.2400000002,939963.2400000002,0
83020000,49,0,-49
83021000,19865297.66,19865297.66,0
83021010,33,0,-33
83021100,1386.2,0,-1386.2
83021400,19.8,0,-19.8
83021900,456,0,-456
83022000,4256438.09,4256438.09,0
83022010,1232,0,-1232
83022100,590.25,0,-590.25
83022200,117,0,-117
83022300,30,0,-30
83023000,9449962.97,9449962.97,0
83023900,73.2,0,-73.2
83024000,120,0,-120
83024100,5067840.069999999,5067840.069999999,0
83024200,5884481.649999999,5884481.649999999,0
83024300,2442,0,-2442
83024900,8005425.199999999,8005425.199999999,0
83025000,4075782.799999999,4075782.799999999,0
83026000,509993.2899999999,509993.2899999999,0
83028000,48,0,-48
83030000,1051698.21,1051698.21,0
83031010,1776.5,0,-1776.5
83035614,404,0,-404
83040000,163701.13,163701.13,0
83041000,92.5,0,-92.5
83051000,456002.9800000001,456002.9800000001,0
83051245,760,0,-760
83052000,4253330.52,4253330.52,0
83053000,217.68,0,-217.68
83059000,442480.1200000001,442480.1200000001,0
83061000,286527.13,286527.13,0
83062000,36,0,-36
83062100,852268.8600000001,852268.8600000001,0
83062102,4413.87,0,-4413.87
83062699,3396.6,0,-3396.6
83062900,1227493.57,1227493.57,0
83063000,599647.3399999999,599647.3399999999,0
83063002,296.05,0,-296.05
83071000,45190.99,45190.99,0
83071010,72976.01,72976.01,0
83071090,1034687.78,1034687.78,0
83073000,2300,0,-2300
83073300,69.53,0,-69.53
83075011,40.87,0,-40.87
83079000,1574893.26,1574893.26,0
83081000,73514.16999999998,73514.16999999998,0
83082000,3360626.379999999,3360626.379999999,0
83089002,455,0,-455
83089010,584957.0800000001,584957.0800000001,0
83089017,1.2,0,-1.2
83089020,497.04,497.04,0
83089090,573194.7100000001,573194.7100000001,0
83089990,2080,0,-2080
83091000,61263.35,61263.35,0
83099000,637945.5200000001,637945.5200000001,0
83099900,15,0,-15
83100000,7985205.519999997,7985205.519999997,0
83104000,1730,0,-1730
83110000,220.82,0,-220.82
83111000,39362920.68,39362920.68,0
83111300,31.5,0,-31.5
83112000,897172.35,897172.35,0
83113000,289367.5,289367.5,0
83114000,55,0,-55
83119000,354887.47,354887.47,0
83133020,192,0,-192
83137090,2000,0,-2000
83139190,980,0,-980
83158300,1300,0,-1300
83181500,15,0,-15
83181600,330,0,-330
83181900,25,0,-25
83182200,846.08,0,-846.08
83182400,524,0,-524
83182900,342.36,0,-342.36
83186525,210,0,-210
83189010,115,0,-115
83201000,20,0,-20
83214569,1070,0,-1070
83214789,209,0,-209
83214929,45.36,0,-45.36
83230000,96,0,-96
83233000,290,0,-290
83251402,60,0,-60
83259990,266.67,0,-266.67
83283300,111,0,-111
83310000,250,0,-250
83311090,109.26,0,-109.26
83312000,12000,0,-12000
83339090,1960,0,-1960
83364100,916,0,-916
83365090,136.8,0,-136.8
83366100,75,0,-75
83366990,24,0,-24
83527962,152,0,-152
83551620,430.7,0,-430.7
83562179,52,0,-52
83661000,36,0,-36
83669900,240.01,0,-240.01
83680000,82,0,-82
83821010,30,0,-30
83831020,3123,0,-3123
83832910,400,0,-400
83834090,180,0,-180
83839000,450,0,-450
83849000,95,0,-95
83918624,180,0,-180
83924900,144,0,-144
83925116,40,0,-40
83957379,1720,0,-1720
84000000,3000,0,-3000
84001200,275,0,-275
84005680,375,0,-375
84009111,2611,0,-2611
84009120,3460,0,-3460
84009190,24,0,-24
84011000,79407.42,79407.42,0
84011400,718.5,0,-718.5
84012000,1215490.16,1215490.16,0
84013000,8988.75,8988.75,0
84013919,37.76,0,-37.76
84014000,40822.04,40822.04,0
84015290,768.58,0,-768.58
84016999,58.66,0,-58.66
84017000,90,0,-90
84018800,100,0,-100
84019039,10503,0,-10503
84019090,378,0,-378
84021100,59725.19,59725.19,0
84021200,1113961.43,1113961.43,0
84021900,25092785.09,25092785.09,0
84022000,3296087.3,3296087.3,0
84022010,490,0,-490
84023000,41.04,0,-41.04
84024000,150,0,-150
84026931,683.4,0,-683.4
84029000,8486989.75,8486989.75,0
84029039,773.6,0,-773.6
84031010,329572.64,329572.64,0
84031090,112790.62,112790.62,0
84033029,201,0,-201
84035000,674,0,-674
84039000,28785.14,28785.14,0
84039090,15,0,-15
84041000,230,0,-230
84041010,1789196.4,1789196.4,0
84041020,23826,23826,0
84041100,123.75,0,-123.75
84041200,92,0,-92
84042000,487144.17,487144.17,0
84043809,8350,0,-8350
84044010,2690,0,-2690
84044021,357.1,0,-357.1
84044030,1570,0,-1570
84044090,280,0,-280
84049010,7605.34,7605.34,0
84049090,217917.11,217917.11,0
84049999,421.52,0,-421.52
84050600,14.52,0,-14.52
84051000,2307774.85,2307774.85,0
84052169,477,0,-477
84052565,180,0,-180
84054000,93.75,0,-93.75
84054100,220,0,-220
84059000,76323.62000000002,76323.62000000002,0
84059999,1630,0,-1630
84060040,214,0,-214
84061000,46206.78,46206.78,0
84062511,1000,0,-1000
84068100,286283.13,286283.13,0
84068200,40498.5,40498.5,0
84069001,200,0,-200
84069010,523,0,-523
84069011,595800.94,595800.94,0
84069019,188423.35,188423.35,0
84069020,442.86,0,-442.86
84069021,288791.38,288791.38,0
84069029,118744.8,118744.8,0
84069090,118199.62,118199.62,0
84069116,980,0,-980
84069909,1.6,0,-1.6
84069999,530,0,-530
84071000,12445354.06,12445354.06,0
84072110,235387.82,235387.82,0
84072190,16127709.87,16127709.87,0
84072910,19107.2,19107.2,0
84072990,1726818.22,1726818.22,0
84073000,4450,0,-4450
84073110,25626.47,25626.47,0
84073190,90435.98999999999,90435.98999999999,0
84073200,361117.53,361117.53,0
84073310,2269.53,2269.53,0
84073390,518304.55,518304.55,0
84073410,12413.53,12413.53,0
84073490,4097877.4,4097877.4,0
84079000,12200530.04,12200530.04,0
84079090,552,0,-552
84079990,4472.309999999999,0,-4472.309999999999
84080808,680,0,-680
84081010,255369.71,255369.71,0
84081090,2259219.4,2259219.4,0
84082000,2465,0,-2465
84082010,639121.77,639121.77,0
84082020,3205424.880000001,3205424.880000001,0
84082030,2131917.52,2131917.52,0
84082090,25715148.1,25715148.1,0
84082999,1558.78,0,-1558.78
84083090,1069.84,0,-1069.84
84083302,480,0,-480
84084090,6241.059999999999,0,-6241.059999999999
84085090,380,0,-380
84088000,190,0,-190
84089000,28.74,0,-28.74
84089010,450629.24,450629.24,0
84089090,19716842.43,19716842.43,0
84089190,1950,0,-1950
84089482,864,0,-864
84089990,8780.710000000001,0,-8780.710000000001
84090000,1529,0,-1529
84090116,50,0,-50
84090190,6.04,0,-6.04
84090900,400,0,-400
84091000,19652424.19,19652424.19,0
84092099,320,0,-320
84093003,464.64,0,-464.64
84095989,390,0,-390
84098114,54.6,0,-54.6
84098118,240,0,-240
84099000,609,0,-609
84099069,2520,0,-2520
84099100,2244.41,0,-2244.41
84099101,280.08,0,-280.08
84099103,104,0,-104
84099111,1983874.49,1983874.49,0
84099112,12847594.6,12847594.6,0
84099113,3844476.11,3844476.11,0
84099114,3562598.78,3562598.78,0
84099115,788332.7300000001,788332.7300000001,0
84099116,4526261.8,4526261.8,0
84099117,1220374.82,1220374.82,0
84099118,1027166.57,1027166.57,0
84099120,6478365.370000001,6478365.370000001,0
84099130,2488114.32,2488114.32,0
84099140,951946.1000000001,951946.1000000001,0
84099160,440,0,-440
84099190,23752062.4,23752062.4,0
84099191,3816.12,0,-3816.12
84099199,653.69,0,-653.69
84099300,636,0,-636
84099699,1287.8,0,-1287.8
84099900,6223.39,0,-6223.39
84099905,408,0,-408
84099906,3280.75,0,-3280.75
84099908,379.31,0,-379.31
84099911,70833.46,70833.46,0
84099912,17248677.29,17248677.29,0
84099913,164784.9,164784.9,0
84099914,22903047.38,22903047.38,0
84099915,4724127.97,4724127.97,0
84099916,12374.46,12374.46,0
84099917,3156852.359999999,3156852.359999999,0
84099920,57600.22,57600.22,0
84099921,80081.06999999999,80081.06999999999,0
84099923,3839.58,0,-3839.58
84099929,51117319.32,51117319.32,0
84099930,13569459.78,13569459.78,0
84099940,510,0,-510
84099941,119522.15,119522.15,0
84099944,149,0,-149
84099949,4654237.950000001,4654237.950000001,0
84099950,1106,0,-1106
84099951,396600.46,396600.46,0
84099955,890,0,-890
84099959,31547947.88,31547947.88,0
84099960,23021.64,0,-23021.64
84099961,14361882.51,14361882.51,0
84099968,7528,0,-7528
84099969,100591341.91,100591341.91,0
84099971,52686.88,52686.88,0
84099979,9461528.079999998,9461528.079999998,0
84099984,196,0,-196
84099989,3200,0,-3200
84099990,635593.11,635593.11,0
84099991,216002.32,216002.32,0
84099996,10254.47,0,-10254.47
84099999,107189566.42,107189566.42,0
84101100,810717.83,810717.83,0
84101200,46519.1,46519.1,0
84101300,20705,20705,0
84103300,440.8800000000001,0,-440.8800000000001
84109000,300786.99,300786.99,0
84111000,2066,0,-2066
84111100,2098.99,2098.99,0
84111200,12232.45,12232.45,0
84112100,1684458.28,1684458.28,0
84112200,8523.6,8523.6,0
84113030,471.5,0,-471.5
84113990,1090,0,-1090
84114000,1965,0,-1965
84114110,24,0,-24
84114578,6800,0,-6800
84115010,4800,0,-4800
84116090,134.8,0,-134.8
84118100,41178.23,41178.23,0
84118200,19941.65,19941.65,0
84119000,1692.26,0,-1692.26
84119020,3960,0,-3960
84119100,12473406.47,12473406.47,0
84119900,747279.88,747279.88,0
84120000,116.64,0,-116.64
84120936,1900,0,-1900
84121000,96839.38,96839.38,0
84121010,3393,0,-3393
84121990,1200,0,-1200
84122000,841.65,0,-841.65
84122010,278,0,-278
84122011,77.7,0,-77.7
84122090,1400,0,-1400
84122100,250,0,-250
84122110,48253972.92999999,48253972.92999999,0
84122190,13896456.27,13896456.27,0
84122199,42.08,0,-42.08
84122300,735,0,-735
84122490,12990,0,-12990
84122800,210,0,-210
84122900,57026963.46,57026963.46,0
84122990,8555,0,-8555
84123000,28,0,-28
84123110,7081585.25,7081585.25,0
84123190,816486.3,816486.3,0
84123900,136659.73,136659.73,0
84125014,60,0,-60
84125200,69.8,0,-69.8
84125417,150,0,-150
84125698,744,0,-744
84126011,1450,0,-1450
84126019,963.27,0,-963.27
84127489,195,0,-195
84128000,1204851.31,1204851.31,0
84128080,73.15,0,-73.15
84128090,1004.8,0,-1004.8
84129000,22985.5,0,-22985.5
84129010,5788,5788,0
84129020,360170.85,360170.85,0
84129080,22422021.42,22422021.42,0
84129090,10887447.64,10887447.64,0
84129999,1236,0,-1236
84130100,9690,0,-9690
84130110,763,0,-763
84130190,13,0,-13
84131070,138927,0,-138927
84131090,4340,0,-4340
84131100,2894097.1,2894097.1,0
84131900,1940871.11,1940871.11,0
84131999,268,0,-268
84132000,4013821.319999999,4013821.319999999,0
84132020,180,0,-180
84132490,3531,0,-3531
84133000,19630.67,0,-19630.67
84133002,20,0,-20
84133010,13672386.45,13672386.45,0
84133020,44653181.27000001,44653181.27000001,0
84133023,215.6,0,-215.6
84133029,1100,0,-1100
84133030,50409585.56,50409585.56,0
84133080,280,0,-280
84133090,68154721.81,68154721.81,0
84133190,299.28,0,-299.28
84133309,1463.2,0,-1463.2
84134000,439733.91,439733.91,0
84134050,713.82,0,-713.82
84134190,172664.21,0,-172664.21
84134929,2226,0,-2226
84135010,19089554.12,19089554.12,0
84135090,6569031.93,6569031.93,0
84136001,2550,0,-2550
84136011,99629249.64999998,99629249.64999998,0
84136019,12667141.63,12667141.63,0
84136090,6584932.460000001,6584932.460000001,0
84137010,86830021.68,86830021.68,0
84137080,21847686.32999999,21847686.32999999,0
84137090,88345584.35000001,88345584.35000001,0
84137110,8950,0,-8950
84138100,43339561.88,43339561.88,0
84138200,1160029.6,1160029.6,0
84139020,65,0,-65
84139049,5310,0,-5310
84139090,539,0,-539
84139091,5805,0,-5805
84139100,188251.28,188251.28,0
84139110,105420.94,105420.94,0
84139120,687,0,-687
84139190,162585574.64,162585574.64,0
84139191,780.53,0,-780.53
84139199,29.76,0,-29.76
84139200,898313.9700000001,898313.9700000001,0
84139390,120,0,-120
84139490,940,0,-940
84140090,221.24,0,-221.24
84141000,3089149.13,3089149.13,0
84141011,1200,0,-1200
84141220,38,0,-38
84142000,496264.8600000001,496264.8600000001,0
84143011,1435470.89,1435470.89,0
84143019,7318929.58,7318929.58,0
84143031,81,0,-81
84143090,1100,0,-1100
84143091,36595580.71000002,36595580.71000002,0
84143099,1063628,1063628,0
84144010,476434.05,476434.05,0
84144020,688288.31,688288.31,0
84144090,261954.62,261954.62,0
84144464,35.7,0,-35.7
84145100,150,0,-150
84145110,454084.9099999999,454084.9099999999,0
84145120,428749.65,428749.65,0
84145190,1241080.75,1241080.75,0
84145690,485,0,-485
84145900,1150,0,-1150
84145910,570131.98,570131.98,0
84145990,109672506.48,109672506.48,0
84146000,9219413.34,9219413.34,0
84146017,509.98,0,-509.98
84146028,395,0,-395
84146033,255,0,-255
84146290,9.75,0,-9.75
84147000,171905.6,171905.6,0
84148010,16915.99,0,-16915.99
84148011,20467291.05999999,20467291.05999999,0
84148012,6649408.44,6649408.44,0
84148013,245871.58,245871.58,0
84148019,23270764.73,23270764.73,0
84148020,10630,0,-10630
84148021,41360475.15,41360475.15,0
84148022,204087.67,204087.67,0
84148029,1098210.11,1098210.11,0
84148031,4934764.54,4934764.54,0
84148032,1976052.11,1976052.11,0
84148033,38472.56,38472.56,0
84148038,134922.52,134922.52,0
84148039,151270.21,151270.21,0
84148090,6316387.18,6316387.18,0
84149000,900,0,-900
84149003,2345,0,-2345
84149004,6,0,-6
84149010,1157641.75,1157641.75,0
84149019,10000,0,-10000
84149020,31044847.32,31044847.32,0
84149030,16060,0,-16060
84149031,1388429.49,1388429.49,0
84149032,909199.34,909199.34,0
84149033,2200162.97,2200162.97,0
84149034,1122901.99,1122901.99,0
84149039,23830368.68,23830368.68,0
84149040,459680.04,459680.04,0
84149090,148,0,-148
84149190,860,0,-860
84149390,400,0,-400
84149490,80,0,-80
84151010,37900,37900,0
84151011,107197500.85,107197500.85,0
84151019,2153835.66,2153835.66,0
84151090,350791.95,350791.95,0
84151900,98,0,-98
84152000,264,0,-264
84152010,3176656.69,3176656.69,0
84152090,638237.7699999999,638237.7699999999,0
84152100,20,0,-20
84153900,849,0,-849
84158110,108406.1,108406.1,0
84158190,6151207.309999999,6151207.309999999,0
84158210,398157.53,398157.53,0
84158290,4762329.37,4762329.37,0
84158300,406185.25,406185.25,0
84159000,96465.29999999999,96465.29999999999,0
84159010,13974426.45,13974426.45,0
84159020,21035820.26,21035820.26,0
84159090,18188915.97,18188915.97,0
84159099,100,0,-100
84161000,212208.55,212208.55,0
84162010,1401361.13,1401361.13,0
84162090,10474566.77,10474566.77,0
84162501,191.86,0,-191.86
84163000,45286587.61,45286587.61,0
84163010,985,0,-985
84163090,205.2,0,-205.2
84169000,3065989.120000001,3065989.120000001,0
84169090,260,0,-260
84169190,20.04,0,-20.04
84169300,5156,0,-5156
84169990,348.44,0,-348.44
84171000,230,0,-230
84171010,730919.03,730919.03,0
84171020,5035.1,5035.1,0
84171090,11516.9,11516.9,0
84171810,156,0,-156
84171900,235,0,-235
84172000,1530910.44,1530910.44,0
84178010,20454.86,20454.86,0
84178020,280,280,0
84178031,1950,0,-1950
84178090,3287639.48,3287639.48,0
84179000,349335.2,349335.2,0
84181000,36044958.71999999,36044958.71999999,0
84182100,5670441.699999999,5670441.699999999,0
84182900,316096.22,316096.22,0
84183000,8577966.139999999,8577966.139999999,0
84184000,4050368.89,4050368.89,0
84185010,1136798.96,1136798.96,0
84185090,11871175.52,11871175.52,0
84186100,6602505.68,6602505.68,0
84186110,1617,1617,0
84186910,273376.87,273376.87,0
84186920,7959006.710000001,7959006.710000001,0
84186931,4874062.97,4874062.97,0
84186932,809757.8200000001,809757.8200000001,0
84186940,11330917.67,11330917.67,0
84186990,2400,2400,0
84186991,148750.32,148750.32,0
84186999,126629418.5,126629418.5,0
84188019,180,0,-180
84188090,9.5,0,-9.5
84188095,204,0,-204
84189100,242868.9,242868.9,0
84189900,7598041.360000001,7598041.360000001,0
84191010,200,0,-200
84191100,2743745.849999999,2743745.849999999,0
84191200,11428419.12,11428419.12,0
84191900,236436.79,236436.79,0
84191910,539998.5800000001,539998.5800000001,0
84192000,8716,8716,0
84193031,65,0,-65
84193100,49564.9,49564.9,0
84193200,16780,16780,0
84193300,1782453.93,1782453.93,0
84193400,386470921.34,386470921.34,0
84193500,11855.34,11855.34,0
84193900,14701272.17,14701272.17,0
84194010,40040.34,40040.34,0
84194020,306382.96,306382.96,0
84194090,828449.6099999999,828449.6099999999,0
84195010,3160140.84,3160140.84,0
84195021,9570158.63,9570158.63,0
84195022,53990.64999999999,53990.64999999999,0
84195029,402855.8,402855.8,0
84195090,10510405.75,10510405.75,0
84196000,656018.49,656018.49,0
84198110,304162.75,304162.75,0
84198190,6429226.73,6429226.73,0
84198911,4463.34,4463.34,0
84198919,556852.11,556852.11,0
84198920,915171.6499999999,915171.6499999999,0
84198930,771474.37,771474.37,0
84198940,2468567.77,2468567.77,0
84198990,47.8,0,-47.8
84198991,4725200.31,4725200.31,0
84198999,4550956.189999999,4550956.189999999,0
84199010,516399.03,516399.03,0
84199016,260,0,-260
84199020,78684.12999999999,78684.12999999999,0
84199031,60069.59,60069.59,0
84199039,5119692.04,5119692.04,0
84199040,354849.76,354849.76,0
84199090,14337427.66,14337427.66,0
84199190,12,0,-12
84199300,250,0,-250
84199999,289.64,0,-289.64
84201000,980,0,-980
84201010,55668.28,55668.28,0
84201090,461138.39,461138.39,0
84207090,35,0,-35
84209090,180,0,-180
84209100,319954.47,319954.47,0
84209900,11878.12,11878.12,0
84210000,2665,0,-2665
84210920,250,0,-250
84211010,2285.98,0,-2285.98
84211090,768.98,0,-768.98
84211110,8184.559999999999,8184.559999999999,0
84211170,11200,0,-11200
84211190,723219.6599999999,723219.6599999999,0
84211210,266267.38,266267.38,0
84211230,1426.15,0,-1426.15
84211290,85219.26,85219.26,0
84211300,219,0,-219
84211399,430,0,-430
84211910,71640.4,71640.4,0
84211990,498456.3599999999,498456.3599999999,0
84211999,241,0,-241
84212090,693,0,-693
84212100,43158866.57,43158866.57,0
84212110,590,0,-590
84212200,147093.76,147093.76,0
84212209,580,0,-580
84212299,1704.89,0,-1704.89
84212300,239582423.3600001,239582423.3600001,0
84212302,590,0,-590
84212303,96.5,0,-96.5
84212306,416.1,0,-416.1
84212330,222.3,0,-222.3
84212399,270,0,-270
84212490,345.14,0,-345.14
84212591,261,0,-261
84212800,156,0,-156
84212900,6816.92,0,-6816.92
84212911,2039.05,2039.05,0
84212919,1264776.71,1264776.71,0
84212920,144911.87,144911.87,0
84212930,1353776.23,1353776.23,0
84212990,137431949.93,137431949.93,0
84212992,91.59,0,-91.59
84212999,13559.85,0,-13559.85
84213000,2239,0,-2239
84213090,117,0,-117
84213100,47190333.09,47190333.09,0
84213200,1464838.94,1464838.94,0
84213210,30,0,-30
84213300,20,0,-20
84213390,468.6,0,-468.6
84213900,876,0,-876
84213910,1522473,1522473,0
84213920,135626.71,135626.71,0
84213930,46934.99,46934.99,0
84213990,74588866.77999999,74588866.77999999,0
84213999,5436,0,-5436
84214200,3430,0,-3430
84214929,149,0,-149
84218100,1600,0,-1600
84218221,2,0,-2
84218300,405,0,-405
84218539,30,0,-30
84218890,340,0,-340
84219000,178.62,0,-178.62
84219090,212.4,0,-212.4
84219110,19188.68,19188.68,0
84219191,313593.86,313593.86,0
84219199,197450.29,197450.29,0
84219490,990,0,-990
84219900,1499.89,0,-1499.89
84219909,30,0,-30
84219910,16722256.03,16722256.03,0
84219920,3176.43,3176.43,0
84219990,58291.45999999999,58291.45999999999,0
84219991,61181.4,61181.4,0
84219993,203.22,0,-203.22
84219999,422259040.7299999,422259040.7299999,0
84221100,7539512.219999999,7539512.219999999,0
84221900,178115.64,178115.64,0
84222000,2624197.38,2624197.38,0
84222010,993,0,-993
84222090,190,0,-190
84222302,120,0,-120
84223010,680625.63,680625.63,0
84223021,1809801.95,1809801.95,0
84223022,1494.34,1494.34,0
84223023,165889.91,165889.91,0
84223029,3035617.51,3035617.51,0
84223030,115115.48,115115.48,0
84224010,18572.15,18572.15,0
84224020,39077.6,39077.6,0
84224030,5317.639999999999,5317.639999999999,0
84224090,22687321.59,22687321.59,0
84225001,110,0,-110
84229000,633.5,0,-633.5
84229010,96727.70000000001,96727.70000000001,0
84229090,3654710.82,3654710.82,0
84230000,6000.62,0,-6000.62
84230014,100,0,-100
84231000,2486404.79,2486404.79,0
84232000,2095045.61,2095045.61,0
84232300,4654.3,0,-4654.3
84233010,120,0,-120
84233011,1771223.74,1771223.74,0
84233019,2020380.85,2020380.85,0
84233090,60240671.40000001,60240671.40000001,0
84234923,12904.47,0,-12904.47
84236578,4950,0,-4950
84238110,78567.08,78567.08,0
84238190,1114311.72,1114311.72,0
84238200,26330888.94,26330888.94,0
84238900,19009132.18,19009132.18,0
84239000,2988.27,0,-2988.27
84239010,506608.07,506608.07,0
84239021,102933.53,102933.53,0
84239029,13704231.33,13704231.33,0
84239099,304.49,0,-304.49
84239999,259.7,0,-259.7
84240000,120,0,-120
84240015,12.99,0,-12.99
84240101,189.4,0,-189.4
84241000,14025160.58,14025160.58,0
84241900,3890,0,-3890
84242000,3920169.22,3920169.22,0
84242100,280,0,-280
84242829,9.68,0,-9.68
84242990,30,0,-30
84243010,23104764.06,23104764.06,0
84243012,87,0,-87
84243020,22537.44,22537.44,0
84243030,151040.02,151040.02,0
84243090,23326034.61,23326034.61,0
84243100,436,0,-436
84244100,43222489.69000001,43222489.69000001,0
84244200,2300,0,-2300
84244229,74.1,0,-74.1
84244822,251.45,0,-251.45
84244900,3222868493.21,3222868493.21,0
84244909,57,0,-57
84244990,21490,0,-21490
84245000,45,0,-45
84245121,62.72,0,-62.72
84248000,97.5,0,-97.5
84248111,121468.76,121468.76,0
84248119,873179.4500000001,873179.4500000001,0
84248121,644066.3999999999,644066.3999999999,0
84248129,259220.6,259220.6,0
84248190,8182.85,8182.85,0
84248199,1414,0,-1414
84248220,672.49,0,-672.49
84248221,2194463900.61,2194463900.61,0
84248229,620963537.1899999,620963537.1899999,0
84248279,49.8,0,-49.8
84248290,39785806.56,39785806.56,0
84248900,241.73,241.73,0
84248910,1969437.76,1969437.76,0
84248920,10868.59,10868.59,0
84248929,47262.3,0,-47262.3
84248990,24419011.45000001,24419011.45000001,0
84249000,5271.860000000001,0,-5271.860000000001
84249010,1185464.72,1185464.72,0
84249030,45,0,-45
84249072,238,0,-238
84249090,346897531.96,346897531.96,0
84249190,5160,0,-5160
84249900,750,0,-750
84249999,110,0,-110
84250021,80,0,-80
84251021,55,0,-55
84251100,1341177.75,1341177.75,0
84251102,60,0,-60
84251200,35,0,-35
84251247,240,0,-240
84251256,80,0,-80
84251910,1699298.8,1699298.8,0
84251990,162986.51,162986.51,0
84251999,3010.64,0,-3010.64
84252000,1290,1290,0
84253000,236.2,0,-236.2
84253110,1729339.01,1729339.01,0
84253190,198384.42,198384.42,0
84253910,1643955.44,1643955.44,0
84253990,2427640.57,2427640.57,0
84254100,394797.31,394797.31,0
84254101,1353,0,-1353
84254200,8511800.500000002,8511800.500000002,0
84254910,1956304.6,1956304.6,0
84254990,1256576.1,1256576.1,0
84255499,2500,0,-2500
84259090,167.72,0,-167.72
84261100,1759992.75,1759992.75,0
84261200,6803.18,6803.18,0
84261900,398106.12,398106.12,0
84262000,255709.6,255709.6,0
84262690,78.03,0,-78.03
84263000,89169,89169,0
84264110,65310.44,65310.44,0
84264190,14014,14014,0
84264910,395242.12,395242.12,0
84264990,427325,427325,0
84269100,10849816.03,10849816.03,0
84269900,51038825.19,51038825.19,0
84271001,525,0,-525
84271010,1739,0,-1739
84271011,390106.78,390106.78,0
84271019,9456542.43,9456542.43,0
84271090,3157072.96,3157072.96,0
84272010,376444.69,376444.69,0
84272090,86760263.94999999,86760263.94999999,0
84273300,5497.5,0,-5497.5
84273330,88,0,-88
84279000,10326117.38,10326117.38,0
84281000,42941190.71,42941190.71,0
84282010,3865071.26,3865071.26,0
84282090,8505974.74,8505974.74,0
84283100,3382316.77,3382316.77,0
84283200,128808115.28,128808115.28,0
84283300,55254726.74,55254726.74,0
84283910,70029604.61,70029604.61,0
84283920,1657186.68,1657186.68,0
84283930,2494.24,2494.24,0
84283990,46965769.03,46965769.03,0
84284000,231760.95,231760.95,0
84286000,2787006.13,2787006.13,0
84287000,9169.869999999999,9169.869999999999,0
84289010,9924.31,9924.31,0
84289020,595696.6799999999,595696.6799999999,0
84289030,3529.28,3529.28,0
84289090,2736236.53,2736236.53,0
84290000,1500,0,-1500
84291110,468946.79,468946.79,0
84291190,64097168.5,64097168.5,0
84291910,18353.33,18353.33,0
84291990,26633.4,26633.4,0
84292010,138649.26,138649.26,0
84292090,66583986.07,66583986.07,0
84292999,69,0,-69
84293000,70312.98999999999,70312.98999999999,0
84294000,15351762.53,15351762.53,0
84295111,661443.96,661443.96,0
84295119,39843255.18,39843255.18,0
84295121,600,600,0
84295129,252671.36,252671.36,0
84295191,521456,521456,0
84295192,10105056.01,10105056.01,0
84295199,661500522.2,661500522.2,0
84295210,510280,510280,0
84295211,540169.55,540169.55,0
84295212,6967775.91,6967775.91,0
84295219,398579550.16,398579550.16,0
84295220,1564.34,1564.34,0
84295290,534397.8,534397.8,0
84295900,177379227.68,177379227.68,0
84299020,20,0,-20
84299090,188.79,0,-188.79
84299999,460,0,-460
84301000,359449.85,359449.85,0
84302000,1247.43,1247.43,0
84303090,39,0,-39
84303110,311.95,311.95,0
84303190,6181.65,6181.65,0
84303910,140326,140326,0
84303990,16250,16250,0
84304110,33580.69,33580.69,0
84304120,2821208.01,2821208.01,0
84304130,939350.77,939350.77,0
84304190,54907.09,54907.09,0
84304900,18.95,0,-18.95
84304910,79680,79680,0
84304920,4171.51,4171.51,0
84304990,191675.99,191675.99,0
84305000,1133331.51,1133331.51,0
84306100,1341106.21,1341106.21,0
84306911,573749.72,573749.72,0
84306919,947299.34,947299.34,0
84306990,77521642.89999999,77521642.89999999,0
84307840,370,0,-370
84308000,693.28,0,-693.28
84309000,304.9,0,-304.9
84309990,1288.04,0,-1288.04
84310200,1708,0,-1708
84311010,557637.01,557637.01,0
84311020,1915.3,0,-1915.3
84311090,224747.49,224747.49,0
84312000,2639.1,0,-2639.1
84312010,460.48,0,-460.48
84312011,4173128.22,4173128.22,0
84312019,489174.56,489174.56,0
84312090,1611208.11,1611208.11,0
84312100,120.67,0,-120.67
84313000,2088,0,-2088
84313110,20665180.26,20665180.26,0
84313190,5942595.33,5942595.33,0
84313439,3529.58,0,-3529.58
84313900,18372357.58,18372357.58,0
84314100,13609875.04,13609875.04,0
84314200,12498243.23,12498243.23,0
84314310,430937.65,430937.65,0
84314390,2570578.1,2570578.1,0
84314829,242.41,0,-242.41
84314900,344,344,0
84314910,2708967.01,2708967.01,0
84314920,192675.63,192675.63,0
84314921,1233007.76,1233007.76,0
84314922,14603064.42,14603064.42,0
84314923,6594350.699999999,6594350.699999999,0
84314929,107306377.27,107306377.27,0
84316011,3571.9,0,-3571.9
84318100,430,0,-430
84319090,1200,0,-1200
84319200,3262.44,0,-3262.44
84319300,15580,0,-15580
84320000,12092.17,0,-12092.17
84321000,56957853.67,56957853.67,0
84321010,450.85,0,-450.85
84321852,1217.03,0,-1217.03
84322100,268669314.6999999,268669314.6999999,0
84322800,1260,0,-1260
84322900,215465162.99,215465162.99,0
84323000,10000.02,0,-10000.02
84323010,185005.03,185005.03,0
84323090,4080.99,4080.99,0
84323110,2433319818.11,2433319818.11,0
84323190,713596003.08,713596003.08,0
84323900,176.3,0,-176.3
84323910,371334714.63,371334714.63,0
84323990,8994555.88,8994555.88,0
84324000,167676.84,167676.84,0
84324100,31928672.99,31928672.99,0
84324200,1301837541.8,1301837541.8,0
84324390,11.38,0,-11.38
84328000,394984422.61,394984422.61,0
84329000,1215250542.45,1215250542.45,0
84329020,257.49,0,-257.49
84329030,224,0,-224
84329090,7663.900000000001,0,-7663.900000000001
84329100,60,0,-60
84329200,172.44,0,-172.44
84329300,15,0,-15
84329900,224,0,-224
84330258,139.15,0,-139.15
84331090,795,0,-795
84331100,14348964.46,14348964.46,0
84331900,355994.95,355994.95,0
84332000,38411.73,0,-38411.73
84332010,20626496,20626496,0
84332020,11730,0,-11730
84332090,203686169.09,203686169.09,0
84332900,3620.990000000001,0,-3620.990000000001
84333000,21668345.84,21668345.84,0
84333010,2340,0,-2340
84333029,1319.6,0,-1319.6
84333090,6823.5,0,-6823.5
84334000,41557804.78,41557804.78,0
84334090,13646.8,0,-13646.8
84334900,12,0,-12
84335000,3872.18,0,-3872.18
84335100,5811790016.990001,5811790016.990001,0
84335200,79168308.44,79168308.44,0
84335300,79912346.5,79912346.5,0
84335911,150,150,0
84335919,664886935.0299997,664886935.0299997,0
84335990,2025173466.75,2025173466.75,0
84336010,3523547.69,3523547.69,0
84336021,7366171.69,7366171.69,0
84336029,14527846.55,14527846.55,0
84336090,80649850.21,80649850.21,0
84339000,17893.78,0,-17893.78
84339010,3188844.87,3188844.87,0
84339090,1233439116.83,1233439116.83,0
84339091,3169.74,0,-3169.74
84339900,286.16,0,-286.16
84339990,147.15,0,-147.15
84341000,85998155.05,85998155.05,0
84342010,14008318.07,14008318.07,0
84342090,2410052.29,2410052.29,0
84348221,18585,0,-18585
84349000,39074145.19000001,39074145.19000001,0
84349090,109.85,0,-109.85
84351000,242658.47,242658.47,0
84355010,1845,0,-1845
84359000,129385.76,129385.76,0
84360000,2000,0,-2000
84361000,427530327.97,427530327.97,0
84362100,32382901.24,32382901.24,0
84362587,1130,0,-1130
84362900,361090874.6199999,361090874.6199999,0
84363623,119.04,0,-119.04
84364100,280,0,-280
84364900,780,0,-780
84365000,71.95,0,-71.95
84365258,204,0,-204
84365559,2625,0,-2625
84365873,100,0,-100
84365879,200,0,-200
84365987,220,0,-220
84366800,1680,0,-1680
84368000,980694638.0400001,980694638.0400001,0
84369000,609.77,0,-609.77
84369030,427,0,-427
84369100,63475694.85000001,63475694.85000001,0
84369200,34,0,-34
84369900,66321710.27999999,66321710.27999999,0
84370000,30268,0,-30268
84371000,192966317.15,192966317.15,0
84378010,11797571.12,11797571.12,0
84378090,7528901.17,7528901.17,0
84379000,18427682,18427682,0
84380518,5300,0,-5300
84381000,3218358.18,3218358.18,0
84382011,3088.22,3088.22,0
84382019,75457.63,75457.63,0
84382090,292471.25,292471.25,0
84383000,54087,54087,0
84384000,572478.92,572478.92,0
84385000,6096205.83,6096205.83,0
84385090,60,0,-60
84386000,3616255.55,3616255.55,0
84388010,618,618,0
84388020,1235.1,1235.1,0
84388090,1620620.4,1620620.4,0
84389000,1279939.67,1279939.67,0
84390000,162.1,0,-162.1
84390100,105,0,-105
84391010,5383.09,5383.09,0
84391020,963.9,963.9,0
84391030,412.12,412.12,0
84391090,7488.57,7488.57,0
84392000,4800.12,4800.12,0
84392910,30,0,-30
84393010,10998.59,10998.59,0
84393020,2164,2164,0
84393090,11688.16,11688.16,0
84399100,13075.46,13075.46,0
84399900,330,330,0
84399910,5521.34,5521.34,0
84399990,1660.16,1660.16,0
84401011,2463.02,2463.02,0
84401019,962.85,962.85,0
84401020,252200,252200,0
84401090,20031.08,20031.08,0
84406523,0.5,0,-0.5
84409000,4834.36,4834.36,0
84411010,8260.08,8260.08,0
84411090,111585.16,111585.16,0
84412000,16422,16422,0
84413010,391738.69,391738.69,0
84413090,255271.65,255271.65,0
84414000,30405.44,30405.44,0
84414022,135.9,0,-135.9
84414032,143744.9,0,-143744.9
84414300,8565.75,0,-8565.75
84418000,77309.79000000001,77309.79000000001,0
84418097,47.14,0,-47.14
84418099,398.98,0,-398.98
84419000,9742.68,9742.68,0
84420330,483.55,0,-483.55
84421010,1684.37,0,-1684.37
84421545,70,0,-70
84422090,45.6,0,-45.6
84423000,120000,120000,0
84423010,561990,561990,0
84423020,7218.75,7218.75,0
84423090,270295.3,270295.3,0
84423190,1550,0,-1550
84424010,44482,44482,0
84424020,10244,10244,0
84424090,111197.64,111197.64,0
84425000,80465.13,80465.13,0
84429090,90,0,-90
84430090,240,0,-240
84431110,77209.29999999999,77209.29999999999,0
84431111,2399.9,0,-2399.9
84431190,3071.78,3071.78,0
84431200,132648.65,132648.65,0
84431310,257.2,257.2,0
84431321,37,37,0
84431329,8057,8057,0
84431390,332.5,332.5,0
84431500,700.92,700.92,0
84431600,568.64,568.64,0
84431710,247.26,247.26,0
84431790,1340.4,1340.4,0
84431910,22353.5,22353.5,0
84431990,757825.9400000001,757825.9400000001,0
84432000,106,0,-106
84433111,3942934.13,3942934.13,0
84433112,4379.92,4379.92,0
84433113,2536275.95,2536275.95,0
84433114,15882.87,15882.87,0
84433115,230874.23,230874.23,0
84433119,7257.5,7257.5,0
84433190,4400,0,-4400
84433191,34862.64,34862.64,0
84433199,281502.66,281502.66,0
84433211,439,439,0
84433213,1892,1892,0
84433221,3572.2,3572.2,0
84433223,251837.96,251837.96,0
84433229,13628.63,13628.63,0
84433231,327314.3900000001,327314.3900000001,0
84433232,179095.64,179095.64,0
84433233,602420.97,602420.97,0
84433234,15214.32,15214.32,0
84433235,37247.78,37247.78,0
84433236,176459.85,176459.85,0
84433237,195.7,195.7,0
84433239,145451.17,145451.17,0
84433240,221488.37,221488.37,0
84433251,6270,6270,0
84433252,269.74,269.74,0
84433259,7411.41,7411.41,0
84433291,8465.37,8465.37,0
84433299,992360.3099999999,992360.3099999999,0
84433910,1904928.09,1904928.09,0
84433921,9194.55,9194.55,0
84433929,200,200,0
84433930,142,142,0
84433990,13977.79,13977.79,0
84434010,170.89,170.89,0
84435046,515,0,-515
84437092,129,0,-129
84439000,29,0,-29
84439110,728274.43,728274.43,0
84439190,92.88,0,-92.88
84439191,3471.46,3471.46,0
84439192,5795.870000000001,5795.870000000001,0
84439199,382455.53,382455.53,0
84439911,18248.04,18248.04,0
84439912,8810.95,8810.95,0
84439913,288,288,0
84439919,5609.1,5609.1,0
84439921,11532.79,11532.79,0
84439922,69959.73,69959.73,0
84439923,2943295.55,2943295.55,0
84439924,165,165,0
84439929,536745.57,536745.57,0
84439931,134845.96,134845.96,0
84439932,266769.9300000001,266769.9300000001,0
84439933,7264222.279999999,7264222.279999999,0
84439939,244036.16,244036.16,0
84439941,63169.62,63169.62,0
84439942,92345.38,92345.38,0
84439949,77988.06,77988.06,0
84439950,15862.68,15862.68,0
84439960,55916.17,55916.17,0
84439970,76633.56,76633.56,0
84439980,12506.91,12506.91,0
84439990,113086.66,113086.66,0
84440010,224.85,224.85,0
84440020,171941.04,171941.04,0
84440090,6520.79,6520.79,0
84443658,10661,0,-10661
84444200,1005,0,-1005
84444444,8989.22,0,-8989.22
84444900,13735.34,0,-13735.34
84448255,4095,0,-4095
84449900,290,0,-290
84451110,144,144,0
84451120,60,60,0
84451190,581.13,581.13,0
84451200,84420.49,84420.49,0
84451300,103.5,103.5,0
84451380,35.7,0,-35.7
84451921,4410,4410,0
84451922,44171351.49,44171351.49,0
84451923,482.38,482.38,0
84451924,103714.57,103714.57,0
84451925,4534.549999999999,4534.549999999999,0
84451929,600000,600000,0
84452000,3946.03,3946.03,0
84453010,885,885,0
84454011,34634.16,34634.16,0
84454012,2153.25,2153.25,0
84454018,178.33,178.33,0
84454019,234,234,0
84454021,591.27,591.27,0
84454029,1081.57,1081.57,0
84454031,3269.5,3269.5,0
84454040,390.46,390.46,0
84454090,7570.280000000001,7570.280000000001,0
84456454,202,0,-202
84459020,936.99,936.99,0
84459030,45.12,45.12,0
84459040,757.05,757.05,0
84459090,5428.149999999999,5428.149999999999,0
84461010,380.97,380.97,0
84462100,16468.4,16468.4,0
84462900,5354.27,5354.27,0
84463010,7462.2,7462.2,0
84463020,1445,1445,0
84463040,6844.94,6844.94,0
84469000,7686,0,-7686
84471100,810.99,810.99,0
84471200,2487.49,2487.49,0
84472010,2423.51,2423.51,0
84472030,78.98,78.98,0
84479000,20.3,0,-20.3
84479020,172140.71,172140.71,0
84479090,8583.47,8583.47,0
84481110,1667.5,1667.5,0
84481190,73149.78999999998,73149.78999999998,0
84481900,3648336.6,3648336.6,0
84482010,211.3,211.3,0
84482020,104631.85,104631.85,0
84482030,409805.2,409805.2,0
84482090,90238.65999999997,90238.65999999997,0
84483100,436496.3,436496.3,0
84483211,14440.05,14440.05,0
84483219,1825161.85,1825161.85,0
84483220,305298.37,305298.37,0
84483230,23724.63,23724.63,0
84483240,54,54,0
84483290,5650696.580000001,5650696.580000001,0
84483300,1350,0,-1350
84483310,154433.37,154433.37,0
84483390,190504.87,190504.87,0
84483917,161.72,161.72,0
84483919,267,267,0
84483922,9364.05,9364.05,0
84483923,1629,1629,0
84483991,194.28,194.28,0
84483992,85.9,85.9,0
84483999,11689031.4,11689031.4,0
84484200,4334.49,4334.49,0
84484920,1637.68,1637.68,0
84484990,7587.81,7587.81,0
84485110,419584.9,419584.9,0
84485190,317461.95,317461.95,0
84485910,1400.01,1400.01,0
84485929,509,509,0
84485930,4507.95,4507.95,0
84490010,373.8,373.8,0
84490020,24,24,0
84490080,206,206,0
84490099,3060.6,3060.6,0
84501100,975997.3799999997,975997.3799999997,0
84501200,1499906.7,1499906.7,0
84501900,2046807.67,2046807.67,0
84502010,61680.37000000001,61680.37000000001,0
84502020,8346512.01,8346512.01,0
84502090,9757627.27,9757627.27,0
84509010,139380.42,139380.42,0
84509090,250881.15,250881.15,0
84509099,46.02,0,-46.02
84510200,482,0,-482
84511000,3376.55,3376.55,0
84512100,577098.32,577098.32,0
84512369,94.48,0,-94.48
84512541,35,0,-35
84512900,8342,8342,0
84512910,4527.809999999999,4527.809999999999,0
84512990,1573165.93,1573165.93,0
84513010,7606,7606,0
84513091,462,462,0
84513099,34549.56,34549.56,0
84514010,379646.71,379646.71,0
84514021,388.09,388.09,0
84514029,604.4999999999999,604.4999999999999,0
84514090,300,300,0
84515010,8485.27,8485.27,0
84515020,700,700,0
84515090,8389,8389,0
84518000,1696313.7,1696313.7,0
84519000,618.29,0,-618.29
84519010,30002.19,30002.19,0
84519090,112530.57,112530.57,0
84520253,833.6,0,-833.6
84520909,170,0,-170
84521000,218314.48,218314.48,0
84521004,2,0,-2
84521100,168,0,-168
84521140,50,0,-50
84521142,275,0,-275
84521152,260,0,-260
84521201,120,0,-120
84521214,160,0,-160
84521241,300,0,-300
84521245,40,0,-40
84522101,200,0,-200
84522110,571.9,571.9,0
84522120,195374.19,195374.19,0
84522190,453348.2,453348.2,0
84522910,13231.11,13231.11,0
84522923,230.95,230.95,0
84522924,42653.11,42653.11,0
84522925,17620,17620,0
84522929,533843.41,533843.41,0
84522990,366057.03,366057.03,0
84523000,62002.49999999999,62002.49999999999,0
84525845,18,0,-18
84526314,47,0,-47
84526987,42.9,0,-42.9
84529020,101998.55,101998.55,0
84529081,2418.61,2418.61,0
84529089,22522.6,22522.6,0
84529091,8636.83,8636.83,0
84529093,2425.54,2425.54,0
84529094,248,248,0
84529099,427193.56,427193.56,0
84531010,120,120,0
84531090,1534.58,1534.58,0
84532000,116870.43,116870.43,0
84535090,180.54,0,-180.54
84538000,4574.58,4574.58,0
84539000,51789.45,51789.45,0
84540454,160,0,-160
84541000,15085.11,15085.11,0
84541321,386,0,-386
84541542,1877.64,0,-1877.64
84542010,13719.8,13719.8,0
84542090,11331.52,11331.52,0
84543010,8900,8900,0
84543020,26500,26500,0
84543090,4214.5,4214.5,0
84545656,81,0,-81
84546546,152.28,0,-152.28
84549090,5369.04,5369.04,0
84551000,10388.62,10388.62,0
84552032,30,0,-30
84552110,294.03,294.03,0
84552141,30,0,-30
84552147,150,0,-150
84552190,4348.02,4348.02,0
84552210,20144.8,20144.8,0
84552290,6412.2,6412.2,0
84553000,425,0,-425
84553010,384100.96,384100.96,0
84553020,842.4,842.4,0
84553090,40354.85,40354.85,0
84554000,1500,0,-1500
84555900,1290.1,0,-1290.1
84557541,634.81,0,-634.81
84558740,116,0,-116
84559000,13961.18,13961.18,0
84561011,193105,193105,0
84561090,320,320,0
84561111,570980.98,570980.98,0
84561119,149047.09,149047.09,0
84561190,18673.1,18673.1,0
84561211,17248,17248,0
84561219,246.4,246.4,0
84561290,87.94,87.94,0
84562010,87.94,87.94,0
84562090,80139.7,80139.7,0
84563011,10,10,0
84563019,850,850,0
84563090,1050.24,1050.24,0
84564000,328468.7600000001,328468.7600000001,0
84564050,12,0,-12
84565000,9127.72,9127.72,0
84565874,1080,0,-1080
84568990,198.76,0,-198.76
84569000,141890.35,141890.35,0
84569732,37,0,-37
84571000,1058326.73,1058326.73,0
84572010,670,670,0
84572090,41960.2,41960.2,0
84572999,35,0,-35
84573090,151.98,151.98,0
84576365,8.9,0,-8.9
84579610,279.9,0,-279.9
84581110,54652.94,54652.94,0
84581191,2871,2871,0
84581199,785617.3999999999,785617.3999999999,0
84581910,225,225,0
84581990,610808.78,610808.78,0
84585445,570,0,-570
84585458,176,0,-176
84585755,165,0,-165
84586133,55,0,-55
84587451,350,0,-350
84589100,53758.31,53758.31,0
84589900,2401378.62,2401378.62,0
84591000,590158.8999999999,590158.8999999999,0
84592110,32841.2,32841.2,0
84592191,21830.76,21830.76,0
84592199,9240,9240,0
84592900,1156389.56,1156389.56,0
84592929,1100,0,-1100
84593100,18172.55,18172.55,0
84593900,111.76,111.76,0
84594100,2480,2480,0
84594900,15891.9,15891.9,0
84595100,36300.04,36300.04,0
84595900,157.17,157.17,0
84596900,274320.13,274320.13,0
84597000,203708.84,203708.84,0
84597623,184,0,-184
84600000,70,0,-70
84601200,3717.01,3717.01,0
84601900,40998.17,40998.17,0
84602200,65.6,65.6,0
84602300,39911.29,39911.29,0
84602400,4633,4633,0
84602900,1910.88,1910.88,0
84603100,3700,3700,0
84603900,479385.78,479385.78,0
84604011,2697.06,2697.06,0
84604091,2015,2015,0
84604099,2880,2880,0
84609011,21381.14,21381.14,0
84609012,12373.07,12373.07,0
84609019,26558.31,26558.31,0
84609090,1083133.75,1083133.75,0
84612010,1460,1460,0
84612090,230920.1,230920.1,0
84613090,3186.95,3186.95,0
84614010,5365.889999999999,5365.889999999999,0
84614091,45366.89,45366.89,0
84614099,178789.55,178789.55,0
84615000,371.14,0,-371.14
84615010,143559.23,143559.23,0
84615020,514697.38,514697.38,0
84615090,522886.2899999999,522886.2899999999,0
84618019,334.05,0,-334.05
84619010,449.28,449.28,0
84619090,25961.34,25961.34,0
84620000,2300,0,-2300
84621010,2666.58,0,-2666.58
84621011,295,295,0
84621019,110.8,110.8,0
84621090,456.4,456.4,0
84621100,7116.77,7116.77,0
84621900,30507.99,30507.99,0
84622200,11267.67,11267.67,0
84622300,1558000,1558000,0
84622400,304.99,304.99,0
84622500,5345.9,5345.9,0
84622600,275422.44,275422.44,0
84622900,1070013.77,1070013.77,0
84623200,4336.29,4336.29,0
84623300,238.77,238.77,0
84623900,57111.22,57111.22,0
84623910,4590.8,4590.8,0
84623990,1550,1550,0
84624100,720,720,0
84624200,15443.05,15443.05,0
84624900,970951.38,970951.38,0
84625100,4534.18,4534.18,0
84625900,2793.92,2793.92,0
84626100,2618713.2,2618713.2,0
84626200,34624.21,34624.21,0
84626300,63116.73000000001,63116.73000000001,0
84626900,4076.04,4076.04,0
84629000,123680.98,123680.98,0
84629111,31000,31000,0
84629119,61148.73,61148.73,0
84629199,20681.86,20681.86,0
84629200,210,0,-210
84629990,35,35,0
84631010,4975.53,4975.53,0
84631090,211592.52,211592.52,0
84632010,24773.99,24773.99,0
84632058,129.9,0,-129.9
84632091,376245,376245,0
84632099,12969.9,12969.9,0
84633000,210503.23,210503.23,0
84633300,464.07,0,-464.07
84639010,197.08,197.08,0
84639090,4014,4014,0
84641000,293449.74,293449.74,0
84642000,877.8,0,-877.8
84642010,65529.86,65529.86,0
84642021,5120,5120,0
84642029,9226.04,9226.04,0
84642090,123509.99,123509.99,0
84646559,65,0,-65
84649011,1289.44,1289.44,0
84649019,18153,18153,0
84649090,814267.92,814267.92,0
84651000,27158.1,27158.1,0
84652000,16444.55,16444.55,0
84655922,25,0,-25
84659110,413910.27,413910.27,0
84659120,975425.28,975425.28,0
84659190,564258.65,564258.65,0
84659200,6000,0,-6000
84659201,103.19,0,-103.19
84659211,166808.93,166808.93,0
84659219,448499.05,448499.05,0
84659290,178769.84,178769.84,0
84659310,231596.56,231596.56,0
84659390,405867.34,405867.34,0
84659400,5228647.23,5228647.23,0
84659511,2629.21,2629.21,0
84659591,360075.3399999999,360075.3399999999,0
84659592,30,30,0
84659600,1679220.55,1679220.55,0
84659900,12575485.6,12575485.6,0
84661000,1632718.01,1632718.01,0
84661100,45,0,-45
84662000,3055,0,-3055
84662010,418024.54,418024.54,0
84662090,1424524.99,1424524.99,0
84663000,135839.61,135839.61,0
84665152,3.4,0,-3.4
84669100,335584.53,335584.53,0
84669200,3812426.12,3812426.12,0
84669319,690185.1499999999,690185.1499999999,0
84669320,21268.7,21268.7,0
84669330,267684.5,267684.5,0
84669340,563721.5599999999,563721.5599999999,0
84669350,44093.55,44093.55,0
84669360,308692.6200000001,308692.6200000001,0
84669410,9318.720000000001,9318.720000000001,0
84669420,51360.09,51360.09,0
84669490,965348.53,965348.53,0
84671110,76810.64,76810.64,0
84671190,2868845.35,2868845.35,0
84671900,1267477.9,1267477.9,0
84672000,2683.81,0,-2683.81
84672100,5031676.479999999,5031676.479999999,0
84672200,3918006.87,3918006.87,0
84672220,435.9,0,-435.9
84672900,1675,0,-1675
84672910,162373.63,162373.63,0
84672991,11233.7,11233.7,0
84672992,15929231.86,15929231.86,0
84672993,2543873.28,2543873.28,0
84672999,24934068.90000001,24934068.90000001,0
84675231,15,0,-15
84677292,370,0,-370
84677900,30,0,-30
84677990,63.99,0,-63.99
84678100,18448369.03,18448369.03,0
84678900,21921509.88,21921509.88,0
84679100,6843883.27,6843883.27,0
84679200,844024.26,844024.26,0
84679878,49.8,0,-49.8
84679900,4907875.6,4907875.6,0
84681000,1872808.7,1872808.7,0
84681010,66,0,-66
84682000,840715.6800000002,840715.6800000002,0
84687125,90,0,-90
84687687,4.9,0,-4.9
84688010,1256,1256,0
84688090,13021.96,13021.96,0
84689000,70.25,0,-70.25
84689010,1920698.26,1920698.26,0
84689020,327583.31,327583.31,0
84689090,59476.23,59476.23,0
84698752,398,0,-398
84698874,75,0,-75
84699969,3320,0,-3320
84701000,472997.21,472997.21,0
84701900,99.8,0,-99.8
84702100,130444.42,130444.42,0
84702900,16011.13,16011.13,0
84703000,533.98,533.98,0
84705010,69248.24999999997,69248.24999999997,0
84705011,3397,3397,0
84705090,8452.04,8452.04,0
84709010,644.98,644.98,0
84709090,11291,11291,0
84710653,130,0,-130
84713011,143704.9,143704.9,0
84713012,11006340.55,11006340.55,0
84713019,30980908.01000001,30980908.01000001,0
84713090,198414.34,198414.34,0
84714100,27948312.36,27948312.36,0
84714190,1000333.36,1000333.36,0
84714900,2306423.5,2306423.5,0
84714974,8.25,8.25,0
84714995,320,320,0
84715010,7992052.470000001,7992052.470000001,0
84715020,320585.95,320585.95,0
84715030,899.8,899.8,0
84715090,507620.4299999999,507620.4299999999,0
84715211,160,0,-160
84715653,245,0,-245
84716012,34.68,34.68,0
84716052,3019094.549999999,3019094.549999999,0
84716053,1064959.49,1064959.49,0
84716054,39103.6,39103.6,0
84716059,435825.27,435825.27,0
84716061,27699.13,27699.13,0
84716062,4762630.82,4762630.82,0
84716080,6595.54,6595.54,0
84716090,261034.46,261034.46,0
84717010,2743330.89,2743330.89,0
84717012,108741.1,108741.1,0
84717019,3829,3829,0
84717020,115029.34,115029.34,0
84717029,3038.1,3038.1,0
84717030,25772.35,25772.35,0
84717033,120,120,0
84717039,18,18,0
84717040,1203023.67,1203023.67,0
84717090,172499.12,172499.12,0
84718000,2049726,2049726,0
84718019,4185.16,4185.16,0
84718090,190,190,0
84719011,37280.73,37280.73,0
84719012,1083535.55,1083535.55,0
84719013,13510.04,13510.04,0
84719014,483843.11,483843.11,0
84719019,5643066.53,5643066.53,0
84719090,1153881.2,1153881.2,0
84721000,368.5,368.5,0
84723010,4322.5,4322.5,0
84723020,240600,240600,0
84723030,5000,5000,0
84723090,23741.95,23741.95,0
84729010,160733.6,160733.6,0
84729020,59370.22,59370.22,0
84729021,111885.33,111885.33,0
84729030,41237.25,41237.25,0
84729040,530170.26,530170.26,0
84729051,1135.9,1135.9,0
84729059,4717.52,4717.52,0
84729090,16.32,16.32,0
84729099,396643.69,396643.69,0
84732100,4825.16,4825.16,0
84732910,109937.3,109937.3,0
84732920,328.08,328.08,0
84732990,7457.54,7457.54,0
84733011,708914.78,708914.78,0
84733019,438299.06,438299.06,0
84733027,9090.3,9090.3,0
84733029,1865,1865,0
84733031,345324.93,345324.93,0
84733032,30185.6,30185.6,0
84733033,4473.75,4473.75,0
84733034,3960.13,3960.13,0
84733039,83608.06,83608.06,0
84733041,1464488.47,1464488.47,0
84733042,1415516.59,1415516.59,0
84733043,2750.5,2750.5,0
84733049,652773.1,652773.1,0
84733090,810542.3699999999,810542.3699999999,0
84733092,10278.08,10278.08,0
84733099,7353.68,7353.68,0
84733301,150,0,-150
84733304,1590.84,0,-1590.84
84734010,188861.01,188861.01,0
84734070,1842.92,1842.92,0
84734090,7416.65,7416.65,0
84735010,175459.43,175459.43,0
84735034,1120.72,1120.72,0
84735040,3606.5,3606.5,0
84735050,944481.6,944481.6,0
84735090,55251.14,55251.14,0
84741000,12416834,12416834,0
84742010,61,61,0
84742090,790575.42,790575.42,0
84742100,84,0,-84
84743100,6482547.160000001,6482547.160000001,0
84743200,484549.1299999999,484549.1299999999,0
84743900,3555314.62,3555314.62,0
84744900,185,0,-185
84745692,5263.51,0,-5263.51
84748010,6625.18,6625.18,0
84748090,822357.62,822357.62,0
84749000,4047034.93,4047034.93,0
84749090,450,0,-450
84751000,8782.99,8782.99,0
84752100,8024.12,8024.12,0
84752910,2423,2423,0
84752990,134598.41,134598.41,0
84757590,2450,0,-2450
84759000,386,386,0
84762100,37802.88,37802.88,0
84762900,3949.62,3949.62,0
84763259,380,0,-380
84768100,469.89,469.89,0
84768910,2602.36,2602.36,0
84768990,86795.51000000001,86795.51000000001,0
84769000,3710.92,3710.92,0
84771011,5513.75,5513.75,0
84771019,9839.75,9839.75,0
84771021,511.9,511.9,0
84771091,198,198,0
84771099,149.16,149.16,0
84772010,74461.14,74461.14,0
84772090,999478.12,999478.12,0
84773010,1150,1150,0
84773090,3317.25,3317.25,0
84774010,682.51,682.51,0
84774090,30477.73,30477.73,0
84775100,525029.53,525029.53,0
84775911,18638,18638,0
84775919,1035546.05,1035546.05,0
84775990,72012.84999999999,72012.84999999999,0
84778010,106963.67,106963.67,0
84778090,1060890.24,1060890.24,0
84779000,185836.71,185836.71,0
84781010,102310,102310,0
84781090,12323.85,12323.85,0
84784578,153,0,-153
84789000,7644.23,7644.23,0
84789654,48,0,-48
84790000,223.32,0,-223.32
84791010,2564032.9,2564032.9,0
84791090,1794540.76,1794540.76,0
84792000,10256971.72,10256971.72,0
84793000,14951.03,14951.03,0
84794000,3984.33,3984.33,0
84795000,379563.53,379563.53,0
84796000,8414068.36,8414068.36,0
84796325,6.4,0,-6.4
84797900,24915.3,24915.3,0
84797999,3040,0,-3040
84798110,9503.57,9503.57,0
84798190,30180.47,30180.47,0
84798210,7830232.859999999,7830232.859999999,0
84798290,3459339.87,3459339.87,0
84798300,1861.1,1861.1,0
84798911,1219639.13,1219639.13,0
84798912,1030114.18,1030114.18,0
84798921,80468.91999999998,80468.91999999998,0
84798922,4179.15,4179.15,0
84798931,26480.59,26480.59,0
84798932,597157.81,597157.81,0
84798940,1018469768.08,1018469768.08,0
84798991,61969.43,61969.43,0
84798992,6441.93,6441.93,0
84798999,67295872.05000001,67295872.05000001,0
84799010,34433.6,34433.6,0
84799090,31281818.77,31281818.77,0
84799899,607.1,0,-607.1
84799999,40,0,-40
84801000,38593.28,38593.28,0
84802000,32696.07,32696.07,0
84803000,440726.19,440726.19,0
84804100,17380.18,17380.18,0
84804910,2520.1,2520.1,0
84804990,21953.31,21953.31,0
84805000,4737.04,4737.04,0
84806000,907481.27,907481.27,0
84807100,594699.28,594699.28,0
84807900,5058.79,5058.79,0
84807910,11817.38,11817.38,0
84807990,55497.35,55497.35,0
84808011,116,0,-116
84808019,110,0,-110
84808090,600,0,-600
84810000,1995.4,0,-1995.4
84810011,519.6,0,-519.6
84810900,756.72,0,-756.72
84811000,33977205.94000001,33977205.94000001,0
84811010,1000,0,-1000
84811092,129,0,-129
84811099,45,0,-45
84811100,2314,0,-2314
84811130,342.02,0,-342.02
84811300,450.1,0,-450.1
84812000,2117.44,0,-2117.44
84812010,924.3299999999999,924.3299999999999,0
84812011,1153075.65,1153075.65,0
84812019,7049110.51,7049110.51,0
84812021,481,0,-481
84812029,26,0,-26
84812090,124991228.32,124991228.32,0
84812099,412.01,0,-412.01
84812300,50.6,0,-50.6
84812547,70,0,-70
84812990,751.85,0,-751.85
84813000,23760534.13,23760534.13,0
84813092,346,0,-346
84814000,23628480.83,23628480.83,0
84814300,180,0,-180
84815455,32,0,-32
84816099,579,0,-579
84818000,469.3,0,-469.3
84818009,2665,0,-2665
84818010,1517.09,0,-1517.09
84818011,5700435.73,5700435.73,0
84818012,130,0,-130
84818019,47817772.53999998,47817772.53999998,0
84818021,9585294.3,9585294.3,0
84818029,299373.66,299373.66,0
84818030,89.64,0,-89.64
84818031,14188.94,14188.94,0
84818039,213047.2100000001,213047.2100000001,0
84818040,900,0,-900
84818084,30,0,-30
84818085,25.9,0,-25.9
84818090,38388.47,0,-38388.47
84818091,32991.54,32991.54,0
84818092,59891400.31,59891400.31,0
84818093,14388656.56,14388656.56,0
84818094,940243.2,940243.2,0
84818095,42267826.91,42267826.91,0
84818096,22427142.19,22427142.19,0
84818097,5735526.760000001,5735526.760000001,0
84818099,51327777.83,51327777.83,0
84818119,11,0,-11
84819000,2217.61,0,-2217.61
84819010,16327274.59,16327274.59,0
84819011,53.34,0,-53.34
84819021,364.6,0,-364.6
84819039,10,0,-10
84819085,20,0,-20
84819090,62992362.57999999,62992362.57999999,0
84819092,1521,0,-1521
84819093,73,0,-73
84819095,210,0,-210
84819099,114,0,-114
84819110,292,0,-292
84819119,100,0,-100
84819420,1836.57,0,-1836.57
84819900,630,0,-630
84819990,450,0,-450
84820000,5906.13,0,-5906.13
84820010,1050,0,-1050
84820100,1073.92,0,-1073.92
84820109,280,0,-280
84821000,106,0,-106
84821010,363849484.77,363849484.77,0
84821019,288,0,-288
84821020,4480.46,0,-4480.46
84821090,66084373.87,66084373.87,0
84821099,673.4899999999999,0,-673.4899999999999
84821400,1160,0,-1160
84821500,22,0,-22
84821510,20,0,-20
84821999,52,0,-52
84822000,1358.08,0,-1358.08
84822010,118102778.68,118102778.68,0
84822030,5.2,0,-5.2
84822090,30961481.80000001,30961481.80000001,0
84822100,185,0,-185
84822109,450,0,-450
84822110,100,0,-100
84822119,11.8,0,-11.8
84822209,405,0,-405
84822210,917,0,-917
84822300,6590.48,0,-6590.48
84822323,485,0,-485
84822400,1569,0,-1569
84822900,384.12,0,-384.12
84822910,1354.7,0,-1354.7
84822911,20,0,-20
84822990,170,0,-170
84823000,19617712.29,19617712.29,0
84823010,140,0,-140
84823020,379.2,0,-379.2
84823300,580,0,-580
84824000,18307691.04,18307691.04,0
84824010,98,0,-98
84824822,378,0,-378
84825000,760,0,-760
84825010,21402813.34999999,21402813.34999999,0
84825090,8591761.999999998,8591761.999999998,0
84828000,7125866.519999999,7125866.519999999,0
84828019,10,0,-10
84828090,230.4,0,-230.4
84828092,12573.41,0,-12573.41
84828099,18,0,-18
84829000,10330.4,0,-10330.4
84829090,24929.8,0,-24929.8
84829100,341.4,0,-341.4
84829111,16293.31,16293.31,0
84829119,923298.9200000003,923298.9200000003,0
84829120,1969690.76,1969690.76,0
84829130,159529.25,159529.25,0
84829190,1310641.52,1310641.52,0
84829501,162.2,0,-162.2
84829900,39021.60000000001,39021.60000000001,0
84829910,10023661.59,10023661.59,0
84829990,10293110.73,10293110.73,0
84830000,3766.8,0,-3766.8
84831010,208612.44,208612.44,0
84831011,444930.08,444930.08,0
84831019,27472008.09,27472008.09,0
84831020,8371012.300000002,8371012.300000002,0
84831030,4470754.46,4470754.46,0
84831040,246981.21,246981.21,0
84831050,150594.2,150594.2,0
84831090,93001094.57,93001094.57,0
84831101,38.8,0,-38.8
84832000,38584063.15000001,38584063.15000001,0
84832010,315.08,0,-315.08
84832030,380,0,-380
84832090,846.94,0,-846.94
84832302,79.69,0,-79.69
84832800,158,0,-158
84832900,183,0,-183
84833000,860.47,0,-860.47
84833010,3811159.390000001,3811159.390000001,0
84833019,1872,0,-1872
84833020,91316.04000000001,91316.04000000001,0
84833021,161577.56,161577.56,0
84833025,509.6,0,-509.6
84833029,55785792.85,55785792.85,0
84833030,1045.83,0,-1045.83
84833050,320,0,-320
84833090,45845511.31999999,45845511.31999999,0
84833309,400,0,-400
84833320,45,0,-45
84833329,336,0,-336
84833900,522.87,0,-522.87
84834000,14192.47,0,-14192.47
84834010,98337059.26999998,98337059.26999998,0
84834090,112843450.43,112843450.43,0
84834709,20,0,-20
84835000,2350.69,0,-2350.69
84835009,75,0,-75
84835010,71555994.59000003,71555994.59000003,0
84835090,54673732.26000001,54673732.26000001,0
84836000,86,0,-86
84836011,4776747.75,4776747.75,0
84836019,26232649.9,26232649.9,0
84836046,395,0,-395
84836090,33943670.33,33943670.33,0
84836301,5,0,-5
84836900,860,0,-860
84838092,2050.26,0,-2050.26
84838413,235,0,-235
84839000,154667015,154667015,0
84839030,150,0,-150
84839090,9010.580000000002,0,-9010.580000000002
84839100,3990,0,-3990
84839190,0.06,0,-0.06
84839900,690,0,-690
84839999,49.8,0,-49.8
84840000,1033.26,0,-1033.26
84841000,20889748.95,20889748.95,0
84841010,2906.8,0,-2906.8
84841390,3925.52,0,-3925.52
84842000,37911699.65000001,37911699.65000001,0
84842010,35,0,-35
84842020,1069,0,-1069
84842300,84.6,0,-84.6
84842306,330,0,-330
84842400,132.27,0,-132.27
84843000,9620,0,-9620
84843029,3393.6,0,-3393.6
84844100,10,0,-10
84844200,680,0,-680
84848000,400,0,-400
84848019,57.6,0,-57.6
84848092,250,0,-250
84848094,540,0,-540
84848095,100,0,-100
84848099,148.5,0,-148.5
84848229,38,0,-38
84848484,625,0,-625
84849000,49633371.12,49633371.12,0
84849003,1586.03,0,-1586.03
84849090,6051.08,0,-6051.08
84849099,312.15,0,-312.15
84849999,250.8,0,-250.8
84850550,20074.3,0,-20074.3
84851000,15250.77,15250.77,0
84851021,64,0,-64
84852000,98683.71,98683.71,0
84852102,50,0,-50
84852210,70,0,-70
84852510,492.5,0,-492.5
84852900,42,0,-42
84853000,50200.92,50200.92,0
84854000,335,0,-335
84854550,2250,0,-2250
84855900,4,0,-4
84856310,25,0,-25
84858000,9451.39,9451.39,0
84859000,42407.46,42407.46,0
84859001,52,0,-52
84859990,16,0,-16
84861000,5159.74,5159.74,0
84862000,17411.9,17411.9,0
84863000,5158.76,5158.76,0
84865090,2100,0,-2100
84869000,129233.26,129233.26,0
84870000,10.67,0,-10.67
84871000,843990.34,843990.34,0
84878092,225,0,-225
84878999,3700,0,-3700
84879000,26217373.46,26217373.46,0
84879090,66.35,0,-66.35
84879900,125.19,0,-125.19
84880000,160,0,-160
84881000,165,0,-165
84881010,55,0,-55
84881600,170,0,-170
84881620,440,0,-440
84881680,1269.68,0,-1269.68
84881809,10,0,-10
84881930,1870,0,-1870
84882000,410,0,-410
84883019,1630.4,0,-1630.4
84883090,2274.3,0,-2274.3
84884900,10,0,-10
84885090,300,0,-300
84888000,2224.59,0,-2224.59
84888220,6.6,0,-6.6
84889300,3987.6,0,-3987.6
84889990,65,0,-65
84891300,290,0,-290
84895090,1300,0,-1300
84898999,211.98,0,-211.98
84899114,500,0,-500
84899900,539.8199999999999,0,-539.8199999999999
84899990,174.14,0,-174.14
84911400,120,0,-120
84919090,25782.23,0,-25782.23
84919099,31,0,-31
84919190,3103,0,-3103
84929910,574,0,-574
84933020,12208,0,-12208
84936011,125,0,-125
84939090,557.8,0,-557.8
84945373,3800,0,-3800
84948020,250,0,-250
84962000,206.5,0,-206.5
84965844,30,0,-30
84968100,132,0,-132
84969011,240,0,-240
84979000,1676.5,0,-1676.5
84979900,16.4,0,-16.4
84990000,770,0,-770
84990099,2760,0,-2760
84993000,350,0,-350
84993030,1516.34,0,-1516.34
84993099,1710,0,-1710
84993300,23.5,0,-23.5
84999090,68,0,-68
84999114,160,0,-160
84999190,675,0,-675
84999914,154.8,0,-154.8
84999966,810,0,-810
84999990,615.2,0,-615.2
84999999,57.9,0,-57.9
85002233,252,0,-252
85002300,190,0,-190
85010301,450,0,-450
85011011,894033.5,894033.5,0
85011019,15684273.82,15684273.82,0
85011021,64885.92,64885.92,0
85011029,1767361.66,1767361.66,0
85011030,117349.45,117349.45,0
85011090,7630,7630,0
85011610,1400,0,-1400
85011900,75,0,-75
85012000,388986.45,388986.45,0
85013110,45462663.35999999,45462663.35999999,0
85013120,3455221.91,3455221.91,0
85013210,1976292.86,1976292.86,0
85013220,41365316.87,41365316.87,0
85013310,112985.51,112985.51,0
85013320,13520635.39,13520635.39,0
85013411,6454.4,6454.4,0
85013419,59946.6,59946.6,0
85013420,7471759.42,7471759.42,0
85014011,957979.26,957979.26,0
85014019,8961794.770000001,8961794.770000001,0
85014021,4282,4282,0
85014029,96956.65,96956.65,0
85015000,28.87,0,-28.87
85015110,6258843.2,6258843.2,0
85015120,55978.03,55978.03,0
85015190,936696.47,936696.47,0
85015210,29380649.04,29380649.04,0
85015220,279683.25,279683.25,0
85015290,2335279.47,2335279.47,0
85015310,8805062.41,8805062.41,0
85015320,22240,22240,0
85015330,47397.3,47397.3,0
85015390,140508.43,140508.43,0
85016100,3514265.49,3514265.49,0
85016200,4419241.92,4419241.92,0
85016300,1280004.19,1280004.19,0
85016400,204785,204785,0
85017090,780,0,-780
85017100,7116064.71,7116064.71,0
85017210,213624410.24,215164410.24,1540000
85017290,320459421.44,320459421.44,0
85018000,3431204.23,3431204.23,0
85021110,26104637.62,26104637.62,0
85021190,659388.65,659388.65,0
85021210,74366008.57,74366008.57,0
85021290,92843.6,92843.6,0
85021311,1931056.15,1931056.15,0
85021319,46697708.65,46697708.65,0
85021390,1502446.29,1502446.29,0
85022011,23696156.16,23696156.16,0
85022019,155137.9,155137.9,0
85022090,82404.16,82404.16,0
85023100,73856,73856,0
85023900,1854825.3,1854825.3,0
85024010,144903.09,144903.09,0
85024090,335175.31,335175.31,0
85025900,87.37,0,-87.37
85027250,1650,0,-1650
85030010,834365.6400000001,834365.6400000001,0
85030090,11214193.58,11214193.58,0
85031000,257.5,0,-257.5
85035000,40,0,-40
85039000,1905.14,0,-1905.14
85041000,1079195.58,1079195.58,0
85041910,190,0,-190
85042100,86979545.6,86979545.6,0
85042200,14012937.83,14012937.83,0
85042300,576290.14,576290.14,0
85042310,18000,0,-18000
85043110,515,0,-515
85043111,6765477.139999999,6765477.139999999,0
85043119,4772233.640000001,4772233.640000001,0
85043191,753700.37,753700.37,0
85043192,65213.58,65213.58,0
85043199,601638.0100000001,601638.0100000001,0
85043211,1053285.74,1053285.74,0
85043219,525715.84,525715.84,0
85043221,985997.32,985997.32,0
85043229,513278.09,513278.09,0
85043231,3000,0,-3000
85043300,12613114.43,12613114.43,0
85043400,2581166.1,2581166.1,0
85044010,19512335.34,19512335.34,0
85044021,8544945.16,8544945.16,0
85044022,24487.91,24487.91,0
85044029,3259693.99,3259693.99,0
85044030,3671833.66,3671833.66,0
85044040,14156154.06,14156154.06,0
85044050,22135714.74,22135714.74,0
85044060,314275.78,314275.78,0
85044085,16658.63,0,-16658.63
85044090,11982692.38,11982692.38,0
85044095,18201.05,0,-18201.05
85045000,3213377.05,3213377.05,0
85045010,80260.37999999999,80260.37999999999,0
85045090,1114792.12,1114792.12,0
85045901,330,0,-330
85049010,56453.45,56453.45,0
85049020,76151.92,76151.92,0
85049030,1047830.14,1047830.14,0
85049040,1566282.25,1566282.25,0
85049090,872387.0299999999,872387.0299999999,0
85051000,16.73,0,-16.73
85051019,40.8,0,-40.8
85051100,1159996.8,1159996.8,0
85051910,107594.65,107594.65,0
85051988,80,0,-80
85051990,166207.46,166207.46,0
85052000,83.69999999999999,0,-83.69999999999999
85052010,89079.65,89079.65,0
85052090,3795335.400000001,3795335.400000001,0
85052092,650,0,-650
85053090,8.6,0,-8.6
85054000,11,0,-11
85055100,37.5,0,-37.5
85055900,1241.04,0,-1241.04
85058855,490,0,-490
85058900,59.6,0,-59.6
85059010,1273613.15,1273613.15,0
85059011,245977.79,245977.79,0
85059019,1048255.07,1048255.07,0
85059080,3031232.38,3031232.38,0
85059090,6667977.97,6667977.97,0
85060000,37,0,-37
85061000,133.6,0,-133.6
85061010,36099.37999999999,36099.37999999999,0
85061011,295144.4199999999,295144.4199999999,0
85061012,134671.89,134671.89,0
85061019,1395810.12,1395810.12,0
85061020,591722.1499999999,591722.1499999999,0
85061030,109730.88,109730.88,0
85061031,329975.87,329975.87,0
85061032,122030.97,122030.97,0
85061039,111395.09,111395.09,0
85061729,1030,0,-1030
85061910,10,0,-10
85063010,50873.62000000001,50873.62000000001,0
85063090,24412.4,24412.4,0
85064010,13025.19,13025.19,0
85064090,11672.87,11672.87,0
85065010,1128532.58,1128532.58,0
85065090,592608.62,592608.62,0
85066010,61834.69,61834.69,0
85066090,13155.27,13155.27,0
85068010,29204.41,29204.41,0
85068090,302249.29,302249.29,0
85069000,45675.09,45675.09,0
85069021,240,0,-240
85070000,865,0,-865
85070190,1318.31,0,-1318.31
85071000,263990.6,263990.6,0
85071009,2320,0,-2320
85071010,4477155.609999999,4477155.609999999,0
85071019,825,0,-825
85071020,6200,0,-6200
85071030,1560,0,-1560
85071090,186066130.2399999,186066130.2399999,0
85071099,5405,0,-5405
85072000,1442.16,0,-1442.16
85072010,14863363.48,14863363.48,0
85072090,641436.36,641436.36,0
85073011,327318.48,327318.48,0
85073019,296856.1799999999,296856.1799999999,0
85073090,19858.2,19858.2,0
85074000,107,107,0
85075000,4174.76,4174.76,0
85075010,216602.98,216602.98,0
85075011,41.7,0,-41.7
85075019,205.84,0,-205.84
85075020,27458.89,27458.89,0
85075090,264393.75,264393.75,0
85076000,25972295.75,25972295.75,0
85077100,890,0,-890
85078000,1511519.34,1511519.34,0
85079000,2309.6,0,-2309.6
85079001,12,0,-12
85079010,29476.18,29476.18,0
85079020,82263.59999999999,82263.59999999999,0
85079090,509148.6399999999,509148.6399999999,0
85081000,455,455,0
85081100,3468371.940000001,3468371.940000001,0
85081900,1276326.9,1276326.9,0
85082000,392,392,0
85082919,30,0,-30
85086000,469119.62,469119.62,0
85087000,353471.06,353471.06,0
85088092,553.6800000000001,553.6800000000001,0
85089080,15,0,-15
85090000,79.9,0,-79.9
85090320,11920,0,-11920
85091000,107.7,107.7,0
85094010,2037097.94,2037097.94,0
85094020,899163.95,899163.95,0
85094030,249896.93,249896.93,0
85094040,264765.77,264765.77,0
85094050,936617.66,936617.66,0
85094090,1005956.37,1005956.37,0
85094099,800,0,-800
85098010,120660.63,120660.63,0
85098090,5967595.88,5967595.88,0
85099000,300854.79,300854.79,0
85099010,480,0,-480
85101000,157391.79,157391.79,0
85101010,1436,0,-1436
85102000,813045.6199999999,813045.6199999999,0
85102324,182,0,-182
85103000,76865.09999999999,76865.09999999999,0
85109000,68.5,0,-68.5
85109011,77402.5,77402.5,0
85109019,16286.36,16286.36,0
85109020,28110.83,28110.83,0
85109070,665,0,-665
85109090,242098.17,242098.17,0
85110000,220,0,-220
85110100,3141.51,0,-3141.51
85111000,10370426.88,10370426.88,0
85111003,113.3,0,-113.3
85111015,55,0,-55
85111900,1910,0,-1910
85112000,5317.85,0,-5317.85
85112010,1629248.85,1629248.85,0
85112090,500280.35,500280.35,0
85113002,580,0,-580
85113010,679777.83,679777.83,0
85113020,4679008.04,4679008.04,0
85113050,387,0,-387
85113090,65,0,-65
85114000,27599585.29,27599585.29,0
85114011,146.85,0,-146.85
85114020,240,0,-240
85114100,100,0,-100
85115000,1980,0,-1980
85115010,27731240.93,27731240.93,0
85115090,296804.32,296804.32,0
85116000,148,0,-148
85117627,320,0,-320
85118000,380,0,-380
85118010,536690.4600000001,536690.4600000001,0
85118011,400,0,-400
85118020,2665405.56,2665405.56,0
85118030,110562.24,110562.24,0
85118090,2706348.629999999,2706348.629999999,0
85119000,39592977.44000001,39592977.44000001,0
85119065,420,0,-420
85119090,1480,0,-1480
85119099,480,0,-480
85119100,1495,0,-1495
85121000,201185.16,201185.16,0
85122000,2636.66,0,-2636.66
85122001,30,0,-30
85122009,38,0,-38
85122010,5215.07,0,-5215.07
85122011,50262449.82999999,50262449.82999999,0
85122019,3342963.17,3342963.17,0
85122020,707.2399999999999,0,-707.2399999999999
85122021,5365367.78,5365367.78,0
85122022,13355766.59,13355766.59,0
85122023,7781331.620000001,7781331.620000001,0
85122029,7132759.159999998,7132759.159999998,0
85122032,136,0,-136
85122090,18.5,0,-18.5
85122300,65,0,-65
85122900,343.65,0,-343.65
85123000,2457136.11,2457136.11,0
85124010,923324,923324,0
85124020,11918.11,11918.11,0
85124090,733,733,0
85124789,1310.68,0,-1310.68
85129000,10524035,10524035,0
85130000,260.5,0,-260.5
85131000,9444.24,0,-9444.24
85131010,2748694.87,2748694.87,0
85131090,822956.1900000001,822956.1900000001,0
85131900,140,0,-140
85135090,2800,0,-2800
85138100,1253.73,0,-1253.73
85139000,90807.09999999999,90807.09999999999,0
85139190,390,0,-390
85141010,39541.67,39541.67,0
85141100,30193.8,30193.8,0
85141211,180,0,-180
85141900,606968.47,606968.47,0
85142011,134747.84,134747.84,0
85142019,47212,47212,0
85142020,198419.4200000001,198419.4200000001,0
85142511,660,0,-660
85143019,231,231,0
85143090,38150.51,38150.51,0
85143100,114013.86,114013.86,0
85143200,1846.52,1846.52,0
85143900,116023.58,116023.58,0
85144000,98373.18000000001,98373.18000000001,0
85144022,9.29,0,-9.29
85144300,5693.58,0,-5693.58
85145910,42.58,0,-42.58
85145990,869.4000000000001,0,-869.4000000000001
85147812,140,0,-140
85149000,53031.39,53031.39,0
85149200,8770,0,-8770
85151000,82,0,-82
85151011,7634.69,0,-7634.69
85151100,644741.4500000002,644741.4500000002,0
85151900,62018.97,62018.97,0
85152011,292.7,0,-292.7
85152022,195,0,-195
85152100,20404.04,20404.04,0
85152900,50777.28,50777.28,0
85153000,75,0,-75
85153100,4305,4305,0
85153110,12390,12390,0
85153190,2358346.34,2358346.34,0
85153900,11983439.36,11983439.36,0
85154545,114.9,0,-114.9
85155000,1791.4,0,-1791.4
85155010,190,0,-190
85158010,583061.6799999999,583061.6799999999,0
85158090,1806287.54,1806287.54,0
85159000,4359784.569999999,4359784.569999999,0
85159910,41.96,0,-41.96
85161000,11257776.64,11257776.64,0
85161001,76,0,-76
85161010,48,0,-48
85162100,108253.48,108253.48,0
85162900,436673.6900000001,436673.6900000001,0
85163100,779927.3700000001,779927.3700000001,0
85163200,573479.1100000001,573479.1100000001,0
85163300,157657.1,157657.1,0
85164000,1059633.68,1059633.68,0
85165000,7103566.180000001,7103566.180000001,0
85165010,44.7,0,-44.7
85165500,999.9,0,-999.9
85166000,18436456.27,18436456.27,0
85167100,2905971.86,2905971.86,0
85167200,153357.67,153357.67,0
85167910,971069.31,971069.31,0
85167920,883410.8899999997,883410.8899999997,0
85167990,3493759.33,3493759.33,0
85167999,157,0,-157
85168010,1407541.83,1407541.83,0
85168090,1810624.87,1810624.87,0
85169000,394974.72,394974.72,0
85170000,3983.23,0,-3983.23
85171010,2600,0,-2600
85171090,37440,0,-37440
85171100,1365862.21,1365862.21,0
85171211,205682.37,205682.37,0
85171219,31871.6,31871.6,0
85171221,3508.5,3508.5,0
85171222,330,330,0
85171229,1257.79,1257.79,0
85171231,90856.82,90856.82,0
85171232,90325.7,90325.7,0
85171239,4440.1,4440.1,0
85171241,2938.99,2938.99,0
85171252,5700,0,-5700
85171290,213143.64,213143.64,0
85171300,79836423.87000003,79836423.87000003,0
85171321,11209,0,-11209
85171410,3377919.18,3377919.18,0
85171431,1087473.83,1087473.83,0
85171432,69834.18000000001,69834.18000000001,0
85171439,168162.52,168162.52,0
85171441,12638.91,12638.91,0
85171449,53342.44,53342.44,0
85171490,14744088.06,14744088.06,0
85171810,26923.63,26923.63,0
85171820,240,240,0
85171830,181523.04,181523.04,0
85171890,289084.88,289084.88,0
85171891,8975,8975,0
85171899,9257.64,9257.64,0
85171999,1298,1298,0
85173013,10288.19,10288.19,0
85173062,900,900,0
85175021,820,820,0
85175022,581,581,0
85175029,800,800,0
85175241,2400,0,-2400
85176111,815,815,0
85176119,300,300,0
85176130,1066547.98,1066547.98,0
85176141,154812.01,154812.01,0
85176142,18162.64,18162.64,0
85176143,4097.01,4097.01,0
85176149,234199.94,234199.94,0
85176191,8562.83,8562.83,0
85176192,272330.03,272330.03,0
85176199,4428191.88,4428191.88,0
85176200,8898.75,0,-8898.75
85176211,130,130,0
85176214,24067.74,24067.74,0
85176215,57534.47,57534.47,0
85176219,1051.5,1051.5,0
85176221,4385.13,4385.13,0
85176222,2007,2007,0
85176223,1600,1600,0
85176229,207951.86,207951.86,0
85176231,4141.5,4141.5,0
85176233,4750,4750,0
85176234,4292236.319999999,4292236.319999999,0
85176239,3466263,3466263,0
85176240,1200.96,0,-1200.96
85176241,36733518.93000001,36733518.93000001,0
85176248,2608.18,2608.18,0
85176249,1276588.15,1276588.15,0
85176251,173324.2,173324.2,0
85176252,15060.07,15060.07,0
85176253,2965.7,2965.7,0
85176254,516844.28,516844.28,0
85176255,1066379.46,1066379.46,0
85176256,1492596.44,1492596.44,0
85176259,4373459.140000001,4373459.140000001,0
85176261,1098.52,1098.52,0
85176262,6988879.389999999,6988879.389999999,0
85176264,208987.03,208987.03,0
85176265,440326.83,440326.83,0
85176270,747.6,0,-747.6
85176271,6600,6600,0
85176272,1261727.37,1261727.37,0
85176273,95460.20999999999,95460.20999999999,0
85176277,13065137.51,13065137.51,0
85176278,2969,2969,0
85176279,1162325.42,1162325.42,0
85176291,2059130.33,2059130.33,0
85176292,280,280,0
85176294,8166695.799999999,8166695.799999999,0
85176295,1760,1760,0
85176296,789700.9700000001,789700.9700000001,0
85176299,1278405.36,1278405.36,0
85176900,283735.83,283735.83,0
85177000,77.8,0,-77.8
85177010,40074.93,40074.93,0
85177020,540,0,-540
85177021,86278.77,86278.77,0
85177029,87233.90000000001,87233.90000000001,0
85177091,54212.49,54212.49,0
85177092,334.15,334.15,0
85177099,64344.45,64344.45,0
85177110,410132.77,410132.77,0
85177190,2175582.83,2175582.83,0
85177900,3187127.15,3187127.15,0
85178010,39.5,39.5,0
85179010,727.5,727.5,0
85179092,1650,1650,0
85179099,222,222,0
85181000,653.95,653.95,0
85181010,13432.34,13432.34,0
85181090,946381.79,946381.79,0
85182100,3317661.05,3317661.05,0
85182110,1700,0,-1700
85182200,9975296.940000001,9975296.940000001,0
85182209,97.9,0,-97.9
85182900,746.1,746.1,0
85182910,170,170,0
85182990,1369647.7,1369647.7,0
85183000,4359477.95,4359477.95,0
85184000,1985654.9,1985654.9,0
85185000,2056326.38,2056326.38,0
85189000,4053.48,0,-4053.48
85189010,152057.21,152057.21,0
85189090,232267.87,232267.87,0
85190000,32,0,-32
85190785,20,0,-20
85192000,4085.85,4085.85,0
85192019,3700,0,-3700
85193000,66053.92000000001,66053.92000000001,0
85198100,165,0,-165
85198110,4159.8,4159.8,0
85198120,8586.3,8586.3,0
85198190,316180.86,316180.86,0
85198900,59472.79,59472.79,0
85198999,1450,0,-1450
85199300,12.5,12.5,0
85201968,790,0,-790
85202111,220,0,-220
85202512,330,0,-330
85203658,230,0,-230
85209000,9.68,0,-9.68
85210000,90,0,-90
85211010,195733.57,195733.57,0
85211081,12556.85,12556.85,0
85211089,46758.71,46758.71,0
85211090,34054.64,34054.64,0
85211510,7.85,0,-7.85
85211900,3550,0,-3550
85212011,1269.98,0,-1269.98
85212020,15,0,-15
85212100,838.27,0,-838.27
85213100,86,0,-86
85213647,25,0,-25
85214620,216,0,-216
85219000,6756280.599999999,6756280.599999999,0
85219010,277045.39,277045.39,0
85219090,40489.04,40489.04,0
85219999,39.9,0,-39.9
85221000,11578.31,11578.31,0
85222222,2652,0,-2652
85225525,1854.3,0,-1854.3
85229000,41308.74,41308.74,0
85229010,1083.54,1083.54,0
85229020,1706,1706,0
85229030,21019.91,21019.91,0
85229050,4.5,4.5,0
85229090,124,124,0
85230548,67.5,0,-67.5
85231110,742,742,0
85232110,7147.5,7147.5,0
85232120,10482.95,10482.95,0
85232500,150,0,-150
85232911,42914.21,42914.21,0
85232919,31687.84,31687.84,0
85232924,620,620,0
85232929,527.46,527.46,0
85232931,38,38,0
85232990,25664.33,25664.33,0
85234110,204442.51,204442.51,0
85234190,16410.29,16410.29,0
85234910,21709.69,21709.69,0
85234920,478992.31,478992.31,0
85234990,588357.9,588357.9,0
85235100,3992.15,3992.15,0
85235110,949983.4,949983.4,0
85235190,1909331.09,1909331.09,0
85235200,17370.69,17370.69,0
85235210,1454543.88,1454543.88,0
85235290,415500.6,415500.6,0
85235900,425847.15,425847.15,0
85235910,1040,1040,0
85235990,4269.49,4269.49,0
85236385,30,0,-30
85236910,224,0,-224
85237900,132,0,-132
85238000,46033.32,46033.32,0
85239010,7714,7714,0
85239090,11,11,0
85241025,150,0,-150
85241100,378244.21,378244.21,0
85241200,13268.73,13268.73,0
85241900,3393.08,3393.08,0
85243100,123.9,123.9,0
85244000,60,60,0
85247899,50,0,-50
85249100,508275.7799999999,508275.7799999999,0
85249200,17136.86,17136.86,0
85249900,13261.03,13261.03,0
85249932,103,0,-103
85251012,2080,0,-2080
85251021,38,38,0
85251039,5970,5970,0
85251990,6404.5,0,-6404.5
85252019,2140,2140,0
85252022,50,50,0
85252053,214,214,0
85252061,9597,9597,0
85252072,29,29,0
85252221,1837.5,0,-1837.5
85252222,17437.05,0,-17437.05
85252522,38.5,0,-38.5
85253020,180,180,0
85253145,2450,0,-2450
85253333,289.9,0,-289.9
85253629,67.5,0,-67.5
85254000,4732.12,4732.12,0
85254090,33225.99,33225.99,0
85255011,30573.8,30573.8,0
85255012,135,135,0
85255019,437765,437765,0
85255021,5209.3,5209.3,0
85255022,12815.18,12815.18,0
85255023,30735.91,30735.91,0
85255024,151731.35,151731.35,0
85255029,339995.5699999999,339995.5699999999,0
85255222,1240,0,-1240
85255240,209,0,-209
85255255,220,0,-220
85255555,772.5,0,-772.5
85256010,390571.9,390571.9,0
85256020,58333.94,58333.94,0
85256090,1198749.75,1198749.75,0
85256598,540,0,-540
85258011,9167.64,9167.64,0
85258012,15480.62,15480.62,0
85258013,200026.43,200026.43,0
85258014,3145.99,3145.99,0
85258019,267704.06,267704.06,0
85258020,1500,0,-1500
85258021,19045.85,19045.85,0
85258022,6989.1,6989.1,0
85258029,128754.81,128754.81,0
85258100,897592.74,897592.74,0
85258200,32318.72,32318.72,0
85258300,486169.0800000001,486169.0800000001,0
85258911,89803.17,89803.17,0
85258912,264491.04,264491.04,0
85258913,12213453.84,12213453.84,0
85258914,30140.71,30140.71,0
85258919,1789796.56,1789796.56,0
85258921,14106.29,14106.29,0
85258922,352319.92,352319.92,0
85258929,12575705.74,12575705.74,0
85259990,767.3199999999999,0,-767.3199999999999
85261000,726828.6499999999,726828.6499999999,0
85265874,85.8,0,-85.8
85266910,56.4,0,-56.4
85269090,196,0,-196
85269100,64254093.06,64254093.06,0
85269200,3869812.12,3869812.12,0
85269202,266,0,-266
85270051,20.81,0,-20.81
85271200,325408.83,325408.83,0
85271300,360450.47,360450.47,0
85271900,380242.23,380242.23,0
85271910,1482.73,1482.73,0
85271990,4045.96,4045.96,0
85272000,770,0,-770
85272100,2025830.4,2025830.4,0
85272190,5442.52,5442.52,0
85272900,496077.15,496077.15,0
85276279,4560,0,-4560
85279090,2223.14,2223.14,0
85279100,257597.88,257597.88,0
85279190,407.96,407.96,0
85279200,13789.79,13789.79,0
85279910,1453287.07,1453287.07,0
85279990,50531.79000000001,50531.79000000001,0
85281290,83100,83100,0
85282190,12751.84,12751.84,0
85282819,1750,0,-1750
85284200,17776.25,17776.25,0
85284210,504.8,504.8,0
85284921,2500,2500,0
85284930,89203.93,89203.93,0
85284990,59581.75,59581.75,0
85285120,5195.120000000001,5195.120000000001,0
85285200,6286082.11,6286082.11,0
85285210,325,325,0
85285220,39858.93,39858.93,0
85285900,1402811.65,1402811.65,0
85285920,12421.28,12421.28,0
85286200,457697.1199999999,457697.1199999999,0
85286910,1466145.59,1466145.59,0
85286990,143403.97,143403.97,0
85287000,1003,0,-1003
85287111,28580.73,28580.73,0
85287119,799988.1699999998,799988.1699999998,0
85287190,271069.6,271069.6,0
85287200,50871768.80999999,50871768.80999999,0
85287300,24224.55,24224.55,0
85290119,109,0,-109
85291011,47048.9,47048.9,0
85291019,248963.5599999999,248963.5599999999,0
85291020,1422906.58,1422906.58,0
85291040,18337.9,0,-18337.9
85291090,11545433.98,11545433.98,0
85293190,120,0,-120
85298900,1970,0,-1970
85299011,183404.34,183404.34,0
85299012,60868.7,60868.7,0
85299019,1211626.08,1211626.08,0
85299020,1598018.38,1598018.38,0
85299030,236730.06,236730.06,0
85299040,3733318.62,3733318.62,0
85299050,152162.68,152162.68,0
85299090,700558.9100000001,700558.9100000001,0
85299095,2687.53,0,-2687.53
85299097,2358.76,0,-2358.76
85299099,1521.4,0,-1521.4
85299100,310,0,-310
85300258,3.44,0,-3.44
85301010,24340.74,24340.74,0
85301090,217290.12,217290.12,0
85304100,370,0,-370
85306990,60,0,-60
85308010,6830.55,6830.55,0
85308090,977806.6500000001,977806.6500000001,0
85309000,7460.43,7460.43,0
85310000,483.85,0,-483.85
85311000,1735.02,0,-1735.02
85311010,1251475.77,1251475.77,0
85311090,17499096.29,17499096.29,0
85311200,110,0,-110
85312000,4104056.94,4104056.94,0
85313190,100,0,-100
85318000,2216867.85,2216867.85,0
85319000,512338.6400000001,512338.6400000001,0
85319752,32,0,-32
85321000,11255352.05,11255352.05,0
85322110,38,38,0
85322111,998.85,998.85,0
85322119,2470.8,2470.8,0
85322120,56,56,0
85322190,62961.98,62961.98,0
85322200,748299.61,748299.61,0
85322299,156,0,-156
85322310,25483.84,25483.84,0
85322390,5827.83,5827.83,0
85322410,32184.89,32184.89,0
85322420,1480,1480,0
85322490,223.1,223.1,0
85322510,9881.26,9881.26,0
85322590,1069250.57,1069250.57,0
85322910,157.6,157.6,0
85322990,60209.13,60209.13,0
85323010,9382,9382,0
85323090,175181.63,175181.63,0
85329000,17682.27,17682.27,0
85330000,22.99,0,-22.99
85331000,38874.17,38874.17,0
85332110,240207.69,240207.69,0
85332120,30037.47,30037.47,0
85332190,237771.6,237771.6,0
85332900,575672.8200000002,575672.8200000002,0
85333110,3430543.87,3430543.87,0
85333190,42086.03999999999,42086.03999999999,0
85333910,4454143.82,4454143.82,0
85333990,33287.84,33287.84,0
85334011,565436.8200000001,565436.8200000001,0
85334012,14852.62,14852.62,0
85334019,155774.88,155774.88,0
85334091,117484.53,117484.53,0
85334092,61654.66,61654.66,0
85334099,3193096.729999999,3193096.729999999,0
85336874,154,0,-154
85339000,23497.76,23497.76,0
85340000,4084.41,4084.41,0
85340011,10208.47,10208.47,0
85340012,1878.91,1878.91,0
85340013,30822.52,30822.52,0
85340019,997577.31,997577.31,0
85340020,5829.14,5829.14,0
85340031,8758.199999999997,8758.199999999997,0
85340032,21320.68,21320.68,0
85340033,97517.93,97517.93,0
85340039,102447.77,102447.77,0
85340040,1918.42,1918.42,0
85340050,2200.5,0,-2200.5
85340051,23942.98,23942.98,0
85340059,234719.97,234719.97,0
85346000,70,0,-70
85350000,5618.11,0,-5618.11
85351000,6702269.64,6702269.64,0
85351010,870,0,-870
85351031,1438.97,0,-1438.97
85352100,8137934.01,8137934.01,0
85352900,1427643.53,1427643.53,0
85353000,21379.82,0,-21379.82
85353011,1665,1665,0
85353013,21966.69,21966.69,0
85353017,2222618.77,2222618.77,0
85353018,1933905.09,1933905.09,0
85353019,1331462.22,1331462.22,0
85353023,12167.41,12167.41,0
85353027,38594.17,38594.17,0
85353028,262644.56,262644.56,0
85353029,334384.8,334384.8,0
85354010,8561193.17,8561193.17,0
85354040,650,0,-650
85354090,3467046.27,3467046.27,0
85355090,441.2,0,-441.2
85355900,484.28,0,-484.28
85356100,191.18,0,-191.18
85356910,57.82,0,-57.82
85359000,645648.6,645648.6,0
85359010,333295.47,333295.47,0
85359090,16165801.62,16165801.62,0
85360000,269.15,0,-269.15
85361000,8751000.31,8751000.31,0
85362000,43020116.84999999,43020116.84999999,0
85362011,3800,0,-3800
85362683,185.8,0,-185.8
85362990,130,0,-130
85363000,82021.44000000002,82021.44000000002,0
85363010,12531.62,12531.62,0
85363090,4921489.25,4921489.25,0
85363091,234.34,0,-234.34
85363900,1943.78,0,-1943.78
85364000,802.15,0,-802.15
85364001,205.89,0,-205.89
85364090,420,0,-420
85364100,23148017.99,23148017.99,0
85364110,52,0,-52
85364900,58435917.62,58435917.62,0
85364990,763.86,0,-763.86
85365000,3144.9,0,-3144.9
85365001,64.6,0,-64.6
85365010,93700.18999999999,93700.18999999999,0
85365020,25992.63,25992.63,0
85365030,241703.47,241703.47,0
85365040,320,0,-320
85365060,17.5,0,-17.5
85365080,2286.84,0,-2286.84
85365090,95350052.28,95350052.28,0
85365096,220.8,0,-220.8
85365099,6.33,0,-6.33
85365209,29,0,-29
85366000,1343.01,0,-1343.01
85366010,73.5,0,-73.5
85366090,65,0,-65
85366100,3177959.52,3177959.52,0
85366309,42,0,-42
85366310,1710,0,-1710
85366410,34,0,-34
85366690,209.8,0,-209.8
85366691,138,0,-138
85366900,480,0,-480
85366910,16871543.23,16871543.23,0
85366940,59822.66,0,-59822.66
85366980,667.97,0,-667.97
85366990,4311273.24,4311273.24,0
85367000,670291.45,670291.45,0
85368000,57.15,0,-57.15
85369000,46075.72,0,-46075.72
85369010,3271304.97,3271304.97,0
85369020,30454.09,30454.09,0
85369030,217219.3499999999,217219.3499999999,0
85369040,748486.4199999999,748486.4199999999,0
85369050,1249805.37,1249805.37,0
85369052,25,0,-25
85369060,92340.86000000002,92340.86000000002,0
85369090,30842164.21,30842164.21,0
85369092,5,0,-5
85369099,958,0,-958
85369100,9.02,0,-9.02
85369690,96,0,-96
85369712,259.9,0,-259.9
85369990,40,0,-40
85370000,2777.85,0,-2777.85
85371002,499,0,-499
85371011,1842796.35,1842796.35,0
85371019,12329669.18,12329669.18,0
85371020,21254566.32,21254566.32,0
85371030,14079935.39,14079935.39,0
85371090,55666103.44,55666103.44,0
85371091,17194.96,0,-17194.96
85372000,871350.3300000001,871350.3300000001,0
85372010,32726.72,32726.72,0
85372090,34975788.37,34975788.37,0
85381000,31049681.36,31049681.36,0
85382000,73.65,0,-73.65
85384100,190,0,-190
85384900,13448.99,0,-13448.99
85386100,30,0,-30
85388100,921.95,0,-921.95
85389000,168,0,-168
85389010,12881781.84,12881781.84,0
85389020,149817.72,149817.72,0
85389090,16072964.36,16072964.36,0
85389091,7275.3,0,-7275.3
85389096,143.29,0,-143.29
85390000,54,0,-54
85391000,874,0,-874
85391010,606179.6800000003,606179.6800000003,0
85391090,602614.35,602614.35,0
85392000,4015.4,0,-4015.4
85392010,20,0,-20
85392090,114.93,0,-114.93
85392100,514,0,-514
85392110,8316567.41,8316567.41,0
85392129,234,0,-234
85392190,4947410.3,4947410.3,0
85392200,650490.43,650490.43,0
85392299,625,0,-625
85392900,19.55,0,-19.55
85392910,3435333.36,3435333.36,0
85392920,33,0,-33
85392950,372.4,0,-372.4
85392990,2712615.39,2712615.39,0
85393100,148440.69,148440.69,0
85393101,196,0,-196
85393111,134275.49,134275.49,0
85393119,116673.57,116673.57,0
85393120,273331.43,273331.43,0
85393131,2718.62,2718.62,0
85393132,6681.090000000002,6681.090000000002,0
85393139,117271.17,117271.17,0
85393200,17078.64,17078.64,0
85393210,139607.18,139607.18,0
85393220,79600.09999999999,79600.09999999999,0
85393230,204953.55,204953.55,0
85393900,7932.83,7932.83,0
85393911,29628.42,29628.42,0
85393912,1061.87,1061.87,0
85393919,7618.65,7618.65,0
85393990,50727.19,50727.19,0
85394100,233.2,233.2,0
85394110,47838.81,47838.81,0
85394190,97753.24,97753.24,0
85394900,1340844.02,1340844.02,0
85395000,565993.2000000001,565993.2000000001,0
85395040,189,0,-189
85395090,156.27,0,-156.27
85395100,4964078.300000001,4964078.300000001,0
85395200,24531521.93,24531521.93,0
85395260,92,0,-92
85395299,60,0,-60
85395500,11,0,-11
85396910,30,0,-30
85399000,179,0,-179
85399010,141872.8,141872.8,0
85399020,47409.81,47409.81,0
85399090,308404.96,308404.96,0
85399500,317,0,-317
85401100,5773.03,5773.03,0
85401200,17397.4,17397.4,0
85401990,680,0,-680
85402011,8465.16,8465.16,0
85402019,27933.37,27933.37,0
85402020,2578.77,2578.77,0
85402090,974.02,974.02,0
85404000,3629.95,3629.95,0
85406010,434.58,434.58,0
85406090,18712.32,18712.32,0
85407100,10606.34,10606.34,0
85407900,39307.9,39307.9,0
85408100,25295,25295,0
85408910,9771.51,9771.51,0
85408990,113231.38,113231.38,0
85409110,1304,1304,0
85409120,774.8100000000001,774.8100000000001,0
85409130,36493.81,36493.81,0
85409140,138293.99,138293.99,0
85409190,54,54,0
85409900,15923.31,15923.31,0
85411000,70,0,-70
85411011,46424.61,46424.61,0
85411012,24982.4,24982.4,0
85411019,241533.39,241533.39,0
85411021,1628.51,1628.51,0
85411022,3975.56,3975.56,0
85411029,36123.17,36123.17,0
85411031,3906.47,3906.47,0
85411032,8139.3,8139.3,0
85411039,1570.88,1570.88,0
85411091,19774.27,19774.27,0
85411092,36005.99000000001,36005.99000000001,0
85411099,216518.43,216518.43,0
85411214,509.5,0,-509.5
85412110,29658.26,29658.26,0
85412120,8818.5,8818.5,0
85412191,1633.1,1633.1,0
85412199,79733.06999999999,79733.06999999999,0
85412360,193,0,-193
85412910,22524.09,22524.09,0
85412920,318823.82,318823.82,0
85413011,2324.66,2324.66,0
85413019,74611.62,74611.62,0
85413021,138.96,138.96,0
85413029,1477976.61,1477976.61,0
85414011,1619.54,1619.54,0
85414016,749.73,749.73,0
85414017,1708,1708,0
85414019,2550,2550,0
85414021,73821.76000000001,73821.76000000001,0
85414022,18222.83,18222.83,0
85414029,12397.37,12397.37,0
85414031,59.9,59.9,0
85414032,821726.2299999999,821726.2299999999,0
85414042,5955,0,-5955
85414111,111619.25,111619.25,0
85414112,50821.92,50821.92,0
85414121,1645563.49,1645563.49,0
85414122,457243.4699999999,457243.4699999999,0
85414124,51115.99,51115.99,0
85414210,60875.64,60875.64,0
85414220,341118.86,341118.86,0
85414290,121890.37,121890.37,0
85414300,31188461.95,31188461.95,0
85414900,162043.34,162043.34,0
85415010,350,350,0
85415020,3983,3983,0
85415100,198997.61,198997.61,0
85415900,50045.86,50045.86,0
85416010,952.77,952.77,0
85416090,22362.82,22362.82,0
85419010,298978.88,298978.88,0
85419020,3554.4,3554.4,0
85419090,47893.33,47893.33,0
85421323,556.3,556.3,0
85421412,50,0,-50
85421544,40,0,-40
85421999,200,200,0
85422125,159.8,159.8,0
85422920,25,0,-25
85423010,23311,23311,0
85423110,76557.33,76557.33,0
85423120,672863.2899999999,672863.2899999999,0
85423168,95.88,0,-95.88
85423190,3305006.06,3305006.06,0
85423210,44897.81,44897.81,0
85423221,81363.14,81363.14,0
85423229,25335.02,25335.02,0
85423232,5186.639999999999,0,-5186.639999999999
85423291,15145.3,15145.3,0
85423299,9118.5,9118.5,0
85423319,37842.69,37842.69,0
85423320,3122.33,3122.33,0
85423390,25483.14,25483.14,0
85423619,21.8,0,-21.8
85423900,620,0,-620
85423911,2761.75,2761.75,0
85423919,11947.2,11947.2,0
85423920,26251.32,26251.32,0
85423931,61178.44,61178.44,0
85423939,32397.77,32397.77,0
85423991,12277.69,12277.69,0
85423999,302581.48,302581.48,0
85429000,28110.2,28110.2,0
85429010,476.92,476.92,0
85429020,215,215,0
85429099,47.51,0,-47.51
85430000,50000,0,-50000
85430111,432965.2999999999,0,-432965.2999999999
85431000,145031.05,145031.05,0
85431900,422,422,0
85432000,15842487.83,15842487.83,0
85433000,14594,14594,0
85433010,8145.93,8145.93,0
85433090,725881.95,725881.95,0
85434000,51119.82,51119.82,0
85437011,1276.43,1276.43,0
85437012,10562.61,10562.61,0
85437013,83389.78,83389.78,0
85437014,7288.28,7288.28,0
85437015,2779.83,2779.83,0
85437019,576490.07,576490.07,0
85437020,1648881.04,1648881.04,0
85437031,600,600,0
85437032,242.5,242.5,0
85437033,32267.46,32267.46,0
85437034,4205.88,4205.88,0
85437035,24165.5,24165.5,0
85437036,157831.27,157831.27,0
85437039,670203.7899999999,670203.7899999999,0
85437040,208403.88,208403.88,0
85437050,134628.86,134628.86,0
85437091,5908.47,5908.47,0
85437092,13575897.87,13575897.87,0
85437099,48175951.06,48175951.06,0
85438933,3580,3580,0
85438999,712.45,712.45,0
85439010,443014.74,443014.74,0
85439090,1203359.95,1203359.95,0
85440000,466702.26,0,-466702.26
85440005,0.16,0,-0.16
85440200,7,0,-7
85440900,40,0,-40
85441100,22192086.81,22192086.81,0
85441200,336,0,-336
85441900,136,0,-136
85441910,682916.8800000001,682916.8800000001,0
85441911,249282.83,249282.83,0
85441919,142121.98,142121.98,0
85441990,1348121.73,1348121.73,0
85442000,10614721.74,10614721.74,0
85443000,99200502.47999999,99200502.47999999,0
85444000,26.82,0,-26.82
85444090,158,0,-158
85444100,964.32,964.32,0
85444200,53723585.63,53723585.63,0
85444220,1176.5,0,-1176.5
85444228,1187.83,0,-1187.83
85444300,286.6,0,-286.6
85444333,1365,0,-1365
85444420,772,0,-772
85444444,988.5,0,-988.5
85444490,150,0,-150
85444800,67.8,0,-67.8
85444900,410041622.1300001,410041622.1300001,0
85444901,2814,0,-2814
85444990,10550.98,0,-10550.98
85445100,100.4,100.4,0
85445900,21882.48,21882.48,0
85445902,140.5,0,-140.5
85446000,11025906.45,11025906.45,0
85447000,11734.8,0,-11734.8
85447010,1545808.21,1545808.21,0
85447020,46810.89999999999,46810.89999999999,0
85447030,45733.12,45733.12,0
85447090,703990.6200000001,703990.6200000001,0
85449000,14513.27,0,-14513.27
85449001,4704,0,-4704
85449900,2884.11,0,-2884.11
85451100,43575.23,43575.23,0
85451910,139679.39,139679.39,0
85451920,163048.8700000001,163048.8700000001,0
85451990,654588.5,654588.5,0
85452000,2864939.87,2864939.87,0
85452125,1200,0,-1200
85452440,3200,0,-3200
85453900,13,0,-13
85454040,12.8,0,-12.8
85455455,32,0,-32
85455854,60.32,0,-60.32
85456544,16,0,-16
85458544,589,0,-589
85458555,225,0,-225
85458569,412,0,-412
85458854,1538.82,0,-1538.82
85458962,145,0,-145
85458965,953,0,-953
85459000,220,0,-220
85459004,3.8,0,-3.8
85459010,2223.96,2223.96,0
85459020,25848.69,25848.69,0
85459030,99595.57,99595.57,0
85459090,72108.72,72108.72,0
85461000,174960.52,174960.52,0
85462000,5668617.64,5668617.64,0
85462110,20,0,-20
85465567,409.9,0,-409.9
85469000,12182513.67,12182513.67,0
85470990,2500,0,-2500
85471000,4269998.529999999,4269998.529999999,0
85471208,440,0,-440
85471236,33.5,0,-33.5
85472000,4949,4949,0
85472010,47469.05,47469.05,0
85472090,3684256.860000001,3684256.860000001,0
85475090,10.12,0,-10.12
85478522,32,0,-32
85479000,2186724.48,2186724.48,0
85479652,39.8,0,-39.8
85480010,9375.17,9375.17,0
85480090,79589.3,79589.3,0
85481010,4189.38,4189.38,0
85481090,52442.8,52442.8,0
85489000,3897.65,3897.65,0
85489010,202.5,202.5,0
85489090,11568.54,11568.54,0
85491100,323605.08,323605.08,0
85491200,15974.14,15974.14,0
85491300,9799.46,9799.46,0
85491400,11603.92,11603.92,0
85491900,963204.23,963204.23,0
85492100,35710.38,35710.38,0
85492900,10849,10849,0
85493100,752.44,752.44,0
85493900,13300.2,13300.2,0
85499100,6646.570000000001,6646.570000000001,0
85499400,1795.08,0,-1795.08
85499900,63329.24000000001,63329.24000000001,0
85503690,78,0,-78
85504405,1800,0,-1800
85505090,35,0,-35
85522222,1034.8,0,-1034.8
85550221,65,0,-65
85552999,750,0,-750
85566644,1400,0,-1400
85569000,120,0,-120
85585820,84,0,-84
85603600,9.6,0,-9.6
85607000,640,0,-640
85607020,761.4,0,-761.4
85621470,165,0,-165
85623658,67.6,0,-67.6
85631445,4.6,0,-4.6
85632158,54.42,0,-54.42
85632400,23,0,-23
85632558,17100,0,-17100
85636598,624,0,-624
85636958,123.7,0,-123.7
85646555,220,0,-220
85650990,128,0,-128
85669090,4.5,0,-4.5
85684900,120,0,-120
85692110,400,0,-400
85693222,94.52000000000001,0,-94.52000000000001
85693332,935,0,-935
85698569,780,0,-780
85708800,530,0,-530
85708990,9.6,0,-9.6
85717010,690,0,-690
85733011,370,0,-370
85773020,190,0,-190
85784457,80,0,-80
85790000,7004,0,-7004
85818092,97,0,-97
85818095,24,0,-24
85821000,55,0,-55
85821010,439.64,0,-439.64
85822010,480,0,-480
85832090,288,0,-288
85833010,215,0,-215
85834090,306.34,0,-306.34
85835010,1601.49,0,-1601.49
85836509,375,0,-375
85839000,6675,0,-6675
85844200,12.85,0,-12.85
85853929,40,0,-40
85858030,700,0,-700
85861000,70.4,0,-70.4
85862252,220,0,-220
85863421,26314,0,-26314
85877853,521.4,0,-521.4
85890099,120,0,-120
85899090,81,0,-81
85900000,275,0,-275
85913100,3850,0,-3850
85961233,89.9,0,-89.9
85963322,540,0,-540
85965090,2169,0,-2169
85966352,8.9,0,-8.9
85967852,65.9,0,-65.9
85969090,117.04,0,-117.04
85970628,249.7,0,-249.7
85995023,115,0,-115
85999020,151.6,0,-151.6
86011000,173760.68,173760.68,0
86012000,2539.37,2539.37,0
86014000,28.12,0,-28.12
86021000,19325.87,19325.87,0
86029000,538786.91,538786.91,0
86031000,12182.5,12182.5,0
86039000,4504.139999999999,4504.139999999999,0
86040000,3000,3000,0
86040010,6341.42,6341.42,0
86040090,75479.43,75479.43,0
86061000,317488.46,317488.46,0
86061030,210,0,-210
86063000,2079.88,2079.88,0
86069200,70,70,0
86069900,205464.4,205464.4,0
86071110,6139,6139,0
86071120,2193.7,2193.7,0
86071910,269.62,269.62,0
86071911,66841.42000000001,66841.42000000001,0
86071919,53102.43000000001,53102.43000000001,0
86071990,85092.86,85092.86,0
86072100,122239.75,122239.75,0
86072900,36268.23,36268.23,0
86073000,1127745.92,1127745.92,0
86079100,850087.98,850087.98,0
86079900,34034.48999999999,34034.48999999999,0
86080011,422220,422220,0
86080012,391315.21,391315.21,0
86080090,283937.81,283937.81,0
86088000,80,0,-80
86089412,15,0,-15
86090000,49482423.58,49482423.58,0
86100000,1418,0,-1418
86161000,1848,0,-1848
86360000,992.28,0,-992.28
86362000,11,0,-11
86365090,38,0,-38
86366100,73.8,0,-73.8
86366910,19.6,0,-19.6
86369090,124.2,0,-124.2
86462000,9.8,0,-9.8
86492100,119.9,0,-119.9
86512439,224.64,0,-224.64
86542569,500,0,-500
86561413,170,0,-170
86720861,4244.25,0,-4244.25
86819100,3051,0,-3051
86859555,190,0,-190
86970888,53.96,0,-53.96
87000888,1500,0,-1500
87002999,131,0,-131
87005500,2952,0,-2952
87008291,580,0,-580
87008309,549,0,-549
87008800,3687.36,0,-3687.36
87008990,2310.5,0,-2310.5
87008999,212.47,0,-212.47
87009900,160,0,-160
87011000,43694603.93,43694603.93,0
87012000,1237558.52,1237558.52,0
87012100,788139818.5100001,788139818.5100001,0
87012200,2105350,2105350,0
87012300,141725.45,141725.45,0
87012900,3478728.93,3478728.93,0
87013000,6105108.34,6105108.34,0
87016000,120.99,0,-120.99
87018291,28,0,-28
87018990,9,0,-9
87019000,473050,473050,0
87019010,26367.5,26367.5,0
87019090,4457996.16,4457996.16,0
87019100,8443501.52,8443501.52,0
87019200,35141915.92,35141915.92,0
87019300,916707269.5700002,916707269.5700002,0
87019410,2295505.6,2295505.6,0
87019490,892579496.7900001,892579496.7900001,0
87019510,10805677.39,10805677.39,0
87019590,4433642284.639999,4433642284.639999,0
87020000,42,0,-42
87021000,38161815.72,38161815.72,0
87022000,2258,2258,0
87022999,4218.83,0,-4218.83
87023000,130273.37,130273.37,0
87024010,1368,1368,0
87024090,17090.4,17090.4,0
87029000,991820.0199999998,991820.0199999998,0
87029090,19.5,19.5,0
87029200,57.37,0,-57.37
87029999,1800,0,-1800
87030000,380,0,-380
87030900,108,0,-108
87031000,670157.94,670157.94,0
87032100,159861328.46,159861328.46,0
87032210,212556211.53,212556211.53,0
87032290,17769821.28,17769821.28,0
87032310,478754776.13,478754776.13,0
87032390,44655506.8,44655506.8,0
87032410,162383687.09,162383687.09,0
87032490,14164485.29,14164485.29,0
87033019,925,0,-925
87033090,742,0,-742
87033110,759074.19,759074.19,0
87033190,530763,530763,0
87033210,17798519.93,17798519.93,0
87033283,60,0,-60
87033290,50622050.31999999,50622050.31999999,0
87033310,128687990.24,128687990.24,0
87033390,348544245.66,348544245.66,0
87034000,85511953.44999999,85511953.44999999,0
87035000,13032756.79,13032756.79,0
87036000,204758854.66,204758854.66,0
87037000,6409137.039999999,6409137.039999999,0
87037090,20,0,-20
87038000,29270298.32,29270298.32,0
87039000,14444846.98,14444846.98,0
87040000,350,0,-350
87041000,960,960,0
87041010,434498.5,434498.5,0
87041090,8784348.729999999,8784348.729999999,0
87041900,221890,0,-221890
87042110,92161129.04,92161129.04,0
87042120,1257893.62,1257893.62,0
87042130,1095450,1095450,0
87042190,2312386067.33,2312386067.33,0
87042210,132334742.15,132334742.15,0
87042220,2081436.84,2081436.84,0
87042230,1939733.95,1939733.95,0
87042290,163209331.15,163209331.15,0
87042310,448603329.6199999,448603329.6199999,0
87042320,5428570,5428570,0
87042330,1224359,1224359,0
87042340,200020,200020,0
87042390,2893825.56,2893825.56,0
87043110,14139614.15,15344014.15,1204400
87043120,2347121.66,2347121.66,0
87043130,2919.52,2919.52,0
87043190,674114128.98,674114128.98,0
87043210,2026823.44,2026823.44,0
87043220,4431258.43,4431258.43,0
87043290,5716159.37,5716159.37,0
87044000,0.78,0,-0.78
87044100,4164.58,4164.58,0
87044200,343905.09,343905.09,0
87044300,4422558,4422558,0
87045100,5673575.720000001,5673575.720000001,0
87045200,1495955.59,1495955.59,0
87046000,1982588.12,1982588.12,0
87049000,6097748.97,6097748.97,0
87049200,4,0,-4
87049990,2859.45,0,-2859.45
87051010,13538,13538,0
87051019,570,0,-570
87051020,3109618.82,3109618.82,0
87051030,5279.54,5279.54,0
87051090,1976785.1,1976785.1,0
87051190,500,0,-500
87052000,2594.57,2594.57,0
87053000,127452,127452,0
87054000,700517.8,700517.8,0
87055080,7134,0,-7134
87055099,3050,0,-3050
87056397,187.5,0,-187.5
87059010,2849542.18,2849542.18,0
87059090,1852411,1852411,0
87060010,6002376.060000001,6002376.060000001,0
87060020,398246,398246,0
87060090,114294.18,114294.18,0
87062999,52.5,0,-52.5
87063019,300,0,-300
87063110,430.09,0,-430.09
87068000,600,0,-600
87069090,3249.24,0,-3249.24
87069990,182,0,-182
87070000,7450,0,-7450
87071000,3177307.45,3177307.45,0
87071090,2271,0,-2271
87071920,46.04,0,-46.04
87072999,1600,0,-1600
87073090,667.46,0,-667.46
87075099,360,0,-360
87076000,4800,0,-4800
87077090,20,0,-20
87078000,422,0,-422
87079000,91.44,0,-91.44
87079001,109710,0,-109710
87079010,2624465.63,2624465.63,0
87079090,38823172.37,38823172.37,0
87079092,1200,0,-1200
87079099,3700,0,-3700
87079990,2479.95,0,-2479.95
87080000,57388.82000000001,0,-57388.82000000001
87080100,784,0,-784
87080309,718,0,-718
87080808,24452.74,0,-24452.74
87080900,1110,0,-1110
87080919,244.16,0,-244.16
87080949,363.57,0,-363.57
87080990,979.6,0,-979.6
87080999,930.1,0,-930.1
87081000,19948146.14,19948146.14,0
87081010,3032.8,0,-3032.8
87082000,110.2,0,-110.2
87082010,79.15,0,-79.15
87082090,957.6,0,-957.6
87082099,368,0,-368
87082100,959434.9099999999,959434.9099999999,0
87082200,3590319.67,3590319.67,0
87082229,387.5,0,-387.5
87082293,200,0,-200
87082299,340,0,-340
87082300,145,0,-145
87082414,1480,0,-1480
87082799,3875,0,-3875
87082891,370,0,-370
87082900,2407.54,0,-2407.54
87082909,530,0,-530
87082910,1128,0,-1128
87082911,4010422.7,4010422.7,0
87082912,5957441.48,5957441.48,0
87082913,594031.8800000001,594031.8800000001,0
87082914,2433073.38,2433073.38,0
87082919,33910479.51,33910479.51,0
87082922,1847,0,-1847
87082990,5479.27,0,-5479.27
87082991,8222518.140000001,8222518.140000001,0
87082992,2735048.82,2735048.82,0
87082993,4591269.010000001,4591269.010000001,0
87082994,804784.6399999999,804784.6399999999,0
87082995,18012.85,18012.85,0
87082998,300,0,-300
87082999,99189444.22000001,99189444.22000001,0
87083000,9346.15,0,-9346.15
87083001,834,0,-834
87083009,409,0,-409
87083010,1083.5,0,-1083.5
87083011,7376578.81,7376578.81,0
87083014,3.5,0,-3.5
87083015,350,0,-350
87083019,28830808.40000001,28830808.40000001,0
87083070,285,0,-285
87083090,141768782.76,141768782.76,0
87083093,290,0,-290
87083099,73.8,0,-73.8
87083110,802.9000000000001,802.9000000000001,0
87083190,10570.65,10570.65,0
87083900,79777.64,79777.64,0
87083919,240,0,-240
87083990,1016,0,-1016
87083999,2136.46,0,-2136.46
87084000,6303.37,0,-6303.37
87084010,16113.6,16113.6,0
87084011,272652.86,272652.86,0
87084019,7891272.869999999,7891272.869999999,0
87084080,8316889.710000001,8316889.710000001,0
87084090,132949931.84,132949931.84,0
87084099,6655,0,-6655
87084777,20,0,-20
87084990,361.6,0,-361.6
87085000,4442.559999999999,0,-4442.559999999999
87085009,59.46,0,-59.46
87085010,33746.36,33746.36,0
87085011,6482294.21,6482294.21,0
87085012,3028849.2,3028849.2,0
87085019,10397476.33,10397476.33,0
87085032,130,0,-130
87085050,48,0,-48
87085080,7427396.78,7427396.78,0
87085090,79122.65,79122.65,0
87085091,4256087.819999999,4256087.819999999,0
87085099,130614262.18,130614262.18,0
87085990,432,0,-432
87086010,3501,3501,0
87086090,27162.7,27162.7,0
87086200,56.21,0,-56.21
87087000,27670.72,0,-27670.72
87087010,10309605.97,10309605.97,0
87087019,350,0,-350
87087090,22885477.63,22885477.63,0
87087099,1902.35,0,-1902.35
87087990,878.76,0,-878.76
87087999,3.55,0,-3.55
87088000,114047871.68,114047871.68,0
87088001,1060,0,-1060
87088011,7500,0,-7500
87088080,19.94,0,-19.94
87088090,260,0,-260
87088099,45.5,0,-45.5
87088390,1360,0,-1360
87088800,5144.51,0,-5144.51
87088880,1296,0,-1296
87088890,256,0,-256
87088990,3840.27,0,-3840.27
87088999,2295,0,-2295
87089000,24778.59,0,-24778.59
87089039,650,0,-650
87089089,180,0,-180
87089090,63715,0,-63715
87089099,350,0,-350
87089100,68472059.93,68472059.93,0
87089103,65,0,-65
87089200,22170878.2,22170878.2,0
87089290,70,0,-70
87089291,150,0,-150
87089300,202557012.55,202557012.55,0
87089330,5000,0,-5000
87089400,6075,0,-6075
87089411,1651391.709999999,1651391.709999999,0
87089412,20992166.84,20992166.84,0
87089413,452965.42,452965.42,0
87089422,2960,0,-2960
87089480,361,0,-361
87089481,913824.18,913824.18,0
87089482,7758502.879999999,7758502.879999999,0
87089483,13278049.19,13278049.19,0
87089490,25068534.58,25068534.58,0
87089491,2816.37,2816.37,0
87089492,30257.97,30257.97,0
87089493,21925,21925,0
87089510,364655.17,364655.17,0
87089521,69994.62,69994.62,0
87089522,100435.42,100435.42,0
87089529,775372.97,775372.97,0
87089844,645,0,-645
87089900,240482.91,240482.91,0
87089901,4565.92,0,-4565.92
87089906,13376.27,0,-13376.27
87089909,2081.6,0,-2081.6
87089910,2649952.26,2649952.26,0
87089929,270,0,-270
87089930,211.72,0,-211.72
87089970,94.74,0,-94.74
87089980,649.34,0,-649.34
87089990,548519047.16,548519047.16,0
87089993,1783.68,0,-1783.68
87089996,12,0,-12
87089999,35566.31,0,-35566.31
87090000,498.79,0,-498.79
87091100,2600197.03,2600197.03,0
87091900,2852190.68,2852190.68,0
87092999,1506.96,0,-1506.96
87093019,103,0,-103
87093090,1010,0,-1010
87093900,1100,0,-1100
87094090,450,0,-450
87095099,1900,0,-1900
87098890,56.82,0,-56.82
87098900,375.8,0,-375.8
87099000,1209889.92,1209889.92,0
87099114,80,0,-80
87099190,16,0,-16
87099200,578,0,-578
87099300,200,0,-200
87099890,390,0,-390
87099899,67.2,0,-67.2
87099900,314.07,0,-314.07
87099915,850,0,-850
87099989,485.3200000000001,0,-485.3200000000001
87099990,26009.74000000001,0,-26009.74000000001
87099999,617.4300000000001,0,-617.4300000000001
87100000,300959.2,300959.2,0
87100011,587.25,0,-587.25
87108990,2321.5,0,-2321.5
87111000,500909.0399999999,500909.0399999999,0
87112010,5532550.71,5532550.71,0
87112020,47563279.45999999,47563279.45999999,0
87112090,894434.05,894434.05,0
87113000,23821721.74,23821721.74,0
87114000,1208762.3,1208762.3,0
87115000,17104096.63,17104096.63,0
87116000,5436568.63,5436568.63,0
87116909,10640.19,0,-10640.19
87119000,713500.29,713500.29,0
87120010,7294860.279999998,7294860.279999998,0
87120090,170613.87,170613.87,0
87120100,350,0,-350
87122022,25,0,-25
87129090,290,0,-290
87131000,928234.52,928234.52,0
87139000,569093.1000000001,569093.1000000001,0
87139090,350,0,-350
87140000,110.8,0,-110.8
87141000,30526798.64,30526798.64,0
87141010,40,0,-40
87141100,2427.44,2427.44,0
87141300,23.8,0,-23.8
87141900,58971.94,58971.94,0
87141990,100,0,-100
87142000,453921.39,453921.39,0
87144990,50,0,-50
87149000,200,0,-200
87149090,332,0,-332
87149100,623008.1399999999,623008.1399999999,0
87149200,371323.55,371323.55,0
87149300,320,320,0
87149310,65012.3,65012.3,0
87149311,33527.61,33527.61,0
87149319,47509.62,47509.62,0
87149320,83618.47,83618.47,0
87149410,149812.33,149812.33,0
87149490,344460.0000000001,344460.0000000001,0
87149499,109.95,0,-109.95
87149500,63418.75999999999,63418.75999999999,0
87149600,26765.73,26765.73,0
87149611,11982.75,11982.75,0
87149612,11298.78,11298.78,0
87149619,21081.21,21081.21,0
87149690,340558.57,340558.57,0
87149900,84,84,0
87149910,2297204.37,2297204.37,0
87149920,3344.94,3344.94,0
87149990,998616.4400000001,998616.4400000001,0
87150000,624642.46,624642.46,0
87151000,8,0,-8
87161000,1711796.2,1711796.2,0
87162000,291080361.36,291080361.36,0
87163100,10021337.1,10021337.1,0
87163900,428277148.71,428277148.71,0
87164000,10685352.32,10685352.32,0
87168000,9149261.110000001,9149261.110000001,0
87168001,8525.26,0,-8525.26
87168080,1462.5,0,-1462.5
87169000,94180,0,-94180
87169010,1510197.18,1510197.18,0
87169090,107337974.12,107337974.12,0
87169099,6095,0,-6095
87179090,266,0,-266
87183900,1500,0,-1500
87189090,39.66,0,-39.66
87189200,1350,0,-1350
87189910,12920,0,-12920
87189990,510,0,-510
87190009,245,0,-245
87199090,300,0,-300
87202598,38,0,-38
87212300,845.14,0,-845.14
87213990,1400,0,-1400
87219999,717.5,0,-717.5
87256993,90,0,-90
87314920,280.7,0,-280.7
87329000,796.56,0,-796.56
87329890,20,0,-20
87354693,678,0,-678
87383019,2,0,-2
87388694,350,0,-350
87410000,790,0,-790
87421900,271890,0,-271890
87421999,102,0,-102
87450400,322,0,-322
87455625,360,0,-360
87456321,100,0,-100
87459687,1390,0,-1390
87469090,1535.02,0,-1535.02
87515600,3520,0,-3520
87524178,600,0,-600
87530000,83,0,-83
87540400,289,0,-289
87559900,160,0,-160
87650000,379.8,0,-379.8
87652311,35,0,-35
87653214,112.5,0,-112.5
87654321,5800,0,-5800
87654345,136.8,0,-136.8
87689100,6100,0,-6100
87708990,2780,0,-2780
87785080,14655,0,-14655
87789900,25,0,-25
87808709,420,0,-420
87808990,27,0,-27
87809000,140.68,0,-140.68
87809020,19.69,0,-19.69
87809100,6129,0,-6129
87809808,51.44,0,-51.44
87809990,4315,0,-4315
87812090,126,0,-126
87818099,180,0,-180
87822090,303.8,0,-303.8
87823000,420,0,-420
87829999,121.25,0,-121.25
87833029,112,0,-112
87833090,70.94,0,-70.94
87849000,572,0,-572
87850950,102.73,0,-102.73
87870829,60,0,-60
87871000,98,0,-98
87879000,372.28,0,-372.28
87882999,846,0,-846
87887876,35,0,-35
87888000,566.5,0,-566.5
87888990,310,0,-310
87889922,148,0,-148
87889990,1140,0,-1140
87890090,949.44,0,-949.44
87899900,360,0,-360
87899990,848.95,0,-848.95
87907190,10.35,0,-10.35
87907654,500,0,-500
87909900,440,0,-440
87914514,50,0,-50
87954321,700,0,-700
87986789,14000,0,-14000
87988909,48,0,-48
87989900,55.6,0,-55.6
87990055,900,0,-900
87990099,585,0,-585
87995500,50,0,-50
88010000,25233.63,25233.63,0
88012000,120,0,-120
88019000,14,14,0
88021100,70426749.85999998,70426749.85999998,0
88021210,57878895.73,57878895.73,0
88021290,2179688.83,2179688.83,0
88022010,167098782.47,167098782.47,0
88022021,117472567.4,117472567.4,0
88022022,137460.31,137460.31,0
88022090,214564.8,214564.8,0
88023010,20087480.59,20087480.59,0
88023021,86555154.95,86555154.95,0
88023029,112203314.35,112203314.35,0
88023031,56907614.55,56907614.55,0
88023039,127998769.31,127998769.31,0
88023090,628495.62,628495.62,0
88024010,130000,130000,0
88024090,5,5,0
88031000,502452.03,502452.03,0
88032000,59428.28999999999,59428.28999999999,0
88033000,1207859.94,1207859.94,0
88039000,5575.9,5575.9,0
88040000,171104.08,171104.08,0
88042119,177.9,0,-177.9
88051000,2259.61,2259.61,0
88052900,8074.96,8074.96,0
88060922,3150,0,-3150
88060944,2200,0,-2200
88061000,1500,1500,0
88062100,95618.84,95618.84,0
88062200,6026475.56,6026475.56,0
88062300,317676.52,317676.52,0
88062400,10646743.84,10646743.84,0
88062900,23188.95,23188.95,0
88069200,274791.73,274791.73,0
88069400,2073420.46,2073420.46,0
88069900,19097.47,19097.47,0
88071000,13784553.23,13784553.23,0
88072000,13197328.55,13197328.55,0
88073000,38307148.46,38307148.46,0
88079000,6056278.290000002,6056278.290000002,0
88083000,4280,0,-4280
88213000,7.9,0,-7.9
88231456,140,0,-140
88244900,224000,0,-224000
88340015,117.9,0,-117.9
88340016,171.5,0,-171.5
88340018,571.5,0,-571.5
88345021,56.7,0,-56.7
88345520,118.2,0,-118.2
88345821,67.5,0,-67.5
88347782,32,0,-32
88348990,5.5,0,-5.5
88349656,8.8,0,-8.8
88350020,8,0,-8
88369500,199.8,0,-199.8
88369520,34.9,0,-34.9
88369647,79.9,0,-79.9
88369652,11.6,0,-11.6
88369901,42.5,0,-42.5
88409919,238,0,-238
88421230,120,0,-120
88444220,700,0,-700
88507109,345,0,-345
88526597,39.8,0,-39.8
88536385,129.9,0,-129.9
88566358,44.7,0,-44.7
88569665,68,0,-68
88620041,469.6,0,-469.6
88635269,131.8,0,-131.8
88639665,609,0,-609
88653665,280,0,-280
88714167,314.5,0,-314.5
88740012,103.8,0,-103.8
88778888,2325,0,-2325
88800488,171,0,-171
88818011,199.8,0,-199.8
88841000,8.54,0,-8.54
88861525,15,0,-15
88869685,349.9,0,-349.9
88888888,170815.32,0,-170815.32
89000000,71.76,0,-71.76
89000201,698.5,0,-698.5
89000500,500,0,-500
89002010,179,0,-179
89004070,70,0,-70
89009937,19.12,0,-19.12
89011000,10568,10568,0
89012000,26901.83,26901.83,0
89013000,53825,53825,0
89019000,1278635.04,1278635.04,0
89020010,157675.17,157675.17,0
89020090,2916407.56,2916407.56,0
89022010,2492,0,-2492
89031000,660,660,0
89031100,48600.58,48600.58,0
89031200,17044.59,17044.59,0
89031900,257300.13,257300.13,0
89032100,996,996,0
89033100,3049780.47,3049780.47,0
89033200,17953412.35,17953412.35,0
89039200,63300,63300,0
89039300,23131323.74,23131323.74,0
89039900,13246108.27,13246108.27,0
89040000,9385.400000000001,9385.400000000001,0
89051000,157471.92,157471.92,0
89052000,108458,108458,0
89059000,80587.39,80587.39,0
89061000,202.46,202.46,0
89069000,2281059.89,2281059.89,0
89071000,578127.27,578127.27,0
89076543,800,0,-800
89078999,540,0,-540
89079000,5403721.739999999,5403721.739999999,0
89080000,568549.9199999999,568549.9199999999,0
89081000,637.9,0,-637.9
89082999,8.5,0,-8.5
89089089,325,0,-325
89089900,300.34,0,-300.34
89089990,8104.8,0,-8104.8
89089999,150,0,-150
89099037,52,0,-52
89099190,600,0,-600
89099990,158.97,0,-158.97
89104007,473,0,-473
89131700,30,0,-30
89173100,11.25,0,-11.25
89173900,1083.78,0,-1083.78
89174090,68.9,0,-68.9
89199090,96,0,-96
89201707,129.96,0,-129.96
89204562,49,0,-49
89249090,6627,0,-6627
89263000,56,0,-56
89269090,170,0,-170
89291000,311.64,0,-311.64
89305200,43,0,-43
89333322,466,0,-466
89339090,233.2,0,-233.2
89395000,40,0,-40
89406389,8.4,0,-8.4
89421999,50.83,0,-50.83
89446425,9,0,-9
89456723,1170,0,-1170
89457812,350,0,-350
89482101,75,0,-75
89526589,40,0,-40
89559090,160,0,-160
89600010,430,0,-430
89630014,15.5,0,-15.5
89633223,675,0,-675
89650009,460,0,-460
89652314,246,0,-246
89675210,23.9,0,-23.9
89736500,279.9,0,-279.9
89745110,464.35,0,-464.35
89745620,300,0,-300
89745900,545,0,-545
89752263,8,0,-8
89765434,1000,0,-1000
89784578,2510,0,-2510
89794152,30,0,-30
89794849,35,0,-35
89874562,12,0,-12
89898989,915.6,0,-915.6
89904578,1342.5,0,-1342.5
89909987,42,0,-42
89966522,4800,0,-4800
90000430,45,0,-45
90011011,79286.89,79286.89,0
90011019,7118.65,7118.65,0
90011020,161634.19,161634.19,0
90012000,3346.06,3346.06,0
90013000,686898.9,686898.9,0
90014000,124782.97,124782.97,0
90015000,8003517.949999997,8003517.949999997,0
90019010,543158.8400000001,543158.8400000001,0
90019090,13253.44,13253.44,0
90021110,20177,20177,0
90021111,141914.11,141914.11,0
90021119,6993.64,6993.64,0
90021120,55684.85000000001,55684.85000000001,0
90021190,117105.46,117105.46,0
90021900,9473.589999999998,9473.589999999998,0
90022000,69,0,-69
90022010,11925.15,11925.15,0
90022090,94182.68,94182.68,0
90024901,60,0,-60
90029000,14324.84,14324.84,0
90029010,2458.8,2458.8,0
90029090,275753.3,275753.3,0
90031100,1396194.43,1396194.43,0
90031900,45,0,-45
90031910,952812.6500000001,952812.6500000001,0
90031990,185574.53,185574.53,0
90034090,260.55,0,-260.55
90035000,48,0,-48
90039000,1582,0,-1582
90039090,33932.43,33932.43,0
90040000,22,0,-22
90041000,3718183.409999999,3718183.409999999,0
90043010,6.2,0,-6.2
90049010,55818.25999999999,55818.25999999999,0
90049020,6764463.330000001,6764463.330000001,0
90049030,30,0,-30
90049090,179828.96,179828.96,0
90049202,8.15,0,-8.15
90051000,183268.01,183268.01,0
90051190,190,0,-190
90051990,112.5,0,-112.5
90054010,640,0,-640
90058000,91288.97,91288.97,0
90059010,212.54,212.54,0
90059090,10689.89,10689.89,0
90061000,25,25,0
90063000,39624.97,39624.97,0
90064000,270896.5600000001,270896.5600000001,0
90065100,134,134,0
90065310,25991.4,25991.4,0
90065320,293.15,293.15,0
90065921,25,25,0
90065940,797.36,797.36,0
90065959,33227.22,33227.22,0
90066100,10297.43,10297.43,0
90066200,14129.5,14129.5,0
90066900,52032.55,52032.55,0
90069110,922.5799999999999,922.5799999999999,0
90069190,64114.20999999999,64114.20999999999,0
90069900,73892.72,73892.72,0
90071000,286903.7500000001,286903.7500000001,0
90072020,1016.47,1016.47,0
90072090,9364.67,9364.67,0
90079100,214251.57,214251.57,0
90079200,217833.53,217833.53,0
90085000,16961.94,16961.94,0
90089000,272050.22,272050.22,0
90101010,91098.57,91098.57,0
90101020,5058.599999999999,5058.599999999999,0
90101090,5900,5900,0
90105010,18615.04,18615.04,0
90105020,852.5,852.5,0
90105090,7963.31,7963.31,0
90106000,449878.97,449878.97,0
90109010,3768.48,3768.48,0
90109090,45709.35,45709.35,0
90111000,42556.95,42556.95,0
90111100,15362.38,0,-15362.38
90112010,4552.06,4552.06,0
90112020,26948.67,26948.67,0
90112030,6000,6000,0
90118010,118641.16,118641.16,0
90118090,43692.97,43692.97,0
90119010,32147.52,32147.52,0
90119090,3174.69,3174.69,0
90121000,13776.14,0,-13776.14
90121010,11468.99,11468.99,0
90121090,1542.06,1542.06,0
90129010,49879.45999999999,49879.45999999999,0
90131010,390029.6799999999,390029.6799999999,0
90131090,193026.13,193026.13,0
90132000,100661.43,100661.43,0
90132030,90,0,-90
90138000,240257.2,240257.2,0
90138010,6768,6768,0
90138090,3851.28,3851.28,0
90139000,24881.52,24881.52,0
90141000,27421.8,27421.8,0
90142010,418972.74,418972.74,0
90142020,837903.74,837903.74,0
90142030,87961.41,87961.41,0
90142060,37359.87,0,-37359.87
90142080,5019.1,0,-5019.1
90142090,4261883.41,4261883.41,0
90148010,3224091.3,3224091.3,0
90148090,3296810.310000001,3296810.310000001,0
90149000,3082396.77,3082396.77,0
90149020,281655.36,0,-281655.36
90151000,104832.49,104832.49,0
90152010,76422.92,76422.92,0
90152090,453542.8599999999,453542.8599999999,0
90153000,995021.4,995021.4,0
90158010,499,499,0
90158090,3518737.55,3518737.55,0
90159010,33,33,0
90159090,793792.7200000001,793792.7200000001,0
90160010,83995.84000000001,83995.84000000001,0
90160090,367588.43,367588.43,0
90162029,115,0,-115
90171010,15042.34,15042.34,0
90171090,6482.21,6482.21,0
90172000,533790.84,533790.84,0
90172006,40,0,-40
90173010,50709.39,50709.39,0
90173020,936480.0599999999,936480.0599999999,0
90173090,126036.61,126036.61,0
90173929,216,0,-216
90178010,1509416.64,1509416.64,0
90178090,2801365.26,2801365.26,0
90179000,730,0,-730
90179010,229.7,229.7,0
90179090,8656.75,8656.75,0
90181100,13473.25,13473.25,0
90181210,1704522.47,1704522.47,0
90181290,748300.23,748300.23,0
90181300,1602.95,1602.95,0
90181410,515,515,0
90181420,1497,1497,0
90181490,2425,2425,0
90181910,344492.91,344492.91,0
90181920,119.8,119.8,0
90181930,29,29,0
90181980,1463517.13,1463517.13,0
90181990,445984.66,445984.66,0
90182010,308934.75,308934.75,0
90182020,159.21,159.21,0
90182090,805751.46,805751.46,0
90183100,332.3,0,-332.3
90183110,86,0,-86
90183111,534877.78,534877.78,0
90183119,3015476.48,3015476.48,0
90183190,4196552.18,4196552.18,0
90183211,18876.41999999999,18876.41999999999,0
90183212,19100.91,19100.91,0
90183213,411.5,411.5,0
90183219,2607657.91,2607657.91,0
90183220,70727.97,70727.97,0
90183910,3324037.84,3324037.84,0
90183921,3454945.9,3454945.9,0
90183922,778074.88,778074.88,0
90183923,680.11,680.11,0
90183924,7265.700000000001,7265.700000000001,0
90183925,112973.18,112973.18,0
90183926,65615.13,65615.13,0
90183929,9089503.249999998,9089503.249999998,0
90183930,34314.5,34314.5,0
90183990,150.8,150.8,0
90183991,1960.5,1960.5,0
90183999,1629510.13,1629510.13,0
90184100,138988.15,138988.15,0
90184911,14624.59,14624.59,0
90184912,2052.97,2052.97,0
90184919,90736.23,90736.23,0
90184920,39287.63,39287.63,0
90184940,64392.59,64392.59,0
90184991,142914.8,142914.8,0
90184999,724551.1399999999,724551.1399999999,0
90185010,1835.34,1835.34,0
90185090,601270.4700000001,601270.4700000001,0
90189000,150,0,-150
90189010,188910.66,188910.66,0
90189021,351125.17,351125.17,0
90189029,246839.21,246839.21,0
90189031,4892.190000000001,4892.190000000001,0
90189039,204.56,204.56,0
90189050,3183.55,3183.55,0
90189061,3968.5,3968.5,0
90189069,193808.21,193808.21,0
90189091,2334.64,2334.64,0
90189092,2662.17,2662.17,0
90189093,2648.18,2648.18,0
90189094,198765.92,198765.92,0
90189095,260086.44,260086.44,0
90189096,153081.59,153081.59,0
90189099,4085658.43,4085658.43,0
90191000,7189350.859999999,7189350.859999999,0
90192010,509908.44,509908.44,0
90192020,116225.47,116225.47,0
90192030,26955.53,26955.53,0
90192040,9188.16,9188.16,0
90192090,2764404.74,2764404.74,0
90193119,25.5,0,-25.5
90200000,200,0,-200
90200010,7292992.829999998,7292992.829999998,0
90200090,515603.63,515603.63,0
90200110,80,0,-80
90205900,580,0,-580
90210100,96,0,-96
90211010,4731091.3,4731091.3,0
90211020,1218815.68,1218815.68,0
90211091,1635422.26,1635422.26,0
90211099,299350.54,299350.54,0
90212110,195755.86,195755.86,0
90212190,21810.67,21810.67,0
90212900,210833.85,210833.85,0
90213011,6,6,0
90213019,1685.35,1685.35,0
90213110,357919.88,357919.88,0
90213190,261360.28,261360.28,0
90213911,58158.08000000001,58158.08000000001,0
90213919,1201257.92,1201257.92,0
90213920,899122.25,899122.25,0
90213930,617.71,617.71,0
90213940,705.8199999999999,705.8199999999999,0
90213980,2228308.99,2228308.99,0
90213991,463500.62,463500.62,0
90213999,122218.38,122218.38,0
90214000,11465695.58,11465695.58,0
90215000,80641,80641,0
90219011,108925,108925,0
90219012,291894.04,291894.04,0
90219013,380,380,0
90219019,53806.84,53806.84,0
90219080,8587494.559999999,8587494.559999999,0
90219081,154,154,0
90219089,5,5,0
90219091,40969.89,40969.89,0
90219092,673709.3200000002,673709.3200000002,0
90219099,370347.9400000001,370347.9400000001,0
90221200,4745,4745,0
90221311,67261.6,67261.6,0
90221319,99.8,99.8,0
90221390,33992.03,33992.03,0
90221411,685584.87,685584.87,0
90221412,345,345,0
90221413,9868,9868,0
90221419,10100,10100,0
90221490,7713.849999999999,7713.849999999999,0
90221991,2774.28,2774.28,0
90222110,2025.25,2025.25,0
90222120,1144.99,1144.99,0
90222190,8876.060000000001,8876.060000000001,0
90222910,91.22,91.22,0
90222990,1958,1958,0
90223000,38.2,38.2,0
90229010,6384,6384,0
90229080,88.58,88.58,0
90229091,519626.9999999999,519626.9999999999,0
90229099,5045.639999999999,5045.639999999999,0
90230000,46293.14,46293.14,0
90235240,45,0,-45
90241010,51152.93,51152.93,0
90241020,2049.94,2049.94,0
90241090,37379.98,37379.98,0
90248011,1927.5,1927.5,0
90248019,465.16,465.16,0
90248021,1435,1435,0
90248029,650.48,650.48,0
90248090,8987.74,8987.74,0
90249000,16208.83,16208.83,0
90251110,1970.2,1970.2,0
90251111,3870.36,3870.36,0
90251119,348079.51,348079.51,0
90251190,15499.19,15499.19,0
90251191,58735.77,58735.77,0
90251199,235016.28,235016.28,0
90251910,119617.79,119617.79,0
90251990,6708113.110000001,6708113.110000001,0
90258000,3139015.49,3139015.49,0
90259000,178.5,0,-178.5
90259010,626654.37,626654.37,0
90259090,1095936.88,1095936.88,0
90260520,403,0,-403
90261001,964.1,0,-964.1
90261010,508.88,0,-508.88
90261011,2009822.19,2009822.19,0
90261019,12668331.36,12668331.36,0
90261020,1113.02,1113.02,0
90261021,329996.22,329996.22,0
90261024,228,0,-228
90261026,100,0,-100
90261029,21267321.01,21267321.01,0
90262001,52.25,0,-52.25
90262010,6049696.249999999,6049696.249999999,0
90262040,3678.05,0,-3678.05
90262090,31782616.50999999,31782616.50999999,0
90262990,450.5,0,-450.5
90268000,3981736.97,3981736.97,0
90269010,2263309.98,2263309.98,0
90269020,520913.1299999998,520913.1299999998,0
90269090,3305464.019999999,3305464.019999999,0
90271000,4723049.050000001,4723049.050000001,0
90271661,250,0,-250
90272019,30,30,0
90272029,2420.58,2420.58,0
90273011,119.85,119.85,0
90273019,126,126,0
90273020,109000.83,109000.83,0
90274100,355,0,-355
90275010,153160.76,153160.76,0
90275020,208307.62,208307.62,0
90275030,149006.46,149006.46,0
90275040,4110,4110,0
90275050,35841.9,35841.9,0
90275090,476226.77,476226.77,0
90278014,3346.3,3346.3,0
90278099,77642.05,77642.05,0
90278100,579.04,579.04,0
90278911,646.4300000000001,646.4300000000001,0
90278912,1569.78,1569.78,0
90278913,1318.95,1318.95,0
90278914,380767.18,380767.18,0
90278920,157683.1,157683.1,0
90278991,1848.18,1848.18,0
90278999,11136136.79,11136136.79,0
90279091,275.82,275.82,0
90279093,32966.07000000001,32966.07000000001,0
90279099,1078761.73,1078761.73,0
90281011,236572.22,236572.22,0
90281019,125110.06,125110.06,0
90281090,32071.45,32071.45,0
90282010,6337782.060000001,6337782.060000001,0
90282020,662484.01,662484.01,0
90283011,159451.37,159451.37,0
90283019,14857.76,14857.76,0
90283021,111526.8,111526.8,0
90283029,39524.63,39524.63,0
90283031,134627.83,134627.83,0
90283039,21925.95,21925.95,0
90283070,30,0,-30
90283090,17299.43,17299.43,0
90289010,19201.6,19201.6,0
90289090,1123416.23,1123416.23,0
90291010,6101646.680000001,6101646.680000001,0
90291090,1289207.78,1289207.78,0
90292010,8773128.75,8773128.75,0
90292020,8285.43,8285.43,0
90292101,3650,0,-3650
90299010,2637623.580000001,2637623.580000001,0
90299090,230301.97,230301.97,0
90299990,437.1,0,-437.1
90300900,150,0,-150
90301010,2557.13,2557.13,0
90301090,10806.33,10806.33,0
90301630,20,0,-20
90302010,7843.280000000001,7843.280000000001,0
90302029,72885.02,72885.02,0
90302030,1.66,1.66,0
90303100,1731479.07,1731479.07,0
90303200,73135.99999999999,73135.99999999999,0
90303311,782931.32,782931.32,0
90303319,466220.97,466220.97,0
90303321,19724.49,19724.49,0
90303329,724157.1399999999,724157.1399999999,0
90303390,1754622.81,1754622.81,0
90303910,58830.25999999999,58830.25999999999,0
90303911,1059.12,1059.12,0
90303919,159.17,159.17,0
90303929,268.4,268.4,0
90303990,558356.7799999999,558356.7799999999,0
90304010,65,65,0
90304020,299.09,299.09,0
90304090,88839.78,88839.78,0
90308210,32185.59,32185.59,0
90308290,1491.46,1491.46,0
90308410,52258.8,52258.8,0
90308420,2035.77,2035.77,0
90308490,68079.81999999999,68079.81999999999,0
90308910,104352.2,104352.2,0
90308920,23900,23900,0
90308930,105484.14,105484.14,0
90308940,6857.309999999999,6857.309999999999,0
90308990,456463.67,456463.67,0
90309010,1457.96,1457.96,0
90309090,128486.88,128486.88,0
90311000,191750.05,191750.05,0
90312010,12545.86,12545.86,0
90312090,406240.02,406240.02,0
90312400,780,0,-780
90313250,1450,0,-1450
90313432,1564,0,-1564
90314100,7281,7281,0
90314920,30623.85,30623.85,0
90314990,3998809.140000001,3998809.140000001,0
90315803,35,0,-35
90318011,44130.46,44130.46,0
90318019,75,0,-75
90318020,39858.96,39858.96,0
90318030,28071.69,28071.69,0
90318040,186107.04,186107.04,0
90318050,2049,2049,0
90318060,16176420.65,16176420.65,0
90318090,64.52,64.52,0
90318091,353237.71,353237.71,0
90318099,74219332.35,74219332.35,0
90319010,99019.62999999998,99019.62999999998,0
90319090,1969048.37,1969048.37,0
90321000,580,0,-580
90321010,2096461.609999999,2096461.609999999,0
90321090,8219198.579999999,8219198.579999999,0
90321099,120,0,-120
90322000,6253459.460000001,6253459.460000001,0
90328100,1538326.4,1538326.4,0
90328910,637,0,-637
90328911,39109697.65,39109697.65,0
90328919,406004.16,406004.16,0
90328920,1890,0,-1890
90328921,1420908.47,1420908.47,0
90328922,162826.27,162826.27,0
90328923,4464137.65,4464137.65,0
90328924,324766.39,324766.39,0
90328925,14461046.57,14461046.57,0
90328929,16813802.71,16813802.71,0
90328930,41094.93,41094.93,0
90328981,6509495.110000001,6509495.110000001,0
90328982,15838620.25,15838620.25,0
90328983,3563935.08,3563935.08,0
90328984,243662.59,243662.59,0
90328989,49989794.56999999,49989794.56999999,0
90328990,37364709.86,37364709.86,0
90329010,7591877.39,7591877.39,0
90329091,178146.99,178146.99,0
90329099,3995111.79,3995111.79,0
90330000,2512582.02,2512582.02,0
90332101,540,0,-540
90375012,547.6,0,-547.6
90398990,86.6,0,-86.6
90412000,285.9,0,-285.9
90531000,4026.62,0,-4026.62
90570371,127,0,-127
90640000,20,0,-20
90831099,154.92,0,-154.92
90879065,1500,0,-1500
90880099,235,0,-235
90920000,54.9,0,-54.9
90930000,28.95,0,-28.95
90999909,350,0,-350
91001010,900,0,-900
91011100,1921921.72,1921921.72,0
91011900,244736.4,244736.4,0
91012100,4827464.75,4827464.75,0
91012900,92417.73999999999,92417.73999999999,0
91019100,1496.4,1496.4,0
91019900,878.5600000000001,878.5600000000001,0
91021110,4479700.22,4479700.22,0
91021190,2093795.75,2093795.75,0
91021210,28554.15,28554.15,0
91021220,167469.4,167469.4,0
91021290,45602.33,45602.33,0
91021900,72366.27,72366.27,0
91022100,20252066.68,20252066.68,0
91022900,930986.5900000001,930986.5900000001,0
91029100,43208.01,43208.01,0
91029900,22839.51,22839.51,0
91031000,49044.17,49044.17,0
91039000,20431.56,20431.56,0
91040000,247452.26,247452.26,0
91051100,9854.27,9854.27,0
91051900,5580.11,5580.11,0
91052100,160955.25,160955.25,0
91052900,69747.78,69747.78,0
91059100,37947.87,37947.87,0
91059900,105088.24,105088.24,0
91061000,971822.59,971822.59,0
91069000,211147.89,211147.89,0
91070010,1418494.9,1418494.9,0
91070090,217365.83,217365.83,0
91081110,8894.029999999999,8894.029999999999,0
91081190,4536.88,4536.88,0
91081900,6799.990000000001,6799.990000000001,0
91082000,911.8199999999999,911.8199999999999,0
91089000,48,48,0
91091000,12263.24,12263.24,0
91091900,5500,5500,0
91099000,41285.09,41285.09,0
91101110,1607.88,1607.88,0
91101190,1081.8,1081.8,0
91101200,7405.37,7405.37,0
91101900,5353.15,5353.15,0
91109000,1036.2,1036.2,0
91111000,5932.48,5932.48,0
91112010,830,830,0
91112090,1236.89,1236.89,0
91118000,11288.3,11288.3,0
91119010,3570.33,3570.33,0
91119090,79290.39,79290.39,0
91122000,20779.14,20779.14,0
91129000,292.69,292.69,0
91131000,14205.64,14205.64,0
91132000,56066.08,56066.08,0
91139000,235189.02,235189.02,0
91141000,13885.36,13885.36,0
91143000,43253.33,43253.33,0
91143070,290,0,-290
91144000,3607.96,3607.96,0
91149000,396221.52,396221.52,0
91149010,16461.35,16461.35,0
91149020,180,180,0
91149030,2000,2000,0
91149050,536.53,536.53,0
91149060,2378.48,2378.48,0
91149070,60941.73999999999,60941.73999999999,0
91172000,50.03,0,-50.03
91200801,180,0,-180
91205101,182.4,0,-182.4
91216299,120,0,-120
92009200,489.4,0,-489.4
92011000,331964.23,331964.23,0
92012000,409856.5799999999,409856.5799999999,0
92019000,700.7,700.7,0
92021000,26410.7,26410.7,0
92029000,452338.39,452338.39,0
92049400,3447.7,0,-3447.7
92051000,30109.46,30109.46,0
92059000,95305.09,95305.09,0
92060000,162564.68,162564.68,0
92071010,63865.69,63865.69,0
92071090,523116.04,523116.04,0
92073010,1200,0,-1200
92075011,22.2,0,-22.2
92079010,219156.7499999999,219156.7499999999,0
92079090,167287.04,167287.04,0
92081000,216740.77,216740.77,0
92089000,56448.98,56448.98,0
92093000,68287.5,68287.5,0
92099090,1993.2,0,-1993.2
92099100,28486.9,28486.9,0
92099200,29015.87,29015.87,0
92099400,135382.8,135382.8,0
92099900,131730.77,131730.77,0
92208000,608.6,0,-608.6
92250430,145.08,0,-145.08
92262010,42,0,-42
92262090,149.5,0,-149.5
92511000,105,0,-105
92635800,670,0,-670
92848444,490,0,-490
93000000,308.6,0,-308.6
93002101,119.9,0,-119.9
93011000,8458.55,8458.55,0
93012000,2421.24,2421.24,0
93014000,54,0,-54
93016000,75,0,-75
93019000,828551.09,828551.09,0
93020000,3084478.67,3084478.67,0
93030000,1566,0,-1566
93031000,144541.3,144541.3,0
93032000,1235251.92,1235251.92,0
93032900,21.68,0,-21.68
93033000,2054712.45,2054712.45,0
93034090,30,0,-30
93039000,3303.67,3303.67,0
93039010,6846.15,6846.15,0
93039090,117975.12,117975.12,0
93040000,332461.8,332461.8,0
93040010,12816.77,12816.77,0
93040090,1598695.99,1598695.99,0
93051000,103280.71,103280.71,0
93052000,93474.48000000001,93474.48000000001,0
93059100,58897.87,58897.87,0
93059900,119324.64,119324.64,0
93061000,1637.8,1637.8,0
93062100,53239.98,53239.98,0
93062110,57796.06,57796.06,0
93062120,5755.049999999999,5755.049999999999,0
93062130,5192,5192,0
93062190,2947792.14,2947792.14,0
93062900,249504.32,249504.32,0
93063000,9769231.450000001,9769231.450000001,0
93069000,9758.8,9758.8,0
93069010,427.56,427.56,0
93069020,463.3100000000001,463.3100000000001,0
93069090,16418.55,16418.55,0
93070000,51237.56,51237.56,0
93100000,31.88,0,-31.88
93173900,16,0,-16
93181600,14.4,0,-14.4
93191020,420,0,-420
93241000,6,0,-6
93251000,11350,0,-11350
93254112,190,0,-190
93328727,650,0,-650
93329612,20,0,-20
93391762,5,0,-5
93402903,200,0,-200
93630000,2140,0,-2140
94000000,42017.16,0,-42017.16
94001200,4245,0,-4245
94003500,11280.6,0,-11280.6
94003909,5160,0,-5160
94004290,4197,0,-4197
94011010,13125.87,13125.87,0
94011090,353534.09,353534.09,0
94011610,1998,0,-1998
94012000,15174967.41,15174967.41,0
94013000,2326.76,0,-2326.76
94013010,34237.06,34237.06,0
94013090,256556.88,256556.88,0
94013100,404095.74,404095.74,0
94013900,8406729.97,8406729.97,0
94014010,5050,5050,0
94014090,628.9499999999999,628.9499999999999,0
94014100,450363.87,450363.87,0
94014900,48661.59,48661.59,0
94015200,32070,32070,0
94015300,116802.39,116802.39,0
94015900,857461.98,857461.98,0
94016100,86948167.91000003,86948167.91000003,0
94016900,6301119.759999998,6301119.759999998,0
94016999,1800,0,-1800
94017100,17095492.07,17095492.07,0
94017102,283.95,0,-283.95
94017900,9543727.009999996,9543727.009999996,0
94018000,6505113.059999999,6505113.059999999,0
94019010,3421.43,3421.43,0
94019090,130283.68,130283.68,0
94019100,179399.49,179399.49,0
94019900,7293964.739999998,7293964.739999998,0
94021000,648842.27,648842.27,0
94024010,2559.6,0,-2559.6
94029010,66595.85,66595.85,0
94029020,413310.39,413310.39,0
94029090,785339.76,785339.76,0
94031000,11992723.62,11992723.62,0
94031100,320,0,-320
94032000,1317553.45,1317553.45,0
94032010,3689157.11,3689157.11,0
94032090,22874692.37,22874692.37,0
94033000,48675697.07000001,48675697.07000001,0
94033300,19862.96,0,-19862.96
94034000,69694916.77000001,69694916.77000001,0
94035000,48806407.23999999,48806407.23999999,0
94036000,144592283.56,144592283.56,0
94036100,122859.62,0,-122859.62
94037000,5909601.130000001,5909601.130000001,0
94038000,3288.99,3288.99,0
94038100,36480,36480,0
94038200,116913.18,116913.18,0
94038300,218822.28,218822.28,0
94038900,8674558.370000001,8674558.370000001,0
94039000,20097.2,0,-20097.2
94039010,147337.38,147337.38,0
94039090,1324242.16,1324242.16,0
94039100,7799814.770000002,7799814.770000002,0
94039900,15201402.35,15201402.35,0
94040000,6104,0,-6104
94041000,5089437.080000001,5089437.080000001,0
94042000,3249.8,0,-3249.8
94042100,13573807.31,13573807.31,0
94042900,31731754.54,31731754.54,0
94043000,208161.17,208161.17,0
94044000,2095301.39,2095301.39,0
94044300,1287,0,-1287
94049000,9082460.229999999,9082460.229999999,0
94049200,2577.46,0,-2577.46
94051000,2165.42,0,-2165.42
94051006,9595.6,0,-9595.6
94051010,45032.38,45032.38,0
94051034,289,0,-289
94051090,3428.2,0,-3428.2
94051091,17171.78,17171.78,0
94051092,51937.83,51937.83,0
94051093,1560529.33,1560529.33,0
94051099,537208.3199999998,537208.3199999998,0
94051110,498636.6199999999,498636.6199999999,0
94051190,46303818.95,46303818.95,0
94051199,13,0,-13
94051910,61341.56,61341.56,0
94051990,11284685.67,11284685.67,0
94052000,188162.39,188162.39,0
94052100,949978.3499999999,949978.3499999999,0
94052900,2374478.939999999,2374478.939999999,0
94053000,23752.09,23752.09,0
94053100,412508.4400000001,412508.4400000001,0
94053401,585,0,-585
94053900,97735.30000000002,97735.30000000002,0
94054010,382020.3200000001,382020.3200000001,0
94054050,270,0,-270
94054090,535867.3099999998,535867.3099999998,0
94054100,2828226.27,2828226.27,0
94054200,26663690.69,26663690.69,0
94054900,6699915.84,6699915.84,0
94055000,2527094.61,2527094.61,0
94055090,45,0,-45
94055100,72.66,0,-72.66
94056000,12973.14,12973.14,0
94056100,308839.09,308839.09,0
94056900,246119.94,246119.94,0
94059100,462998.6299999999,462998.6299999999,0
94059200,854259.8,854259.8,0
94059900,2709014.260000001,2709014.260000001,0
94060000,120,0,-120
94060010,518,518,0
94060091,1786.49,1786.49,0
94060092,35810.74,35810.74,0
94060099,22788.3,22788.3,0
94061000,700,0,-700
94061010,233528.03,233528.03,0
94061090,263522.78,263522.78,0
94062000,2181909.78,2181909.78,0
94062100,1796,0,-1796
94069010,64167532.13,64167532.13,0
94069020,64010948.33,64010948.33,0
94069090,4838982.15,4838982.15,0
94069999,450,0,-450
94091990,9658.460000000001,0,-9658.460000000001
94099111,740,0,-740
94099190,1868,0,-1868
94099915,395,0,-395
94099917,408,0,-408
94099999,231.23,0,-231.23
94131090,1100,0,-1100
94139190,975,0,-975
94183000,4300,0,-4300
94219899,40,0,-40
94242900,13982.72,0,-13982.72
94251000,134,0,-134
94314929,2020,0,-2020
94329000,925.5,0,-925.5
94339090,290,0,-290
94355862,1189,0,-1189
94360000,3500.01,0,-3500.01
94368562,91,0,-91
94439933,374.5,0,-374.5
94509677,19.9,0,-19.9
94510012,35,0,-35
94523628,47.2,0,-47.2
94526314,49.9,0,-49.9
94768944,1200,0,-1200
94877600,10.2,0,-10.2
94942000,10,0,-10
95000000,1380,0,-1380
95010000,973.9399999999999,973.9399999999999,0
95021010,372.63,372.63,0
95029100,40,40,0
95029990,44.9,0,-44.9
95030000,828.9,0,-828.9
95030009,77.9,0,-77.9
95030010,3557076.92,3557076.92,0
95030021,102796.8,102796.8,0
95030022,748167.24,748167.24,0
95030029,45969.68,45969.68,0
95030031,406621.1900000001,406621.1900000001,0
95030039,396718.7100000001,396718.7100000001,0
95030040,57131.81,57131.81,0
95030050,254198.6299999999,254198.6299999999,0
95030060,820038.56,820038.56,0
95030070,110098.47,110098.47,0
95030080,645909.51,645909.51,0
95030090,1319.39,0,-1319.39
95030091,86144.69999999998,86144.69999999998,0
95030097,653880.98,653880.98,0
95030098,268020.69,268020.69,0
95030099,4477040.099999999,4477040.099999999,0
95031000,359.99,359.99,0
95039000,11130.4,11130.4,0
95039090,142.31,142.31,0
95039099,166,0,-166
95039900,19,0,-19
95042000,990287.9399999998,990287.9399999998,0
95043000,42430.16,42430.16,0
95044000,147845.3700000001,147845.3700000001,0
95045000,2371583.79,2371583.79,0
95049000,5680,5680,0
95049010,64053.94,64053.94,0
95049090,249921.27,249921.27,0
95051000,2216072.12,2216072.12,0
95052900,19221.04,0,-19221.04
95059000,1019202.45,1019202.45,0
95059900,540,0,-540
95061100,47238.94,47238.94,0
95061200,1856.01,1856.01,0
95061900,176498.38,176498.38,0
95062100,161449.32,161449.32,0
95062900,404448.66,404448.66,0
95063100,45825.31,45825.31,0
95063200,88644.28,88644.28,0
95063900,31797.79,31797.79,0
95064000,250578.55,250578.55,0
95065100,406750.4600000001,406750.4600000001,0
95065900,620617.5299999999,620617.5299999999,0
95066100,174740.84,174740.84,0
95066200,578651.2000000001,578651.2000000001,0
95066900,121170.29,121170.29,0
95067000,88804.31,88804.31,0
95069100,16462618.18,16462618.18,0
95069900,5413999.390000001,5413999.390000001,0
95070000,120,0,-120
95071000,1146728.77,1146728.77,0
95071090,3420,0,-3420
95072000,392721.99,392721.99,0
95073000,1318651.4,1318651.4,0
95079000,1585000.74,1585000.74,0
95081000,3466.16,3466.16,0
95082000,28.8,0,-28.8
95082110,14450,14450,0
95082190,3114.9,3114.9,0
95082210,1859,1859,0
95082290,147284.76,147284.76,0
95082300,2356,2356,0
95082400,432.35,432.35,0
95082500,8480.24,8480.24,0
95082600,6780,6780,0
95082900,548933.64,548933.64,0
95083000,179.9,179.9,0
95084000,28160.93,28160.93,0
95089010,80,80,0
95089023,2080,2080,0
95089049,23016,23016,0
95089050,6186,6186,0
95089090,2998.78,2998.78,0
95159000,338,0,-338
95159500,40,0,-40
95167990,119.9,0,-119.9
95222222,73,0,-73
95243687,12.9,0,-12.9
95265874,52.9,0,-52.9
95345298,91.6,0,-91.6
95352000,33,0,-33
95365090,80,0,-80
95365247,339.9,0,-339.9
95365278,40,0,-40
95366910,181.2,0,-181.2
95366990,43.6,0,-43.6
95368547,65.6,0,-65.6
95368590,79.8,0,-79.8
95392110,118,0,-118
95393100,18150,0,-18150
95626984,16,0,-16
95631458,107.8,0,-107.8
95635874,113.4,0,-113.4
95635894,23.9,0,-23.9
95636585,35.6,0,-35.6
95639657,99.6,0,-99.6
96003100,234,0,-234
96003409,8,0,-8
96011000,2932.83,2932.83,0
96019000,220940.4,220940.4,0
96020000,29.6,0,-29.6
96020010,9717.99,9717.99,0
96020020,80797.94,80797.94,0
96020090,398349.03,398349.03,0
96030000,259,0,-259
96030001,12,0,-12
96030200,73,0,-73
96030900,210,0,-210
96031000,2965124.479999999,2965124.479999999,0
96031011,1957.53,0,-1957.53
96032100,768805.2800000001,768805.2800000001,0
96032900,414822.76,414822.76,0
96032999,3043.6,0,-3043.6
96033000,286176.4,286176.4,0
96033900,9325.23,0,-9325.23
96034000,118.49,0,-118.49
96034002,175.64,0,-175.64
96034010,5385443.790000001,5385443.790000001,0
96034019,26,0,-26
96034090,3805498.07,3805498.07,0
96035000,11611542.43,11611542.43,0
96039000,12233423.61000001,12233423.61000001,0
96039090,1.09,0,-1.09
96039099,342.65,0,-342.65
96040000,4311845.850000001,4311845.850000001,0
96042900,130,0,-130
96042920,42,0,-42
96044000,632.6,0,-632.6
96048000,35.8,0,-35.8
96050000,22769.81,22769.81,0
96059000,29.9,0,-29.9
96061000,27312.36,27312.36,0
96062000,10.94,0,-10.94
96062100,16963.72,16963.72,0
96062200,14068.51,14068.51,0
96062900,477860.62,477860.62,0
96063000,12655.04,12655.04,0
96064010,836.94,0,-836.94
96071100,21275.92,21275.92,0
96071900,122429.07,122429.07,0
96072000,22925.88,22925.88,0
96081000,2424638.78,2424638.78,0
96082000,1949547.58,1949547.58,0
96082002,3.87,0,-3.87
96083000,252392.78,252392.78,0
96084000,77959.96999999999,77959.96999999999,0
96085000,5912.76,5912.76,0
96086000,30844.05,30844.05,0
96089100,1302.17,1302.17,0
96089981,984.65,984.65,0
96089989,118455.3,118455.3,0
96089990,18857.29,18857.29,0
96090000,11512,0,-11512
96091000,800035.9599999996,800035.9599999996,0
96091001,84.8,0,-84.8
96092000,29697.04,29697.04,0
96099000,1066449.79,1066449.79,0
96100000,461146.53,461146.53,0
96110000,561499.5,561499.5,0
96121000,1204500.9,1204500.9,0
96121011,10342.44,10342.44,0
96121012,1098.94,1098.94,0
96121019,5661.199999999999,5661.199999999999,0
96121090,20166.35,20166.35,0
96122000,25018.03,25018.03,0
96131000,332594.27,332594.27,0
96132000,9391.25,9391.25,0
96138000,166489.96,166489.96,0
96139000,133136.97,133136.97,0
96140000,14529.3,14529.3,0
96142000,1.7,1.7,0
96151000,1.99,0,-1.99
96151100,99431.15,99431.15,0
96151900,128742.54,128742.54,0
96159000,384872.27,384872.27,0
96161000,35496.48,35496.48,0
96162000,79180.87000000001,79180.87000000001,0
96170000,275,0,-275
96170010,7400053.240000001,7400053.240000001,0
96170020,307576.49,307576.49,0
96180000,34169.37,34169.37,0
96190000,3819837.169999998,3819837.169999998,0
96199000,145.9,0,-145.9
96200000,1086262.98,1086262.98,0
96261029,3601,0,-3601
96269090,50,0,-50
96309000,8.5,0,-8.5
96321545,118,0,-118
96352555,250,0,-250
96353535,2670,0,-2670
96358974,110.5,0,-110.5
96400000,55.5,0,-55.5
96541825,20,0,-20
96587412,325,0,-325
96801000,6,0,-6
96801200,32,0,-32
96820000,289,0,-289
96856565,110,0,-110
96887744,328,0,-328
96969335,438,0,-438
97010000,23435,0,-23435
97011000,289929.4,289929.4,0
97012100,2772513.63,2772513.63,0
97012200,74204.33,74204.33,0
97012900,280969.33,280969.33,0
97019000,21633.42,21633.42,0
97019100,6695297.459999999,6695297.459999999,0
97019200,32547.5,32547.5,0
97019900,2744541.89,2744541.89,0
97020000,10916.47,10916.47,0
97021000,14221.77,14221.77,0
97029000,141018.32,141018.32,0
97030000,48079.49,48079.49,0
97031000,105167,105167,0
97039000,4545257.329999999,4545257.329999999,0
97040000,38353.75,38353.75,0
97050000,5817.95,5817.95,0
97051000,40571.09,40571.09,0
97052100,1271.42,1271.42,0
97052900,4919.55,4919.55,0
97053100,8259.19,8259.19,0
97053900,30591.52,30591.52,0
97060000,181221.22,181221.22,0
97061000,3558771.92,3558771.92,0
97069000,12272341.63,12272341.63,0
97082999,801.89,0,-801.89
97083011,472.78,0,-472.78
97083090,230,0,-230
97088000,565,0,-565
97089100,350,0,-350
97089990,7238.6,0,-7238.6
97089999,325.02,0,-325.02
97141000,50,0,-50
97169090,857.99,0,-857.99
97170010,135,0,-135
97236547,138.9,0,-138.9
97885757,37.62,0,-37.62
98026082,702.1,0,-702.1
98034010,12,0,-12
98052615,164.8,0,-164.8
98072030,164,0,-164
98078990,1000,0,-1000
98081000,8.9,0,-8.9
98082000,10,0,-10
98101010,39.9,0,-39.9
98183910,36,0,-36
98256375,74.7,0,-74.7
98445875,20,0,-20
98456310,6,0,-6
98484654,820.8,0,-820.8
98541090,8.49,0,-8.49
98545554,50,0,-50
98552154,12,0,-12
98565214,103.2,0,-103.2
98567845,146,0,-146
98635265,159.6,0,-159.6
98648563,35,0,-35
98655556,25,0,-25
98708990,270,0,-270
98760000,319.9,0,-319.9
98769000,219.9,0,-219.9
98895656,4490,0,-4490
98988895,60,0,-60
98989889,3410,0,-3410
99000000,4700,0,-4700
99000040,68,0,-68
99000167,97,0,-97
99000183,532,0,-532
99000233,13.98,0,-13.98
99000262,486.41,0,-486.41
99000277,1590,0,-1590
99000304,132.92,0,-132.92
99000324,50,0,-50
99000354,7905.6,0,-7905.6
99000360,200,0,-200
99000362,90.3,0,-90.3
99000367,6250,0,-6250
99000524,270,0,-270
99000539,21855,0,-21855
99000553,295,0,-295
99000559,30.6,0,-30.6
99000564,2822.5,0,-2822.5
99000586,6740,0,-6740
99000591,16,0,-16
99000601,10920,0,-10920
99000635,17500.92,0,-17500.92
99000642,34.9,0,-34.9
99000644,8701.57,0,-8701.57
99000648,6146,0,-6146
99000668,2650,0,-2650
99000678,15109.77,0,-15109.77
99000687,25049,0,-25049
99000715,1736.4,0,-1736.4
99000726,28,0,-28
99000729,104,0,-104
99000736,7113.67,0,-7113.67
99000737,1100,0,-1100
99000738,7490.7,0,-7490.7
99000743,600,0,-600
99000751,174.95,0,-174.95
99000784,1553.9,0,-1553.9
99017809,47,0,-47
99173900,672.3499999999999,0,-672.3499999999999
99601245,650,0,-650
99635358,9830,0,-9830
99668855,234,0,-234
99886000,15,0,-15
99900000,840.4899999999999,0,-840.4899999999999
99900043,282.85,0,-282.85
99900053,60,0,-60
99900180,23.5,0,-23.5
99910000,2691.96,0,-2691.96
99928365,700,0,-700
99980101,110,0,-110
99990000,25207.04,0,-25207.04
99997101,862,0,-862
99998888,831.36,0,-831.36
99999000,1789,0,-1789
99999900,575181.2700000001,0,-575181.2700000001
99999990,1210.55,0,-1210.55
99999991,13521.84,0,-13521.84
99999998,95175.59,0,-95175.59
99999999,147568842.56,0,-147568842.56
