ncm,tipo_emitente,tipo_destinatario,cfop_receitabruta,cfop_compra,numero_indicador_mei,numero_indicador_simples,valor_produtos_servicos,tributos_nfe
00000000,PF,PF,True,False,-,-,0,0
00000000,PF,PJ,True,False,1,1,0,0
00000000,PF,PJ,True,False,2,1,0,0
00000000,PF,PJ,True,False,2,2,0,0
00000000,PJ,PF,False,True,1,1,0,0
00000000,PJ,PF,False,True,2,1,0,0
00000000,PJ,PF,False,True,2,2,0,0
00000000,PJ,PF,True,False,-,-,0,0
00000000,PJ,PJ,True,False,1,1,0,0
00000000,PJ,PJ,True,False,2,1,0,0
00000000,PJ,PJ,True,False,2,2,0,0
00000006,PJ,PF,False,True,2,2,0,0
00012802,PJ,PF,False,True,2,2,0,0
01012100,PF,PF,True,False,-,-,11439798.08,121861.5
01012100,PF,PJ,True,False,2,1,227000,576
01012100,PF,PJ,True,False,2,2,2312057.25,88669.95999999999
01012100,PJ,PF,False,True,2,2,10461186.41,0
01012100,PJ,PF,True,False,-,-,2179760,0
01012100,PJ,PJ,True,False,2,2,3473609.24,0
01012900,PF,PF,True,False,-,-,135595917.15,206891.49
01012900,PF,PJ,True,False,2,1,203639,996.8000000000001
01012900,PF,PJ,True,False,2,2,97673435.74000001,871909.2400000001
01012900,PJ,PF,False,True,2,1,268000,0
01012900,PJ,PF,False,True,2,2,80127.87999999999,1534.35
01012900,PJ,PF,True,False,-,-,1854798.2,19718
01012900,PJ,PJ,True,False,2,1,40980,3237.5
01012900,PJ,PJ,True,False,2,2,268258,486
01013000,PF,PF,True,False,-,-,2232112.3,50258.01
01013000,PF,PJ,True,False,2,2,497094.4,7826.72
01013000,PJ,PF,False,True,2,2,380000,0
01013000,PJ,PF,True,False,-,-,5000,0
01013000,PJ,PJ,True,False,2,2,47500,0
01019000,PF,PF,True,False,-,-,14988726.22,136533.76
01019000,PF,PJ,True,False,2,1,36535.38,150
01019000,PF,PJ,True,False,2,2,15803001.19,24433.12
01019000,PJ,PF,True,False,-,-,2750,98
01021010,PF,PF,True,False,-,-,779651.6,3379.2
01021010,PF,PJ,True,False,2,2,46500,0
01022110,PF,PF,True,False,-,-,288919625.84,134665.44
01022110,PF,PJ,True,False,1,1,33300,0
01022110,PF,PJ,True,False,2,1,949066.8,0
01022110,PF,PJ,True,False,2,2,610987366.68,1858352.91
01022110,PJ,PF,False,True,2,2,6336847.34,0
01022110,PJ,PF,True,False,-,-,4690430.05,0
01022110,PJ,PJ,True,False,2,1,494000,0
01022110,PJ,PJ,True,False,2,2,4232740.77,0
01022190,PF,PF,True,False,-,-,3814843424.87,4391004.7658
01022190,PF,PJ,True,False,1,1,153826.4,0
01022190,PF,PJ,True,False,2,1,30983379.99,183976.5
01022190,PF,PJ,True,False,2,2,5584731808.39,15411750.9934
01022190,PJ,PF,False,True,2,1,360107.5,0
01022190,PJ,PF,False,True,2,2,214770490.39,1904997.01
01022190,PJ,PF,True,False,-,-,40989862.32,3990.92
01022190,PJ,PJ,True,False,2,1,939734,0
01022190,PJ,PJ,True,False,2,2,280496750.82,11183.46
01022911,PF,PF,True,False,-,-,893645241.77,629446.85
01022911,PF,PJ,True,False,2,1,856520.13,33310.27
01022911,PF,PJ,True,False,2,2,2103133143.87,4956980.89
01022911,PJ,PF,False,True,2,2,364919.5,0
01022911,PJ,PJ,True,False,2,1,63072,0
01022911,PJ,PJ,True,False,2,2,8915232.03,0
01022919,PF,PF,True,False,-,-,2776465555.85,1425635.29
01022919,PF,PJ,True,False,1,1,2300,0
01022919,PF,PJ,True,False,2,1,13139911.67,5943.51
01022919,PF,PJ,True,False,2,2,849264023.58,17438200.45
01022919,PJ,PF,False,True,2,2,50166448.14,23468.25
01022919,PJ,PF,True,False,-,-,2922700,898.8
01022919,PJ,PJ,True,False,2,1,354635.9,0
01022919,PJ,PJ,True,False,2,2,198537165.11,0
01022990,PF,PF,True,False,-,-,12527661607.57,12113196.7504
01022990,PF,PJ,True,False,1,1,370113,8960.47
01022990,PF,PJ,True,False,2,1,44435855.2,252050.53
01022990,PF,PJ,True,False,2,2,20699558201.52,67621108.0134
01022990,PJ,PF,False,True,2,1,88100,0
01022990,PJ,PF,False,True,2,2,997003916.92,14658164.43
01022990,PJ,PF,True,False,-,-,2866499.6,8372.31
01022990,PJ,PJ,True,False,2,1,2719603.69,0
01022990,PJ,PJ,True,False,2,2,778559764.52,620130.69
01023110,PF,PF,True,False,-,-,1702631,77176
01023190,PF,PF,True,False,-,-,38652163.82,9970.57
01023190,PF,PJ,True,False,2,1,4105159.84,228
01023190,PF,PJ,True,False,2,2,13633928.31,47335.36
01023190,PJ,PF,False,True,2,2,1997500,0
01023190,PJ,PJ,True,False,2,2,60000.01,0
01023911,PF,PF,True,False,-,-,1945800,0
01023911,PF,PJ,True,False,2,2,2329000,0
01023911,PJ,PF,True,False,-,-,47280,0
01023911,PJ,PJ,True,False,2,2,18551.88,0
01023919,PF,PF,True,False,-,-,16505590.66,0
01023919,PF,PJ,True,False,2,2,123756832.54,70878.4
01023919,PJ,PF,False,True,2,2,104950,0
01023919,PJ,PJ,True,False,2,2,368918.32,0
01023990,PF,PF,True,False,-,-,20769643.16,20606.46
01023990,PF,PJ,True,False,1,1,11064,0
01023990,PF,PJ,True,False,2,1,14616,0
01023990,PF,PJ,True,False,2,2,147850996.46,602903.9600000001
01023990,PJ,PF,False,True,2,2,181680,0
01023990,PJ,PJ,True,False,2,2,312215.56,0
01029000,PF,PF,True,False,-,-,14373450889.03,4698488.404
01029000,PF,PJ,True,False,1,1,144422.97,0
01029000,PF,PJ,True,False,2,1,35110856.07,31585.72
01029000,PF,PJ,True,False,2,2,7019339995.71,85746270.7199
01029000,PJ,PF,False,True,1,1,14050,0
01029000,PJ,PF,False,True,2,1,429914,0
01029000,PJ,PF,False,True,2,2,1795760452.36,12868390.41
01029000,PJ,PF,True,False,-,-,14833602.42,605.6
01029000,PJ,PJ,True,False,2,1,1624473.27,0
01029000,PJ,PJ,True,False,2,2,970846539.54,2570
01029011,PF,PJ,True,False,2,2,6919.5,0
01029019,PJ,PF,False,True,2,2,1474683.86,0
01029090,PF,PF,True,False,-,-,78403491.04,53806.34
01029090,PF,PJ,True,False,2,1,79196.79,0
01029090,PF,PJ,True,False,2,2,51966276.32,2881696.56
01029090,PJ,PF,False,True,2,2,497270.12,0
01031000,PF,PF,True,False,-,-,32844244.31,10852.64
01031000,PF,PJ,True,False,1,1,13390.8,0
01031000,PF,PJ,True,False,2,1,2620924.9,57200.48
01031000,PF,PJ,True,False,2,2,164955320.5,992555.5500000003
01031000,PJ,PF,False,True,2,1,55200,0
01031000,PJ,PF,False,True,2,2,2263256.39,126407.24
01031000,PJ,PF,True,False,-,-,417218.77,0
01031000,PJ,PJ,True,False,2,2,2572102.8,0
01039100,PF,PF,True,False,-,-,64576972.57,353012.52
01039100,PF,PJ,True,False,1,1,52584.07,0
01039100,PF,PJ,True,False,2,1,10763942.64,234747.7899999999
01039100,PF,PJ,True,False,2,2,380788905.84,16261336.19
01039100,PJ,PF,False,True,2,1,111200,0
01039100,PJ,PF,False,True,2,2,334141658.04,8187703.55
01039100,PJ,PJ,True,False,2,1,11250,0
01039100,PJ,PJ,True,False,2,2,53046087.16,0
01039200,PF,PF,True,False,-,-,322859005.76,15092844.93
01039200,PF,PJ,True,False,1,1,1129067.04,11787.19
01039200,PF,PJ,True,False,2,1,75969453.89,1509273.17
01039200,PF,PJ,True,False,2,2,5313551098.349999,66949401.41999999
01039200,PJ,PF,False,True,2,1,2997007.85,699.32
01039200,PJ,PF,False,True,2,2,427265767.11,3052407.73
01039200,PJ,PF,True,False,-,-,628841.4,1421.04
01039200,PJ,PJ,True,False,1,1,66479.12999999999,0
01039200,PJ,PJ,True,False,2,1,2909772.53,0
01039200,PJ,PJ,True,False,2,2,898052998,0
01041011,PF,PF,True,False,-,-,12730,0
01041011,PF,PJ,True,False,2,1,505710,0
01041011,PF,PJ,True,False,2,2,10324.6,0
01041011,PJ,PF,False,True,2,2,3000,0
01041019,PF,PF,True,False,-,-,5579338.27,218.87
01041019,PF,PJ,True,False,2,1,235100,0
01041019,PF,PJ,True,False,2,2,66169367.19,27547.2
01041019,PJ,PF,False,True,2,2,160231.38,2913.76
01041019,PJ,PF,True,False,-,-,19510,3007.88
01041019,PJ,PJ,True,False,2,2,992141.2,0
01041090,PF,PF,True,False,-,-,5917743.19,34695.77
01041090,PF,PJ,True,False,2,1,133476.52,0
01041090,PF,PJ,True,False,2,2,6018777.75,359806.82
01041090,PJ,PF,False,True,2,2,838997.79,6267.03
01041090,PJ,PF,True,False,-,-,41903,2853.96
01041090,PJ,PJ,True,False,2,1,665,79.8
01041090,PJ,PJ,True,False,2,2,226877.51,0
01042010,PF,PF,True,False,-,-,31855,0
01042010,PF,PJ,True,False,2,2,136710,0
01042090,PF,PF,True,False,-,-,2478140.32,5364
01042090,PF,PJ,True,False,2,1,34200,4104
01042090,PF,PJ,True,False,2,2,490370.01,23501.34
01042090,PJ,PF,False,True,2,2,177624.76,0
01042090,PJ,PF,True,False,-,-,525,63
01042090,PJ,PJ,True,False,2,2,1300,156
01051110,PF,PF,True,False,-,-,2116532.599999999,68451.12
01051110,PF,PJ,True,False,2,1,436928.34,95.04
01051110,PF,PJ,True,False,2,2,10709183.57,77760
01051110,PJ,PF,False,True,2,1,4960,0
01051110,PJ,PF,False,True,2,2,411001.23,0
01051110,PJ,PJ,True,False,2,1,2200,0
01051110,PJ,PJ,True,False,2,2,10917462.69,0
01051190,PF,PF,True,False,-,-,265986041.52,352633.22
01051190,PF,PJ,True,False,1,1,565619.75,0
01051190,PF,PJ,True,False,2,1,15261246.72,35230.88
01051190,PF,PJ,True,False,2,2,490030235.33,658718.9013
01051190,PJ,PF,False,True,2,2,20884960.3,0
01051190,PJ,PF,True,False,-,-,23308518.76,883203.8400000001
01051190,PJ,PJ,True,False,1,1,91329,2944.23
01051190,PJ,PJ,True,False,2,1,2682737.9,89802.30000000002
01051190,PJ,PJ,True,False,2,2,364792815.0999999,6384302.210000001
01051200,PJ,PF,False,True,2,2,36450,0
01051300,PF,PF,True,False,-,-,150,0
01051500,PF,PJ,True,False,2,1,841228.12,0
01051500,PF,PJ,True,False,2,2,54645534.19000002,0
01059400,PF,PF,True,False,-,-,372386120.43,28920640.78999999
01059400,PF,PJ,True,False,1,1,365903.77,11594.08
01059400,PF,PJ,True,False,2,1,34265594.83,820015.7899999999
01059400,PF,PJ,True,False,2,2,548769205.5,7882033.160000001
01059400,PJ,PF,False,True,2,2,6763759.390000001,8851.95
01059400,PJ,PF,True,False,-,-,5162.4,0
01059400,PJ,PJ,True,False,2,1,5027670.8,356020.56
01059400,PJ,PJ,True,False,2,2,842325794.99,421493.34
01059900,PF,PF,True,False,-,-,512167098.66,22969787.50999999
01059900,PF,PJ,True,False,1,1,5116866.66,679271.16
01059900,PF,PJ,True,False,2,1,48606527.52999999,3742021.98
01059900,PF,PJ,True,False,2,2,337343171.42,5407173.05
01059900,PJ,PF,False,True,2,2,14825463.71,47986.69
01059900,PJ,PJ,True,False,2,1,466065.71,0
01059900,PJ,PJ,True,False,2,2,507175852.89,386268.66
01061100,PF,PF,True,False,-,-,1145306,0
01061100,PF,PJ,True,False,2,2,554800,66576
01061200,PF,PJ,True,False,2,2,6.91,0
01061900,PF,PF,True,False,-,-,1748865.63,1672.53
01061900,PF,PJ,True,False,2,1,3350,0
01061900,PF,PJ,True,False,2,2,917235.44,0
01061900,PJ,PF,False,True,2,2,10000,0
01062000,PF,PF,True,False,-,-,1400,210
01062000,PF,PJ,True,False,2,1,12600,1512
01063100,PF,PF,True,False,-,-,19701446.58,0
01063100,PF,PJ,True,False,1,1,61625,0
01063100,PF,PJ,True,False,2,1,3546782.839999998,1512
01063100,PF,PJ,True,False,2,2,5131444.529999999,0
01063390,PF,PF,True,False,-,-,2126234.71,0
01063390,PF,PJ,True,False,2,2,12488758.58,342458.9
01063900,PF,PF,True,False,-,-,68667327.68,133316.5
01063900,PF,PJ,True,False,1,1,41760.62,0
01063900,PF,PJ,True,False,2,1,1977922.68,1896
01063900,PF,PJ,True,False,2,2,28959578.69,193058.0399999999
01063900,PJ,PF,False,True,2,1,95680,0
01063900,PJ,PF,False,True,2,2,4883533,0
01063900,PJ,PJ,True,False,2,1,30902,0
01063900,PJ,PJ,True,False,2,2,9000,0
01069000,PF,PF,True,False,-,-,38773996.79,23624
01069000,PF,PJ,True,False,2,1,371975.01,3854.04
01069000,PF,PJ,True,False,2,2,24150517.47,492327.49
01069000,PJ,PF,False,True,2,2,175381.89,0
02011000,PF,PF,True,False,-,-,2044051.35,0
02011000,PF,PJ,True,False,2,1,120885,0
02011000,PF,PJ,True,False,2,2,2808170.3,0
02011000,PJ,PF,False,True,2,1,198050,0
02011000,PJ,PF,False,True,2,2,206591121.59,146813.14
02011000,PJ,PJ,True,False,2,2,85410,0
02012010,PF,PF,True,False,-,-,804528.31,233.31
02012010,PF,PJ,True,False,2,1,160368,0
02012010,PF,PJ,True,False,2,2,9791029.85,14283.06
02012010,PJ,PF,False,True,2,1,171668.1,0
02012010,PJ,PF,False,True,2,2,661175.68,0
02012020,PF,PF,True,False,-,-,186734.25,233.31
02012020,PF,PJ,True,False,2,1,200800,0
02012020,PF,PJ,True,False,2,2,9322182.81,18662.29
02012020,PJ,PF,False,True,2,2,3948297.43,0
02012090,PF,PF,True,False,-,-,21917255.95,65754.33
02012090,PF,PJ,True,False,2,1,930800,0
02012090,PF,PJ,True,False,2,2,28217321.23,18407.62
02012090,PJ,PF,False,True,2,1,7694.13,0
02012090,PJ,PF,False,True,2,2,44055221,9134.380000000001
02012090,PJ,PF,True,False,-,-,161900,0
02012090,PJ,PJ,True,False,2,1,25000,0
02012090,PJ,PJ,True,False,2,2,866124,0
02013000,PF,PF,True,False,-,-,158111.78,0
02013000,PF,PJ,True,False,2,2,1018078.53,0
02013000,PJ,PF,False,True,2,1,14381.05,0
02013000,PJ,PF,False,True,2,2,19891007.04,25743.93
02021000,PF,PJ,True,False,2,1,38382.8,0
02021000,PF,PJ,True,False,2,2,1100218,126146.16
02021000,PJ,PF,False,True,2,2,14702762.77,606699.55
02022010,PF,PJ,True,False,2,2,1845373.89,18468.5
02022010,PJ,PF,False,True,2,2,908605.85,0
02022020,PF,PF,True,False,-,-,26000,0
02022020,PF,PJ,True,False,2,2,2244670.1,22464.61000000001
02022090,PF,PF,True,False,-,-,463281.87,0
02022090,PF,PJ,True,False,2,2,3553088.95,0
02022090,PJ,PF,False,True,2,1,91230.62,0
02022090,PJ,PF,False,True,2,2,344381.87,98.43
02023000,PF,PF,True,False,-,-,1662482,0
02023000,PF,PJ,True,False,2,2,1087839.01,12346.84
02023000,PJ,PF,False,True,2,2,3632368.39,1764.08
02031100,PF,PF,True,False,-,-,3542634.13,3048.95
02031100,PF,PJ,True,False,2,1,23484.75,690.21
02031100,PF,PJ,True,False,2,2,2854151.32,138343.13
02031100,PJ,PF,False,True,2,1,178759.87,0
02031100,PJ,PF,False,True,2,2,24537956.47,703487.28
02031200,PJ,PF,False,True,2,2,456.25,0
02031900,PF,PF,True,False,-,-,1631.39,195.74
02031900,PF,PJ,True,False,2,1,62307.47,298.5
02031900,PF,PJ,True,False,2,2,3031942.15,1508.08
02031900,PJ,PF,False,True,2,2,2734658.29,0
02032200,PJ,PF,False,True,2,2,32440.6,0
02032900,PF,PJ,True,False,2,1,462000,0
02032900,PF,PJ,True,False,2,2,212.5,0
02032900,PJ,PF,False,True,2,1,165516.53,0
02032900,PJ,PF,False,True,2,2,1745001.81,474.87
02041000,PF,PJ,True,False,2,2,3040,0
02041000,PJ,PF,False,True,2,2,333274.72,0
02042200,PF,PJ,True,False,2,2,4974.86,0
02042200,PJ,PF,False,True,2,2,1800,0
02042300,PF,PJ,True,False,2,2,2704,0
02045000,PF,PF,True,False,-,-,42349,0
02045000,PF,PJ,True,False,2,2,1986230.5,356905.7
02050000,PF,PF,True,False,-,-,584170.4,24851.8
02050000,PF,PJ,True,False,2,2,27950,600
02061000,PF,PF,True,False,-,-,195650,0
02061000,PF,PJ,True,False,2,2,221972.17,2215.88
02061000,PJ,PF,False,True,2,1,106580,0
02061000,PJ,PF,False,True,2,2,644987.35,0
02062100,PF,PJ,True,False,2,2,437.4,4.37
02062100,PJ,PF,False,True,2,2,2144.25,0
02062200,PF,PF,True,False,-,-,1489740,0
02062200,PF,PJ,True,False,2,2,2653.5,26.53
02062200,PJ,PF,False,True,2,2,19212.1,0
02062910,PJ,PF,False,True,2,2,5904.780000000001,0
02062990,PF,PJ,True,False,2,2,895473.2000000001,0
02062990,PJ,PF,False,True,2,2,15264.9,0
02063000,PF,PF,True,False,-,-,303582.8,0
02063000,PF,PJ,True,False,1,1,1599,0
02063000,PF,PJ,True,False,2,1,1472174.79,957.5999999999999
02063000,PF,PJ,True,False,2,2,55799754.15,6161.93
02063000,PJ,PF,False,True,2,1,56200,0
02063000,PJ,PF,False,True,2,2,10663,528.2599999999999
02064900,PJ,PF,False,True,2,2,63291.21000000001,0
02071100,PF,PF,True,False,-,-,104245.05,2674.63
02071100,PF,PJ,True,False,2,1,255990.14,744.61
02071100,PF,PJ,True,False,2,2,4208793.409999998,79838.06
02071200,PF,PF,True,False,-,-,286967.28,26544.5
02071200,PF,PJ,True,False,2,1,309981.29,9642.31
02071200,PF,PJ,True,False,2,2,113802.46,10526.74
02071200,PJ,PF,False,True,2,1,23235,0
02071210,PJ,PF,False,True,2,1,14506.55,0
02071220,PF,PF,True,False,-,-,881568.0299999999,81544.99000000002
02071220,PF,PJ,True,False,2,1,347904.5199999999,32181.19
02071220,PF,PJ,True,False,2,2,322876.66,28865.71
02071300,PF,PF,True,False,-,-,11692.2,0
02071300,PF,PJ,True,False,2,1,7560.8,0
02071300,PF,PJ,True,False,2,2,8782,0
02071400,PF,PJ,True,False,2,2,195519.73,0
02071400,PJ,PF,False,True,2,2,3904228.25,0
02075500,PJ,PJ,True,False,2,2,293571.54,0
02076000,PF,PJ,True,False,2,1,70788,0
02089000,PJ,PF,False,True,2,2,2187.5,0
02091011,PJ,PF,False,True,2,2,3000,0
02091019,PF,PF,True,False,-,-,3493.33,0
02101100,PF,PF,True,False,-,-,7968,0
02101100,PF,PJ,True,False,2,2,43120.12,0
02101100,PJ,PF,False,True,2,2,849.5700000000002,0
02101200,PJ,PF,False,True,2,2,79716,0
02101900,PF,PJ,True,False,2,1,51991,0
02101900,PJ,PF,False,True,2,2,203213.0799999999,0
02102000,PF,PF,True,False,-,-,14250836.52,49658.62
02102000,PF,PJ,True,False,2,2,4957894.35,198185.82
02102000,PJ,PF,False,True,2,1,113994.93,0
02102000,PJ,PF,False,True,2,2,17355732.14,6884.7
02102000,PJ,PJ,True,False,2,2,116100,0
02109911,PJ,PF,False,True,2,2,1,0.2
02109930,PF,PF,True,False,-,-,1600,112
03011110,PF,PJ,True,False,2,2,2013771.35,0
03011190,PF,PF,True,False,-,-,691796.6,0
03011190,PF,PJ,True,False,2,1,31000,0
03011190,PF,PJ,True,False,2,2,54800,1502.4
03011190,PJ,PF,False,True,2,2,130255.2,0
03011900,PJ,PF,False,True,2,2,175000,0
03019190,PF,PF,True,False,-,-,1100,0
03019290,PF,PJ,True,False,2,1,83719.35,0
03019290,PF,PJ,True,False,2,2,37417,0
03019310,PF,PF,True,False,-,-,549099.96,0
03019310,PF,PJ,True,False,2,2,1434,0
03019911,PF,PF,True,False,-,-,2224143.75,0
03019911,PF,PJ,True,False,1,1,4500,315
03019911,PF,PJ,True,False,2,1,1007265.19,3806.25
03019911,PF,PJ,True,False,2,2,32565800.61,9951
03019911,PJ,PF,False,True,2,2,1579771.69,104704.04
03019911,PJ,PF,True,False,-,-,2732076.8,4498
03019911,PJ,PJ,True,False,1,1,22500,0
03019911,PJ,PJ,True,False,2,1,422349.25,540
03019911,PJ,PJ,True,False,2,2,9691534.27,14400
03019919,PF,PF,True,False,-,-,89173,0
03019919,PF,PJ,True,False,2,1,54198.82,0
03019919,PF,PJ,True,False,2,2,77080,0
03019919,PJ,PF,False,True,2,2,5000,0
03019990,PF,PF,True,False,-,-,1094857.41,4646.4
03019990,PF,PJ,True,False,2,1,1000,48
03019990,PF,PJ,True,False,2,2,1563863.62,10571.82
03019991,PF,PF,True,False,-,-,580252,0
03019991,PF,PJ,True,False,2,1,1025611.52,14880
03019991,PF,PJ,True,False,2,2,18906843.01,768907.08
03019991,PJ,PF,False,True,2,2,5702830.52,283419.37
03019991,PJ,PJ,True,False,2,2,2770447.3,0
03019999,PF,PF,True,False,-,-,1569819.8,0
03019999,PF,PJ,True,False,1,1,145036,0
03019999,PF,PJ,True,False,2,1,2961542.79,0
03019999,PF,PJ,True,False,2,2,24521031.42,119348.75
03021900,PF,PF,True,False,-,-,1605,0
03021900,PF,PJ,True,False,2,1,121297.5,0
03021900,PF,PJ,True,False,2,2,136134,0
03021900,PJ,PF,False,True,2,1,70000,0
03021900,PJ,PF,False,True,2,2,15770,0
03022300,PF,PJ,True,False,2,1,4312.5,24
03022300,PF,PJ,True,False,2,2,804679.9199999999,59926.79
03022300,PJ,PF,False,True,2,2,109480,0
03022900,PF,PF,True,False,-,-,1410,0
03022900,PF,PJ,True,False,1,1,1150,0
03022900,PF,PJ,True,False,2,1,30385,0
03022900,PF,PJ,True,False,2,2,2331437.28,4003.28
03022900,PJ,PF,False,True,2,2,472255.04,0
03023100,PF,PJ,True,False,2,2,137276.1,1584.24
03023200,PF,PJ,True,False,2,2,774049.5,1188
03023200,PJ,PF,False,True,2,2,539402.7999999999,0
03023300,PF,PJ,True,False,2,1,2716,0
03023300,PF,PJ,True,False,2,2,32781518.25,0
03023300,PJ,PF,False,True,2,2,177005.5,20034.58
03023400,PF,PJ,True,False,2,1,11556,0
03023400,PF,PJ,True,False,2,2,58255,173.16
03023900,PF,PJ,True,False,2,1,4250,510
03023900,PF,PJ,True,False,2,2,6119027.01,160.8
03023900,PJ,PF,False,True,2,1,319792,0
03023900,PJ,PF,False,True,2,2,284150.2,1397.04
03024100,PF,PJ,True,False,2,2,63046,0
03024210,PF,PJ,True,False,2,2,501064,0
03024290,PF,PJ,True,False,2,1,69364,698.4
03024290,PF,PJ,True,False,2,2,6416430.63,5965.220000000001
03024290,PJ,PF,False,True,2,1,81512,13245.84
03024290,PJ,PF,False,True,2,2,8125115.6,0
03024300,PF,PJ,True,False,2,1,198312,240
03024300,PF,PJ,True,False,2,2,66322911.2,36556.2
03024300,PJ,PF,False,True,2,1,2500,0
03024300,PJ,PF,False,True,2,2,8806644.76,511106.45
03024400,PF,PJ,True,False,2,1,5625,0
03024400,PF,PJ,True,False,2,2,1386257.5,1686.3
03024400,PJ,PF,False,True,2,2,2269408,50636
03024500,PF,PJ,True,False,2,1,2870,0
03024500,PF,PJ,True,False,2,2,127435,36.6
03024500,PJ,PF,False,True,2,2,245200,10164
03024600,PJ,PF,False,True,2,2,13801,0
03024700,PF,PF,True,False,-,-,94637.2,11356.45
03024700,PF,PJ,True,False,2,1,73513.1,3146.85
03024700,PF,PJ,True,False,2,2,7916053.3,21716.38
03024700,PJ,PF,False,True,2,1,3000,0
03024700,PJ,PF,False,True,2,2,31257.6,0
03024990,PF,PF,True,False,-,-,55000,330
03024990,PF,PJ,True,False,2,1,80703,0
03024990,PF,PJ,True,False,2,2,1401299.98,173.58
03024990,PJ,PF,False,True,2,2,26356,2774.4
03025300,PJ,PF,False,True,2,2,56000,0
03025400,PF,PJ,True,False,2,1,62058,0
03025400,PF,PJ,True,False,2,2,5201654,51601.44
03025900,PF,PF,True,False,-,-,160340,0
03025900,PF,PJ,True,False,1,1,7900,0
03025900,PF,PJ,True,False,2,1,1619871.6,15397.68
03025900,PF,PJ,True,False,2,2,6810448.85,259662
03025900,PJ,PF,False,True,2,2,604433,0
03026942,PF,PF,True,False,-,-,1275,0
03026942,PF,PJ,True,False,2,1,75054,0
03026942,PF,PJ,True,False,2,2,11855637.19,11583.36
03026943,PF,PF,True,False,-,-,10000,0
03026943,PF,PJ,True,False,2,2,110696.46,0
03026945,PF,PJ,True,False,2,2,518,62.16
03026954,PF,PF,True,False,-,-,3982.5,0
03026954,PF,PJ,True,False,1,1,42316.5,0
03026954,PF,PJ,True,False,2,1,188980.5,0
03026954,PF,PJ,True,False,2,2,1070299.2,0
03026955,PF,PJ,True,False,1,1,3460,0
03026955,PF,PJ,True,False,2,2,7.5,0
03026990,PF,PF,True,False,-,-,10680,0
03026990,PF,PJ,True,False,2,2,509.76,0
03027100,PF,PF,True,False,-,-,8756546.219999999,152187
03027100,PF,PJ,True,False,1,1,957,0
03027100,PF,PJ,True,False,2,1,2464169,157248.68
03027100,PF,PJ,True,False,2,2,104861329.52,4302174.22
03027100,PJ,PF,False,True,2,2,3314973.59,62849.41
03027100,PJ,PF,True,False,-,-,37150,3840
03027100,PJ,PJ,True,False,2,1,8998000,180
03027100,PJ,PJ,True,False,2,2,24041404.05,0
03027210,PF,PF,True,False,-,-,10000,0
03027210,PF,PJ,True,False,2,2,17425,0
03027210,PJ,PF,False,True,2,2,2550,24
03027290,PJ,PF,False,True,2,2,6860,26.4
03027400,PF,PJ,True,False,2,1,3114,0
03027400,PF,PJ,True,False,2,2,9708,544.56
03027900,PF,PJ,True,False,2,2,892055.4099999999,553.35
03027900,PJ,PF,False,True,2,1,30000,0
03027900,PJ,PF,False,True,2,2,3848,0
03028100,PF,PJ,True,False,2,1,916956.1,0
03028100,PF,PJ,True,False,2,2,2226545,14539.92
03028100,PJ,PF,False,True,2,2,31758,0
03028200,PJ,PF,False,True,2,2,40310,0
03028400,PF,PJ,True,False,2,1,40,0
03028400,PF,PJ,True,False,2,2,42,5.04
03028400,PJ,PF,False,True,2,2,61250,0
03028500,PF,PJ,True,False,2,1,3058,0
03028500,PF,PJ,True,False,2,2,84980.1,0
03028500,PJ,PF,False,True,2,2,17614.8,0
03028910,PF,PJ,True,False,2,2,20,2.4
03028910,PJ,PF,False,True,2,2,25311.83,0
03028921,PJ,PF,False,True,2,2,9139,0
03028931,PF,PJ,True,False,2,2,1606095,0
03028932,PF,PF,True,False,-,-,3560102,90.72
03028932,PF,PJ,True,False,1,1,2400,0
03028932,PF,PJ,True,False,2,1,793811.6,93517.39
03028932,PF,PJ,True,False,2,2,16602848.24,925964.22
03028932,PJ,PF,False,True,2,2,72000,0
03028933,PF,PF,True,False,-,-,139979,0
03028933,PF,PJ,True,False,2,1,389194.23,0
03028933,PF,PJ,True,False,2,2,11470175.27,0
03028934,PF,PJ,True,False,2,2,322681.1,0
03028935,PF,PF,True,False,-,-,20,0
03028935,PF,PJ,True,False,2,1,180,0
03028935,PF,PJ,True,False,2,2,9108,0
03028936,PJ,PF,False,True,2,2,19000,1200
03028937,PF,PF,True,False,-,-,800,0
03028937,PF,PJ,True,False,2,1,6233.22,0
03028937,PF,PJ,True,False,2,2,476942.12,0
03028938,PF,PF,True,False,-,-,416,49.92
03028938,PF,PJ,True,False,1,1,9290,0
03028938,PF,PJ,True,False,2,1,155656,903.6
03028938,PF,PJ,True,False,2,2,5265618.38,64354.96999999999
03028938,PJ,PF,False,True,2,1,194720,0
03028938,PJ,PF,False,True,2,2,169990,68.4
03028942,PF,PJ,True,False,2,2,328192,0.96
03028943,PF,PJ,True,False,2,2,1612942.16,0
03028944,PF,PF,True,False,-,-,17027816.94,0
03028944,PF,PJ,True,False,1,1,13135.5,0
03028944,PF,PJ,True,False,2,1,2623263.29,0
03028944,PF,PJ,True,False,2,2,74165716.50999999,13512
03028945,PF,PJ,True,False,2,2,189428.5,21471.42
03028990,PF,PF,True,False,-,-,1056242.32,91.3
03028990,PF,PJ,True,False,1,1,16664,0
03028990,PF,PJ,True,False,2,1,902067.5,17667.92
03028990,PF,PJ,True,False,2,2,45235605.27,320709.28
03028990,PJ,PF,False,True,2,2,6663611.41,52403.75
03029900,PF,PF,True,False,-,-,64141.04,0
03029900,PF,PJ,True,False,2,1,60381,0
03029900,PF,PJ,True,False,2,2,2007247.75,61191.12
03031900,PF,PJ,True,False,2,1,22351.2,0
03031900,PJ,PF,False,True,2,2,51280,6153.6
03032300,PF,PJ,True,False,2,2,2146020.53,22320
03032500,PF,PJ,True,False,2,2,816.2,0
03032900,PF,PJ,True,False,2,2,50095.78,0
03033200,PJ,PF,True,False,-,-,127339.56,0
03033200,PJ,PJ,True,False,2,1,12500,0
03033200,PJ,PJ,True,False,2,2,149904,0
03033900,PF,PJ,True,False,2,2,2820,0
03035300,PF,PJ,True,False,2,2,205387,18787.2
03035400,PF,PJ,True,False,2,2,91542,0
03035400,PJ,PF,False,True,2,2,152428,142.8
03035700,PJ,PF,False,True,2,2,10000,365
03035990,PJ,PF,False,True,2,2,32400,0
03036300,PJ,PF,False,True,2,2,54400,0
03037953,PF,PF,True,False,-,-,22400,0
03037990,PF,PF,True,False,-,-,12000,0
03038111,PJ,PF,False,True,2,1,28885.8,0
03038111,PJ,PF,False,True,2,2,540,0
03038112,PJ,PF,False,True,2,2,2844,102.05
03038400,PJ,PF,False,True,2,2,6119,0
03038910,PF,PJ,True,False,2,2,2797698,888
03038910,PJ,PF,False,True,2,2,12000,0
03038920,PF,PJ,True,False,2,1,26840,0
03038920,PF,PJ,True,False,2,2,128685,0
03038920,PJ,PF,False,True,2,2,184105.5,0
03038932,PJ,PF,False,True,2,2,689300,0
03038933,PF,PJ,True,False,2,2,12199.46,144.26
03038951,PF,PJ,True,False,2,1,16100,1127
03038951,PF,PJ,True,False,2,2,249938.2,0
03038952,PF,PJ,True,False,2,2,152486.6,0
03038953,PF,PJ,True,False,2,2,1015127.5,0
03038954,PF,PJ,True,False,2,2,14859.5,0
03038955,PF,PJ,True,False,2,1,18600,0
03038955,PF,PJ,True,False,2,2,88677.6,1312.5
03038962,PF,PJ,True,False,2,2,264,31.68
03038964,PF,PJ,True,False,1,1,48475,0
03038964,PF,PJ,True,False,2,1,124900,0
03038964,PF,PJ,True,False,2,2,1601631.74,0
03038990,PF,PF,True,False,-,-,58724.19,0
03038990,PF,PJ,True,False,2,1,198090,0
03038990,PF,PJ,True,False,2,2,2179433.36,2.4
03038990,PJ,PF,False,True,2,2,180506,4814.4
03039990,PF,PJ,True,False,2,2,34763.94,0
03043100,PF,PF,True,False,-,-,295960,58846.8
03043100,PF,PJ,True,False,2,1,5950,0
03043100,PF,PJ,True,False,2,2,1855234,36409.38
03043100,PJ,PF,False,True,2,1,101500,0
03043100,PJ,PF,False,True,2,2,589700,0
03043290,PF,PJ,True,False,2,2,9073.6,0
03043900,PF,PF,True,False,-,-,83808,0
03043900,PF,PJ,True,False,2,1,159704.16,1420.9
03043900,PF,PJ,True,False,2,2,1458809.29,10613.4
03045300,PF,PF,True,False,-,-,400,0
03045900,PJ,PF,False,True,2,2,139215,4887.09
03046100,PF,PF,True,False,-,-,10057740.4,1398527.29
03046100,PF,PJ,True,False,2,1,1017801.8,69392.6
03046100,PF,PJ,True,False,2,2,31481084.87,1177796.95
03046100,PJ,PF,False,True,2,2,36838.8,0
03047900,PJ,PF,False,True,2,2,507,0
03048910,PJ,PF,False,True,2,1,8000,0
03048910,PJ,PF,False,True,2,2,58426.78,0
03048930,PJ,PF,False,True,2,2,492621.5,0
03048990,PF,PJ,True,False,2,2,726,0
03049500,PF,PF,True,False,-,-,102162.6,0
03049500,PF,PJ,True,False,2,1,201935.5,0
03049500,PF,PJ,True,False,2,2,1052600,0
03049900,PF,PF,True,False,-,-,150,0
03049900,PF,PJ,True,False,2,1,442924.8,0
03049900,PF,PJ,True,False,2,2,6745691.4,11101.1
03049900,PJ,PF,False,True,2,1,40000,0
03049900,PJ,PF,False,True,2,2,164800.02,27.92
03055400,PF,PJ,True,False,2,2,55830,0
03056300,PF,PJ,True,False,2,1,2000,0
03057100,PF,PJ,True,False,2,1,255216,591.84
03057100,PF,PJ,True,False,2,2,99448.75,128.45
03057900,PF,PJ,True,False,2,2,39250,0
03061110,PJ,PF,False,True,2,2,219935.1,12206.52
03061190,PJ,PF,False,True,2,2,13071,725.4699999999999
03061710,PJ,PF,False,True,2,1,23946.6,0
03061790,PJ,PF,False,True,2,1,14880,0
03063100,PF,PJ,True,False,2,2,19.5,2.34
03063100,PJ,PF,False,True,2,2,175340.8,9731.51
03063600,PF,PJ,True,False,2,1,46094912.5,0
03063600,PF,PJ,True,False,2,2,4971007,720
03069500,PF,PJ,True,False,2,1,1421462.7,170575.52
03069500,PF,PJ,True,False,2,2,7794054.5,855733.8600000002
03074200,PF,PJ,True,False,2,1,27103,0
03074200,PF,PJ,True,False,2,2,428724.41,3447.330000000002
03074310,PF,PJ,True,False,2,2,9616,0
03074900,PF,PJ,True,False,2,2,143,17.16
03075100,PF,PJ,True,False,2,2,2764.5,298.14
03075200,PF,PJ,True,False,2,2,4750,0
03075900,PF,PJ,True,False,2,2,33895,2147.4
03078100,PF,PJ,True,False,2,2,412,49.44
03089000,PF,PJ,True,False,2,2,1144693.95,0
03091000,PF,PF,True,False,-,-,19500,0
04011010,PF,PF,True,False,-,-,896326,109398
04011010,PF,PJ,True,False,2,2,612042.3099999999,0
04011010,PJ,PF,False,True,2,2,46818941.40000001,1796837.93
04011090,PF,PJ,True,False,2,1,1526273.18,0
04011090,PF,PJ,True,False,2,2,5378275.36,0
04011090,PJ,PF,False,True,2,2,11693358.69,89191.88
04011090,PJ,PF,True,False,-,-,2535.78,0
04011090,PJ,PJ,True,False,1,1,955.6,0
04011090,PJ,PJ,True,False,2,1,518247.8299999999,3082.24
04011090,PJ,PJ,True,False,2,2,7680238.959999998,25782.25
04012010,PF,PJ,True,False,2,2,81520,0
04012010,PJ,PF,False,True,2,1,5401.2,0
04012010,PJ,PF,False,True,2,2,729725.52,33749.7
04012010,PJ,PJ,True,False,2,2,744430.5,0
04012090,PF,PF,True,False,-,-,211200,0
04012090,PF,PJ,True,False,1,1,34998,0
04012090,PF,PJ,True,False,2,1,1406035.95,457
04012090,PF,PJ,True,False,2,2,187086107.05,883891.9900000002
04012090,PJ,PF,False,True,2,2,1226141010.6,49562196.76
04012090,PJ,PF,True,False,-,-,35699.64,0
04012090,PJ,PJ,True,False,1,1,120908.5,5737.689999999997
04012090,PJ,PJ,True,False,2,1,16925916.46,101934.31
04012090,PJ,PJ,True,False,2,2,232086413.0899999,565203.8300000001
04014010,PF,PF,True,False,-,-,132052.5,0
04014010,PF,PJ,True,False,1,1,43920,1374
04014010,PF,PJ,True,False,2,2,54635276.17,3600
04014010,PJ,PF,False,True,2,2,130243748.22,2573543.82
04014029,PJ,PJ,True,False,2,2,664607.5,79756.94
04015010,PF,PJ,True,False,2,2,6882262.33,0
04015010,PJ,PF,False,True,2,2,9012232.889999999,0
04015029,PF,PJ,True,False,2,2,970182.38,0
04015029,PJ,PJ,True,False,2,2,13341164.54,2021025.92
04021090,PJ,PF,False,True,2,2,3221409.74,142589.56
04022110,PF,PJ,True,False,2,2,55676.5,0
04022110,PJ,PF,False,True,2,1,28481.48,0
04022110,PJ,PF,False,True,2,2,38195728.95,1175773.8
04022910,PF,PJ,True,False,1,1,114,0
04022910,PF,PJ,True,False,2,1,4828.85,0
04022910,PF,PJ,True,False,2,2,27243.2,0
04022910,PJ,PF,False,True,2,2,218031.51,25274.11
04029100,PF,PJ,True,False,2,1,25692,5035.799999999999
04029100,PJ,PF,False,True,2,2,10528777.81,714280.72
04029900,PF,PJ,True,False,2,1,170862.14,0
04029900,PF,PJ,True,False,2,2,11494511.37,25.34
04029900,PJ,PF,False,True,2,2,13907725.74,873075.96
04032000,PF,PF,True,False,-,-,382.45,0
04032000,PF,PJ,True,False,1,1,157.7,0
04032000,PF,PJ,True,False,2,1,6473.900000000001,0
04032000,PF,PJ,True,False,2,2,35139.14999999999,0
04039000,PF,PF,True,False,-,-,601,0
04039000,PF,PJ,True,False,2,2,2208,0
04041000,PF,PJ,True,False,2,2,8750,0
04051000,PF,PF,True,False,-,-,4549.16,21.83
04051000,PF,PJ,True,False,1,1,4125.72,0
04051000,PF,PJ,True,False,2,1,306134.34,87.07
04051000,PF,PJ,True,False,2,2,6983849.729999999,1278.64
04051000,PJ,PF,False,True,2,2,92186.86000000002,1840.12
04061010,PF,PF,True,False,-,-,499,0
04061010,PF,PJ,True,False,2,2,10685.04,0
04061010,PJ,PF,False,True,2,2,1537850.59,139724.69
04061090,PF,PF,True,False,-,-,119350.67,228.39
04061090,PF,PJ,True,False,1,1,4766.17,176.68
04061090,PF,PJ,True,False,2,1,1691471.75,2578.6
04061090,PF,PJ,True,False,2,2,7714065.439999999,1909.7
04061090,PJ,PF,False,True,2,1,93528.13,2659.68
04061090,PJ,PF,False,True,2,2,243210.73,14783.85
04062000,PF,PJ,True,False,2,2,12896.17,0
04063000,PF,PJ,True,False,2,2,9667,0
04069010,PF,PF,True,False,-,-,150597.27,0
04069010,PF,PJ,True,False,2,1,32097.93,0
04069010,PF,PJ,True,False,2,2,320861.53,25578.37
04069010,PJ,PF,False,True,2,1,3705.44,0
04069020,PF,PF,True,False,-,-,220,0
04069020,PF,PJ,True,False,2,1,267286.28,0
04069020,PF,PJ,True,False,2,2,2550214.11,0
04069020,PJ,PF,False,True,2,2,227271.34,0
04069090,PF,PF,True,False,-,-,2949.43,380.76
04069090,PF,PJ,True,False,2,1,156882.41,1326.04
04069090,PF,PJ,True,False,2,2,2731639.929999999,51103.8
04069090,PJ,PF,False,True,2,2,3785.39,0
04071100,PF,PF,True,False,-,-,12233442.49,1235.59
04071100,PF,PJ,True,False,1,1,33688,0
04071100,PF,PJ,True,False,2,1,9023530.05,118451.4099999999
04071100,PF,PJ,True,False,2,2,132032861.22,405905.61
04071100,PJ,PF,False,True,2,1,23547,0
04071100,PJ,PF,False,True,2,2,17691970.83,6055.2
04071100,PJ,PF,True,False,-,-,60290578.11000001,2205409.57
04071100,PJ,PJ,True,False,1,1,96953.5,0
04071100,PJ,PJ,True,False,2,1,1182056.09,1959.07
04071100,PJ,PJ,True,False,2,2,249244776.4899999,4860471.460000001
04071900,PF,PF,True,False,-,-,50462476.43,235898.82
04071900,PF,PJ,True,False,1,1,288782.02,4374.4
04071900,PF,PJ,True,False,2,1,8325001.77,129033.82
04071900,PF,PJ,True,False,2,2,35117477.06,536113.8400000001
04071900,PJ,PF,False,True,2,2,644779.2,24553.2
04071900,PJ,PF,True,False,-,-,40972.16,1136.54
04071900,PJ,PJ,True,False,2,2,38527.73,290.82
04072100,PF,PF,True,False,-,-,310213563.84,5124700.920000001
04072100,PF,PJ,True,False,1,1,9557504.1,293136.12
04072100,PF,PJ,True,False,2,1,250465125.43,5110516.55
04072100,PF,PJ,True,False,2,2,2461081511.49,36783640.88
04072100,PJ,PF,False,True,2,1,2670635.46,1255.14
04072100,PJ,PF,False,True,2,2,146248530.67,31881.3
04072100,PJ,PF,True,False,-,-,42711548.44000001,0
04072100,PJ,PJ,True,False,1,1,10094747.33,0
04072100,PJ,PJ,True,False,2,1,289734461.33,0
04072100,PJ,PJ,True,False,2,2,1988611306.16,105033.56
04072900,PF,PF,True,False,-,-,37205005.74,254758.52
04072900,PF,PJ,True,False,1,1,3604649.2,63050.24000000001
04072900,PF,PJ,True,False,2,1,48892044.4,293317.29
04072900,PF,PJ,True,False,2,2,591198652.17,15835620.31
04072900,PJ,PF,False,True,2,1,8101.5,0
04072900,PJ,PF,False,True,2,2,3935133.1,144302.79
04072900,PJ,PF,True,False,-,-,1524368.88,0
04072900,PJ,PJ,True,False,1,1,388638.6,0
04072900,PJ,PJ,True,False,2,1,3969683.13,2504.88
04072900,PJ,PJ,True,False,2,2,34533136.83,1252.44
04079000,PF,PF,True,False,-,-,45065277.94,3395437.46
04079000,PF,PJ,True,False,1,1,997188.36,4410
04079000,PF,PJ,True,False,2,1,18739352.22,260054.33
04079000,PF,PJ,True,False,2,2,311975552.14,1503641.72
04079000,PJ,PF,False,True,2,1,274143,0
04079000,PJ,PF,False,True,2,2,646510.53,1595.71
04079000,PJ,PF,True,False,-,-,4023724.05,0
04079000,PJ,PJ,True,False,1,1,756515.52,0
04079000,PJ,PJ,True,False,2,1,11607049.82,0
04079000,PJ,PJ,True,False,2,2,17790924.4,0
04081100,PF,PF,True,False,-,-,4268,0
04081100,PF,PJ,True,False,2,2,1520593.94,0
04081900,PF,PF,True,False,-,-,5312,966.0000000000002
04081900,PF,PJ,True,False,1,1,100,20
04081900,PF,PJ,True,False,2,1,49723.38,9676.669999999998
04081900,PF,PJ,True,False,2,2,287884,49286.08
04081900,PJ,PF,False,True,2,1,2660,0
04081900,PJ,PF,False,True,2,2,902108.75,0
04081900,PJ,PJ,True,False,2,1,317924.08,0
04081900,PJ,PJ,True,False,2,2,1721790.04,2048.779999999999
04089100,PF,PF,True,False,-,-,574232.77,0
04089100,PF,PJ,True,False,2,2,90723.4,0
04089900,PF,PF,True,False,-,-,251448.6,26108.52
04089900,PF,PJ,True,False,1,1,801,54.2
04089900,PF,PJ,True,False,2,1,2229762.58,145104.91
04089900,PF,PJ,True,False,2,2,15929648.41,2471348.43
04089900,PJ,PF,False,True,2,1,59130,0
04089900,PJ,PF,False,True,2,2,1607935.91,192452.66
04089900,PJ,PF,True,False,-,-,27680,1328.64
04089900,PJ,PJ,True,False,1,1,16867,0
04089900,PJ,PJ,True,False,2,1,1852730.41,0
04089900,PJ,PJ,True,False,2,2,19246027.83,18310.86
04090000,PF,PF,True,False,-,-,200249,0
04090000,PF,PJ,True,False,2,1,259607.57,3339.74
04090000,PF,PJ,True,False,2,2,131452.86,513.12
04090000,PJ,PJ,True,False,2,2,17675,0
04109000,PF,PF,True,False,-,-,2794,0
05010000,PF,PJ,True,False,2,1,110,0
05010000,PF,PJ,True,False,2,2,600,0
05010000,PJ,PF,False,True,2,2,60,0
05040011,PF,PF,True,False,-,-,1618273515.41,213948.82
05040011,PF,PJ,True,False,1,1,191831.8,0
05040011,PF,PJ,True,False,2,1,6079469.09,0
05040011,PF,PJ,True,False,2,2,540441336.52,8633891.76
05040011,PJ,PF,False,True,2,2,526156.14,4162.5
05040011,PJ,PF,True,False,-,-,13000,0
05040011,PJ,PJ,True,False,1,1,0,0
05040011,PJ,PJ,True,False,2,1,0,0
05040011,PJ,PJ,True,False,2,2,2607168,0
05040012,PF,PF,True,False,-,-,1453674.44,0
05040012,PF,PJ,True,False,2,2,356600,0
05040012,PJ,PJ,True,False,2,2,1000,0
05040013,PF,PF,True,False,-,-,261979.35,0
05040013,PF,PJ,True,False,2,1,68391.1,0
05040013,PF,PJ,True,False,2,2,73356552.83,503361.41
05040013,PJ,PF,False,True,2,1,1069511.94,22.2
05040090,PF,PF,True,False,-,-,231500,0
05040090,PF,PJ,True,False,2,1,2193760,0
05040090,PF,PJ,True,False,2,2,2217522,0
05051000,PJ,PJ,True,False,2,2,34618.61,0
05061000,PJ,PF,False,True,2,2,11470.53,0
05069000,PJ,PF,False,True,2,2,55169.15,0
05079000,PF,PJ,True,False,2,2,3802.38,0
05079000,PJ,PF,False,True,2,2,2325950,0
05080000,PF,PF,True,False,-,-,91860,6027
05100010,PF,PF,True,False,-,-,5012.5,0
05100010,PF,PJ,True,False,2,2,3993900,0
05100090,PF,PF,True,False,-,-,18300,0
05100090,PF,PJ,True,False,2,1,150931.24,0
05100090,PF,PJ,True,False,2,2,166334.12,0
05100090,PJ,PF,False,True,2,2,1340800,1661761.66
05111000,PF,PF,True,False,-,-,2126345.36,28
05111000,PF,PJ,True,False,2,1,118195,0
05111000,PF,PJ,True,False,2,2,482570.54,0
05111000,PJ,PF,False,True,2,2,250,0
05111000,PJ,PF,True,False,-,-,263130,0
05111000,PJ,PJ,True,False,2,1,40820.1,0
05111000,PJ,PJ,True,False,2,2,355826,0
05119190,PF,PJ,True,False,2,1,633.5,0
05119190,PF,PJ,True,False,2,2,11557.5,0
05119910,PF,PF,True,False,-,-,8364950.59,0
05119910,PF,PJ,True,False,2,1,64072,0
05119910,PF,PJ,True,False,2,2,8016092.560000001,0
05119910,PJ,PF,False,True,2,2,252350,0
05119910,PJ,PF,True,False,-,-,2717674,0
05119910,PJ,PJ,True,False,2,1,243000,0
05119910,PJ,PJ,True,False,2,2,5649216.61,0
05119920,PF,PF,True,False,-,-,5082103.02,779.4
05119920,PF,PJ,True,False,2,1,2510,3.6
05119920,PF,PJ,True,False,2,2,6929307.12,1017.29
05119920,PJ,PF,False,True,2,2,998150,0
05119920,PJ,PF,True,False,-,-,201611.43,0
05119920,PJ,PJ,True,False,2,2,62778.02,0
05119991,PF,PJ,True,False,2,1,120,0
05119991,PF,PJ,True,False,2,2,21140,0
05119999,PF,PF,True,False,-,-,4030033.02,761.04
05119999,PF,PJ,True,False,2,1,3404.68,0
05119999,PF,PJ,True,False,2,2,14642608.95,1769.64
05119999,PJ,PF,False,True,2,2,6838.5,0.1
05119999,PJ,PF,True,False,-,-,242222.79,0
05119999,PJ,PJ,True,False,2,1,1139493.11,0
05119999,PJ,PJ,True,False,2,2,14381401.79,504.34
06011000,PF,PF,True,False,-,-,27848,0
06011000,PF,PJ,True,False,2,2,273385.6,0
06011000,PJ,PF,True,False,-,-,262934.91,12241.67
06011000,PJ,PJ,True,False,2,1,305082.55,14330.91
06011000,PJ,PJ,True,False,2,2,123745.1,2898.74
06012000,PF,PF,True,False,-,-,9538745.44,149538.08
06012000,PF,PJ,True,False,1,1,22926,0
06012000,PF,PJ,True,False,2,1,81392.34,200.93
06012000,PF,PJ,True,False,2,2,10623520.27,20751.54
06012000,PJ,PF,False,True,2,2,20691.2,876.1
06012000,PJ,PF,True,False,-,-,819872.3,0
06012000,PJ,PJ,True,False,1,1,433159.9,719.69
06012000,PJ,PJ,True,False,2,1,2236821.7,26413.17
06012000,PJ,PJ,True,False,2,2,23898947.14,38109.93999999999
06021000,PF,PF,True,False,-,-,84000,0
06021000,PJ,PF,True,False,-,-,925789.7999999999,36177.64
06021000,PJ,PJ,True,False,1,1,37823.07,1096.31
06021000,PJ,PJ,True,False,2,1,217747.6,5358.969999999999
06021000,PJ,PJ,True,False,2,2,8879304.77,3234.32
06022000,PF,PF,True,False,-,-,932545.3300000001,0
06022000,PF,PJ,True,False,2,1,9099546.340000002,0
06022000,PF,PJ,True,False,2,2,57810913.15,0
06022000,PJ,PF,False,True,2,2,10025.1,0
06022000,PJ,PF,True,False,-,-,1377327.5,0
06022000,PJ,PJ,True,False,1,1,17.7,0.65
06022000,PJ,PJ,True,False,2,1,16866.55,4.25
06022000,PJ,PJ,True,False,2,2,4615213.28,0
06023000,PJ,PJ,True,False,2,1,2150,78.47999999999999
06023000,PJ,PJ,True,False,2,2,4342881.02,36986.48
06024000,PF,PF,True,False,-,-,186,0
06024000,PF,PJ,True,False,1,1,340,0
06024000,PF,PJ,True,False,2,1,622,0
06024000,PF,PJ,True,False,2,2,142,0
06024000,PJ,PJ,True,False,2,1,460,15.91
06024000,PJ,PJ,True,False,2,2,90.45,3.3
06029010,PJ,PJ,True,False,2,2,215,0
06029021,PJ,PF,True,False,-,-,122593,0
06029021,PJ,PJ,True,False,1,1,34677,0
06029021,PJ,PJ,True,False,2,1,315899.55,0
06029021,PJ,PJ,True,False,2,2,133592.6,0
06029029,PF,PF,True,False,-,-,1479504.18,28727.79
06029029,PF,PJ,True,False,1,1,593029.03,0
06029029,PF,PJ,True,False,2,1,5693049.54,9417.6
06029029,PF,PJ,True,False,2,2,3354511.5,9313
06029029,PJ,PF,False,True,2,1,3750,0
06029029,PJ,PF,False,True,2,2,480,44.4
06029029,PJ,PF,True,False,-,-,2722404.56,63543.56
06029029,PJ,PJ,True,False,1,1,33252.65,1069.71
06029029,PJ,PJ,True,False,2,1,1609413.26,21226.6
06029029,PJ,PJ,True,False,2,2,32760926.64,174446.83
06029081,PF,PF,True,False,-,-,48671591.25,0
06029081,PF,PJ,True,False,2,1,5896.8,0
06029081,PF,PJ,True,False,2,2,79060839.17999999,17634.41
06029081,PJ,PF,False,True,2,2,134906361.4,359458.46
06029081,PJ,PF,True,False,-,-,2724776.2,17679.31
06029081,PJ,PJ,True,False,2,1,12520,85.53
06029081,PJ,PJ,True,False,2,2,24619768.77,91314.32
06029083,PF,PF,True,False,-,-,10773601.25,107590.61
06029083,PF,PJ,True,False,2,1,20174.4,612.53
06029083,PF,PJ,True,False,2,2,130004433.73,37306.35
06029083,PJ,PF,True,False,-,-,37591.8,4500
06029083,PJ,PJ,True,False,2,2,15950,0
06029089,PF,PF,True,False,-,-,30775463.84,810089.89
06029089,PF,PJ,True,False,1,1,165765.89,0
06029089,PF,PJ,True,False,2,1,4364702.71,4533.61
06029089,PF,PJ,True,False,2,2,24371951.86,179989.27
06029089,PJ,PF,False,True,2,1,2.5,0
06029089,PJ,PF,True,False,-,-,23608.5,0
06029089,PJ,PJ,True,False,2,1,2682.5,0
06029089,PJ,PJ,True,False,2,2,5071369.69,2942.86
06029090,PF,PF,True,False,-,-,20080077.7,233516.73
06029090,PF,PJ,True,False,1,1,515465.35,7083.740000000001
06029090,PF,PJ,True,False,2,1,7879146.199999999,79412.47000000002
06029090,PF,PJ,True,False,2,2,106999459.8,309779.7
06029090,PJ,PF,False,True,2,1,5320,0
06029090,PJ,PF,False,True,2,2,22766300.57,733830.78
06029090,PJ,PF,True,False,-,-,1343087.32,24773.13
06029090,PJ,PJ,True,False,1,1,158136.1,411.37
06029090,PJ,PJ,True,False,2,1,7222535.39,16645.35
06029090,PJ,PJ,True,False,2,2,24830558.83,123401.77
06031100,PF,PF,True,False,-,-,153,0
06031100,PF,PJ,True,False,2,1,11527,0
06031100,PF,PJ,True,False,2,2,109374775.57,5609.32
06031100,PJ,PJ,True,False,2,1,304,11.1
06031100,PJ,PJ,True,False,2,2,6832178.47,130.46
06031200,PF,PJ,True,False,2,2,6508040.96,61.34
06031300,PF,PF,True,False,-,-,385527.8,0
06031300,PF,PJ,True,False,1,1,155174.12,0
06031300,PF,PJ,True,False,2,1,1465001.13,0
06031300,PF,PJ,True,False,2,2,214321.85,0
06031300,PJ,PJ,True,False,2,2,41975.76,0
06031400,PF,PF,True,False,-,-,350,0
06031400,PF,PJ,True,False,2,1,25154,0
06031400,PF,PJ,True,False,2,2,34271,0
06031500,PF,PJ,True,False,2,2,17814641.15,230.94
06031500,PJ,PJ,True,False,2,2,13956.47,0
06031900,PF,PF,True,False,-,-,8808,0
06031900,PF,PJ,True,False,1,1,9216,0
06031900,PF,PJ,True,False,2,1,92207,0
06031900,PF,PJ,True,False,2,2,39300196.85,957.3000000000001
06031900,PJ,PF,False,True,2,2,17459.15,245.32
06031900,PJ,PJ,True,False,2,1,289.5,10.57
06031900,PJ,PJ,True,False,2,2,224763.64,19.7
06039000,PF,PJ,True,False,2,2,851991.06,0
06042000,PF,PF,True,False,-,-,96259.05,0
06042000,PF,PJ,True,False,2,1,131013.33,0
06042000,PF,PJ,True,False,2,2,5863618.449999999,0
06042000,PJ,PF,True,False,-,-,453.5,0
06042000,PJ,PJ,True,False,2,1,1328.3,1.46
06042000,PJ,PJ,True,False,2,2,8448.84,0
06049000,PF,PJ,True,False,2,1,5.5,0
06049000,PF,PJ,True,False,2,2,1999479.6,0
06049000,PJ,PF,True,False,-,-,4900,0
06049000,PJ,PJ,True,False,2,1,31800,0
06049000,PJ,PJ,True,False,2,2,4038893.24,9
07011000,PF,PF,True,False,-,-,10210820.85,46505.07999999999
07011000,PF,PJ,True,False,2,1,547676.02,6441.6
07011000,PF,PJ,True,False,2,2,88595359.08,198793.06
07011000,PJ,PF,False,True,2,2,475844.5,3024
07011000,PJ,PF,True,False,-,-,247812.72,0
07011000,PJ,PJ,True,False,2,1,54590,0
07011000,PJ,PJ,True,False,2,2,10221234,257.04
07019000,PF,PF,True,False,-,-,89264473.55,195230.63
07019000,PF,PJ,True,False,1,1,16310,0
07019000,PF,PJ,True,False,2,1,21669191.3,1736
07019000,PF,PJ,True,False,2,2,2781563892.46,23159603.2
07019000,PJ,PF,False,True,2,1,605530,0
07019000,PJ,PF,False,True,2,2,77477741.53,80366.97
07019000,PJ,PF,True,False,-,-,3540695.7,124148.2
07019000,PJ,PJ,True,False,1,1,22427.77,0
07019000,PJ,PJ,True,False,2,1,2636682.08,0
07019000,PJ,PJ,True,False,2,2,220878418.32,3107109.73
07020000,PF,PF,True,False,-,-,12731318.73,0
07020000,PF,PJ,True,False,1,1,66608.5,0
07020000,PF,PJ,True,False,2,1,13324582.98,0
07020000,PF,PJ,True,False,2,2,804672285.87,1199818.14
07020000,PJ,PF,False,True,2,1,3000,0
07020000,PJ,PF,False,True,2,2,39622240.73,448976.5200000002
07020000,PJ,PF,True,False,-,-,79855,0
07020000,PJ,PJ,True,False,2,1,235239.71,0
07020000,PJ,PJ,True,False,2,2,86877803.98,0
07031011,PF,PF,True,False,-,-,195627.12,0
07031011,PF,PJ,True,False,2,1,6906,0
07031011,PF,PJ,True,False,2,2,880928.35,0
07031011,PJ,PF,False,True,2,2,40215.92,0
07031019,PF,PF,True,False,-,-,7895516.899999999,0
07031019,PF,PJ,True,False,1,1,9362,0
07031019,PF,PJ,True,False,2,1,10994640.74,0
07031019,PF,PJ,True,False,2,2,361823716.39,90516.76000000001
07031019,PJ,PF,False,True,2,1,1710325,0
07031019,PJ,PF,False,True,2,2,4696131.91,27843.13
07031019,PJ,PF,True,False,-,-,99048,0
07031019,PJ,PJ,True,False,1,1,4500,0
07031019,PJ,PJ,True,False,2,1,568937.65,0
07031019,PJ,PJ,True,False,2,2,14335302.72,0
07031029,PF,PJ,True,False,2,2,1739574.3,0
07031029,PJ,PF,False,True,2,2,24536.60000000001,0
07031029,PJ,PJ,True,False,2,1,40,0
07031029,PJ,PJ,True,False,2,2,475768.7000000001,0
07032010,PF,PF,True,False,-,-,20427921.39,2321418.65
07032010,PF,PJ,True,False,1,1,20550,384
07032010,PF,PJ,True,False,2,1,620750,14948.9
07032010,PF,PJ,True,False,2,2,10177457.59,399618.36
07032090,PF,PF,True,False,-,-,197992378.68,1933541.3
07032090,PF,PJ,True,False,1,1,481625.05,34308
07032090,PF,PJ,True,False,2,1,32843594.71,3050281.33
07032090,PF,PJ,True,False,2,2,895078882.09,85338326.3
07032090,PJ,PF,False,True,2,2,41445404.49,54956.08
07032090,PJ,PJ,True,False,2,2,112,0
07039010,PF,PF,True,False,-,-,241050,12482.5
07039010,PF,PJ,True,False,2,1,298487,22645.01
07039010,PF,PJ,True,False,2,2,6019602.58,449286.25
07039010,PJ,PF,False,True,2,2,535,0
07039010,PJ,PJ,True,False,2,2,255.2,0
07039090,PF,PF,True,False,-,-,2349139.72,0
07039090,PF,PJ,True,False,1,1,35640.82,2450
07039090,PF,PJ,True,False,2,1,282158.93,13984
07039090,PF,PJ,True,False,2,2,13286098.07,418798.93
07039090,PJ,PF,False,True,2,2,571617.5399999999,3335.29
07039090,PJ,PJ,True,False,2,1,30792.53999999999,0
07039090,PJ,PJ,True,False,2,2,1846917.5,1.05
07041000,PF,PF,True,False,-,-,4838096.399999999,0
07041000,PF,PJ,True,False,1,1,27858.99,0
07041000,PF,PJ,True,False,2,1,1450935.52,0
07041000,PF,PJ,True,False,2,2,168520468.14,0
07041000,PJ,PF,False,True,2,1,1575,0
07041000,PJ,PF,False,True,2,2,4031656.03,11667.55
07041000,PJ,PF,True,False,-,-,2881086.25,0
07041000,PJ,PJ,True,False,2,1,821816.94,0
07041000,PJ,PJ,True,False,2,2,24002262.04,0
07042000,PF,PF,True,False,-,-,2638.9,0
07042000,PF,PJ,True,False,1,1,18.5,0
07042000,PF,PJ,True,False,2,1,1161,0
07042000,PF,PJ,True,False,2,2,119174.79,0
07042000,PJ,PF,False,True,2,2,568.75,0
07042000,PJ,PJ,True,False,2,2,25185.65,0
07049000,PF,PF,True,False,-,-,15919734.3,0
07049000,PF,PJ,True,False,1,1,894.59,0
07049000,PF,PJ,True,False,2,1,8454276.4,0
07049000,PF,PJ,True,False,2,2,101132821.89,3717
07049000,PJ,PF,False,True,2,1,120,0
07049000,PJ,PF,False,True,2,2,3681624.43,18823.5
07049000,PJ,PF,True,False,-,-,20,0
07049000,PJ,PJ,True,False,2,1,188237.57,0
07049000,PJ,PJ,True,False,2,2,15105796.87,0
07051100,PF,PF,True,False,-,-,20174.85,0
07051100,PF,PJ,True,False,1,1,5095,0
07051100,PF,PJ,True,False,2,1,185284.43,0
07051100,PF,PJ,True,False,2,2,42284092.81,0
07051100,PJ,PF,False,True,2,2,4674482.93,0
07051100,PJ,PF,True,False,-,-,2083.5,0
07051100,PJ,PJ,True,False,2,1,264733.48,0
07051100,PJ,PJ,True,False,2,2,5248225.260000001,0
07051900,PF,PF,True,False,-,-,214213.31,0
07051900,PF,PJ,True,False,1,1,274.85,0
07051900,PF,PJ,True,False,2,1,893012.56,0
07051900,PF,PJ,True,False,2,2,83277520.04,0
07051900,PJ,PF,False,True,2,1,1696.25,0
07051900,PJ,PF,False,True,2,2,7207855.93,2197.32
07051900,PJ,PF,True,False,-,-,1079.4,0
07051900,PJ,PJ,True,False,2,1,369248.82,0
07051900,PJ,PJ,True,False,2,2,28286320.23,0
07052100,PF,PF,True,False,-,-,40,0
07052100,PF,PJ,True,False,1,1,192.35,0
07052100,PF,PJ,True,False,2,1,7468.360000000001,0
07052100,PF,PJ,True,False,2,2,216611.88,0
07052100,PJ,PF,False,True,2,2,2972.2,271.6500000000001
07052100,PJ,PJ,True,False,2,1,5785.700000000002,0
07052100,PJ,PJ,True,False,2,2,451938.91,0
07052900,PF,PF,True,False,-,-,829165.25,0
07052900,PF,PJ,True,False,2,1,105776.58,0
07052900,PF,PJ,True,False,2,2,15469245.23,0
07052900,PJ,PF,False,True,2,2,336041.06,127.95
07052900,PJ,PF,True,False,-,-,205.2,0
07052900,PJ,PJ,True,False,2,1,23469.5,0
07052900,PJ,PJ,True,False,2,2,3619056.06,0
07061000,PF,PF,True,False,-,-,58112312.81,30321.98
07061000,PF,PJ,True,False,1,1,15421.23,0
07061000,PF,PJ,True,False,2,1,19333654.69,0
07061000,PF,PJ,True,False,2,2,742320824.17,89845.61000000002
07061000,PJ,PF,False,True,2,1,129350,0
07061000,PJ,PF,False,True,2,2,30919098.94,1876.97
07061000,PJ,PF,True,False,-,-,492153,0
07061000,PJ,PJ,True,False,2,1,307433.19,0
07061000,PJ,PJ,True,False,2,2,59798904.10999998,1845
07069000,PF,PF,True,False,-,-,5625296.34,0
07069000,PF,PJ,True,False,1,1,10163.86,0
07069000,PF,PJ,True,False,2,1,4070526.4,0
07069000,PF,PJ,True,False,2,2,66898447.88,25996.83
07069000,PJ,PF,False,True,2,1,48000,0
07069000,PJ,PF,False,True,2,2,984845.43,915.3399999999999
07069000,PJ,PF,True,False,-,-,419011,0
07069000,PJ,PJ,True,False,2,1,252366.59,0
07069000,PJ,PJ,True,False,2,2,13576857.32,0
07070000,PF,PF,True,False,-,-,2483.5,0
07070000,PF,PJ,True,False,1,1,67.68,0
07070000,PF,PJ,True,False,2,1,59970.13,0
07070000,PF,PJ,True,False,2,2,35295264.83,2940672.73
07070000,PJ,PF,False,True,2,1,202,0
07070000,PJ,PF,False,True,2,2,1149044.23,2270.24
07070000,PJ,PJ,True,False,2,1,3012.14,0
07070000,PJ,PJ,True,False,2,2,918365.8500000001,0
07081000,PF,PF,True,False,-,-,77000,0
07081000,PF,PJ,True,False,2,1,144.3,0
07081000,PF,PJ,True,False,2,2,3225618.64,0
07081000,PJ,PF,False,True,2,2,55,0
07081000,PJ,PJ,True,False,2,2,14161,0
07082000,PF,PJ,True,False,2,1,16,0
07082000,PF,PJ,True,False,2,2,2224236.85,34865.57
07082000,PJ,PF,False,True,2,2,1670,0
07082000,PJ,PJ,True,False,2,2,151111,0
07089000,PF,PF,True,False,-,-,92516.53,0
07089000,PF,PJ,True,False,1,1,58.02,0
07089000,PF,PJ,True,False,2,1,153173.6,0
07089000,PF,PJ,True,False,2,2,9343458.21,12.6
07089000,PJ,PF,False,True,2,1,194,0
07089000,PJ,PF,False,True,2,2,92772,290.27
07089000,PJ,PJ,True,False,2,1,37.5,0
07089000,PJ,PJ,True,False,2,2,134830.35,0
07092000,PF,PJ,True,False,2,2,1143,0
07092000,PJ,PF,False,True,2,2,880.3,0
07093000,PF,PF,True,False,-,-,659.15,0
07093000,PF,PJ,True,False,1,1,79.4,0
07093000,PF,PJ,True,False,2,1,59604.96,0
07093000,PF,PJ,True,False,2,2,9071827.280000001,0
07093000,PJ,PF,False,True,2,1,60,0
07093000,PJ,PF,False,True,2,2,181119.07,2335.16
07093000,PJ,PF,True,False,-,-,1180,0
07093000,PJ,PJ,True,False,2,1,1263.78,0
07093000,PJ,PJ,True,False,2,2,124738.97,0
07094000,PF,PF,True,False,-,-,3635.8,0
07094000,PF,PJ,True,False,1,1,8.19,0
07094000,PF,PJ,True,False,2,1,8555.009999999998,0
07094000,PF,PJ,True,False,2,2,912725.39,0
07094000,PJ,PF,False,True,2,2,127851.98,0
07094000,PJ,PF,True,False,-,-,15,0
07094000,PJ,PJ,True,False,2,1,1963.6,0
07094000,PJ,PJ,True,False,2,2,256753.46,0
07095100,PF,PJ,True,False,1,1,50315,0
07095100,PF,PJ,True,False,2,1,390816.5,0
07095100,PF,PJ,True,False,2,2,2345640.63,0
07095100,PJ,PF,False,True,2,2,2819273.85,0
07095100,PJ,PJ,True,False,2,1,794,0
07095100,PJ,PJ,True,False,2,2,354244.1699999999,0
07095200,PF,PJ,True,False,2,2,24146.79,0
07095400,PF,PJ,True,False,2,2,24637.39000000001,0
07095900,PF,PJ,True,False,2,2,358083.01,0
07095900,PJ,PF,False,True,2,2,119848.47,8154.390000000001
07095900,PJ,PF,True,False,-,-,3662151.6,0
07095900,PJ,PJ,True,False,1,1,95415,0
07095900,PJ,PJ,True,False,2,1,2420840.98,0
07095900,PJ,PJ,True,False,2,2,16856677.68,0
07096000,PF,PF,True,False,-,-,219956.25,0
07096000,PF,PJ,True,False,1,1,4570,0
07096000,PF,PJ,True,False,2,1,1613340.55,0
07096000,PF,PJ,True,False,2,2,57396105.22,1428
07096000,PJ,PF,False,True,2,1,573,0
07096000,PJ,PF,False,True,2,2,780140.51,22635.75
07096000,PJ,PF,True,False,-,-,30061,0
07096000,PJ,PJ,True,False,2,1,127735.9,0
07096000,PJ,PJ,True,False,2,2,5038288.8,0
07097000,PF,PF,True,False,-,-,2750.17,0
07097000,PF,PJ,True,False,2,1,6237.690000000001,0
07097000,PF,PJ,True,False,2,2,2823573.58,0
07097000,PJ,PF,False,True,2,2,395623.43,2249.49
07097000,PJ,PJ,True,False,2,1,19211.5,0
07097000,PJ,PJ,True,False,2,2,973855.5,0
07099000,PF,PJ,True,False,2,1,93,0
07099000,PF,PJ,True,False,2,2,40960.10000000001,0
07099090,PF,PJ,True,False,2,2,40663.75,0
07099100,PF,PJ,True,False,2,1,135.02,0
07099100,PF,PJ,True,False,2,2,110269.7,0
07099100,PJ,PJ,True,False,2,2,360,0
07099200,PF,PF,True,False,-,-,1500,180
07099200,PF,PJ,True,False,2,1,154100,3636
07099200,PF,PJ,True,False,2,2,1091930.03,660
07099200,PJ,PF,False,True,2,2,3869868,0
07099300,PF,PF,True,False,-,-,6611977.8,897.5
07099300,PF,PJ,True,False,1,1,34446,0
07099300,PF,PJ,True,False,2,1,6255889.45,334.5
07099300,PF,PJ,True,False,2,2,65213819.27,5690.639999999999
07099300,PJ,PF,False,True,2,1,7370,0
07099300,PJ,PF,False,True,2,2,409367.6299999999,264.27
07099300,PJ,PF,True,False,-,-,97775.73,0
07099300,PJ,PJ,True,False,2,1,90167.85,0
07099300,PJ,PJ,True,False,2,2,2735688.04,0
07099911,PF,PF,True,False,-,-,247470.03,0
07099911,PF,PJ,True,False,2,2,2241074.58,0
07099919,PF,PF,True,False,-,-,999922.6,0
07099919,PF,PJ,True,False,1,1,6150,0
07099919,PF,PJ,True,False,2,1,829526.28,2992.32
07099919,PF,PJ,True,False,2,2,121418932.91,404299.4300000002
07099919,PJ,PF,False,True,2,2,50840053.59,676104.6399999999
07099919,PJ,PF,True,False,-,-,1685378.15,0
07099919,PJ,PJ,True,False,1,1,1485,0
07099919,PJ,PJ,True,False,2,1,309209.94,0
07099919,PJ,PJ,True,False,2,2,2079778.21,0
07099990,PF,PF,True,False,-,-,106247.52,24
07099990,PF,PJ,True,False,1,1,1094.66,0
07099990,PF,PJ,True,False,2,1,547548.53,0
07099990,PF,PJ,True,False,2,2,71972796.52,7851.059999999999
07099990,PJ,PF,False,True,2,1,1278,0
07099990,PJ,PF,False,True,2,2,7464363.939999999,36213.46000000001
07099990,PJ,PF,True,False,-,-,10514.5,0
07099990,PJ,PJ,True,False,2,1,466059.63,0
07099990,PJ,PJ,True,False,2,2,26041006.82,0
07101000,PF,PF,True,False,-,-,46247092.33,0
07101000,PF,PJ,True,False,1,1,37373.59,0
07101000,PF,PJ,True,False,2,1,18350713.03,0
07101000,PF,PJ,True,False,2,2,699734029.83,271217.08
07101000,PJ,PF,False,True,2,1,34135,0
07101000,PJ,PF,False,True,2,2,942427.4299999999,0
07101000,PJ,PJ,True,False,2,1,322205,0
07101000,PJ,PJ,True,False,2,2,23689205.82,4332
07102100,PF,PJ,True,False,2,2,775,0
07102100,PJ,PF,False,True,2,2,5807.54,0
07102200,PF,PJ,True,False,2,2,920875.0199999999,0
07102900,PF,PF,True,False,-,-,7084.2,0
07102900,PF,PJ,True,False,2,1,771,0
07102900,PF,PJ,True,False,2,2,187641.22,0
07102900,PJ,PJ,True,False,2,2,282600.0800000001,0
07103000,PF,PF,True,False,-,-,13.4,0
07103000,PF,PJ,True,False,1,1,130,0
07103000,PF,PJ,True,False,2,1,9822.54,0
07103000,PF,PJ,True,False,2,2,212388.69,0
07103000,PJ,PF,False,True,2,2,6092,0
07104000,PF,PF,True,False,-,-,10427260.38,0
07104000,PF,PJ,True,False,2,1,600,0
07104000,PF,PJ,True,False,2,2,87401024.18,8004688.089999997
07104000,PJ,PF,False,True,2,2,3669421.399999998,643485.0800000001
07104000,PJ,PF,True,False,-,-,5,0
07104000,PJ,PJ,True,False,2,1,6473.440000000001,0
07104000,PJ,PJ,True,False,2,2,1618635.800000001,0
07108000,PF,PF,True,False,-,-,14258.77,0
07108000,PF,PJ,True,False,2,1,141946.1,0
07108000,PF,PJ,True,False,2,2,7396331.06,0
07108000,PJ,PF,False,True,2,1,20900,0
07108000,PJ,PF,False,True,2,2,680161.48,19939.34
07108000,PJ,PJ,True,False,2,1,8500,0
07108000,PJ,PJ,True,False,2,2,6151913.66,0
07109000,PF,PF,True,False,-,-,2007482.65,0
07109000,PF,PJ,True,False,1,1,40.08,0
07109000,PF,PJ,True,False,2,1,83107.8,0
07109000,PF,PJ,True,False,2,2,26831170.56,4526.4
07109000,PJ,PF,False,True,2,2,404,0
07109000,PJ,PJ,True,False,2,1,164058.65,0
07109000,PJ,PJ,True,False,2,2,2555337.34,0
07114000,PF,PF,True,False,-,-,776.8299999999999,0
07114000,PF,PJ,True,False,2,1,9698.9,0
07114000,PF,PJ,True,False,2,2,1568101.78,0
07114000,PJ,PJ,True,False,2,2,200756,0
07115100,PJ,PJ,True,False,2,2,4369.4,0
07119000,PJ,PF,False,True,2,2,65830.03000000001,0
07122000,PF,PF,True,False,-,-,4599527.76,0
07122000,PF,PJ,True,False,1,1,9000,0
07122000,PF,PJ,True,False,2,1,7131922.9,0
07122000,PF,PJ,True,False,2,2,187636513.61,17253.31
07122000,PJ,PF,False,True,2,1,67481,0
07122000,PJ,PF,False,True,2,2,219062.4,1009.06
07122000,PJ,PJ,True,False,2,1,104960,0
07122000,PJ,PJ,True,False,2,2,10716153.82,0
07123100,PF,PF,True,False,-,-,17602.2,0
07123100,PF,PJ,True,False,2,2,1399.08,0
07123100,PJ,PF,False,True,2,2,17824,0
07123100,PJ,PJ,True,False,2,2,19865.5,0
07123900,PF,PF,True,False,-,-,9240,0
07123900,PF,PJ,True,False,2,1,29565,0
07123900,PF,PJ,True,False,2,2,60961.8,0
07123900,PJ,PJ,True,False,2,2,30530,0
07129010,PF,PJ,True,False,2,2,2664282.54,198106.47
07129090,PF,PF,True,False,-,-,9932.6,0
07129090,PF,PJ,True,False,1,1,130,0
07129090,PF,PJ,True,False,2,1,12939.5,0
07129090,PF,PJ,True,False,2,2,7285589.600000001,244260
07129090,PJ,PF,False,True,2,2,65581.9,1632.610000000001
07129090,PJ,PJ,True,False,2,2,1551562.46,0
07131010,PF,PF,True,False,-,-,266692,0
07131010,PF,PJ,True,False,2,2,364080,17475.84
07131010,PJ,PJ,True,False,2,2,36840,0
07131090,PF,PF,True,False,-,-,92240,0
07131090,PF,PJ,True,False,2,1,4720,0
07131090,PF,PJ,True,False,2,2,12056101.47,312608.04
07131090,PJ,PF,False,True,2,2,2838614.9,0
07131090,PJ,PF,True,False,-,-,1.8,0
07131090,PJ,PJ,True,False,2,1,559.8000000000001,0
07132090,PF,PJ,True,False,2,2,372047,40685.64
07133110,PF,PJ,True,False,2,2,373200,0
07133190,PF,PF,True,False,-,-,2233161.83,1500
07133190,PF,PJ,True,False,2,1,214040,4260
07133190,PF,PJ,True,False,2,2,36786450.04,295146.54
07133190,PJ,PJ,True,False,2,2,2271790.41,0
07133210,PF,PJ,True,False,2,2,5077.800000000001,0
07133210,PJ,PJ,True,False,2,2,494339.95,0
07133290,PF,PJ,True,False,2,2,6496729.71,66955.16
07133290,PJ,PJ,True,False,2,2,7033630.26,0
07133311,PF,PF,True,False,-,-,3731831.43,92280.86
07133311,PF,PJ,True,False,2,1,20014.67,103.68
07133311,PF,PJ,True,False,2,2,26580476.62,420229.48
07133311,PJ,PF,False,True,2,2,1149919.22,0
07133311,PJ,PJ,True,False,2,2,6891503.47,0
07133319,PF,PF,True,False,-,-,6440385.25,7846.070000000001
07133319,PF,PJ,True,False,1,1,30000.02,0
07133319,PF,PJ,True,False,2,1,15346374.2,379444.8362
07133319,PF,PJ,True,False,2,2,328828975.06,7857445.1866
07133319,PJ,PF,False,True,2,1,1211517.65,0
07133319,PJ,PF,False,True,2,2,80601205.94,313420.78
07133319,PJ,PJ,True,False,2,2,29780135.6,0
07133321,PF,PF,True,False,-,-,2567431.36,268.8
07133321,PF,PJ,True,False,2,1,212565,69.6
07133321,PF,PJ,True,False,2,2,17324751.18,59743.75
07133321,PJ,PF,False,True,2,2,1066740.53,0
07133321,PJ,PJ,True,False,2,2,4886187,0
07133329,PF,PF,True,False,-,-,112643.59,0
07133329,PF,PJ,True,False,2,1,542589.99,37801.17
07133329,PF,PJ,True,False,2,2,28512385.16,494943.23
07133329,PJ,PF,False,True,2,2,41827506.13,13530
07133329,PJ,PJ,True,False,2,2,44390630.68,1133.2259
07133391,PF,PF,True,False,-,-,9758034.27,346264.12
07133391,PF,PJ,True,False,2,1,69620,1925.28
07133391,PF,PJ,True,False,2,2,158820390.37,3837628.66
07133391,PJ,PF,False,True,2,2,1344216.5,0
07133391,PJ,PJ,True,False,2,2,40794,0
07133399,PF,PF,True,False,-,-,63215236.74,961101.1057000001
07133399,PF,PJ,True,False,1,1,63760.29,690
07133399,PF,PJ,True,False,2,1,17426233.08,625596.72
07133399,PF,PJ,True,False,2,2,2473929229.23,90084564.2183
07133399,PJ,PF,False,True,2,1,4978010.75,5297.12
07133399,PJ,PF,False,True,2,2,87544050.27,82335.02
07133399,PJ,PF,True,False,-,-,120100,8407
07133399,PJ,PJ,True,False,2,1,115854.75,0
07133399,PJ,PJ,True,False,2,2,173473231.91,192134.4700000001
07133490,PF,PJ,True,False,2,2,616689.62,0
07133510,PF,PJ,True,False,2,2,556741.65,0
07133590,PF,PF,True,False,-,-,18906237.52,171281.17
07133590,PF,PJ,True,False,2,1,6734950.11,291799.47
07133590,PF,PJ,True,False,2,2,133694230.55,5529355.189999999
07133590,PJ,PJ,True,False,2,2,1929002.33,0
07133910,PF,PF,True,False,-,-,2851906.45,2679.9
07133910,PF,PJ,True,False,2,1,71525,0
07133910,PF,PJ,True,False,2,2,3886847.61,127.68
07133990,PF,PF,True,False,-,-,173516.33,14391.04
07133990,PF,PJ,True,False,2,1,147976.67,0
07133990,PF,PJ,True,False,2,2,21528966.92,1587826.29
07133990,PJ,PF,False,True,2,2,9743.59,268.32
07136010,PF,PF,True,False,-,-,26680,0
07136090,PF,PJ,True,False,2,2,2349637.6,35743.66
07139010,PF,PJ,True,False,2,2,33000,1584
07139090,PF,PF,True,False,-,-,3817892.35,151222.92
07139090,PF,PJ,True,False,2,1,1590916,81441.26
07139090,PF,PJ,True,False,2,2,21612401.26,2576149.45
07141000,PF,PF,True,False,-,-,1608132.44,2084.35
07141000,PF,PJ,True,False,1,1,150160,0
07141000,PF,PJ,True,False,2,1,106563.61,0
07141000,PF,PJ,True,False,2,2,63547801.33,3929919.52
07141000,PJ,PF,False,True,2,2,100834621.68,2508127.5
07141000,PJ,PF,True,False,-,-,7535,0
07141000,PJ,PJ,True,False,2,1,175112.48,0
07141000,PJ,PJ,True,False,2,2,9597002.5,451.8823
07142000,PF,PF,True,False,-,-,411374.6,0
07142000,PF,PJ,True,False,1,1,288,0
07142000,PF,PJ,True,False,2,1,1307671.84,0
07142000,PF,PJ,True,False,2,2,36662613.13,0
07142000,PJ,PF,False,True,2,1,120,0
07142000,PJ,PF,False,True,2,2,939060,28227.67
07142000,PJ,PF,True,False,-,-,3742,0
07142000,PJ,PJ,True,False,2,1,36107.73,0
07142000,PJ,PJ,True,False,2,2,2266354.81,0
07143000,PF,PF,True,False,-,-,14683,0
07143000,PF,PJ,True,False,2,1,22997,0
07143000,PF,PJ,True,False,2,2,2820082.81,0
07143000,PJ,PF,False,True,2,1,500,0
07143000,PJ,PF,False,True,2,2,91502,0
07143000,PJ,PF,True,False,-,-,624,0
07143000,PJ,PJ,True,False,2,1,7403.659999999999,0
07143000,PJ,PJ,True,False,2,2,50587.60000000001,0
07149000,PF,PF,True,False,-,-,43050.57,0
07149000,PF,PJ,True,False,2,1,21930.2,0
07149000,PF,PJ,True,False,2,2,10427676.97,12438.02
07149000,PJ,PF,False,True,2,1,55645,0
07149000,PJ,PF,False,True,2,2,2247696.33,802.8499999999999
07149000,PJ,PJ,True,False,2,2,1175418,0
08011100,PF,PF,True,False,-,-,338757,0
08011100,PF,PJ,True,False,2,1,13245,0
08011100,PF,PJ,True,False,2,2,242926.99,2225.3
08011100,PJ,PF,False,True,2,2,105,5.7
08011100,PJ,PJ,True,False,2,2,22,0
08011200,PF,PF,True,False,-,-,200,24
08011200,PF,PJ,True,False,1,1,13961,0
08011200,PF,PJ,True,False,2,2,102704.27,0
08011200,PJ,PF,False,True,2,2,631674.2,44251.91
08011900,PF,PF,True,False,-,-,2908988.79,0
08011900,PF,PJ,True,False,1,1,55611.91,0
08011900,PF,PJ,True,False,2,1,2665004.17,119080.27
08011900,PF,PJ,True,False,2,2,25629491.89,114380
08011900,PJ,PF,False,True,2,1,444173.75,0
08011900,PJ,PF,False,True,2,2,33021.34999999999,48.56
08012100,PF,PF,True,False,-,-,2160,0
08012100,PF,PJ,True,False,2,1,160074.5,12398.46
08012100,PF,PJ,True,False,2,2,540339,1479
08012200,PF,PJ,True,False,2,2,31113.9,0
08013100,PF,PJ,True,False,2,2,1889240.9,226708.91
08013200,PF,PF,True,False,-,-,36206,0
08013200,PF,PJ,True,False,2,1,440,431.2
08013200,PF,PJ,True,False,2,2,82794.86,9187.5
08013200,PJ,PF,False,True,2,2,8400,0
08021200,PJ,PF,False,True,2,2,1272.6,0
08023100,PF,PJ,True,False,2,2,5820,0
08023100,PJ,PF,False,True,2,1,4788,0
08023100,PJ,PF,False,True,2,2,7428,0
08023200,PF,PJ,True,False,2,2,160,0
08023200,PJ,PF,False,True,2,2,42659,4252.66
08026100,PF,PF,True,False,-,-,265102,0
08026100,PJ,PJ,True,False,2,1,8960,0
08026100,PJ,PJ,True,False,2,2,10600,0
08026200,PJ,PF,True,False,-,-,240,0
08026200,PJ,PJ,True,False,2,1,32503.5,29.4
08026200,PJ,PJ,True,False,2,2,625285.4,2257.94
08028000,PF,PJ,True,False,2,2,96,0
08029100,PF,PF,True,False,-,-,538,0
08029100,PF,PJ,True,False,2,1,8970,0
08029100,PF,PJ,True,False,2,2,398338.4,0
08029900,PJ,PF,False,True,2,2,20548362.59,0
08031000,PF,PF,True,False,-,-,2236551.61,0
08031000,PF,PJ,True,False,2,1,1936324.63,2907
08031000,PF,PJ,True,False,2,2,113519962.16,133.98
08031000,PJ,PF,False,True,2,1,14994.58,0
08031000,PJ,PF,False,True,2,2,1097127.52,3265.99
08031000,PJ,PJ,True,False,2,1,19940,0
08031000,PJ,PJ,True,False,2,2,1152077.1,0
08039000,PF,PF,True,False,-,-,3152829.44,1287.74
08039000,PF,PJ,True,False,1,1,175415,0
08039000,PF,PJ,True,False,2,1,11276232.16,2551.35
08039000,PF,PJ,True,False,2,2,466292808.58,351020.82
08039000,PJ,PF,False,True,2,2,8247311.72,0
08039000,PJ,PF,True,False,-,-,36496,0
08039000,PJ,PJ,True,False,2,1,751853.37,0
08039000,PJ,PJ,True,False,2,2,66934962.07,5.38
08041010,PF,PJ,True,False,2,2,124665,0
08041010,PJ,PF,False,True,2,2,77274,0
08041010,PJ,PJ,True,False,2,2,240,0
08041020,PF,PJ,True,False,2,1,56250,0
08041020,PF,PJ,True,False,2,2,212640,0
08042010,PF,PF,True,False,-,-,1350,0
08042010,PF,PJ,True,False,2,1,7580,0
08042010,PF,PJ,True,False,2,2,204483.9,4416
08042010,PJ,PJ,True,False,2,1,454312.6,0
08042010,PJ,PJ,True,False,2,2,3050259.29,0
08043000,PF,PF,True,False,-,-,2660836.32,52.5
08043000,PF,PJ,True,False,1,1,18700,0
08043000,PF,PJ,True,False,2,1,1575097.4,472.5
08043000,PF,PJ,True,False,2,2,78522223.13,70306.56
08043000,PJ,PF,False,True,2,2,19370129.95,13646.01
08043000,PJ,PJ,True,False,2,1,2925,0
08043000,PJ,PJ,True,False,2,2,61251.9,0
08044000,PF,PF,True,False,-,-,2468727.77,0
08044000,PF,PJ,True,False,2,1,4975279.85,4031.65
08044000,PF,PJ,True,False,2,2,67300228.86,37427.7
08044000,PJ,PF,False,True,2,2,10772591.36,0
08044000,PJ,PF,True,False,-,-,53399.98,0
08044000,PJ,PJ,True,False,2,1,49526,0
08044000,PJ,PJ,True,False,2,2,4544973.98,0
08045010,PF,PF,True,False,-,-,18136.5,0
08045010,PF,PJ,True,False,2,1,59626,0
08045010,PF,PJ,True,False,2,2,4513792.649999999,1381.56
08045010,PJ,PF,False,True,2,2,87777.73,0
08045010,PJ,PF,True,False,-,-,15028,1803.36
08045010,PJ,PJ,True,False,2,1,34090.05,0
08045010,PJ,PJ,True,False,2,2,14633643.03,0
08045020,PF,PF,True,False,-,-,5581711.13,0
08045020,PF,PJ,True,False,2,1,930730.07,0
08045020,PF,PJ,True,False,2,2,60957596.77,25839.43
08045020,PJ,PF,False,True,2,2,30977064.21,446646.54
08045020,PJ,PJ,True,False,2,1,46261,0
08045020,PJ,PJ,True,False,2,2,2511485.51,0
08051000,PF,PF,True,False,-,-,20082543.45,0
08051000,PF,PJ,True,False,1,1,309574.48,0
08051000,PF,PJ,True,False,2,1,23864682.34,1982.98
08051000,PF,PJ,True,False,2,2,549287217.49,12905554.52
08051000,PJ,PF,False,True,2,1,144008,2299.5
08051000,PJ,PF,False,True,2,2,25382333.72,460761.9
08051000,PJ,PF,True,False,-,-,3059066.11,0
08051000,PJ,PJ,True,False,1,1,180320.88,0
08051000,PJ,PJ,True,False,2,1,28619968.44,0
08051000,PJ,PJ,True,False,2,2,838067178.42,150116.67
08052000,PF,PF,True,False,-,-,140279,0
08052000,PF,PJ,True,False,1,1,8955,0
08052000,PF,PJ,True,False,2,1,60940,0
08052000,PF,PJ,True,False,2,2,3783125.639999999,0
08052100,PF,PF,True,False,-,-,5729246.61,0
08052100,PF,PJ,True,False,1,1,47122.3,0
08052100,PF,PJ,True,False,2,1,1705074.45,0
08052100,PF,PJ,True,False,2,2,66098052.42,19320.51
08052100,PJ,PF,False,True,2,2,2336312.58,1189.92
08052100,PJ,PF,True,False,-,-,467650.81,0
08052100,PJ,PJ,True,False,1,1,12378.16,0
08052100,PJ,PJ,True,False,2,1,861311.95,0
08052100,PJ,PJ,True,False,2,2,49351219.25,25908.26
08052900,PF,PF,True,False,-,-,1533750,0
08052900,PF,PJ,True,False,2,1,12122,0
08052900,PF,PJ,True,False,2,2,239271.2,0
08055000,PF,PF,True,False,-,-,1040936.41,0
08055000,PF,PJ,True,False,1,1,646.6,0
08055000,PF,PJ,True,False,2,1,194983.51,715.24
08055000,PF,PJ,True,False,2,2,34504033.7,0
08055000,PJ,PF,False,True,2,1,155,0
08055000,PJ,PF,False,True,2,2,1437103.87,3375.04
08055000,PJ,PF,True,False,-,-,4320.360000000001,0
08055000,PJ,PJ,True,False,2,1,240466.7,0
08055000,PJ,PJ,True,False,2,2,56484326.76,0
08059000,PF,PF,True,False,-,-,177001,0
08059000,PF,PJ,True,False,2,1,35240,0
08059000,PF,PJ,True,False,2,2,1563396.73,0
08059000,PJ,PF,False,True,2,2,2606139.85,83806.44
08059000,PJ,PJ,True,False,2,1,3835,0
08059000,PJ,PJ,True,False,2,2,514149.2,0
08061000,PF,PF,True,False,-,-,392997.83,0
08061000,PF,PJ,True,False,2,1,680362.5,0
08061000,PF,PJ,True,False,2,2,110593806.98,94656.81999999999
08061000,PJ,PF,False,True,2,1,474003.65,0
08061000,PJ,PF,False,True,2,2,90594524.24,747926.71
08061000,PJ,PJ,True,False,2,2,3704511.6,0
08062000,PF,PJ,True,False,2,1,20758.5,0
08062000,PF,PJ,True,False,2,2,90910.35,0
08062000,PJ,PF,False,True,2,2,11844,3245.26
08071100,PF,PF,True,False,-,-,11078058.14,0
08071100,PF,PJ,True,False,1,1,53600,0
08071100,PF,PJ,True,False,2,1,3440587.85,301.43
08071100,PF,PJ,True,False,2,2,147196872.19,4643.33
08071100,PJ,PF,False,True,2,1,647743.39,0
08071100,PJ,PF,False,True,2,2,35551.76,481.01
08071100,PJ,PF,True,False,-,-,23000,0
08071100,PJ,PJ,True,False,2,2,934941.48,0
08071900,PF,PF,True,False,-,-,92444.92,0
08071900,PF,PJ,True,False,2,1,168697.25,0
08071900,PF,PJ,True,False,2,2,4277216.96,0
08071900,PJ,PF,False,True,2,2,211910.74,2029.68
08071900,PJ,PJ,True,False,2,2,51699,0
08072000,PF,PF,True,False,-,-,6727567.71,0
08072000,PF,PJ,True,False,1,1,136715.2,0
08072000,PF,PJ,True,False,2,1,10423721.07,0
08072000,PF,PJ,True,False,2,2,373531771.33,130648.4
08072000,PJ,PF,False,True,2,2,39309978.86,66474.18
08072000,PJ,PJ,True,False,2,2,703161.2999999999,0
08081000,PF,PF,True,False,-,-,1229877.28,0
08081000,PF,PJ,True,False,1,1,5850,0
08081000,PF,PJ,True,False,2,1,3081001.2,0
08081000,PF,PJ,True,False,2,2,224806964.71,231.2600000000001
08081000,PJ,PF,False,True,2,2,14591969.56,319028.59
08081000,PJ,PJ,True,False,2,1,85590,0
08081000,PJ,PJ,True,False,2,2,4417001.12,0
08083000,PF,PF,True,False,-,-,6905,0
08083000,PF,PJ,True,False,2,1,1175,0
08083000,PF,PJ,True,False,2,2,312378.93,0
08083000,PJ,PF,False,True,2,2,846,0
08083000,PJ,PJ,True,False,2,2,5616,0
08084000,PF,PJ,True,False,2,2,39325.5,0
08091000,PF,PJ,True,False,2,2,785,0
08093010,PF,PJ,True,False,2,1,32223,0
08093010,PF,PJ,True,False,2,2,7081393.61,0
08093010,PJ,PF,False,True,2,2,11989.81,0
08093010,PJ,PF,True,False,-,-,118496,0
08093010,PJ,PJ,True,False,2,1,2880,0
08093010,PJ,PJ,True,False,2,2,6534945.05,0
08093020,PF,PJ,True,False,2,2,494446.5,0
08093020,PJ,PJ,True,False,2,2,124379,0
08094000,PF,PF,True,False,-,-,4050,0
08094000,PF,PJ,True,False,2,1,105,0
08094000,PF,PJ,True,False,2,2,8857957.23,0
08094000,PJ,PF,False,True,2,2,600,55.5
08094000,PJ,PJ,True,False,2,1,24315,0
08094000,PJ,PJ,True,False,2,2,6563643.14,0
08101000,PF,PF,True,False,-,-,4011799.62,3929.04
08101000,PF,PJ,True,False,1,1,12131,0
08101000,PF,PJ,True,False,2,1,6766159.66,5685.1
08101000,PF,PJ,True,False,2,2,137222818.13,81216
08101000,PJ,PF,False,True,2,1,22.5,0
08101000,PJ,PF,False,True,2,2,68205.25,2313.55
08101000,PJ,PJ,True,False,2,1,888.75,0
08101000,PJ,PJ,True,False,2,2,3077,0
08102000,PF,PJ,True,False,2,1,21986.76,0
08102000,PF,PJ,True,False,2,2,127725.3,0
08104000,PF,PJ,True,False,2,1,340,0
08104000,PF,PJ,True,False,2,2,17027.41,0
08104000,PJ,PF,False,True,2,2,52,0
08104000,PJ,PJ,True,False,2,2,10020,0
08105000,PF,PJ,True,False,2,1,20.5,0
08105000,PF,PJ,True,False,2,2,165650.48,0
08105000,PJ,PF,False,True,2,2,9835.4,2592.15
08105000,PJ,PJ,True,False,2,2,76.8,0
08107000,PF,PF,True,False,-,-,7600,0
08107000,PF,PJ,True,False,2,1,769.5,0
08107000,PF,PJ,True,False,2,2,3483179.27,0
08107000,PJ,PF,False,True,2,2,51180.9,3436.6
08107000,PJ,PF,True,False,-,-,6249.95,0
08107000,PJ,PJ,True,False,2,1,12984,0
08107000,PJ,PJ,True,False,2,2,12071147.87,0
08109011,PF,PJ,True,False,2,1,4740,327.6
08109011,PF,PJ,True,False,2,2,2916.55,0
08109011,PJ,PJ,True,False,2,2,2031455.74,0
08109012,PF,PJ,True,False,2,1,200,0
08109012,PF,PJ,True,False,2,2,7992933.22,0
08109012,PJ,PF,True,False,-,-,200,0
08109012,PJ,PJ,True,False,2,1,2950,0
08109012,PJ,PJ,True,False,2,2,1849475.59,0
08109013,PJ,PF,False,True,2,2,377,0
08109014,PF,PJ,True,False,2,1,800,0
08109014,PF,PJ,True,False,2,2,1582762.39,0
08109014,PJ,PJ,True,False,2,1,360,0
08109014,PJ,PJ,True,False,2,2,222084,0
08109015,PF,PF,True,False,-,-,68350,0
08109015,PF,PJ,True,False,2,1,22980,0
08109015,PF,PJ,True,False,2,2,17629659.86,1206.27
08109015,PJ,PF,False,True,2,2,21006739.95,417355.97
08109015,PJ,PJ,True,False,2,1,1360,0
08109015,PJ,PJ,True,False,2,2,1105767.15,0
08109016,PF,PF,True,False,-,-,3500,0
08109016,PF,PJ,True,False,2,1,93,0
08109016,PF,PJ,True,False,2,2,4392306.35,0
08109016,PJ,PF,False,True,2,2,48941.34,0
08109016,PJ,PJ,True,False,2,2,1056,0
08109017,PF,PJ,True,False,2,2,100,0
08109090,PF,PF,True,False,-,-,1322002.04,0
08109090,PF,PJ,True,False,2,1,456448.58,0
08109090,PF,PJ,True,False,2,2,8015360.73,997.61
08109090,PJ,PF,False,True,2,2,4018202.639999999,356310.59
08109090,PJ,PJ,True,False,2,2,1048131.6,0
08111000,PF,PJ,True,False,2,1,22623.2,0
08111000,PF,PJ,True,False,2,2,1624140.9,0
08112000,PJ,PF,False,True,2,2,129000,0
08112000,PJ,PJ,True,False,2,2,3402627.92,0
08119000,PF,PF,True,False,-,-,91550,0
08119000,PF,PJ,True,False,2,1,51868,0
08119000,PF,PJ,True,False,2,2,946077.74,0
08119000,PJ,PF,False,True,2,1,11.4,0
08119000,PJ,PF,False,True,2,2,36163708.25,0
08119000,PJ,PJ,True,False,2,1,872.6400000000001,0
08119000,PJ,PJ,True,False,2,2,100,0
08129000,PF,PJ,True,False,2,2,38453.86,0
08132010,PF,PJ,True,False,2,2,3370,0
08132020,PF,PJ,True,False,2,2,11755.95,0
08132020,PJ,PJ,True,False,2,2,41267,0
08133000,PF,PJ,True,False,2,1,2705,0
08133000,PF,PJ,True,False,2,2,60182,0
08134010,PF,PJ,True,False,2,1,445,0
08134010,PF,PJ,True,False,2,2,8736,0
08140000,PF,PJ,True,False,2,1,33000,0
08140000,PF,PJ,True,False,2,2,60127,0
08140000,PJ,PF,False,True,2,2,1262.699999999999,0
09011110,PF,PF,True,False,-,-,7205549.95,1327.96
09011110,PF,PJ,True,False,1,1,15967.62,704.94
09011110,PF,PJ,True,False,2,1,13852312.32,224485.9
09011110,PF,PJ,True,False,2,2,4792147003.27,7117188.75
09011110,PJ,PF,False,True,2,1,3068898.8,0
09011110,PJ,PF,False,True,2,2,479451788.83,0
09011110,PJ,PF,True,False,-,-,3300,242.67
09011110,PJ,PJ,True,False,2,1,553494.22,11476.43
09011110,PJ,PJ,True,False,2,2,404527307.6,476203.3699999999
09011190,PF,PF,True,False,-,-,3852,0
09011190,PF,PJ,True,False,2,1,7208.85,479.62
09011190,PF,PJ,True,False,2,2,11170408.79,348
09011190,PJ,PF,False,True,2,2,764633.24,0
09011190,PJ,PJ,True,False,2,2,2563280.92,0
09011200,PF,PJ,True,False,2,2,432395.6,0
09011200,PJ,PJ,True,False,2,2,4115148.09,0
09012100,PF,PF,True,False,-,-,17181.38,0
09012100,PF,PJ,True,False,2,1,146551.26,646.22
09012100,PF,PJ,True,False,2,2,132471891.43,798.98
09012100,PJ,PF,False,True,2,1,7080,0
09012100,PJ,PF,False,True,2,2,181.23,0
09012100,PJ,PJ,True,False,2,2,5580,1004.4
09019000,PF,PF,True,False,-,-,2130863.74,98226.72
09019000,PF,PJ,True,False,2,1,19400,262.64
09019000,PF,PJ,True,False,2,2,514576.06,3084.79
09021000,PF,PJ,True,False,2,1,30.33000000000001,0
09021000,PF,PJ,True,False,2,2,650.3199999999999,0
09021000,PJ,PF,False,True,2,1,27168,0
09021000,PJ,PJ,True,False,2,1,923,0
09021000,PJ,PJ,True,False,2,2,33.2,0
09030010,PJ,PF,False,True,2,1,54962.4,0
09030010,PJ,PF,False,True,2,2,196707.6,0
09030090,PF,PF,True,False,-,-,107000,0
09030090,PF,PJ,True,False,2,1,11985,0
09030090,PF,PJ,True,False,2,2,918167.0599999999,1086.41
09030090,PJ,PF,False,True,2,1,57571.7,0
09030090,PJ,PF,False,True,2,2,785861.1499999999,14353.44
09041100,PF,PF,True,False,-,-,436237.5,0
09041100,PF,PJ,True,False,2,1,114800,0
09041100,PF,PJ,True,False,2,2,11869167.71,72744.79000000001
09041100,PJ,PF,False,True,2,2,686147.2,0
09041200,PF,PJ,True,False,2,1,7500,0
09041200,PF,PJ,True,False,2,2,2730100,164136
09042100,PF,PJ,True,False,2,2,35306.23,0
09042100,PJ,PF,False,True,2,2,46500,0
09092200,PF,PJ,True,False,2,1,3650,438
09096110,PF,PJ,True,False,2,1,4356.2,0
09096110,PF,PJ,True,False,2,2,580840.3600000001,0
09096210,PJ,PJ,True,False,2,1,649.4,0
09096210,PJ,PJ,True,False,2,2,22641.92,0
09101100,PF,PF,True,False,-,-,165256,0
09101100,PF,PJ,True,False,2,1,4038,0
09101100,PF,PJ,True,False,2,2,16360004.11,0
09101100,PJ,PF,False,True,2,2,459312.96,0
09101100,PJ,PJ,True,False,2,2,7660.83,0
09101200,PJ,PF,False,True,2,2,640,59.2
09101200,PJ,PJ,True,False,2,2,6300,0
09102000,PF,PF,True,False,-,-,700,0
09102000,PF,PJ,True,False,2,1,212.6,0
09102000,PF,PJ,True,False,2,2,72353.01999999997,0
09102000,PJ,PF,False,True,2,2,70,4
09102000,PJ,PJ,True,False,2,2,5426,0
09109100,PF,PJ,True,False,2,1,28,0
09109100,PF,PJ,True,False,2,2,1869.480000000002,0
09109900,PF,PF,True,False,-,-,206.5,0
09109900,PF,PJ,True,False,1,1,5.72,0
09109900,PF,PJ,True,False,2,1,456.5700000000001,0
09109900,PF,PJ,True,False,2,2,926974.0299999999,0
09109900,PJ,PF,False,True,2,2,131533.17,4420.849999999999
09109900,PJ,PJ,True,False,2,1,1584.6,0
09109900,PJ,PJ,True,False,2,2,1001632.55,2273.21
10011100,PF,PF,True,False,-,-,37227563.55,105204.36
10011100,PF,PJ,True,False,2,1,35060.8,1058.4
10011100,PF,PJ,True,False,2,2,169257496.12,1712645.07
10011100,PJ,PF,False,True,2,1,220975.6,0
10011100,PJ,PF,False,True,2,2,13675792.34,0
10011100,PJ,PJ,True,False,2,2,21632587.08,30949.63
10011900,PF,PF,True,False,-,-,10965052.65,7575.98
10011900,PF,PJ,True,False,2,1,1246872.9,0
10011900,PF,PJ,True,False,2,2,497063351.46,61637372.70999999
10011900,PJ,PF,False,True,2,1,13840,0
10011900,PJ,PF,False,True,2,2,141026949.51,293873.03
10011900,PJ,PJ,True,False,2,1,164203.06,0
10011900,PJ,PJ,True,False,2,2,32295914.32,3.0099
10019090,PF,PJ,True,False,2,2,2688488.999999999,0
10019100,PF,PF,True,False,-,-,1696092,5508
10019100,PF,PJ,True,False,2,1,79400,1934.4
10019100,PF,PJ,True,False,2,2,34962788.17,308755.99
10019100,PJ,PF,False,True,2,2,7986563.45,0
10019100,PJ,PJ,True,False,2,2,516599.15,0
10019900,PF,PF,True,False,-,-,14134130.26,32751.38
10019900,PF,PJ,True,False,2,1,652521.34,948
10019900,PF,PJ,True,False,2,2,896314122.49,7544508.7294
10019900,PJ,PF,False,True,2,1,20080,0
10019900,PJ,PF,False,True,2,2,503852644.61,2260649.78
10019900,PJ,PJ,True,False,2,2,32892478.4,374896.67
10021000,PF,PF,True,False,-,-,62491,9029.369999999999
10021000,PF,PJ,True,False,2,1,1185,0
10021000,PF,PJ,True,False,2,2,626651.15,63578.03
10021000,PJ,PF,False,True,2,2,342073,0
10029000,PF,PF,True,False,-,-,572549.5,0
10029000,PF,PJ,True,False,2,1,134942,0
10029000,PF,PJ,True,False,2,2,2273976.52,254936.31
10029000,PJ,PF,False,True,2,2,90644,5971.82
10031000,PF,PF,True,False,-,-,864812.4,1198.78
10031000,PF,PJ,True,False,2,2,595439.75,353.46
10031000,PJ,PF,False,True,2,2,651426.01,0
10031000,PJ,PJ,True,False,2,2,2163894.899999999,0
10039010,PF,PJ,True,False,2,2,13597590.38,0
10039010,PJ,PF,False,True,2,2,4029096.77,11626.6
10039010,PJ,PJ,True,False,2,1,35684,0
10039010,PJ,PJ,True,False,2,2,770077.57,0
10039080,PF,PF,True,False,-,-,221170.67,0
10039080,PF,PJ,True,False,2,2,14606624.88,18614.88
10039080,PJ,PF,False,True,2,2,4559134.79,14657.23
10039080,PJ,PJ,True,False,2,2,2118210.86,0
10039090,PF,PF,True,False,-,-,249017.29,1844.68
10039090,PF,PJ,True,False,2,1,6300,0
10039090,PF,PJ,True,False,2,2,1715465.58,0
10039090,PJ,PF,False,True,2,2,2356782.78,830.52
10039090,PJ,PJ,True,False,2,2,1133888.31,0
10040090,PF,PF,True,False,-,-,6499.02,0
10040090,PF,PJ,True,False,2,2,11000,1320
10041000,PF,PF,True,False,-,-,7927516.76,6453.81
10041000,PF,PJ,True,False,2,1,48007.5,1310.8
10041000,PF,PJ,True,False,2,2,26339324.42,333319.67
10041000,PJ,PF,False,True,2,2,6540815.310000001,912.5
10041000,PJ,PJ,True,False,2,2,1800,0
10049000,PF,PF,True,False,-,-,37117000.47,143586.83
10049000,PF,PJ,True,False,1,1,31968,0
10049000,PF,PJ,True,False,2,1,2145239.63,8678.73
10049000,PF,PJ,True,False,2,2,357156464.3200001,894962.68
10049000,PJ,PF,False,True,2,1,835498,0
10049000,PJ,PF,False,True,2,2,26074649.61,340676.72
10049000,PJ,PJ,True,False,2,2,248827.76,0
10051000,PF,PF,True,False,-,-,42892442.23,181599.87
10051000,PF,PJ,True,False,2,1,302297.78,14616.12
10051000,PF,PJ,True,False,2,2,1441173592.24,51382414.68
10051000,PJ,PF,False,True,2,2,55978913.66,483550.1200000001
10051000,PJ,PJ,True,False,2,2,58951359.42,5322124.31
10059010,PF,PF,True,False,-,-,3518778315.26,19502151.0036
10059010,PF,PJ,True,False,1,1,820216.85,10601.77
10059010,PF,PJ,True,False,2,1,225584823.83,2468059.7255
10059010,PF,PJ,True,False,2,2,40292260846.05,146540910.2284
10059010,PJ,PF,False,True,2,1,3428092.77,16000.18
10059010,PJ,PF,False,True,2,2,3020576958.31,20785551.39
10059010,PJ,PF,True,False,-,-,381075.82,31613.41
10059010,PJ,PJ,True,False,2,1,1482944.61,20350
10059010,PJ,PJ,True,False,2,2,368204975.5100001,4451565.9464
10059090,PF,PF,True,False,-,-,72186391.98,441285.72
10059090,PF,PJ,True,False,1,1,84124.20000000001,1784.910000000001
10059090,PF,PJ,True,False,2,1,3675521.94,36583.29
10059090,PF,PJ,True,False,2,2,1473393450.73,46242229.13
10059090,PJ,PF,False,True,2,1,77185.2,2087.85
10059090,PJ,PF,False,True,2,2,21674049.4,408448.63
10059090,PJ,PF,True,False,-,-,7000,647.5
10059090,PJ,PJ,True,False,2,1,74128,6856.84
10059090,PJ,PJ,True,False,2,2,92041644.89,23384324.11
10061010,PF,PF,True,False,-,-,62441640.64,185191.6
10061010,PF,PJ,True,False,2,1,256925.54,17799.8
10061010,PF,PJ,True,False,2,2,284377236.17,2954707.56
10061010,PJ,PF,False,True,2,2,420604,0
10061091,PF,PF,True,False,-,-,210510,0
10061091,PF,PJ,True,False,2,2,10256263.43,156254.88
10061091,PJ,PF,False,True,2,1,3600,0
10061091,PJ,PF,False,True,2,2,307708.28,9962.029999999999
10061092,PF,PF,True,False,-,-,29188004.49,252449.18
10061092,PF,PJ,True,False,1,1,2520,120.96
10061092,PF,PJ,True,False,2,1,4584030.850000001,245951.02
10061092,PF,PJ,True,False,2,2,6697816469.04,100631942.76
10061092,PJ,PF,False,True,2,1,31900,0
10061092,PJ,PF,False,True,2,2,67506012.17,1407931.01
10062010,PF,PJ,True,False,2,2,477390,0
10062020,PF,PJ,True,False,2,2,1596782.94,0
10062020,PJ,PF,False,True,2,2,1353459.27,10594.4
10063011,PF,PJ,True,False,2,1,51000,6120
10063011,PF,PJ,True,False,2,2,314385.09,32868.12
10063011,PJ,PF,False,True,2,1,184800,0
10063019,PF,PF,True,False,-,-,913584.51,10618.3
10063019,PF,PJ,True,False,2,2,31409963.35,1059952.75
10063019,PJ,PF,False,True,2,2,9000,416.25
10063021,PF,PF,True,False,-,-,95556,0
10063021,PF,PJ,True,False,2,2,1335040.59,3840
10063021,PJ,PF,False,True,2,2,779300,3132
10063029,PF,PF,True,False,-,-,85869.79999999999,4378.82
10063029,PF,PJ,True,False,2,1,242702.6,0
10063029,PF,PJ,True,False,2,2,12508092.77,0
10064000,PF,PF,True,False,-,-,62089,0
10064000,PF,PJ,True,False,2,2,6824034.07,11588.16
10070010,PF,PJ,True,False,2,2,128700,6177.6
10070010,PJ,PF,False,True,2,2,539793.21,0
10070090,PF,PF,True,False,-,-,1174365.7,32513.14
10070090,PF,PJ,True,False,2,2,29764600.86,370113.2500000001
10070090,PJ,PF,False,True,2,2,366036.88,0
10071000,PF,PF,True,False,-,-,31319511.44,18649.81
10071000,PF,PJ,True,False,1,1,2701,0
10071000,PF,PJ,True,False,2,1,397010.53,2922.4
10071000,PF,PJ,True,False,2,2,208654136.74,11674037.9
10071000,PJ,PF,False,True,2,2,131815.62,0
10071000,PJ,PJ,True,False,2,1,246000,0
10071000,PJ,PJ,True,False,2,2,6964333.350000001,0
10079000,PF,PF,True,False,-,-,439260847.69,968671.4596000001
10079000,PF,PJ,True,False,2,1,20170283.34,9668.81
10079000,PF,PJ,True,False,2,2,1145736665.7,6548631.7283
10079000,PJ,PF,False,True,2,2,60094506.41,425742.73
10079000,PJ,PF,True,False,-,-,1089.9,0
10079000,PJ,PJ,True,False,2,2,70797753.65,0
10081010,PF,PF,True,False,-,-,190926.9,3273
10081010,PF,PJ,True,False,2,1,16000,0
10081010,PF,PJ,True,False,2,2,6530027.96,50378.80999999999
10081010,PJ,PF,False,True,2,2,131820,0
10081090,PF,PF,True,False,-,-,435350.1,23238.59
10081090,PF,PJ,True,False,2,1,259660,12007.2
10081090,PF,PJ,True,False,2,2,28420427.03,434753.99
10081090,PJ,PF,False,True,2,2,1048101.13,0
10081090,PJ,PJ,True,False,2,2,3129625.83,0
10082010,PF,PF,True,False,-,-,121790,20307.3
10082010,PF,PJ,True,False,2,1,252523,32065.26
10082010,PF,PJ,True,False,2,2,2796046.96,335585.64
10082010,PJ,PF,False,True,2,1,28500,0
10082110,PF,PF,True,False,-,-,26049184.21,399688.3464
10082110,PF,PJ,True,False,2,1,6695804.52,10444.77
10082110,PF,PJ,True,False,2,2,109791467.26,2215810.4287
10082110,PJ,PF,False,True,2,2,511931.31,0
10082110,PJ,PF,True,False,-,-,3000,0
10082110,PJ,PJ,True,False,2,2,266425.32,0
10082190,PF,PF,True,False,-,-,227314.37,2417.4
10082190,PF,PJ,True,False,1,1,1978.9,0
10082190,PF,PJ,True,False,2,1,621997.38,74782.72
10082190,PF,PJ,True,False,2,2,3278335.709999999,6113.75
10082190,PJ,PJ,True,False,2,2,69825.25,0
10082910,PF,PF,True,False,-,-,41294809.48,754879.8800000001
10082910,PF,PJ,True,False,1,1,730,0
10082910,PF,PJ,True,False,2,1,4508142.87,55438.75
10082910,PF,PJ,True,False,2,2,187576812.31,4482957.3112
10082910,PJ,PF,False,True,2,2,1417250.69,4687.68
10082910,PJ,PJ,True,False,2,2,198777.82,0
10082990,PF,PF,True,False,-,-,1944110.87,21856.87
10082990,PF,PJ,True,False,2,1,1150015.24,91328.23999999999
10082990,PF,PJ,True,False,2,2,6410697.04,249404.67
10082990,PJ,PF,False,True,2,1,12602.04,0
10083090,PF,PJ,True,False,2,1,12540,1504.8
10084010,PF,PF,True,False,-,-,136483,0
10084010,PF,PJ,True,False,2,2,1473178.69,0
10085090,PF,PF,True,False,-,-,73800,4200
10085090,PF,PJ,True,False,2,1,164387.5,19726.5
10085090,PF,PJ,True,False,2,2,426226.5,51147.17999999999
10086010,PF,PF,True,False,-,-,124532,0
10086010,PF,PJ,True,False,2,1,62444,0
10086010,PF,PJ,True,False,2,2,1395594.27,48365.95
10086010,PJ,PF,False,True,2,2,358939.6,0
10086010,PJ,PJ,True,False,2,2,150620.14,0
10086090,PF,PF,True,False,-,-,206573,0
10086090,PF,PJ,True,False,2,2,3462260.93,45530.14
10086090,PJ,PF,False,True,2,2,618059.5700000001,9631.57
10086090,PJ,PJ,True,False,2,2,989868.9299999999,0
10089010,PF,PF,True,False,-,-,595352.16,0
10089010,PF,PJ,True,False,2,2,9200070.29,310773.34
10089010,PJ,PF,False,True,2,2,10535683.83,110231.02
10089010,PJ,PJ,True,False,2,2,2972554.05,0
10089090,PF,PF,True,False,-,-,28248438.44,488898.57
10089090,PF,PJ,True,False,2,1,1482381.34,57592.16
10089090,PF,PJ,True,False,2,2,66215926.38,3121891.49
10089090,PJ,PF,False,True,2,2,1121485.8,3094.73
11010010,PF,PF,True,False,-,-,6626290.86,0
11010010,PF,PJ,True,False,2,1,41492,0
11010010,PF,PJ,True,False,2,2,167182041.71,933830.96
11010010,PJ,PF,False,True,2,2,1418797.41,0
11010010,PJ,PJ,True,False,2,2,15391093.39,10792.64
11010020,PF,PJ,True,False,2,2,962600.0999999999,0
11022000,PF,PF,True,False,-,-,184129.9,3600
11022000,PF,PJ,True,False,2,1,52635,0
11022000,PF,PJ,True,False,2,2,14231881.7,0
11022000,PJ,PF,False,True,2,2,6889329.5,223569.91
11031100,PF,PF,True,False,-,-,174007.06,0
11031100,PF,PJ,True,False,2,1,159188.5,0
11031100,PF,PJ,True,False,2,2,23469367.79,121223.69
11031100,PJ,PF,False,True,2,2,59.17,1.91
11031100,PJ,PJ,True,False,2,2,83148,0
11031300,PF,PF,True,False,-,-,5164127.85,967.25
11031300,PF,PJ,True,False,1,1,10020,0
11031300,PF,PJ,True,False,2,1,3325292,0
11031300,PF,PJ,True,False,2,2,72082996.75,1580074.85
11031300,PJ,PF,False,True,2,1,64000,0
11031300,PJ,PF,False,True,2,2,155842.18,0
11031300,PJ,PJ,True,False,2,2,28862.1,0
11031900,PF,PF,True,False,-,-,1477547.6,39148.11
11031900,PF,PJ,True,False,2,1,310637.66,21744.64
11031900,PF,PJ,True,False,2,2,87342534.19,1509996.14
11041200,PF,PF,True,False,-,-,10556227.67,7309.52
11041200,PF,PJ,True,False,2,1,384136.96,0
11041200,PF,PJ,True,False,2,2,13597996.04,15452.79
11041200,PJ,PF,False,True,2,1,125082.1,0
11041200,PJ,PF,False,True,2,2,18410114.11,1091060.26
11041200,PJ,PJ,True,False,2,2,20904.2,0
11041900,PF,PF,True,False,-,-,1699520.23,11881.8
11041900,PF,PJ,True,False,2,1,23062.5,0
11041900,PF,PJ,True,False,2,2,3546774.34,25004.35
11041900,PJ,PF,False,True,2,2,65960.43,0
11042200,PF,PF,True,False,-,-,1500161.68,0
11042200,PF,PJ,True,False,2,1,104114.1,0
11042200,PF,PJ,True,False,2,2,3754066.93,1583.99
11042200,PJ,PF,False,True,2,1,2196,0
11042200,PJ,PF,False,True,2,2,6162895.89,0
11042300,PF,PF,True,False,-,-,149796465.84,373468.14
11042300,PF,PJ,True,False,2,1,5216989.16,7417.63
11042300,PF,PJ,True,False,2,2,277824605.31,682620.24
11042300,PJ,PF,False,True,2,1,37350,0
11042300,PJ,PF,False,True,2,2,8448353.66,69661.12
11042300,PJ,PJ,True,False,2,2,6971434.93,0
11042900,PF,PF,True,False,-,-,906177.4299999999,0
11042900,PF,PJ,True,False,2,1,7980,0
11042900,PF,PJ,True,False,2,2,4235750.67,35231.11
11042900,PJ,PF,False,True,2,2,12954,1198.23
11043000,PF,PF,True,False,-,-,66240,0
11051000,PF,PJ,True,False,2,2,3453916,0
11061000,PF,PJ,True,False,2,2,265962,0
11062000,PF,PJ,True,False,2,2,2011625.9,171
11071020,PF,PJ,True,False,2,2,6204,0
11081200,PF,PF,True,False,-,-,1504267.44,0
11081200,PF,PJ,True,False,2,1,75814.7,0
11081200,PF,PJ,True,False,2,2,1088473.72,0
11081400,PF,PF,True,False,-,-,38200,0
11081400,PF,PJ,True,False,2,1,149425,0
11081400,PF,PJ,True,False,2,2,390737.91,0
12010010,PF,PF,True,False,-,-,2545819.41,0
12010010,PF,PJ,True,False,2,2,23626853.38,431795.7999999999
12010090,PJ,PF,False,True,2,2,55655990.73999999,3013085.26
12011000,PF,PF,True,False,-,-,487502812.41,3337779.87
12011000,PF,PJ,True,False,2,1,31657894.73,788339.21
12011000,PF,PJ,True,False,2,2,4110355611.33,43329792.0736
12011000,PJ,PF,False,True,2,1,539875,0
12011000,PJ,PF,False,True,2,2,162271369.66,55105.82999999999
12011000,PJ,PF,True,False,-,-,7280,349.44
12011000,PJ,PJ,True,False,2,2,122800205.11,312013.22
12019000,PF,PF,True,False,-,-,604359579.37,6105049.2382
12019000,PF,PJ,True,False,1,1,17935,0
12019000,PF,PJ,True,False,2,1,91705042.63000001,223670.53
12019000,PF,PJ,True,False,2,2,102364079336.18,90536981.44409999
12019000,PJ,PF,False,True,2,1,2806516.82,0
12019000,PJ,PF,False,True,2,2,9064573597.52,5797076.9
12019000,PJ,PF,True,False,-,-,156891.9,0
12019000,PJ,PJ,True,False,2,2,1037057443.36,3479192.4693
12023000,PF,PJ,True,False,2,2,712266,34188.76
12023000,PJ,PF,False,True,2,2,329013.53,8802.36
12023000,PJ,PF,True,False,-,-,310000,0
12023000,PJ,PJ,True,False,2,2,36194952.8,0
12024100,PF,PF,True,False,-,-,88666,0
12024100,PF,PJ,True,False,2,2,117360746.59,5416005.6
12024100,PJ,PF,False,True,2,1,260000,0
12024100,PJ,PF,False,True,2,2,8513089.55,121350.04
12024100,PJ,PJ,True,False,2,1,80500,0
12024100,PJ,PJ,True,False,2,2,300997409.03,155332.7410000001
12024200,PF,PJ,True,False,2,2,3825000,459000
12024200,PJ,PF,False,True,2,1,170400,0
12024200,PJ,PF,True,False,-,-,75000,5250
12024200,PJ,PJ,True,False,2,1,706805.5,0
12024200,PJ,PJ,True,False,2,2,40314306.18,53204.31
12040010,PF,PJ,True,False,2,2,1061358.3,120043
12040090,PF,PF,True,False,-,-,57231.3,28.8
12040090,PF,PJ,True,False,2,1,101115,0
12040090,PF,PJ,True,False,2,2,1338770.15,56724
12040090,PJ,PF,False,True,2,2,391547.21,10511.38
12050010,PF,PF,True,False,-,-,263204.77,23045.03
12050010,PF,PJ,True,False,2,1,53460,6415.2
12050010,PF,PJ,True,False,2,2,592697.28,71123.67000000001
12050090,PF,PF,True,False,-,-,900,108
12051010,PF,PF,True,False,-,-,429334,156.8
12051010,PF,PJ,True,False,2,1,25000,0
12051010,PF,PJ,True,False,2,2,2771042.87,18507.58
12051010,PJ,PJ,True,False,2,2,64015,3625.81
12051090,PF,PF,True,False,-,-,434512.64,0
12051090,PF,PJ,True,False,2,1,121158.33,0
12051090,PF,PJ,True,False,2,2,34601884.65,168756.16
12051090,PJ,PF,False,True,2,2,13399697.57,81686.2
12059010,PF,PF,True,False,-,-,814886.3300000001,681.78
12059010,PF,PJ,True,False,2,2,3454618.63,0
12059090,PF,PF,True,False,-,-,60000,0
12059090,PF,PJ,True,False,2,2,1972968.71,10682.21
12060010,PF,PF,True,False,-,-,165710.5,0
12060010,PF,PJ,True,False,2,1,80580,6709.280000000001
12060010,PF,PJ,True,False,2,2,1379168.01,25895.04
12060090,PF,PF,True,False,-,-,151440,0
12060090,PF,PJ,True,False,2,1,558716.98,79530.81
12060090,PF,PJ,True,False,2,2,74860076.54,831662.49
12060090,PJ,PF,False,True,2,2,5678621.58,139899.89
12071090,PF,PF,True,False,-,-,20910,0
12071090,PF,PJ,True,False,2,2,14367676.25,22084.85
12071090,PJ,PF,False,True,2,2,2727662.99,0
12072100,PF,PF,True,False,-,-,91534871.92999999,62724.77
12072100,PF,PJ,True,False,2,2,81813078.09,234342.9
12072100,PJ,PF,False,True,2,2,664309.34,79717.12
12072900,PF,PF,True,False,-,-,189421893.81,1036566.58
12072900,PF,PJ,True,False,2,1,11210890.78,43771.49000000001
12072900,PF,PJ,True,False,2,2,1183266150.85,15013019.4835
12072900,PJ,PF,False,True,2,2,519608.2,77182.59
12072900,PJ,PJ,True,False,2,2,1263034.18,0
12073010,PF,PF,True,False,-,-,2627,30.1
12073010,PF,PJ,True,False,2,2,5237296.9,0
12073090,PF,PF,True,False,-,-,160077,378.1
12073090,PF,PJ,True,False,2,2,8052747.9,500686.8
12074010,PF,PJ,True,False,2,2,4631285.970000001,0
12074090,PF,PF,True,False,-,-,6873903.43,39.6
12074090,PF,PJ,True,False,1,1,47740,5728.799999999999
12074090,PF,PJ,True,False,2,1,1035949.8,1455.84
12074090,PF,PJ,True,False,2,2,318943636.67,1860900.42
12074090,PJ,PF,False,True,2,2,664696.85,0
12075010,PJ,PF,False,True,2,2,228.5,0
12075090,PF,PF,True,False,-,-,18900,0
12075090,PJ,PJ,True,False,2,1,52.4,0
12075090,PJ,PJ,True,False,2,2,4878.85,0
12076090,PF,PJ,True,False,2,2,112393.75,13487.25
12079190,PF,PJ,True,False,2,2,140000,6720
12079910,PF,PF,True,False,-,-,3038727.17,0
12079910,PF,PJ,True,False,2,1,543320,26079.36
12079910,PF,PJ,True,False,2,2,8009482.26,5188.1
12079910,PJ,PF,False,True,2,2,562771.38,0
12079990,PF,PF,True,False,-,-,12929233.18,42000.89999999999
12079990,PF,PJ,True,False,2,1,141694,8638.28
12079990,PF,PJ,True,False,2,2,29236729.11,429986.66
12079990,PJ,PF,False,True,2,1,60788,0
12079990,PJ,PF,False,True,2,2,41325215.8,0
12081000,PF,PF,True,False,-,-,36788760.31,29401.11
12081000,PF,PJ,True,False,2,1,4208973.44,1200
12081000,PF,PJ,True,False,2,2,1688576935.6,1819160.63
12081000,PJ,PF,False,True,2,2,640638.24,0
12081000,PJ,PJ,True,False,2,2,38169040.82,59873.81
12089000,PF,PF,True,False,-,-,247320,0
12089000,PF,PJ,True,False,2,2,4706553.54,0
12089000,PJ,PJ,True,False,2,2,103720.56,0
12091000,PF,PJ,True,False,2,2,4969455.14,0
12092100,PF,PF,True,False,-,-,363600,0
12092100,PF,PJ,True,False,2,2,260000,0
12092100,PJ,PF,False,True,2,2,1183612,0
12092200,PF,PF,True,False,-,-,43800,0
12092200,PF,PJ,True,False,2,2,18840,0
12092400,PF,PF,True,False,-,-,3175326.16,17150.4
12092400,PF,PJ,True,False,2,2,61554421.16,1512086.27
12092500,PF,PF,True,False,-,-,8425843.5,2740.7
12092500,PF,PJ,True,False,1,1,45800,0
12092500,PF,PJ,True,False,2,1,28750,0
12092500,PF,PJ,True,False,2,2,6315015.7,55468.14
12092500,PJ,PF,False,True,2,1,2760,0
12092500,PJ,PF,False,True,2,2,2046654.74,0
12092900,PF,PF,True,False,-,-,92002985.42,852678.46
12092900,PF,PJ,True,False,2,1,9352533.06,201690.99
12092900,PF,PJ,True,False,2,2,766148032.82,26070391.48
12092900,PJ,PF,False,True,2,1,9640,0
12092900,PJ,PF,False,True,2,2,4563240.96,176488.89
12092900,PJ,PJ,True,False,2,2,4956222.92,27332.51
12093000,PF,PF,True,False,-,-,1583591.9,110773.26
12093000,PF,PJ,True,False,2,1,586720,24798.72
12093000,PF,PJ,True,False,2,2,24962422.4,1274210.48
12094900,PJ,PF,False,True,2,2,0,0
12099100,PF,PF,True,False,-,-,2772827.02,106668.08
12099100,PF,PJ,True,False,2,1,20244.5,0
12099100,PF,PJ,True,False,2,2,4039714.55,58239.42
12099100,PJ,PF,False,True,2,2,107745,0
12099100,PJ,PJ,True,False,2,2,60024.2,0
12099900,PF,PF,True,False,-,-,1205117,34461.73
12099900,PF,PJ,True,False,2,2,25805385.97,1159509.6
12099900,PJ,PF,False,True,2,2,160620,0
12099900,PJ,PJ,True,False,2,2,14000,0
12102010,PF,PJ,True,False,2,1,540,0
12102010,PF,PJ,True,False,2,2,9075,1089
12112000,PJ,PJ,True,False,2,2,97684.76000000001,0
12113000,PF,PJ,True,False,2,2,12834,0
12114000,PF,PF,True,False,-,-,361450,432
12114000,PF,PJ,True,False,2,1,3000,0
12116000,PJ,PF,False,True,2,2,8529.5,20.88
12119010,PF,PJ,True,False,2,1,6,0
12119010,PF,PJ,True,False,2,2,28901.44,0
12119010,PJ,PF,False,True,2,2,292.5,85.40999999999995
12119010,PJ,PJ,True,False,2,2,31976.20999999999,0
12119090,PF,PF,True,False,-,-,82134.45,0
12119090,PF,PJ,True,False,1,1,84.11,0
12119090,PF,PJ,True,False,2,1,96568.34,4032
12119090,PF,PJ,True,False,2,2,6057144.6,87838.12
12119090,PJ,PF,False,True,2,2,191884.88,4286.849999999999
12119090,PJ,PJ,True,False,2,1,6843.300000000001,0
12119090,PJ,PJ,True,False,2,2,1285966.84,0
12129100,PF,PJ,True,False,2,1,29525,0
12129100,PF,PJ,True,False,2,2,4176961,0
12129100,PJ,PF,False,True,2,1,600,0
12129200,PJ,PF,False,True,2,2,344644652.8099999,2550437.66
12129300,PF,PF,True,False,-,-,15353887.54,0
12129300,PF,PJ,True,False,2,1,14767,0
12129300,PF,PJ,True,False,2,2,1201458988.71,5461795.329999999
12129300,PJ,PF,False,True,2,2,2233630635.05,8790200.8
12129300,PJ,PJ,True,False,2,2,40454095.12,3566644.870000001
12129900,PJ,PF,False,True,2,2,0,0
12129990,PF,PF,True,False,-,-,4339167.980000002,882.44
12129990,PF,PJ,True,False,2,1,167019,0
12129990,PF,PJ,True,False,2,2,15221325.57,1494715.14
12129990,PJ,PF,False,True,2,2,228159461.32,113085
12129990,PJ,PJ,True,False,2,2,391701.39,0
12130000,PF,PF,True,False,-,-,25119914.35,146171.79
12130000,PF,PJ,True,False,1,1,87174.8,5827.13
12130000,PF,PJ,True,False,2,1,1529457.5,71289.95
12130000,PF,PJ,True,False,2,2,14221528.06,643037.0099999999
12130000,PJ,PF,False,True,2,2,3835,0
12130000,PJ,PJ,True,False,2,2,1632136,0
12141000,PF,PF,True,False,-,-,618928.06,3241.81
12141000,PF,PJ,True,False,2,1,47022,42
12141000,PF,PJ,True,False,2,2,246566.2,17182.82
12149000,PF,PF,True,False,-,-,204621413.29,160620.2379
12149000,PF,PJ,True,False,1,1,149679.45,0
12149000,PF,PJ,True,False,2,1,6916003.45,72880.34
12149000,PF,PJ,True,False,2,2,189970217.13,893318.79
12149000,PJ,PF,False,True,2,1,23870,0
12149000,PJ,PF,False,True,2,2,10518635.26,0
12149000,PJ,PF,True,False,-,-,2624162.2,108100.54
12149000,PJ,PJ,True,False,1,1,7335,0
12149000,PJ,PJ,True,False,2,1,889857.8,565.87
12149000,PJ,PJ,True,False,2,2,7276261.28,10818.61
13019010,PF,PJ,True,False,2,2,350379.36,0
13019090,PF,PF,True,False,-,-,996390.16,0
13019090,PF,PJ,True,False,2,1,99054.8,0
13019090,PF,PJ,True,False,2,2,4093114.03,282239.29
13019090,PJ,PF,False,True,2,2,54381.13,0
13019090,PJ,PJ,True,False,2,2,8018209.46,0
13021190,PF,PJ,True,False,2,1,25000,0
13021910,PF,PJ,True,False,2,2,1895,0
13021910,PJ,PF,False,True,2,2,178571.92,0
13021910,PJ,PJ,True,False,2,2,24384.5,0
13023220,PF,PF,True,False,-,-,3200,0
13023220,PF,PJ,True,False,2,2,6500,780
14019000,PF,PJ,True,False,2,2,4651.9,0
14042010,PJ,PF,False,True,2,2,1853354.79,0
14042090,PF,PF,True,False,-,-,8959731.209999999,159735.09
14042090,PF,PJ,True,False,2,1,275020,7675.199999999999
14042090,PF,PJ,True,False,2,2,24104172.24,610684.9800000001
14049010,PF,PF,True,False,-,-,20420081.87,38531.68
14049010,PF,PJ,True,False,2,1,2447934.06,0
14049010,PF,PJ,True,False,2,2,60146832.66,33613.48
14049010,PJ,PJ,True,False,2,2,405386.83,2436.823
14049090,PF,PF,True,False,-,-,1172668,17701.59
14049090,PF,PJ,True,False,2,1,31231.52,408
14049090,PF,PJ,True,False,2,2,23031151.91,228.9
14049090,PJ,PF,False,True,2,2,5226978.03,564.5132
15011000,PF,PJ,True,False,2,2,1785,124.96
15011000,PJ,PF,False,True,2,2,95056.21999999999,29.61
15012000,PF,PJ,True,False,1,1,554.8,0
15012000,PF,PJ,True,False,2,1,187150,0
15012000,PF,PJ,True,False,2,2,3169657.62,0
15021011,PF,PF,True,False,-,-,153140,0
15021090,PF,PJ,True,False,2,2,123300,0
15030000,PF,PJ,True,False,2,2,1909746,0
15041019,PF,PJ,True,False,2,2,436268.64,0
15071000,PF,PF,True,False,-,-,1460311.83,19954.08
15071000,PF,PJ,True,False,2,1,51138,0
15071000,PF,PJ,True,False,2,2,6095142.6,160436.28
15071000,PJ,PJ,True,False,2,2,130802,0
15079011,PF,PJ,True,False,2,2,27405,0
15079011,PJ,PF,False,True,2,2,12021.33,0
15079019,PF,PF,True,False,-,-,1295,155.4
15079019,PF,PJ,True,False,2,2,80970,0
15079090,PF,PF,True,False,-,-,750,0
15121110,PF,PJ,True,False,2,2,62910,0
15122100,PF,PJ,True,False,2,2,6080934.239999999,0
15141910,PF,PJ,True,False,2,2,4731010.760000001,0
15152910,PF,PJ,True,False,2,1,76265,0
15152990,PF,PJ,True,False,2,2,73603.54000000001,0
15162000,PF,PF,True,False,-,-,2279,0
15162000,PF,PJ,True,False,2,2,260452.2,0
15180090,PF,PF,True,False,-,-,40800,0
15211000,PJ,PF,False,True,2,2,25331578.53,0
15219011,PF,PJ,True,False,2,1,10850,0
15220000,PF,PF,True,False,-,-,120,0.14
16010000,PF,PF,True,False,-,-,1912.5,0
16010000,PJ,PF,False,True,2,1,22890,0
16010000,PJ,PF,False,True,2,2,236917.94,1052.85
16023220,PJ,PF,False,True,2,2,67227.1,0
16023290,PF,PJ,True,False,2,2,400,0
16024900,PF,PF,True,False,-,-,147.52,17.71
16024900,PJ,PF,False,True,2,2,42.08,0
16025000,PF,PF,True,False,-,-,39558762.7,0
16025000,PF,PJ,True,False,2,1,967337.85,0
16025000,PF,PJ,True,False,2,2,11994092.15,0
16025000,PJ,PF,False,True,2,2,8902.53,263.41
16029000,PF,PJ,True,False,2,2,68740,0
16041500,PF,PJ,True,False,2,2,98696,0
16041500,PJ,PF,False,True,2,2,2271714.75,0
16041900,PF,PJ,True,False,2,2,43661.23,0
16055400,PF,PJ,True,False,2,2,22260,0
17011200,PF,PF,True,False,-,-,132510,0
17011200,PF,PJ,True,False,1,1,41.5,0
17011200,PF,PJ,True,False,2,1,1440.5,0
17011200,PF,PJ,True,False,2,2,734551.4,0
17011200,PJ,PJ,True,False,2,2,6900.28,0
17011400,PF,PF,True,False,-,-,117200,0
17011400,PF,PJ,True,False,2,2,11384.84,180.51
17011400,PJ,PF,False,True,2,2,122588.14,0
17011400,PJ,PJ,True,False,2,2,795.94,0
17019900,PF,PJ,True,False,2,2,21.09,0
17021900,PJ,PF,False,True,2,1,2095,0
17031000,PF,PJ,True,False,2,2,835,0
18010000,PF,PF,True,False,-,-,19656.2,0
18010000,PF,PJ,True,False,2,2,21697944.72,59976.63999999999
18010000,PJ,PF,False,True,2,2,23179602.37,745417.23
18062000,PJ,PF,False,True,2,1,760,0
18063110,PJ,PF,False,True,2,2,2932,0
18069000,PJ,PF,False,True,2,1,3400,0
18069000,PJ,PF,False,True,2,2,21365.4,3966.64
19012000,PF,PJ,True,False,2,2,2870338.39,0
19019020,PF,PF,True,False,-,-,228.71,15.45
19019020,PF,PJ,True,False,2,1,1080,0
19019020,PF,PJ,True,False,2,2,5189.469999999998,218.74
19019090,PF,PJ,True,False,2,2,25706.64,0
19021100,PF,PF,True,False,-,-,59200,0
19021100,PJ,PF,False,True,2,2,130952,0
19021900,PF,PF,True,False,-,-,248212,0
19023000,PF,PF,True,False,-,-,140075,0
19023000,PF,PJ,True,False,2,2,1707999.02,0
19041000,PF,PJ,True,False,2,2,1600759.24,0
19042000,PJ,PJ,True,False,2,2,284828.64,0
19043000,PF,PJ,True,False,2,2,281600,0
19049000,PF,PF,True,False,-,-,1819833.6,670.4
19049000,PF,PJ,True,False,2,2,1601302.78,15120
19053100,PJ,PJ,True,False,2,2,135.45,24.38
19054000,PF,PJ,True,False,2,2,2167,0
19059010,PF,PJ,True,False,2,2,2989.5,0
19059090,PF,PF,True,False,-,-,22050,0
19059090,PF,PJ,True,False,2,2,976566.3,0
19059090,PJ,PF,False,True,2,2,44913.06,0
19059090,PJ,PJ,True,False,2,2,328.7,59.15000000000001
20011000,PF,PJ,True,False,2,1,53,0
20011000,PF,PJ,True,False,2,2,3262,0
20019000,PF,PJ,True,False,2,1,24000,0
20019000,PF,PJ,True,False,2,2,1765344.35,136962.48
20019000,PJ,PF,False,True,2,1,432.23,0
20019000,PJ,PF,False,True,2,2,1857,0
20021000,PF,PF,True,False,-,-,65870,0
20021000,PF,PJ,True,False,2,1,2037.9,0
20021000,PF,PJ,True,False,2,2,4830,0
20021000,PJ,PF,False,True,2,2,800,0
20029000,PF,PJ,True,False,2,2,3467.32,0
20031000,PF,PJ,True,False,2,1,15895,0
20031000,PF,PJ,True,False,2,2,35670,0
20041000,PF,PF,True,False,-,-,419479,0
20041000,PF,PJ,True,False,2,1,32000,0
20041000,PF,PJ,True,False,2,2,3335959.2,0
20041000,PJ,PF,False,True,2,2,109720,0
20049000,PJ,PJ,True,False,2,2,200,0
20052000,PF,PF,True,False,-,-,4212722.95,0
20052000,PF,PJ,True,False,1,1,259,0
20052000,PF,PJ,True,False,2,1,249327,0
20052000,PF,PJ,True,False,2,2,20109435.97,12000
20052000,PJ,PF,False,True,2,2,22000,0
20054000,PF,PJ,True,False,2,2,800,0
20055100,PF,PF,True,False,-,-,10725892.94,2089.68
20055100,PF,PJ,True,False,2,1,6999138.54,35024.84
20055100,PF,PJ,True,False,2,2,156042101.1,4937353.189999999
20055100,PJ,PF,False,True,2,2,18890480.57,0
20055100,PJ,PJ,True,False,2,2,25250290.08,159248.26
20055900,PF,PJ,True,False,2,2,386690.39,0
20058000,PF,PF,True,False,-,-,324164.01,0
20058000,PF,PJ,True,False,2,2,3435669.840000002,250576.5899999998
20058000,PJ,PJ,True,False,2,1,412.5,0
20058000,PJ,PJ,True,False,2,2,2982.5,0
20059100,PJ,PF,False,True,2,2,73.6,0
20059900,PF,PF,True,False,-,-,33831.5,6088.5
20059900,PF,PJ,True,False,2,1,304.2,0
20059900,PF,PJ,True,False,2,2,57513.00000000001,0
20060000,PF,PJ,True,False,2,1,53169.26,0
20060000,PF,PJ,True,False,2,2,4025447.97,0
20060000,PJ,PF,False,True,2,1,11225,0
20060000,PJ,PF,False,True,2,2,21030,583.6199999999999
20071000,PJ,PF,False,True,2,1,14500,0
20079910,PF,PJ,True,False,2,2,2610,0
20079921,PF,PF,True,False,-,-,379295,0
20079921,PF,PJ,True,False,2,2,33353.1,0
20079922,PF,PJ,True,False,2,2,1206.1,0
20079923,PF,PJ,True,False,2,1,394468.03,0
20079923,PF,PJ,True,False,2,2,10521723.79,0
20079924,PF,PJ,True,False,2,2,129942,0
20079924,PJ,PJ,True,False,2,2,130,0
20079925,PF,PF,True,False,-,-,123459,0
20079925,PF,PJ,True,False,2,2,1233402.92,0
20079925,PJ,PJ,True,False,2,2,26182.6,0
20079927,PF,PJ,True,False,2,1,203450,0
20079927,PF,PJ,True,False,2,2,2476849.33,0
20081100,PF,PJ,True,False,2,2,1293665.71,9617.86
20081100,PJ,PF,False,True,2,1,15000,0
20081100,PJ,PJ,True,False,2,2,10131676.44,0
20082010,PJ,PJ,True,False,2,2,26268.5,0
20085000,PF,PJ,True,False,2,1,23,0
20088000,PF,PJ,True,False,2,1,366.6,0
20088000,PF,PJ,True,False,2,2,416,0
20089100,PF,PF,True,False,-,-,116980,0
20089100,PJ,PJ,True,False,2,2,2350723.64,0
20089900,PF,PJ,True,False,2,1,4260,0
20089900,PF,PJ,True,False,2,2,24911.45,0
20089900,PJ,PJ,True,False,2,2,882,0
20091900,PF,PJ,True,False,2,2,23450.53,0
20092900,PJ,PF,False,True,2,2,285875,26443.44
20094100,PF,PJ,True,False,2,2,15000,0
20094900,PF,PF,True,False,-,-,25000,0
20094900,PF,PJ,True,False,2,1,120000,0
20094900,PF,PJ,True,False,2,2,721026.3,0
20098912,PF,PJ,True,False,2,2,20354.4,0
20098913,PF,PJ,True,False,2,1,300,0
20098913,PF,PJ,True,False,2,2,46260.7,0
20098913,PJ,PF,False,True,2,2,205670.9,0
20098913,PJ,PJ,True,False,2,2,7007,0
20098990,PJ,PF,False,True,2,2,7.800000000000001,0
21011110,PF,PJ,True,False,2,2,945002.03,2951.62
21011200,PF,PJ,True,False,2,2,1197,203.49
21021090,PF,PJ,True,False,2,2,9563.28,0
21022000,PF,PJ,True,False,2,2,852.5,0
21033021,PF,PJ,True,False,2,2,2354.400000000001,0
21033021,PJ,PF,False,True,2,2,7657.299999999997,3.18
21033029,PF,PJ,True,False,2,2,1438.65,0
21039021,PF,PJ,True,False,2,2,23604.49,0
21039021,PJ,PF,False,True,2,2,40,0
21039029,PF,PJ,True,False,2,2,20094.5,0
21039029,PJ,PF,False,True,2,2,77.86,0
21041011,PF,PJ,True,False,2,1,225.6,0
21041011,PF,PJ,True,False,2,2,97308.51000000002,0
21042000,PF,PJ,True,False,2,2,8224,1398.08
21061000,PF,PF,True,False,-,-,266967.56,0
21061000,PF,PJ,True,False,2,2,20702,993.7
21061000,PJ,PJ,True,False,2,2,750790.5,0
21069010,PJ,PF,False,True,2,1,100,0
21069010,PJ,PF,False,True,2,2,4311.6,0
21069029,PF,PJ,True,False,2,1,377.4,0
21069029,PJ,PF,False,True,2,2,6,1.76
21069030,PF,PF,True,False,-,-,223127.43,0
21069030,PF,PJ,True,False,2,2,587571.28,1664.72
21069090,PF,PF,True,False,-,-,2626075.45,0
21069090,PF,PJ,True,False,2,1,15311,0
21069090,PF,PJ,True,False,2,2,618825.4400000001,0.8200000000000001
21069090,PJ,PF,False,True,2,1,2560,0
21069090,PJ,PF,False,True,2,2,2440.2,0
21069090,PJ,PJ,True,False,2,2,461,0
22011000,PJ,PF,False,True,1,1,430.55,0
22011000,PJ,PF,False,True,2,2,9678,0
22019000,PF,PJ,True,False,2,2,406838.34,0
22019000,PJ,PF,False,True,2,2,360,0
22021000,PJ,PF,False,True,2,2,40.9,0
22042100,PF,PF,True,False,-,-,225,42.75
22042100,PJ,PF,False,True,2,2,150,0
22043000,PF,PJ,True,False,2,1,65.2,0
22043000,PF,PJ,True,False,2,2,7720,0
22060090,PF,PJ,True,False,2,2,18,0
22071090,PF,PJ,True,False,2,2,436.24,74.17
22071090,PJ,PF,False,True,2,2,0,0
22086000,PJ,PF,False,True,2,2,16201.6,0
22089000,PJ,PF,False,True,1,1,253.5,0
23011010,PF,PF,True,False,-,-,67642,0
23011010,PJ,PF,False,True,2,2,82680.04999999999,0
23011090,PF,PJ,True,False,2,2,2241,0
23012010,PF,PF,True,False,-,-,500428,0
23012010,PF,PJ,True,False,2,1,590150,24000
23012010,PF,PJ,True,False,2,2,12583608.2,118054
23012010,PJ,PJ,True,False,2,1,2834,0
23021000,PF,PF,True,False,-,-,59370232.19,12647930.76
23021000,PF,PJ,True,False,1,1,74518.93,0
23021000,PF,PJ,True,False,2,1,272377.31,1925.48
23021000,PF,PJ,True,False,2,2,57089991.12,64642.24
23021000,PJ,PF,False,True,2,2,2117777.65,67385.37000000001
23021000,PJ,PF,True,False,-,-,57671.5,0
23021000,PJ,PJ,True,False,2,2,1035173.82,0
23023010,PF,PF,True,False,-,-,2286919.04,1704
23023010,PF,PJ,True,False,2,1,145514.9,0
23023010,PF,PJ,True,False,2,2,1750057.66,24033.02
23023010,PJ,PF,False,True,2,2,50866.51,3267.19
23023010,PJ,PJ,True,False,2,2,4048757.79,0
23023090,PF,PF,True,False,-,-,1358874.81,5504.110000000001
23023090,PF,PJ,True,False,2,1,188272.1,2864.56
23023090,PF,PJ,True,False,2,2,632122.49,19624.97
23023090,PJ,PF,False,True,2,1,6875,208.49
23023090,PJ,PF,False,True,2,2,928229.47,433.52
23023090,PJ,PJ,True,False,2,2,129008.25,0
23024000,PF,PF,True,False,-,-,1721036.84,34662.37
23024000,PF,PJ,True,False,2,1,6453,760.4100000000001
23024000,PF,PJ,True,False,2,2,1206466.27,4510.360000000001
23024000,PJ,PF,False,True,2,2,189472.9,2563.37
23025000,PF,PF,True,False,-,-,13369451.95,146512.92
23025000,PF,PJ,True,False,2,1,33882,6295.859999999999
23025000,PF,PJ,True,False,2,2,4717599.74,3012.8
23025000,PJ,PF,False,True,2,2,3278.34,0
23031000,PF,PF,True,False,-,-,2872304.87,0
23031000,PF,PJ,True,False,2,2,29356,2208
23032000,PF,PF,True,False,-,-,47974.5,181.3
23032000,PF,PJ,True,False,2,1,1497.5,0
23032000,PF,PJ,True,False,2,2,4184534.87,0
23032000,PJ,PJ,True,False,2,2,502000,0
23040010,PF,PF,True,False,-,-,1758503.26,0
23040010,PF,PJ,True,False,2,1,84875,0
23040010,PF,PJ,True,False,2,2,304850.72,0
23040090,PF,PF,True,False,-,-,7993036.96,197792.73
23040090,PF,PJ,True,False,1,1,1505,0
23040090,PF,PJ,True,False,2,1,355061.4,184.32
23040090,PF,PJ,True,False,2,2,13473822.86,525680
23040090,PJ,PF,False,True,2,2,17260977.73,153275.36
23040090,PJ,PJ,True,False,2,2,16666,0
23050000,PF,PJ,True,False,2,2,1170,140.4
23050000,PJ,PJ,True,False,2,2,128062,0
23061000,PF,PF,True,False,-,-,29549648.05,35413.25
23061000,PF,PJ,True,False,2,1,1959027.08,4634.32
23061000,PF,PJ,True,False,2,2,65596264.79,695911.6200000001
23061000,PJ,PF,False,True,2,2,1390375.76,128609.75
23061000,PJ,PJ,True,False,2,2,2198099.91,0
23063010,PF,PF,True,False,-,-,185207.27,0
23063090,PF,PF,True,False,-,-,9838.97,0
23063090,PF,PJ,True,False,2,2,294196,0
23064900,PF,PJ,True,False,2,2,162000,0
23065000,PF,PF,True,False,-,-,675,0
23065000,PF,PJ,True,False,2,2,19340.1,0
23066000,PJ,PF,False,True,2,2,27414,2535.78
23069010,PF,PF,True,False,-,-,183734.9,2931.12
23069010,PF,PJ,True,False,2,1,20888.8,0
23069010,PF,PJ,True,False,2,2,7315,0
23069090,PF,PF,True,False,-,-,3671424.28,5715.96
23069090,PF,PJ,True,False,2,1,11368,0
23069090,PF,PJ,True,False,2,2,2633576.7,0
23069090,PJ,PF,False,True,2,2,119474,0
23069090,PJ,PJ,True,False,2,2,1508975.22,0
23080000,PF,PF,True,False,-,-,33018482.13,1753.38
23080000,PF,PJ,True,False,2,1,17296.52,0
23080000,PF,PJ,True,False,2,2,1326218.21,25009.53000000001
23080000,PJ,PF,False,True,2,2,24730,0
23080000,PJ,PJ,True,False,2,2,2037647.24,0
23091000,PF,PF,True,False,-,-,4830,0
23091000,PJ,PF,False,True,2,1,50,0
23099010,PF,PF,True,False,-,-,10316718.35,1334.01
23099010,PF,PJ,True,False,2,1,5986.2,1077.51
23099010,PF,PJ,True,False,2,2,4640320.86,4756.35
23099010,PJ,PF,False,True,2,1,187.8,0
23099010,PJ,PF,False,True,2,2,325639.1,2008.66
23099010,PJ,PF,True,False,-,-,22200,1087.8
23099010,PJ,PJ,True,False,2,2,1877535.12,0
23099020,PF,PF,True,False,-,-,205225.8,2302.8
23099020,PF,PJ,True,False,2,2,27926,3260.399999999999
23099020,PJ,PJ,True,False,2,2,17300,0
23099090,PF,PF,True,False,-,-,14717865.02,54
23099090,PF,PJ,True,False,2,1,73910.8,1191.09
23099090,PF,PJ,True,False,2,2,10551915.86,3876.68
23099090,PJ,PF,False,True,2,2,610777.89,208.89
23099090,PJ,PJ,True,False,2,2,56133.43,0
24022000,PF,PF,True,False,-,-,2032807.38,0
25010011,PF,PF,True,False,-,-,13680,0
25010011,PF,PJ,True,False,2,2,4910,0
25010019,PF,PF,True,False,-,-,22500,0
25010020,PF,PF,True,False,-,-,16269.66,0
25010090,PF,PF,True,False,-,-,99583,480.38
25010090,PF,PJ,True,False,2,2,9000.2,0
25010090,PJ,PF,False,True,2,2,12215.26,29.04
25030010,PF,PJ,True,False,2,2,363822.56,0
25030090,PF,PF,True,False,-,-,1110243,0
25030090,PF,PJ,True,False,2,2,46800,936
25041000,PF,PF,True,False,-,-,88880.46,0
25041000,PF,PJ,True,False,2,2,77065.02,2424.49
25041000,PJ,PF,False,True,2,2,200,24
25041000,PJ,PJ,True,False,2,2,1548,0
25051000,PF,PF,True,False,-,-,2175,65.25
25051000,PF,PJ,True,False,2,1,3628.5,108.85
25051000,PF,PJ,True,False,2,2,79535.54,2386.05
25059000,PF,PF,True,False,-,-,6724,1143.08
25059000,PF,PJ,True,False,2,1,8600,0
25059000,PF,PJ,True,False,2,2,356332,0
25070010,PF,PJ,True,False,2,1,390,0
25070010,PJ,PF,False,True,2,2,459000,0
25101090,PF,PJ,True,False,2,2,17940.03,0
25102090,PF,PF,True,False,-,-,47731.66,0
25171000,PF,PF,True,False,-,-,7238.33,159.01
25171000,PF,PJ,True,False,2,1,2148.8,365.29
25171000,PF,PJ,True,False,2,2,2343453.25,391462.26
25171000,PJ,PF,False,True,2,2,3054.35,0
25172000,PF,PF,True,False,-,-,394774.45,0
25174900,PF,PF,True,False,-,-,208410,0
25174900,PF,PJ,True,False,2,2,7630,0
25174900,PJ,PJ,True,False,2,2,38955.62,0
25181000,PF,PF,True,False,-,-,2599374.41,0
25181000,PF,PJ,True,False,2,2,2464372.69,8482.55
25181000,PJ,PF,False,True,2,2,24765.6,259.2
25181000,PJ,PJ,True,False,1,1,83.2,0
25181000,PJ,PJ,True,False,2,2,15200,0
25182000,PF,PF,True,False,-,-,927504.75,0
25201019,PF,PF,True,False,-,-,36477,0
25202090,PF,PF,True,False,-,-,50508.65,0
25202090,PF,PJ,True,False,2,2,782052.86,520
25210000,PF,PF,True,False,-,-,1213443.52,0
25210000,PF,PJ,True,False,2,2,160056.95,0
25210000,PJ,PF,False,True,2,2,378753.75,0
25221000,PF,PF,True,False,-,-,460,0
25221000,PF,PJ,True,False,2,2,4864,0
25232910,PJ,PF,False,True,2,1,3200,0
25232910,PJ,PF,False,True,2,2,60513,4625
25280000,PF,PF,True,False,-,-,85020,0
25309030,PF,PF,True,False,-,-,1344,0
25309090,PF,PF,True,False,-,-,134.1,16.09
25309090,PF,PJ,True,False,2,2,1725,207
25309090,PJ,PF,False,True,2,2,1674.3,0
25309090,PJ,PJ,True,False,2,1,250,52.48
26011290,PF,PF,True,False,-,-,213300,0
26080090,PF,PF,True,False,-,-,11852.75,0
26080090,PF,PJ,True,False,2,2,7800,0
26219090,PF,PJ,True,False,2,1,25000,0
27012000,PF,PF,True,False,-,-,120686.2,0
27101251,PF,PJ,True,False,2,2,31061.66,5435.79
27101259,PF,PF,True,False,-,-,18588.27,3706.52
27101259,PF,PJ,True,False,2,2,19170,0
27101259,PJ,PF,False,True,2,2,2536.72,0
27101911,PF,PF,True,False,-,-,575499.48,112654.28
27101921,PF,PF,True,False,-,-,803138.08,0
27101921,PF,PJ,True,False,2,2,266863.5,0
27101921,PJ,PF,False,True,2,2,324808.98,0
27101921,PJ,PJ,True,False,2,2,6836654.990000001,0
27101922,PF,PJ,True,False,2,2,4812.08,0
27101932,PF,PF,True,False,-,-,29824.4,2250.99
27101932,PF,PJ,True,False,2,2,170616.2,25842.38
27101932,PJ,PF,False,True,2,2,24322.86,820.11
27101932,PJ,PJ,True,False,2,2,21728,3911.04
27101992,PF,PF,True,False,-,-,4828,1013.88
27101992,PJ,PF,False,True,2,2,56,0
27101999,PF,PJ,True,False,2,2,1894,0
27101999,PJ,PJ,True,False,2,2,626,0
27102000,PF,PF,True,False,-,-,3420,410.4
27109900,PF,PJ,True,False,2,2,63006,40.8
27109900,PJ,PF,False,True,2,2,330000,0
27109900,PJ,PJ,True,False,2,2,71206,0
27111910,PF,PJ,True,False,2,2,1907.88,333.88
27111910,PJ,PF,False,True,2,2,875,0
27112990,PF,PJ,True,False,2,2,122177,0
27129000,PF,PF,True,False,-,-,205,0
27129000,PF,PJ,True,False,2,2,69750,8370
27139000,PF,PJ,True,False,2,1,900,0
27139000,PF,PJ,True,False,2,2,21993.52,252
27139000,PJ,PJ,True,False,2,2,5022,0
27160000,PF,PJ,True,False,2,2,487755,0
28011000,PF,PF,True,False,-,-,1040,187.2
28043000,PF,PJ,True,False,2,2,100.8,0
28080010,PF,PJ,True,False,2,2,2160.8,0
28100090,PF,PF,True,False,-,-,11750.4,0
28100090,PF,PJ,True,False,2,2,1676,0
28111990,PF,PJ,True,False,2,2,15221.32,0
28112100,PJ,PF,False,True,2,1,8.12,0
28151100,PF,PJ,True,False,2,2,1225.79,0
28151100,PJ,PF,False,True,2,1,47,0
28181090,PF,PF,True,False,-,-,4000,0
28249010,PF,PJ,True,False,2,2,381485.11,45778.21
28254090,PF,PJ,True,False,2,2,6784036.15,0
28272090,PJ,PF,False,True,2,2,72,14.4
28273190,PF,PF,True,False,-,-,36592.25,0
28273995,PF,PF,True,False,-,-,996415.8400000001,0
28289011,PF,PJ,True,False,2,2,18021.07,0
28289011,PJ,PF,False,True,2,2,89.07,8.219999999999999
28332100,PF,PF,True,False,-,-,7183.22,0
28332200,PF,PJ,True,False,2,2,1080,0
28352500,PF,PF,True,False,-,-,845,0
28352500,PF,PJ,True,False,2,2,52500,0
28352960,PF,PF,True,False,-,-,11943.5,0
28365000,PJ,PF,False,True,2,1,510,0
28365000,PJ,PF,False,True,2,2,260,28.77
28401900,PF,PJ,True,False,2,1,25000,0
28402000,PF,PJ,True,False,2,2,44189.56,0
28429000,PF,PJ,True,False,2,2,18362.75,0
28469030,PF,PF,True,False,-,-,148538.72,0
28499010,PF,PJ,True,False,2,2,211632.26,4115.62
28500010,PF,PF,True,False,-,-,24791.75,0
28521029,PF,PF,True,False,-,-,1280768.8,0
28539090,PF,PJ,True,False,2,2,825507.04,0
29034510,PJ,PF,False,True,2,1,400,0
29035910,PJ,PF,False,True,2,1,600,0
29051100,PF,PJ,True,False,2,2,1374.02,233.59
29121100,PF,PJ,True,False,2,2,9100,0
29141300,PF,PF,True,False,-,-,16100,0
29141990,PJ,PF,False,True,2,2,56.98,0
29155010,PF,PF,True,False,-,-,19.63,0
29155010,PF,PJ,True,False,2,2,2151.8,0
29155020,PF,PJ,True,False,2,2,516.12,0
29189991,PF,PF,True,False,-,-,66150,0
29189991,PF,PJ,True,False,2,2,1580,0
29214500,PJ,PF,False,True,2,1,15300,0
29221100,PF,PF,True,False,-,-,240.2,0
29224110,PF,PJ,True,False,2,2,320.5,0
29224990,PJ,PF,False,True,2,2,10060,0
29304010,PF,PJ,True,False,2,2,47090,0
29304090,PF,PF,True,False,-,-,120,0
29309043,PF,PF,True,False,-,-,2062.2,0
29309097,PF,PF,True,False,-,-,6000,0
29322932,PF,PF,True,False,-,-,10000.8,0
29329911,PF,PF,True,False,-,-,1982461.5,10091.2
29329911,PF,PJ,True,False,2,1,1512666,0
29329911,PF,PJ,True,False,2,2,2800842.18,49945.63
29329994,PF,PF,True,False,-,-,34428.1,0
29333925,PJ,PF,True,False,-,-,900,0
29333983,PF,PJ,True,False,2,2,73971.14,0
29335919,PF,PF,True,False,-,-,62307.52,0
29362690,PJ,PF,False,True,2,2,844.62,0
29362919,PJ,PF,False,True,2,2,410,0
29369000,PJ,PF,False,True,2,2,106825.27,0
29375000,PF,PF,True,False,-,-,20050,0
29375000,PF,PJ,True,False,2,2,308180,0
29391110,PF,PJ,True,False,2,2,4000,480
29391169,PF,PJ,True,False,2,2,5148690.970000001,0
29419041,PF,PJ,True,False,2,2,1580,0
29419082,PJ,PF,False,True,2,2,4247,0
29420000,PF,PF,True,False,-,-,1178093,4.5
29420000,PF,PJ,True,False,2,1,100,0
29420000,PF,PJ,True,False,2,2,4128,0
29420000,PJ,PF,True,False,-,-,4000,0
29420000,PJ,PJ,True,False,2,1,200000,0
29420000,PJ,PJ,True,False,2,2,186830,0
30021219,PF,PJ,True,False,2,2,9986.76,479.37
30021229,PF,PJ,True,False,2,2,2602250.5,0
30021229,PJ,PJ,True,False,2,2,14280,0
30024210,PF,PJ,True,False,2,2,96.72,0
30024210,PJ,PF,False,True,2,1,222,0
30024230,PF,PJ,True,False,2,2,216.66,0
30024280,PJ,PF,False,True,2,2,152,0
30024290,PF,PF,True,False,-,-,848,152.64
30024290,PF,PJ,True,False,2,2,2765.79,0
30024290,PJ,PF,False,True,2,2,13179.27,0
30024999,PF,PF,True,False,-,-,16792.2,0
30024999,PF,PJ,True,False,2,2,27797.75,4425.33
30029000,PF,PF,True,False,-,-,134517.93,0
30029000,PF,PJ,True,False,2,2,176729.91,199.02
30029099,PF,PJ,True,False,2,2,12870.86,68.77000000000001
30029099,PJ,PF,False,True,2,2,20552.5,17.73
30039019,PF,PJ,True,False,2,2,550.44,0
30039062,PF,PJ,True,False,2,2,419.52,0
30039073,PF,PJ,True,False,2,2,15357.25,0
30039079,PJ,PF,False,True,2,2,4206,0
30039089,PJ,PJ,True,False,2,2,262000,18340
30041012,PF,PJ,True,False,2,2,939.9,0
30041012,PJ,PF,False,True,2,2,8112,0
30041019,PF,PJ,True,False,2,2,2126.93,0
30041019,PJ,PF,False,True,2,2,2376.14,0
30041020,PF,PJ,True,False,2,2,1014.8,0
30041020,PJ,PF,False,True,2,2,1242,0
30042011,PF,PJ,True,False,2,2,2600,0
30042019,PF,PJ,True,False,2,2,2417.85,0
30042019,PJ,PF,False,True,2,2,4720.28,0
30042029,PF,PJ,True,False,2,2,984,0
30042029,PJ,PF,False,True,2,2,1264.94,0
30042041,PJ,PF,False,True,2,2,14112,0
30042059,PF,PJ,True,False,2,2,2483.99,0
30042059,PJ,PF,False,True,2,2,15683.76,0
30042061,PJ,PF,False,True,2,2,339,0
30042079,PF,PJ,True,False,2,2,6546,0
30042099,PF,PJ,True,False,2,2,1082.7,0
30042099,PJ,PF,False,True,2,1,30,0
30042099,PJ,PF,False,True,2,2,39555.43,0
30043210,PF,PJ,True,False,2,2,382.95,0
30043210,PJ,PF,False,True,2,2,13838.48,0
30043911,PF,PJ,True,False,2,2,88400,0
30043911,PJ,PF,False,True,2,2,707017.91,0
30043921,PF,PJ,True,False,2,2,439.8,0
30043939,PF,PJ,True,False,2,2,3284.87,0
30043999,PF,PJ,True,False,2,2,396.98,0
30045030,PF,PJ,True,False,2,2,2072.8,0
30045040,PF,PJ,True,False,2,2,3122,0
30045090,PF,PF,True,False,-,-,437.5,78.75
30045090,PF,PJ,True,False,2,2,3888.67,0
30045090,PJ,PF,False,True,2,2,123.5,0
30046000,PF,PJ,True,False,2,2,529.6,0
30049029,PJ,PF,False,True,2,2,350,0
30049037,PF,PJ,True,False,2,2,303.65,0
30049037,PJ,PF,False,True,2,2,990.06,0
30049039,PJ,PF,False,True,2,2,3091.2,0
30049043,PF,PJ,True,False,2,2,272.48,0
30049059,PF,PJ,True,False,2,2,1139.4,0
30049059,PJ,PF,False,True,2,2,2556.75,0
30049059,PJ,PJ,True,False,2,2,3343.41,601.81
30049062,PF,PJ,True,False,2,2,77500,0
30049063,PF,PJ,True,False,2,2,1120.4,0
30049067,PF,PJ,True,False,2,2,1340.61,0
30049067,PJ,PF,False,True,2,1,9,0
30049067,PJ,PF,False,True,2,2,2162.05,0
30049069,PF,PJ,True,False,2,2,17044.05,0
30049069,PJ,PF,False,True,2,2,24564.39,0
30049073,PF,PJ,True,False,2,2,1046.79,0
30049074,PJ,PJ,True,False,2,2,2591.6,0
30049079,PF,PJ,True,False,2,2,1966.67,0
30049079,PJ,PF,False,True,2,2,3079.04,0
30049079,PJ,PJ,True,False,2,2,78600,5502
30049099,PF,PJ,True,False,2,2,5240.3,0
30049099,PJ,PF,False,True,2,1,250,0
30049099,PJ,PF,False,True,2,2,8512.45,0
30049099,PJ,PJ,True,False,2,2,12750,0
30059090,PF,PJ,True,False,2,2,135.36,0
31010000,PF,PF,True,False,-,-,188019078.9,1387814.02
31010000,PF,PJ,True,False,1,1,26235.28,0
31010000,PF,PJ,True,False,2,1,3784131.99,6931.42
31010000,PF,PJ,True,False,2,2,43408633.93,198657.67
31010000,PJ,PF,False,True,2,1,31720,0
31010000,PJ,PF,False,True,2,2,10918139.26,37201.05
31010000,PJ,PF,True,False,-,-,633725.6,4651.55
31010000,PJ,PJ,True,False,1,1,42031,0
31010000,PJ,PJ,True,False,2,1,1943661.77,8589.180000000004
31010000,PJ,PJ,True,False,2,2,42021922.88,141293.28
31021010,PF,PF,True,False,-,-,3344893.39,49364.97
31021010,PF,PJ,True,False,2,2,5300430.82,13049.75
31021010,PJ,PF,False,True,2,2,584663.5,875.3600000000001
31021010,PJ,PJ,True,False,2,2,42368,0
31021090,PF,PF,True,False,-,-,981089.84,304
31021090,PF,PJ,True,False,2,2,61179.97,429.43
31021090,PJ,PJ,True,False,2,2,19645.12,0
31022100,PF,PF,True,False,-,-,5244734.04,44948.45
31022100,PF,PJ,True,False,2,2,710384.1099999999,9183.63
31022100,PJ,PF,False,True,2,2,126480,0
31022990,PF,PF,True,False,-,-,98001.69,0
31022990,PF,PJ,True,False,2,2,111480.3,0
31024000,PF,PF,True,False,-,-,103497.22,443.33
31024000,PF,PJ,True,False,2,2,31450,0
31025090,PF,PF,True,False,-,-,435593.14,0
31025090,PF,PJ,True,False,2,2,100,0
31025090,PJ,PF,True,False,-,-,1745741.7,69957.55
31025090,PJ,PJ,True,False,2,1,6965.4,0
31025090,PJ,PJ,True,False,2,2,4020321.48,587.09
31026000,PF,PF,True,False,-,-,321600,0
31028000,PF,PF,True,False,-,-,113946.74,1254.59
31028000,PF,PJ,True,False,2,2,23408.75,0
31028000,PJ,PF,False,True,2,2,0,0
31028000,PJ,PJ,True,False,2,2,7344,0
31029000,PF,PF,True,False,-,-,4750975.98,57799.04
31029000,PF,PJ,True,False,2,2,408023.74,4096.3
31029000,PJ,PF,False,True,2,2,121952,0
31029000,PJ,PJ,True,False,2,2,2749,0
31031100,PF,PF,True,False,-,-,415574.73,1527.81
31031900,PF,PF,True,False,-,-,3152162.89,0
31031900,PF,PJ,True,False,2,2,2557079.01,0
31039011,PF,PF,True,False,-,-,64500,0
31039011,PF,PJ,True,False,2,2,28400,0
31039019,PJ,PF,True,False,-,-,6400,0
31039090,PF,PF,True,False,-,-,543554.64,10247.48
31039090,PF,PJ,True,False,2,2,1667102.88,69977.33
31039090,PJ,PF,False,True,2,2,113505.6,0
31039090,PJ,PJ,True,False,2,2,11327,0
31042010,PF,PF,True,False,-,-,5024631.8,8219.39
31042010,PF,PJ,True,False,2,2,1980730.48,2821.52
31042010,PJ,PF,False,True,2,2,37800,0
31042010,PJ,PJ,True,False,2,2,28542.98,0
31042090,PF,PF,True,False,-,-,12673332.55,56496.18
31042090,PF,PJ,True,False,2,1,213364.5,2582.4
31042090,PF,PJ,True,False,2,2,18462799.46,30419.74
31042090,PJ,PF,False,True,2,2,750819.9199999999,0
31043010,PF,PF,True,False,-,-,11892.12,237.84
31043010,PF,PJ,True,False,2,2,974.2,0
31049090,PF,PF,True,False,-,-,2797770.76,58453.57
31049090,PF,PJ,True,False,2,2,105138.76,2455.36
31049090,PJ,PJ,True,False,2,2,24300.99,0
31051000,PF,PF,True,False,-,-,158375.65,528
31051000,PF,PJ,True,False,2,2,435530.84,4353.360000000001
31051000,PJ,PF,False,True,2,2,54000,0
31051000,PJ,PJ,True,False,2,2,253580,0
31052000,PF,PF,True,False,-,-,31940549.04,88643.43000000001
31052000,PF,PJ,True,False,2,1,35520,0
31052000,PF,PJ,True,False,2,2,19986830.92,7793.01
31052000,PJ,PF,False,True,2,2,1527679.15,0
31052000,PJ,PJ,True,False,2,2,332928.4,6300.3
31053000,PF,PF,True,False,-,-,95256300,0
31054000,PF,PF,True,False,-,-,7415098.67,12503.78
31054000,PF,PJ,True,False,2,2,4751280.220000001,232340.91
31054000,PJ,PF,False,True,2,2,444498.31,0
31054000,PJ,PJ,True,False,2,2,2430,0
31055100,PF,PF,True,False,-,-,551140,1398.72
31055100,PF,PJ,True,False,2,2,982688,19163.8
31055900,PF,PF,True,False,-,-,136042336.37,30128.23
31055900,PF,PJ,True,False,2,2,839874.24,42624.60999999999
31055900,PJ,PF,False,True,2,2,92465,0
31056000,PF,PF,True,False,-,-,4281949,8894.130000000001
31056000,PF,PJ,True,False,2,2,1527285.31,828.53
31056000,PJ,PF,False,True,2,2,80,0
31059019,PF,PF,True,False,-,-,320475,0
31059019,PF,PJ,True,False,2,2,652094.36,0
31059090,PF,PF,True,False,-,-,11644523.1,24047.99000000001
31059090,PF,PJ,True,False,2,2,3034848.7,15460.8
31059090,PJ,PF,False,True,2,2,7526.16,0
31059090,PJ,PJ,True,False,2,2,377278.75,5112
32041100,PF,PF,True,False,-,-,575.7,0
32041100,PF,PJ,True,False,2,2,12908.62,0
32041400,PF,PJ,True,False,2,2,72000,1440
32041820,PF,PJ,True,False,2,2,3927.52,0
32061910,PF,PJ,True,False,2,2,189322.88,0
32061990,PF,PJ,True,False,2,2,50726.77,0
32091010,PF,PJ,True,False,2,2,25818.65,0
32091010,PJ,PF,False,True,2,1,40.7,0
32131000,PF,PJ,True,False,2,2,1256.91,213.68
32141020,PJ,PF,False,True,2,1,360,0
32159000,PF,PJ,True,False,2,2,2351.22,0
33011300,PF,PJ,True,False,2,1,1741,0
33011300,PF,PJ,True,False,2,2,655943.75,0
33011300,PJ,PJ,True,False,2,2,1600,0
33012918,PF,PJ,True,False,2,2,14000,0
33012919,PF,PF,True,False,-,-,68883.4,0
33012919,PF,PJ,True,False,2,1,317029.99,2010
33012919,PF,PJ,True,False,2,2,16246855.21,294673.95
33030010,PJ,PF,False,True,2,2,67.47999999999999,0
33043000,PJ,PF,False,True,2,2,10.49,0
33049910,PF,PJ,True,False,2,2,27.77,0
33049910,PJ,PF,False,True,2,2,67.04,0
33049990,PF,PJ,True,False,2,2,6052.33,1027.39
33079000,PF,PJ,True,False,2,2,363252.24,0
34011900,PF,PJ,True,False,2,2,41.22,0
34011900,PJ,PF,False,True,2,2,27.98,0
34012090,PF,PJ,True,False,2,2,1221.45,204.8
34013000,PF,PJ,True,False,2,2,156422.5,0
34023990,PF,PJ,True,False,2,2,40,8
34024200,PF,PF,True,False,-,-,43800,0
34024200,PF,PJ,True,False,2,2,14000,0
34025000,PF,PJ,True,False,2,2,17556,0
34025000,PJ,PF,False,True,2,2,708.5899999999999,6.08
34029011,PF,PF,True,False,-,-,16243.99,0
34029019,PF,PF,True,False,-,-,592.8,0
34029019,PJ,PF,False,True,2,2,12160,0
34029029,PF,PF,True,False,-,-,555776.14,182.99
34029029,PF,PJ,True,False,2,2,288803.32,0
34029031,PF,PF,True,False,-,-,243.63,0
34029031,PF,PJ,True,False,2,2,4005,0
34029031,PJ,PF,False,True,2,1,11000,0.06
34029039,PF,PJ,True,False,2,2,13590.42,404.39
34029090,PF,PF,True,False,-,-,1000,0
34029090,PF,PJ,True,False,2,2,65.28999999999999,11.09
34059000,PF,PF,True,False,-,-,6140.8,0
35021900,PF,PF,True,False,-,-,18453,3690.600000000001
35021900,PF,PJ,True,False,1,1,30,6
35021900,PF,PJ,True,False,2,1,3908,781.5999999999999
35021900,PF,PJ,True,False,2,2,130806,26161.20000000001
35022000,PF,PJ,True,False,2,2,26850,0
35030012,PF,PJ,True,False,2,2,1000,48
35040020,PF,PJ,True,False,2,1,5862.4,265.56
35040020,PF,PJ,True,False,2,2,19112603.4,0
35051000,PF,PF,True,False,-,-,468000,0
35061090,PF,PF,True,False,-,-,63.32,13.28
35061090,PF,PJ,True,False,2,1,1355.34,0
35061090,PF,PJ,True,False,2,2,343.82,29.27
35069110,PF,PJ,True,False,2,2,20.65,3.62
35069120,PF,PF,True,False,-,-,26250,0
35069120,PF,PJ,True,False,2,2,105849.18,0
35069120,PJ,PJ,True,False,2,2,522045,0
35069190,PF,PF,True,False,-,-,40.79,0
35069900,PF,PJ,True,False,2,2,317,63.4
35079049,PF,PJ,True,False,2,2,129767.6,0
35079049,PJ,PJ,True,False,2,2,5890.12,117.8
37069000,PJ,PF,True,False,-,-,20000,0
38070000,PF,PJ,True,False,2,2,3300,0
38085200,PF,PJ,True,False,2,2,1765.6,0
38085925,PF,PF,True,False,-,-,55500,0
38085929,PF,PF,True,False,-,-,125494.84,0
38085929,PF,PJ,True,False,2,2,16550,0
38086100,PF,PF,True,False,-,-,841299.25,0
38086100,PF,PJ,True,False,2,2,39.6,0
38086290,PF,PF,True,False,-,-,4800239.62,0
38086290,PF,PJ,True,False,2,1,34541,0
38086290,PF,PJ,True,False,2,2,991929.85,0
38086290,PJ,PF,False,True,2,2,208950,0
38086290,PJ,PJ,True,False,2,2,2092.77,0
38086990,PF,PF,True,False,-,-,4193346.66,0
38086990,PF,PJ,True,False,2,2,2541526.8,0
38086990,PJ,PJ,True,False,2,2,20900,0
38089029,PF,PF,True,False,-,-,4645.3,0
38089111,PF,PJ,True,False,2,2,576.36,0
38089119,PF,PF,True,False,-,-,1898710.95,4184.72
38089119,PF,PJ,True,False,2,2,1219750.54,17995.71
38089119,PJ,PF,False,True,2,2,39525,0
38089119,PJ,PJ,True,False,2,2,97439.98999999999,0
38089120,PJ,PF,False,True,2,2,12000,0
38089191,PF,PF,True,False,-,-,6461296.92,0
38089191,PF,PJ,True,False,2,2,533424.34,223.46
38089191,PJ,PJ,True,False,2,2,12033.46,0
38089192,PF,PF,True,False,-,-,25220.14,0
38089192,PF,PJ,True,False,2,1,36899.2,0
38089192,PF,PJ,True,False,2,2,114087.27,0
38089192,PJ,PJ,True,False,2,2,3400.72,0
38089194,PJ,PF,False,True,2,2,5250,0
38089195,PF,PF,True,False,-,-,35973.96,0
38089195,PF,PJ,True,False,2,2,9736.74,0
38089196,PF,PJ,True,False,2,2,522097.47,0
38089197,PF,PF,True,False,-,-,135627.5,3863.76
38089197,PF,PJ,True,False,2,2,1439582.65,0
38089197,PJ,PJ,True,False,2,2,110439.19,0
38089199,PF,PF,True,False,-,-,40232184.32,58068.04
38089199,PF,PJ,True,False,2,1,151720.53,0
38089199,PF,PJ,True,False,2,2,29594515.55,49848.27
38089199,PJ,PF,False,True,2,2,855288.39,4371.92
38089199,PJ,PJ,True,False,2,2,1852007.28,352.31
38089211,PF,PF,True,False,-,-,9966.6,0
38089219,PF,PF,True,False,-,-,380236.6,0
38089219,PF,PJ,True,False,2,1,17678.58,0
38089219,PF,PJ,True,False,2,2,550915.01,1532.9
38089219,PJ,PJ,True,False,2,2,51877.32,0
38089220,PF,PF,True,False,-,-,54310,0
38089220,PF,PJ,True,False,2,2,79956.4,0
38089291,PF,PF,True,False,-,-,305971,0
38089291,PF,PJ,True,False,2,2,480789.86,0
38089291,PJ,PJ,True,False,2,2,306645.11,0
38089293,PF,PF,True,False,-,-,6135791.24,0
38089293,PF,PJ,True,False,2,2,1336452.98,441.0496
38089293,PJ,PF,False,True,2,2,92115,0
38089296,PF,PF,True,False,-,-,123623.82,0
38089296,PF,PJ,True,False,2,2,1106407.15,6213.799999999999
38089297,PF,PF,True,False,-,-,2799251.48,0
38089297,PF,PJ,True,False,2,2,535030.3,0
38089297,PJ,PF,False,True,2,2,27642,0
38089299,PF,PF,True,False,-,-,25976111.64,24188.01
38089299,PF,PJ,True,False,2,1,120216.89,0
38089299,PF,PJ,True,False,2,2,34768813.28,6184.27
38089299,PJ,PF,False,True,2,2,4713175.5,0
38089299,PJ,PJ,True,False,2,2,1516692.86,3073.96
38089311,PF,PF,True,False,-,-,620.25,0
38089311,PJ,PJ,True,False,2,2,300,0
38089319,PF,PF,True,False,-,-,395446.53,12499.88
38089319,PF,PJ,True,False,2,2,21083.8,860.35
38089319,PJ,PJ,True,False,2,2,141225.38,0
38089321,PF,PF,True,False,-,-,14420,0
38089321,PF,PJ,True,False,2,2,7200,0
38089322,PF,PF,True,False,-,-,2593778.86,0
38089322,PF,PJ,True,False,2,2,675226.53,0
38089322,PJ,PJ,True,False,2,2,15144.2,0
38089323,PF,PF,True,False,-,-,1564422.43,2115.46
38089323,PF,PJ,True,False,2,2,629685.08,133.63
38089323,PJ,PF,False,True,2,2,41535,0
38089323,PJ,PJ,True,False,2,2,374785.6,0
38089324,PF,PF,True,False,-,-,14098469.95,3497.9
38089324,PF,PJ,True,False,2,2,7046379.61,1751.85
38089324,PJ,PF,False,True,2,2,551625,0
38089324,PJ,PJ,True,False,2,2,377278.68,0
38089325,PF,PF,True,False,-,-,7790,0
38089326,PF,PF,True,False,-,-,30972.02,0
38089326,PF,PJ,True,False,2,2,885610.06,0
38089327,PF,PF,True,False,-,-,684197.71,0
38089327,PF,PJ,True,False,2,2,125736.71,0
38089328,PF,PF,True,False,-,-,8133.5,0
38089329,PF,PF,True,False,-,-,14865468.72,2397.6
38089329,PF,PJ,True,False,2,2,9604773.97,16597.44
38089329,PJ,PF,False,True,2,2,2500317.65,0
38089329,PJ,PF,True,False,-,-,5000,350
38089329,PJ,PJ,True,False,2,2,1681074.22,0
38089349,PF,PF,True,False,-,-,540,0
38089349,PF,PJ,True,False,2,2,127169.39,0
38089351,PF,PF,True,False,-,-,230969.79,0
38089359,PF,PF,True,False,-,-,1838422.64,2595.36
38089359,PF,PJ,True,False,2,2,432068.6799999999,188.16
38089359,PJ,PJ,True,False,2,2,250000,0
38089419,PF,PF,True,False,-,-,145048.64,0
38089419,PF,PJ,True,False,2,2,2030669.65,0
38089419,PJ,PF,False,True,2,2,34.95,3.22
38089429,PF,PF,True,False,-,-,6512.96,52.42
38089429,PF,PJ,True,False,2,2,90590.03,7971.469999999999
38089919,PF,PJ,True,False,2,2,981.5,0
38089991,PF,PF,True,False,-,-,307717.37,0
38089991,PF,PJ,True,False,2,2,4975.93,0
38089991,PJ,PJ,True,False,2,2,49452.56,0
38089992,PF,PJ,True,False,2,2,1755.87,0
38089993,PF,PF,True,False,-,-,321743.85,0
38089993,PF,PJ,True,False,2,2,15904.8,0
38089993,PJ,PF,False,True,2,2,889,82.23
38089993,PJ,PJ,True,False,2,2,57936.45,0
38089995,PF,PF,True,False,-,-,612277.02,0
38089995,PF,PJ,True,False,2,2,754383.03,568.04
38089995,PJ,PF,False,True,2,2,99060,0
38089999,PF,PF,True,False,-,-,2303825.42,11.52
38089999,PF,PJ,True,False,2,2,795341.4299999999,8584.2
38089999,PJ,PF,False,True,2,2,8710,0
38089999,PJ,PJ,True,False,2,2,125945.92,0
38111900,PF,PF,True,False,-,-,19860,0
38112110,PF,PJ,True,False,2,2,11483.19,1952.14
38112120,PF,PJ,True,False,2,2,19175.02,3259.75
38112140,PF,PF,True,False,-,-,1414.08,0
38119010,PF,PF,True,False,-,-,1950,0
38130090,PF,PJ,True,False,2,2,500,0.6
38140090,PF,PJ,True,False,2,2,334.08,58.47
38140090,PJ,PF,False,True,2,1,545,0
38190000,PF,PJ,True,False,2,2,85897.09,14624.23
38190000,PJ,PF,False,True,2,2,90,0
38200000,PF,PJ,True,False,2,2,4449.58,0
38200000,PJ,PF,False,True,2,2,118.44,0
38210000,PF,PJ,True,False,2,2,246771.12,3469.1
38210000,PJ,PF,False,True,2,2,4050,0
38221990,PF,PJ,True,False,2,2,127.84,0
38229000,PF,PJ,True,False,2,2,2655,0
38244000,PF,PJ,True,False,2,2,6722.16,0
38249011,PF,PF,True,False,-,-,16022,0
38249077,PF,PF,True,False,-,-,35314,0
38249929,PF,PF,True,False,-,-,26460,0
38249929,PF,PJ,True,False,2,2,104168.23,0
38249929,PJ,PF,False,True,2,2,60747.83,0
38249941,PF,PF,True,False,-,-,157046.84,77.9
38249941,PJ,PF,False,True,2,2,787.5,180.47
38249977,PF,PF,True,False,-,-,84775.66,370.06
38249977,PF,PJ,True,False,2,2,82529.2,1011.89
38249977,PJ,PJ,True,False,2,2,219777.59,3015.6
38249979,PF,PF,True,False,-,-,207543.25,0
38249979,PF,PJ,True,False,2,2,33374.1,255.2
38249979,PJ,PF,False,True,2,2,225.5,0
38249979,PJ,PJ,True,False,2,2,25674,513.48
38249986,PF,PF,True,False,-,-,38517,0
38249988,PF,PJ,True,False,2,2,64821,0
38249989,PF,PF,True,False,-,-,41741.62,0
38249989,PF,PJ,True,False,2,2,10853.95,1845.13
38251000,PF,PF,True,False,-,-,208771,0
39049010,PF,PF,True,False,-,-,90,0
39052100,PF,PF,True,False,-,-,910.4,0
39069041,PJ,PF,False,True,2,2,55600,0
39069049,PF,PF,True,False,-,-,28368,0
39069049,PF,PJ,True,False,2,1,288.04,0
39095029,PF,PJ,True,False,2,2,197.85,34.62
39100021,PJ,PF,False,True,2,2,65216,0
39100030,PF,PJ,True,False,2,2,285.76,50.01
39100030,PJ,PJ,True,False,2,2,39843.5,0
39100090,PF,PJ,True,False,2,2,190.13,38.03
39139020,PF,PJ,True,False,2,2,12768.94,0
39151000,PF,PJ,True,False,2,1,5232.1,0
39151000,PF,PJ,True,False,2,2,79.49,0
39152000,PJ,PF,False,True,2,2,1080,0
39153000,PF,PF,True,False,-,-,230,41.4
39153000,PF,PJ,True,False,1,1,1360,0
39153000,PF,PJ,True,False,2,1,9777.46,9.36
39153000,PF,PJ,True,False,2,2,5968.8,0
39153000,PJ,PF,True,False,-,-,21321.68,318.89
39153000,PJ,PJ,True,False,1,1,2411.52,0
39159000,PF,PF,True,False,-,-,500593.11,0
39159000,PF,PJ,True,False,1,1,677.2,0
39159000,PF,PJ,True,False,2,1,794536.64,3341.97
39159000,PF,PJ,True,False,2,2,100674.3,1420.76
39159000,PJ,PF,False,True,2,1,6586.8,0
39159000,PJ,PF,False,True,2,2,33099,0
39159000,PJ,PF,True,False,-,-,5600,0
39159000,PJ,PJ,True,False,2,1,100190.8,0
39159000,PJ,PJ,True,False,2,2,77628.45,0
39162000,PF,PJ,True,False,2,1,345.68,40
39162000,PJ,PF,False,True,2,1,23128.06,0
39172100,PF,PF,True,False,-,-,781,132.77
39172100,PF,PJ,True,False,2,1,3201.96,240
39172300,PF,PF,True,False,-,-,751609.2,28059.35
39172300,PF,PJ,True,False,2,1,1437.76,80
39172300,PF,PJ,True,False,2,2,32410.06,10.5
39172300,PJ,PF,False,True,2,1,135.25,0
39172900,PF,PF,True,False,-,-,33480,0
39172900,PF,PJ,True,False,2,1,1452.92,40
39172900,PF,PJ,True,False,2,2,440,16.8
39173100,PF,PF,True,False,-,-,500,60
39173100,PF,PJ,True,False,2,2,3157.56,537.47
39173229,PF,PJ,True,False,2,2,1000,120
39173290,PF,PJ,True,False,2,2,11610,1836
39173290,PJ,PJ,True,False,2,2,1000,0
39173300,PF,PJ,True,False,2,2,10250,1207.5
39173900,PF,PJ,True,False,2,1,140.59,0
39173900,PF,PJ,True,False,2,2,4238.24,426.98
39173900,PJ,PF,False,True,2,1,855.5,0
39174090,PF,PF,True,False,-,-,68975.2,4.8
39174090,PF,PJ,True,False,2,1,410.42,0
39174090,PF,PJ,True,False,2,2,338.18,29.41
39174090,PJ,PF,False,True,2,1,137.01,0
39174090,PJ,PF,False,True,2,2,60033.31,0
39191020,PJ,PF,False,True,2,1,52,0
39199020,PF,PJ,True,False,2,1,492.48,0
39199090,PF,PJ,True,False,2,1,94,0
39201010,PF,PJ,True,False,2,2,15,2.55
39201099,PF,PF,True,False,-,-,279834.85,0
39201099,PF,PJ,True,False,2,1,417514,9189.18
39201099,PF,PJ,True,False,2,2,14141.04,37.72
39202019,PF,PJ,True,False,2,1,56,0
39202019,PF,PJ,True,False,2,2,23496,0
39204310,PF,PF,True,False,-,-,550.5,99.09
39209910,PF,PJ,True,False,2,2,281.69,49.3
39209990,PJ,PF,False,True,2,2,2208.5,0
39211200,PF,PJ,True,False,2,2,2288.9,0
39211900,PF,PF,True,False,-,-,22413.3,0
39219012,PF,PF,True,False,-,-,100,0
39219012,PF,PJ,True,False,1,1,100,0
39219012,PF,PJ,True,False,2,1,3040,0
39219012,PF,PJ,True,False,2,2,500,0
39229000,PF,PJ,True,False,2,1,13.67,0
39231090,PF,PF,True,False,-,-,700,0
39231090,PF,PJ,True,False,2,1,3119.01,157.08
39231090,PF,PJ,True,False,2,2,480849.59,511
39231090,PJ,PF,False,True,2,1,24,0
39231090,PJ,PF,False,True,2,2,16980,0
39231090,PJ,PJ,True,False,2,1,18220,0
39231090,PJ,PJ,True,False,2,2,63681.43,6.53
39232110,PF,PF,True,False,-,-,1763.5,18.3
39232110,PF,PJ,True,False,2,2,341.19,36
39232110,PJ,PF,False,True,2,2,490,0
39232190,PF,PF,True,False,-,-,986993,0
39232190,PF,PJ,True,False,2,1,63458,0
39232190,PF,PJ,True,False,2,2,46517.89,45.54
39232190,PJ,PF,False,True,2,2,107000,0
39232910,PF,PF,True,False,-,-,31173,1824.12
39232910,PF,PJ,True,False,2,1,3900,244.8
39232910,PF,PJ,True,False,2,2,29628,0
39232990,PF,PF,True,False,-,-,7016.8,0
39232990,PF,PJ,True,False,2,2,463.2,0
39232990,PJ,PF,False,True,2,2,6332,0
39233010,PJ,PF,False,True,2,1,4336,0
39233090,PF,PF,True,False,-,-,151138,0
39233090,PF,PJ,True,False,2,1,1931.2,328.31
39233090,PF,PJ,True,False,2,2,3383.4,386.75
39235000,PF,PJ,True,False,2,1,354.62,0
39235000,PF,PJ,True,False,2,2,1157.1,381.55
39239010,PF,PF,True,False,-,-,235200,0
39239090,PF,PF,True,False,-,-,4,0
39239090,PF,PJ,True,False,2,1,2190.02,252
39239090,PF,PJ,True,False,2,2,3008.02,0
39241000,PF,PF,True,False,-,-,132000,0
39241000,PF,PJ,True,False,2,2,3290,0
39249000,PF,PJ,True,False,2,1,45,0
39249000,PF,PJ,True,False,2,2,372.5,95.30000000000001
39249000,PJ,PJ,True,False,1,1,9,1.89
39249000,PJ,PJ,True,False,2,2,5634.36,0
39251000,PF,PF,True,False,-,-,103728.35,8489.44
39251000,PF,PJ,True,False,2,1,600,72
39251000,PF,PJ,True,False,2,2,651640,94.76
39253000,PF,PF,True,False,-,-,410.04,86.11
39259010,PF,PF,True,False,-,-,220,39.6
39259090,PF,PF,True,False,-,-,10962.59,258.1
39259090,PF,PJ,True,False,2,1,2891.23,200
39259090,PF,PJ,True,False,2,2,2121.04,9.09
39259090,PJ,PJ,True,False,2,2,3440,0
39261000,PF,PJ,True,False,2,1,91.19,0
39262000,PF,PJ,True,False,2,2,10054.51,1442.55
39262000,PJ,PF,False,True,2,2,2429.38,0
39263000,PJ,PF,False,True,2,2,149.21,0
39269010,PF,PF,True,False,-,-,17.4,0
39269010,PF,PJ,True,False,2,2,20.42,3.47
39269022,PF,PJ,True,False,2,1,3000,0
39269040,PF,PJ,True,False,2,2,340.96,0
39269069,PF,PJ,True,False,2,1,18.84,0
39269069,PF,PJ,True,False,2,2,52.11,9.9
39269069,PJ,PJ,True,False,2,2,24.83,4.47
39269090,PF,PF,True,False,-,-,67884.31,1192.82
39269090,PF,PJ,True,False,1,1,451.32,0
39269090,PF,PJ,True,False,2,1,8273,0
39269090,PF,PJ,True,False,2,2,17880.28,430.02
39269090,PJ,PF,False,True,2,1,367.5,0
39269090,PJ,PF,False,True,2,2,258.51,0
39269090,PJ,PJ,True,False,2,2,139221.35,257.45
40011000,PF,PF,True,False,-,-,83112.59,210
40011000,PF,PJ,True,False,2,2,10770314.82,795711.4
40011000,PJ,PF,False,True,2,2,1666356.99,0
40011000,PJ,PJ,True,False,2,1,65815.3,0
40011000,PJ,PJ,True,False,2,2,603140.18,0
40012100,PF,PJ,True,False,2,2,9606812.85,677973.68
40012200,PF,PF,True,False,-,-,364.37,76.52
40012200,PF,PJ,True,False,2,2,208494.13,25019.3
40012920,PF,PJ,True,False,2,2,169430.82,20331.7
40012990,PF,PJ,True,False,2,2,10317725.06,893323.62
40012990,PJ,PF,False,True,2,2,3611.9,0
40012990,PJ,PJ,True,False,2,2,55593,0
40029100,PF,PJ,True,False,2,2,191528.09,15519.67
40029100,PJ,PJ,True,False,2,1,3686.8,0
40029100,PJ,PJ,True,False,2,2,71586.20999999999,0
40040000,PF,PF,True,False,-,-,11000,1870
40040000,PJ,PF,True,False,-,-,6600,0
40040000,PJ,PJ,True,False,2,1,450,0
40040000,PJ,PJ,True,False,2,2,6000.280000000001,0
40059190,PJ,PF,False,True,2,1,32,0
40092190,PF,PJ,True,False,2,2,943.5,0
40093100,PF,PF,True,False,-,-,186.87,39.24
40093100,PF,PJ,True,False,2,1,83.33,0
40093100,PF,PJ,True,False,2,2,19560.92,3847.48
40093100,PJ,PJ,True,False,2,2,5880,1058.4
40094290,PF,PJ,True,False,2,1,158.39,0
40094290,PJ,PJ,True,False,2,2,970.98,0
40101100,PF,PF,True,False,-,-,1000,10.01
40101200,PF,PF,True,False,-,-,900,108
40101200,PJ,PF,False,True,2,2,6700,0
40101900,PF,PF,True,False,-,-,990,207.9
40101900,PF,PJ,True,False,2,2,9413.93,824.62
40103100,PF,PF,True,False,-,-,1613.7,192.45
40103100,PF,PJ,True,False,2,1,127.2,0
40103100,PF,PJ,True,False,2,2,1672.17,290.36
40103200,PF,PF,True,False,-,-,96.09,0
40103300,PF,PF,True,False,-,-,230.5,48.41
40103300,PF,PJ,True,False,2,1,15000,0
40103300,PF,PJ,True,False,2,2,572.63,68.72
40103600,PF,PJ,True,False,2,2,1521.37,260.98
40103900,PF,PF,True,False,-,-,10956.79,1884.35
40103900,PF,PJ,True,False,2,2,1164.4,212.44
40111000,PF,PF,True,False,-,-,15070,3164.7
40111000,PF,PJ,True,False,2,2,22110.01,3613.2
40111000,PJ,PF,False,True,2,2,190224.13,324.2
40112090,PF,PF,True,False,-,-,24857.12,4485.72
40112090,PF,PJ,True,False,2,2,13738.78,1396.89
40112090,PJ,PF,False,True,2,2,37626.48,729
40112090,PJ,PF,True,False,-,-,900,0
40113000,PF,PF,True,False,-,-,1033.28,216.98
40114000,PF,PF,True,False,-,-,8700,0
40114000,PF,PJ,True,False,2,1,1196487.22,0
40116100,PF,PJ,True,False,2,1,1000,180
40117010,PF,PF,True,False,-,-,2000,0
40117090,PF,PF,True,False,-,-,110700,0
40117090,PF,PJ,True,False,2,1,12000,0
40117090,PF,PJ,True,False,2,2,301826.15,13834.25
40117090,PJ,PF,False,True,2,1,1600,0
40117090,PJ,PF,False,True,2,2,358044.37,12.83
40117090,PJ,PJ,True,False,2,2,100000,0
40118090,PF,PF,True,False,-,-,6900,1449
40119090,PF,PJ,True,False,2,2,4013.06,779.42
40121200,PF,PJ,True,False,2,2,5000,0
40121900,PJ,PF,False,True,2,2,140,0
40122000,PF,PF,True,False,-,-,14010.28,1741.83
40122000,PF,PJ,True,False,2,1,6320,594
40122000,PF,PJ,True,False,2,2,6460.5,276.2
40122000,PJ,PF,False,True,2,1,5700,0
40122000,PJ,PF,False,True,2,2,26535.02,4200
40122000,PJ,PJ,True,False,2,1,2100,0
40122000,PJ,PJ,True,False,2,2,450,0
40129090,PF,PF,True,False,-,-,49500,7650
40129090,PF,PJ,True,False,2,2,3600,252
40129090,PJ,PF,False,True,2,2,2400,0
40129090,PJ,PJ,True,False,2,2,424.42,0
40131010,PF,PJ,True,False,2,1,233.1,0
40131090,PF,PF,True,False,-,-,1014,212.94
40131090,PF,PJ,True,False,2,2,4696.7,890.31
40139000,PF,PF,True,False,-,-,4045.49,703.59
40139000,PF,PJ,True,False,2,2,25671.96,4578.06
40141000,PJ,PJ,True,False,2,2,26200,1834
40151900,PF,PJ,True,False,2,2,7655.82,1221.98
40151900,PJ,PF,False,True,2,2,86.22,0
40161010,PF,PJ,True,False,2,2,175000,0
40161010,PJ,PF,False,True,2,1,360000,0
40161010,PJ,PJ,True,False,2,2,34,0
40169300,PF,PF,True,False,-,-,2115.52,30.85
40169300,PF,PJ,True,False,2,1,558.56,0
40169300,PF,PJ,True,False,2,2,2990262.939999999,600.1
40169300,PJ,PJ,True,False,2,2,3106.88,285.02
40169400,PF,PF,True,False,-,-,4971,0
40169910,PF,PJ,True,False,2,1,11.67,0
40169990,PF,PF,True,False,-,-,133.08,20.75
40169990,PF,PJ,True,False,2,1,575.42,0
40169990,PF,PJ,True,False,2,2,413.19,78.51
40169990,PJ,PF,False,True,2,2,184.09,0
40169990,PJ,PJ,True,False,2,2,12.07,2.17
40170000,PF,PJ,True,False,2,1,6648,465.36
41012000,PF,PF,True,False,-,-,3259160,0
41012000,PF,PJ,True,False,2,2,27000,0
41015010,PF,PJ,True,False,2,2,15,0
41015010,PJ,PF,False,True,2,2,47.7,0
41021000,PF,PJ,True,False,2,1,44208,0
41021000,PF,PJ,True,False,2,2,88433.25,0
41021000,PJ,PF,False,True,2,2,422.06,0
41022900,PF,PJ,True,False,2,2,461562.62,0
41022900,PJ,PF,False,True,2,1,104.8,0
41033000,PF,PF,True,False,-,-,115195.8,1659
41033000,PF,PJ,True,False,1,1,30215,0
41033000,PF,PJ,True,False,2,1,1297730,0
41033000,PF,PJ,True,False,2,2,37806775.99,0
41041114,PF,PJ,True,False,2,2,207540,24904.8
41041124,PJ,PF,False,True,2,2,2.2,0
41044920,PF,PF,True,False,-,-,7500.45,0
41044920,PF,PJ,True,False,2,2,25435.13,0
41062200,PF,PJ,True,False,2,2,58174.75,0
41071220,PJ,PF,False,True,2,2,81000,0
41079110,PF,PF,True,False,-,-,4540610.060000001,0
41079110,PF,PJ,True,False,2,2,2924117,0
41079210,PF,PF,True,False,-,-,1413077.76,0
41079210,PF,PJ,True,False,2,2,75091.93,0
41079910,PF,PF,True,False,-,-,7125999.53,15876
41079910,PF,PJ,True,False,2,2,633600,63840
41132000,PF,PF,True,False,-,-,200250,14017.5
41132000,PF,PJ,True,False,2,1,39407.5,0
41132000,PF,PJ,True,False,2,2,289935.5,6109.46
42021210,PJ,PF,False,True,2,2,19354.3,0
42021220,PJ,PF,False,True,2,2,136.14,0
42021900,PJ,PF,False,True,2,2,1185,0
42022100,PJ,PF,False,True,2,1,522,0
42022100,PJ,PF,False,True,2,2,16463.02,2568.65
42023100,PF,PF,True,False,-,-,421284.98,0
42023200,PF,PJ,True,False,2,2,1020,0
42029200,PJ,PF,False,True,2,1,530,0
42029200,PJ,PF,False,True,2,2,487.79,0
42032900,PF,PJ,True,False,2,2,14180.33,2395.43
42032900,PJ,PF,False,True,2,2,59.7,0
42033000,PF,PJ,True,False,2,2,1419.82,241.37
43021910,PF,PJ,True,False,2,2,36490,0
43021910,PJ,PF,False,True,2,1,818.5,0
43023000,PF,PF,True,False,-,-,111317,0
43039000,PF,PF,True,False,-,-,7600,0
44011000,PF,PJ,True,False,2,1,31759,621.8100000000002
44011000,PF,PJ,True,False,2,2,1594935.27,21756.24
44011100,PF,PF,True,False,-,-,5793139.33,42653.71
44011100,PF,PJ,True,False,2,1,1245980.82,118570.51
44011100,PF,PJ,True,False,2,2,69108178.46,690996.05
44011100,PJ,PF,False,True,2,1,153335.9,0
44011100,PJ,PF,False,True,2,2,32596525.1,3000394.25
44011100,PJ,PJ,True,False,2,1,855323.5,0
44011200,PF,PF,True,False,-,-,15148027.41,115158.47
44011200,PF,PJ,True,False,1,1,200,38
44011200,PF,PJ,True,False,2,1,6378389.08,28396.17
44011200,PF,PJ,True,False,2,2,149382494.54,1005324.11
44011200,PJ,PF,False,True,2,1,302060,0
44011200,PJ,PF,False,True,2,2,25810274.03,101437.54
44011200,PJ,PF,True,False,-,-,2000,0
44011200,PJ,PJ,True,False,1,1,723.06,0
44011200,PJ,PJ,True,False,2,1,32300,0
44011200,PJ,PJ,True,False,2,2,171408.36,9824.539999999999
44012100,PF,PF,True,False,-,-,1970214.4,30246.17
44012100,PF,PJ,True,False,2,1,377644.16,44477.78999999999
44012100,PF,PJ,True,False,2,2,28663520.09,538223.27
44012100,PJ,PF,False,True,2,1,219555.1,0
44012100,PJ,PF,False,True,2,2,3131699.08,10050.11
44012100,PJ,PJ,True,False,2,2,406091.37,0
44012200,PF,PF,True,False,-,-,9227764.41,366565.73
44012200,PF,PJ,True,False,2,1,1858261.68,32953.5
44012200,PF,PJ,True,False,2,2,164656887.8,1465260.85
44012200,PJ,PF,False,True,2,1,39624,0
44012200,PJ,PF,False,True,2,2,13411387.12,3098.72
44013100,PF,PF,True,False,-,-,1501545,0
44013100,PF,PJ,True,False,1,1,1232,0
44013100,PF,PJ,True,False,2,1,71251.6,0
44013100,PF,PJ,True,False,2,2,401062,0
44013100,PJ,PJ,True,False,2,1,1265,0
44013900,PF,PF,True,False,-,-,10614435.09,9745.56
44013900,PF,PJ,True,False,2,1,8503852.43,15992.5
44013900,PF,PJ,True,False,2,2,55994762.93999999,61323.08
44013900,PJ,PF,False,True,2,1,125171.66,0
44013900,PJ,PF,False,True,2,2,21655872.08,223550.56
44013900,PJ,PJ,True,False,2,1,56163.4,8.26
44013900,PJ,PJ,True,False,2,2,79373.25,0
44014100,PF,PF,True,False,-,-,133947.5599999999,0
44014100,PF,PJ,True,False,2,2,8578.44,0
44014100,PJ,PF,False,True,2,2,2365301.55,0
44014900,PF,PF,True,False,-,-,250012.6,10101.74
44014900,PF,PJ,True,False,2,1,87626.25,14108.3
44014900,PF,PJ,True,False,2,2,8083298.220000001,7854
44014900,PJ,PF,False,True,2,2,684325.8,0
44014900,PJ,PJ,True,False,2,1,497341.07,0
44014900,PJ,PJ,True,False,2,2,9508,0
44029000,PF,PF,True,False,-,-,3457402.88,3059.95
44029000,PF,PJ,True,False,1,1,24330,0
44029000,PF,PJ,True,False,2,1,3800388.36,106754.91
44029000,PF,PJ,True,False,2,2,204767269.35,2862009.17
44029000,PJ,PF,False,True,2,1,11700,0
44031100,PF,PF,True,False,-,-,234282.5,0
44031100,PF,PJ,True,False,2,1,3962.2,475.46
44031100,PF,PJ,True,False,2,2,3885481.24,36743.59
44031100,PJ,PF,False,True,2,1,12210,0
44031200,PF,PF,True,False,-,-,836603.29,135006.01
44031200,PF,PJ,True,False,2,1,20285.9,2819.6
44031200,PF,PJ,True,False,2,2,1297881.94,215284.94
44031200,PJ,PF,False,True,2,1,87880,0
44031200,PJ,PF,False,True,2,2,3073782.6,284324.89
44032100,PF,PF,True,False,-,-,215438.99,25852.67
44032100,PF,PJ,True,False,2,1,1603411.41,4211.929999999999
44032100,PF,PJ,True,False,2,2,37261301.88,106910.39
44032100,PJ,PF,False,True,2,1,226568,0
44032100,PJ,PF,False,True,2,2,19131069.31,0
44032200,PF,PF,True,False,-,-,35726.56,0
44032200,PF,PJ,True,False,2,1,6680388.14,37627.2
44032200,PF,PJ,True,False,2,2,209049437.52,2739.14
44032200,PJ,PF,False,True,2,1,1365986.220000001,0
44032200,PJ,PF,False,True,2,2,14800837.62,330964.9700000001
44032200,PJ,PJ,True,False,2,2,4060913.79,0
44032300,PF,PF,True,False,-,-,165883.95,0
44032600,PF,PF,True,False,-,-,1110147.14,6533.8
44032600,PF,PJ,True,False,2,1,546670.72,0
44032600,PF,PJ,True,False,2,2,10485465,0
44032600,PJ,PF,False,True,2,1,6000,0
44034200,PF,PJ,True,False,2,2,56132.69,0
44034900,PF,PF,True,False,-,-,21020936.87999999,8078.780000000001
44034900,PF,PJ,True,False,2,1,4352882.01,8253.58
44034900,PF,PJ,True,False,2,2,33523440.21,477093.22
44034900,PJ,PF,False,True,2,1,32,0
44034900,PJ,PF,False,True,2,2,3979,0
44039800,PF,PF,True,False,-,-,17033092.53,20439.19
44039800,PF,PJ,True,False,1,1,50947,0
44039800,PF,PJ,True,False,2,1,8260628.960000001,247672.64
44039800,PF,PJ,True,False,2,2,121339586.31,114003.72
44039800,PJ,PF,False,True,2,1,92135,0
44039800,PJ,PF,False,True,2,2,77523421.4,8669.17
44039800,PJ,PJ,True,False,2,1,3265373.59,6091.3404
44039800,PJ,PJ,True,False,2,2,4578248.02,5583.7564
44039900,PF,PF,True,False,-,-,7278315.15,137715.36
44039900,PF,PJ,True,False,2,1,50429781.36,513755.92
44039900,PF,PJ,True,False,2,2,203492288.39,505362.41
44039900,PJ,PF,False,True,2,1,450711.5,0
44039900,PJ,PF,False,True,2,2,2658394.14,2446.61
44039900,PJ,PJ,True,False,2,1,201874.26,0
44039900,PJ,PJ,True,False,2,2,555500,0
44041000,PF,PF,True,False,-,-,152073.45,7414.69
44041000,PF,PJ,True,False,2,2,44551.64999999999,6611.84
44041000,PJ,PF,False,True,2,2,16986,0
44042000,PF,PF,True,False,-,-,33075,4702.75
44042000,PF,PJ,True,False,2,1,17543.2,0
44042000,PF,PJ,True,False,2,2,228500.04,1200
44042000,PJ,PF,False,True,2,2,53522.3,0
44050000,PF,PF,True,False,-,-,720,0
44069100,PF,PF,True,False,-,-,1500,0
44069100,PF,PJ,True,False,2,2,27297.15,3275.66
44071100,PF,PJ,True,False,2,1,299696.48,0
44071100,PF,PJ,True,False,2,2,4604823.43,0
44071100,PJ,PF,False,True,2,1,59590,0
44071100,PJ,PF,False,True,2,2,464456.5000000001,8244.86
44071900,PF,PF,True,False,-,-,7200,486
44072100,PF,PF,True,False,-,-,6000,0
44072300,PF,PJ,True,False,2,1,69157.85,0
44072300,PF,PJ,True,False,2,2,7217.65,0
44072910,PF,PJ,True,False,2,1,24000,0
44072910,PJ,PF,False,True,2,1,17626.64,0
44072940,PF,PJ,True,False,2,2,685.0999999999999,0
44072990,PF,PF,True,False,-,-,7740.5,702.09
44072990,PF,PJ,True,False,2,2,33169.14999999999,407.57
44072990,PJ,PF,False,True,2,2,33974,1885.55
44079400,PF,PF,True,False,-,-,1122,201.96
44079960,PF,PJ,True,False,2,2,648655.1,0
44079970,PF,PJ,True,False,2,1,183278.79,36129.37
44079990,PF,PF,True,False,-,-,327931.07,2495.21
44079990,PF,PJ,True,False,2,1,640011.94,43065.49999999999
44079990,PF,PJ,True,False,2,2,27291619.09,8794.31
44079990,PJ,PF,False,True,2,1,98800.2,0
44079990,PJ,PF,False,True,2,2,1077416.4,7769.740000000001
44079990,PJ,PJ,True,False,2,2,420000,0
44081091,PJ,PF,False,True,2,1,21773.13,0
44081091,PJ,PF,False,True,2,2,50155.3,0
44089090,PF,PJ,True,False,2,1,135890.73,0
44092200,PF,PJ,True,False,2,2,11407.8,0
44092900,PF,PJ,True,False,2,2,7257.939999999999,215.44
44092900,PJ,PF,False,True,2,1,59501.02,0
44101110,PJ,PF,False,True,2,2,5896,0
44101999,PF,PJ,True,False,2,1,2530,0
44123300,PF,PF,True,False,-,-,7280,0
44123300,PF,PJ,True,False,1,1,4800,0
44123300,PF,PJ,True,False,2,1,67274.9,0
44123300,PF,PJ,True,False,2,2,287882.19,0
44129900,PF,PF,True,False,-,-,1830,0
44130000,PF,PF,True,False,-,-,188200,0
44130000,PF,PJ,True,False,2,1,48430.81,0
44130000,PF,PJ,True,False,2,2,2205,356.4
44149000,PF,PF,True,False,-,-,1500,15.01
44151000,PF,PF,True,False,-,-,96200,0
44151000,PF,PJ,True,False,2,1,10000,0
44151000,PF,PJ,True,False,2,2,5828,0
44152000,PF,PJ,True,False,2,1,1120,0
44152000,PF,PJ,True,False,2,2,12415.88,0
44152000,PJ,PF,False,True,2,2,137503.2,0
44170020,PF,PF,True,False,-,-,300,0
44170090,PF,PF,True,False,-,-,2940,23.42
44170090,PF,PJ,True,False,2,2,100,12
44182900,PF,PJ,True,False,2,2,2270,392.4
44183000,PF,PF,True,False,-,-,3118,0
44187900,PF,PJ,True,False,2,2,60571.68,0
44188900,PF,PJ,True,False,2,1,90000,0
44199000,PF,PF,True,False,-,-,600,6
44209000,PF,PJ,True,False,2,2,87544.5,0
44219900,PF,PF,True,False,-,-,99000,7685.97
44219900,PF,PJ,True,False,2,2,9350,93.5
45049000,PF,PJ,True,False,2,2,6.87,1.17
47061000,PF,PJ,True,False,2,2,270797.8,0
47071000,PF,PJ,True,False,2,1,3444,0
47071000,PJ,PF,False,True,2,2,8474.58,0
47072000,PF,PJ,True,False,2,1,16573.5,0
47079000,PF,PF,True,False,-,-,27388,163.44
47079000,PF,PJ,True,False,1,1,1541,0
47079000,PF,PJ,True,False,2,1,64402.11000000001,4409.85
47079000,PF,PJ,True,False,2,2,26793,1342.28
47079000,PJ,PF,False,True,2,1,4079.1,0
47079000,PJ,PF,False,True,2,2,48928.85,0
47079000,PJ,PF,True,False,-,-,6424,0
47079000,PJ,PJ,True,False,2,1,2830.5,0
47079000,PJ,PJ,True,False,2,2,6625,0
48022090,PJ,PF,False,True,2,2,31015.23,0
48025610,PF,PF,True,False,-,-,9962545,0
48025610,PF,PJ,True,False,2,1,32000,0
48025699,PF,PJ,True,False,2,2,3300,0
48030090,PF,PF,True,False,-,-,980,0
48081000,PJ,PF,False,True,2,1,1484.25,0
48119010,PF,PF,True,False,-,-,8160285.53,0
48119010,PF,PJ,True,False,2,2,180358912.27,268306.39
48119090,PF,PJ,True,False,2,2,1183,0
48182000,PF,PJ,True,False,2,2,293.76,0
48183000,PF,PJ,True,False,2,2,120,0
48183000,PJ,PF,False,True,2,2,1620.02,414.48
48191000,PF,PF,True,False,-,-,520632.28,428.4
48191000,PF,PJ,True,False,2,1,10922.1,0
48191000,PF,PJ,True,False,2,2,19471.7,0
48191000,PJ,PJ,True,False,2,1,97.58,0
48191000,PJ,PJ,True,False,2,2,114.15,20.55
48194000,PF,PJ,True,False,2,2,9125.52,27.28
48195000,PF,PF,True,False,-,-,5250,0
48195000,PF,PJ,True,False,2,1,4760,0
48195000,PF,PJ,True,False,2,2,57735,0
48195000,PJ,PF,True,False,-,-,45,0
48195000,PJ,PJ,True,False,2,2,757693.5,0
48211000,PF,PJ,True,False,2,2,6480,0
48232099,PF,PJ,True,False,2,2,469.92,79.88
48237000,PF,PF,True,False,-,-,25742.4,4603.969999999999
48237000,PF,PJ,True,False,1,1,74.4,13.4
48237000,PF,PJ,True,False,2,1,3745.8,328.2
48237000,PF,PJ,True,False,2,2,13086,1372.7
48239099,PF,PJ,True,False,2,2,17.74,3.02
49019900,PJ,PF,False,True,2,1,665,0
49019900,PJ,PF,False,True,2,2,729.9,0
49021000,PJ,PF,False,True,2,2,239.2,0
49089000,PF,PJ,True,False,2,2,25887.13,3106.46
49111090,PF,PF,True,False,-,-,15052.47,0
49111090,PF,PJ,True,False,2,2,15000,0
50010000,PJ,PF,False,True,2,2,61488.02,0
50030010,PJ,PF,False,True,2,2,18.95,3.56
51011110,PF,PJ,True,False,2,2,6085.5,0
51011110,PJ,PF,False,True,2,2,677676.29,0
51011190,PF,PJ,True,False,2,2,69503.63,0
51011190,PJ,PF,False,True,2,2,73364.6,0
51011900,PF,PJ,True,False,2,2,1400,0
51011900,PJ,PF,False,True,2,2,2431.26,0
51012100,PF,PJ,True,False,2,2,24130,0
51012100,PJ,PF,False,True,2,2,22.6,0
51052100,PF,PJ,True,False,2,1,1034,0
51100000,PF,PJ,True,False,2,2,161856.3,0
51111120,PF,PJ,True,False,2,1,633,0
52010010,PF,PF,True,False,-,-,13705848.34,182511.6100000001
52010010,PF,PJ,True,False,2,1,46856.7,0
52010010,PF,PJ,True,False,2,2,396628292.88,15025936.77
52010020,PF,PF,True,False,-,-,12909859.21,12976.18
52010020,PF,PJ,True,False,2,1,202656.6,0
52010020,PF,PJ,True,False,2,2,11341482016.88,634890258.8234
52010090,PF,PF,True,False,-,-,19061037.48,17788.92
52010090,PF,PJ,True,False,2,1,824445.99,10972.13
52010090,PF,PJ,True,False,2,2,118971461.17,5051643.71
52021000,PF,PF,True,False,-,-,1296,0
52021000,PF,PJ,True,False,2,2,49360,4076.4
52029100,PF,PJ,True,False,2,2,1228012.97,56802.39
52029900,PF,PF,True,False,-,-,10012256.6,60064.78999999999
52029900,PF,PJ,True,False,2,1,977819.43,75486.24
52029900,PF,PJ,True,False,2,2,87671414.49,5745883.78
52030000,PF,PF,True,False,-,-,116436,0
52030000,PF,PJ,True,False,2,2,54651410.85,0
52042000,PF,PJ,True,False,2,2,5243852,459728.83
52084200,PF,PJ,True,False,2,2,71.7,12.19
52111900,PF,PF,True,False,-,-,4699.8,563.98
53013000,PF,PF,True,False,-,-,12.9,0
53039090,PF,PJ,True,False,2,2,122600,0
53050090,PJ,PF,False,True,2,2,6018701.66,0
54077200,PF,PF,True,False,-,-,3200,544
54078300,PF,PJ,True,False,2,2,338.45,0
54082100,PF,PJ,True,False,2,1,185.6,0
56022900,PJ,PF,False,True,2,2,1058.98,0
56031330,PJ,PJ,True,False,2,1,78,16.38
56031390,PF,PF,True,False,-,-,385,65.45
56072900,PF,PF,True,False,-,-,50,5.28
56075011,PJ,PF,False,True,2,1,4.38,0
56079010,PF,PJ,True,False,2,2,899576.4400000001,44667.97000000001
56089000,PF,PJ,True,False,2,2,570,0
58110000,PF,PF,True,False,-,-,1470,1.76
59061000,PF,PJ,True,False,2,2,58.71,10.28
59090000,PF,PJ,True,False,2,1,196.4,0
59090000,PF,PJ,True,False,2,2,3058.25,289.75
59090000,PJ,PJ,True,False,2,2,2651.98,477.35
60062300,PJ,PF,False,True,2,2,476,57.12
60063430,PF,PF,True,False,-,-,1800,0
60063490,PF,PF,True,False,-,-,576386,0
60063490,PF,PJ,True,False,2,2,18001,1483.43
61034300,PF,PJ,True,False,2,2,376.96,67.85
61045100,PJ,PF,False,True,2,1,629,0
61046100,PF,PJ,True,False,2,2,5434.26,0
61046200,PJ,PF,False,True,2,1,775,0
61046300,PJ,PF,False,True,2,1,1081,0
61046900,PJ,PF,False,True,2,1,20,0
61051000,PF,PJ,True,False,2,2,3230.97,532.1700000000001
61051000,PJ,PF,False,True,2,1,104.8,0
61059000,PF,PJ,True,False,2,2,5125.5,0
61062000,PJ,PF,False,True,2,1,3276,0
61091000,PF,PF,True,False,-,-,1,0
61091000,PF,PJ,True,False,2,2,254774,85.68
61099000,PF,PF,True,False,-,-,172,0
61099000,PF,PJ,True,False,2,2,34347.86,5841.89
61121100,PF,PJ,True,False,2,2,1117677.6,0
61122000,PJ,PF,False,True,2,2,140,0
61130000,PF,PJ,True,False,2,2,5576.21,715.53
61143000,PF,PJ,True,False,2,2,1189.35,205.43
61151011,PJ,PF,False,True,2,1,10,0
61161000,PJ,PJ,True,False,2,2,384,0
61169200,PF,PJ,True,False,2,2,3675.33,624.81
62013000,PJ,PF,False,True,2,2,703303.76,0
62033900,PF,PJ,True,False,2,2,684,116.28
62034200,PF,PJ,True,False,2,2,5778.38,815.8
62034200,PJ,PF,False,True,2,1,869,156.42
62034900,PF,PJ,True,False,2,2,1265.34,0
62043900,PJ,PF,False,True,2,1,15,0
62044200,PJ,PF,False,True,2,1,2487,0
62044300,PJ,PF,False,True,2,2,119,0
62044900,PJ,PF,False,True,2,1,275,0
62045200,PJ,PF,False,True,2,1,400,0
62045900,PJ,PF,False,True,2,1,20,0
62046200,PJ,PF,False,True,2,2,511.06,0
62053000,PF,PJ,True,False,2,2,684.52,119.4
62063000,PF,PJ,True,False,2,2,11889.68,2021.24
62069000,PJ,PF,False,True,2,1,890,0
62092000,PJ,PF,False,True,2,1,862.76,862.76
62093000,PJ,PF,False,True,2,2,50,0
62099090,PJ,PF,False,True,2,2,43622.04,0
62104000,PF,PJ,True,False,2,2,2891.86,0
62105000,PJ,PF,False,True,2,1,1200,0
62111200,PJ,PF,False,True,2,1,85,0
62160000,PF,PJ,True,False,2,1,2350.81,0
62160000,PF,PJ,True,False,2,2,7028.97,1194.93
62160000,PJ,PF,False,True,2,1,70,0
62171000,PF,PJ,True,False,2,2,800,136
62171000,PJ,PF,False,True,2,1,1462.5,0
63022100,PF,PJ,True,False,2,1,1297.4,0
63022200,PJ,PF,False,True,2,1,127.05,0
63029100,PF,PF,True,False,-,-,530557.71,1934.29
63029100,PF,PJ,True,False,2,2,267033.2,0
63051000,PF,PJ,True,False,2,1,3000,0
63051000,PJ,PF,False,True,2,2,18827,0
63053200,PF,PF,True,False,-,-,5929,484.35
63053200,PF,PJ,True,False,2,1,14902.6,447.48
63053200,PF,PJ,True,False,2,2,590861.45,61206.47
63053200,PJ,PF,False,True,2,1,4100,0
63053200,PJ,PF,False,True,2,2,29383.37,59.11
63053200,PJ,PF,True,False,-,-,13410.6,283.32
63053310,PF,PF,True,False,-,-,11030,9.6
63053310,PF,PJ,True,False,2,2,2550,0
63053310,PJ,PF,False,True,2,2,18551.83,334.15
63053390,PF,PF,True,False,-,-,7230,476
63053390,PF,PJ,True,False,2,1,15498,96.28999999999999
63053390,PF,PJ,True,False,2,2,231926,37652.49
63053390,PJ,PF,False,True,2,2,32954.22,0
63053390,PJ,PJ,True,False,2,1,8876,0
63053900,PF,PJ,True,False,2,2,4800,0
63053900,PJ,PF,False,True,2,2,600,0
63059000,PF,PF,True,False,-,-,90270.4,559.01
63059000,PF,PJ,True,False,2,1,192,0
63059000,PF,PJ,True,False,2,2,29865.09,95
63059000,PJ,PF,False,True,2,2,23610,0
63071000,PF,PJ,True,False,2,2,260,31.6
63072000,PF,PJ,True,False,2,2,4668.17,793.59
63079010,PF,PJ,True,False,2,2,197.13,17.84
63079010,PJ,PF,False,True,2,2,130.5,0
63079090,PF,PJ,True,False,2,2,408.75,71.02
63080000,PJ,PF,False,True,2,2,9126,0
63090010,PF,PJ,True,False,2,2,20889.59,3552.17
63090010,PJ,PF,False,True,2,1,12189.2,123.3
63090010,PJ,PF,False,True,2,2,2463.56,0
63090090,PJ,PF,False,True,2,2,295.2,0
63109000,PJ,PF,False,True,2,2,16,2.72
64011000,PF,PJ,True,False,2,2,515350,10073.22
64019200,PF,PJ,True,False,2,2,1374.99,228.13
64019200,PJ,PF,False,True,2,1,598,0
64019200,PJ,PF,False,True,2,2,1573.48,0
64022000,PJ,PF,False,True,2,1,60,0
64031900,PF,PJ,True,False,2,2,1484.55,148.39
64031900,PJ,PF,False,True,2,1,299,0
64034000,PF,PJ,True,False,2,2,11062.86,1880.69
64039190,PF,PJ,True,False,2,2,2757.9,468.85
64039190,PJ,PF,False,True,2,1,336,0
64039990,PF,PJ,True,False,2,2,3064.01,369.86
64039990,PJ,PF,False,True,2,2,147.7,17.21
64041900,PJ,PF,False,True,2,1,299.9,0
64042000,PF,PJ,True,False,2,2,919.8,157.64
64042000,PJ,PF,False,True,2,1,369,0
64051010,PF,PJ,True,False,2,1,950,0
64059000,PF,PJ,True,False,2,2,1057.79,179.82
64059000,PJ,PF,False,True,2,2,4.01,0
64061000,PF,PJ,True,False,2,2,475.82,80.89
64069090,PF,PJ,True,False,2,2,20.2,3.43
65040010,PF,PJ,True,False,2,2,2500,300
65050090,PJ,PF,False,True,2,2,347,0
65061000,PF,PF,True,False,-,-,60,10.8
65061000,PF,PJ,True,False,2,2,9297.28,1580.53
65061000,PJ,PF,False,True,2,1,240,0
66019900,PF,PJ,True,False,2,1,71.22,0
67029000,PJ,PF,False,True,2,2,15750,0
68010000,PJ,PF,True,False,-,-,3750,262.5
68022100,PJ,PF,False,True,2,1,21377.97,3634.25
68022300,PJ,PF,False,True,2,1,10127,1554.34
68029100,PJ,PJ,True,False,2,2,20221.25,0
68029200,PF,PF,True,False,-,-,3625,0
68042119,PF,PJ,True,False,2,2,750,0
68042290,PF,PF,True,False,-,-,580,0
68042290,PF,PJ,True,False,2,2,100,0.12
68043000,PF,PJ,True,False,2,2,284.44,54
68053090,PF,PJ,True,False,2,2,54.86,14.03
68062000,PF,PJ,True,False,2,2,7266.6,0
68062000,PJ,PJ,True,False,2,1,244.5,41.06
68109100,PF,PF,True,False,-,-,3500,595
68109100,PF,PJ,True,False,2,2,40984,0
68109900,PF,PF,True,False,-,-,44294,980.64
68109900,PF,PJ,True,False,2,2,564,95.88
68109900,PJ,PF,False,True,2,1,29058.24,4673.81
68114000,PJ,PF,False,True,2,2,1381,125.06
68118100,PJ,PF,False,True,2,1,15.5,0
68118200,PF,PJ,True,False,2,2,100,12
68129910,PF,PJ,True,False,2,1,7.42,0
68159990,PF,PF,True,False,-,-,5000,0
69021019,PF,PF,True,False,-,-,2650,556.5
69022091,PF,PJ,True,False,2,2,105661.52,0
69032020,PF,PJ,True,False,2,1,165.2,0
69041000,PJ,PF,False,True,2,1,987,0
69049000,PJ,PJ,True,False,2,2,348.84,0
69051000,PF,PF,True,False,-,-,65178.84,28
69051000,PF,PJ,True,False,2,2,160,19.2
69059000,PF,PF,True,False,-,-,625,0
69060000,PF,PF,True,False,-,-,1825,0
69072100,PF,PJ,True,False,2,1,3843,0
69072100,PJ,PF,False,True,2,1,11328.48,2339.33
69074000,PJ,PF,False,True,2,1,9000,0
69109000,PJ,PF,False,True,2,1,4400,0
69111090,PJ,PF,False,True,2,2,95.52,0
69139000,PF,PJ,True,False,2,2,0,0
69149000,PF,PF,True,False,-,-,10925,0
69149000,PF,PJ,True,False,2,2,151.2,7.26
69149000,PJ,PF,False,True,2,2,7.9,0
69149000,PJ,PJ,True,False,2,1,2898,608.38
70021000,PF,PJ,True,False,2,1,5.7,0
70071100,PF,PJ,True,False,2,2,138.9,0
70071100,PJ,PJ,True,False,2,1,509.3,0
70071900,PF,PJ,True,False,2,2,850,0
70091000,PJ,PJ,True,False,2,2,135.72,0
70099200,PJ,PF,False,True,2,2,17.6,0
70101000,PF,PJ,True,False,2,2,378,0
70109011,PF,PJ,True,False,2,1,11.4,0.8
70109012,PF,PJ,True,False,2,1,136,0
70109012,PF,PJ,True,False,2,2,3410,0
70109022,PF,PJ,True,False,1,1,336,0
70109022,PF,PJ,True,False,2,1,1140,0
70109022,PF,PJ,True,False,2,2,75.42,0
70134100,PF,PJ,True,False,2,2,577.27,98.13
70134210,PJ,PF,False,True,2,2,138.6,0
70198000,PJ,PF,False,True,2,1,7617.530000000001,0
70200000,PF,PJ,True,False,2,2,2270,0
70200090,PF,PF,True,False,-,-,1857,0
71081210,PJ,PF,False,True,2,2,119992.62,0
71081290,PJ,PF,False,True,2,1,46033.8,0
71081290,PJ,PF,False,True,2,2,19999.44,0
71081310,PJ,PF,False,True,2,1,107,0
71081310,PJ,PF,False,True,2,2,11556,0
71082000,PJ,PF,False,True,2,2,113870.18,0
71110000,PJ,PF,False,True,2,1,22878.68,0
71129100,PJ,PF,False,True,2,1,2320,0
71131100,PJ,PF,False,True,2,1,10660,0
71131900,PJ,PF,False,True,2,1,12209.2,0
71131900,PJ,PF,False,True,2,2,186855.94,1217.12
71179000,PF,PJ,True,False,2,1,436.37,0
71179000,PJ,PF,False,True,2,1,6488.7,0
71179000,PJ,PF,False,True,2,2,3.1,0
72011000,PF,PF,True,False,-,-,500,0
72015000,PF,PF,True,False,-,-,16000,0
72031000,PF,PF,True,False,-,-,1500,0
72041000,PF,PF,True,False,-,-,76094.98999999999,1149.15
72041000,PF,PJ,True,False,1,1,1846,0
72041000,PF,PJ,True,False,2,1,238082.81,13743.9
72041000,PF,PJ,True,False,2,2,38000.5,269.1
72041000,PJ,PF,False,True,2,1,6508,0
72041000,PJ,PF,False,True,2,2,20779.98,1068.45
72041000,PJ,PF,True,False,-,-,3950,70
72041000,PJ,PJ,True,False,2,1,804,0
72042100,PJ,PF,False,True,2,2,15457,0
72042900,PF,PF,True,False,-,-,5325,1023.75
72042900,PF,PJ,True,False,1,1,11345,0
72042900,PF,PJ,True,False,2,1,167627.95,13800.4
72042900,PF,PJ,True,False,2,2,101197.95,48.6
72042900,PJ,PF,False,True,1,1,496,0
72042900,PJ,PF,False,True,2,1,7756,0
72042900,PJ,PF,False,True,2,2,624967.02,0
72042900,PJ,PJ,True,False,2,1,83889,1272
72042900,PJ,PJ,True,False,2,2,22466.75,32.76
72043000,PF,PF,True,False,-,-,87421.5,2496.06
72043000,PF,PJ,True,False,1,1,14533.4,0
72043000,PF,PJ,True,False,2,1,372242.5,8837.52
72043000,PF,PJ,True,False,2,2,271993.8,6950.349999999999
72043000,PJ,PF,False,True,2,1,888.8,0
72043000,PJ,PF,False,True,2,2,150864.74,2671.48
72043000,PJ,PF,True,False,-,-,26180,0
72043000,PJ,PJ,True,False,2,1,31218,0
72043000,PJ,PJ,True,False,2,2,16305,0
72044100,PF,PF,True,False,-,-,6393,970.74
72044100,PJ,PF,False,True,2,2,9425.7,0
72044900,PF,PF,True,False,-,-,175,0
72044900,PF,PJ,True,False,2,1,274659.9,2514.37
72044900,PF,PJ,True,False,2,2,91604,825.12
72044900,PJ,PF,False,True,2,2,78616.7,0
72044900,PJ,PF,True,False,-,-,1725,0
72044900,PJ,PJ,True,False,2,1,1447.99,0
72044900,PJ,PJ,True,False,2,2,1904,0
72045000,PF,PF,True,False,-,-,14068.35,0
72045000,PF,PJ,True,False,2,1,3660,622.2
72045000,PF,PJ,True,False,2,2,57381.1,972.8399999999999
72069000,PF,PJ,True,False,2,1,5166,619.92
72071110,PJ,PF,False,True,2,1,65,0
72083690,PF,PJ,True,False,1,1,34000,100
72083690,PF,PJ,True,False,2,2,609820,270
72106100,PF,PF,True,False,-,-,3000,360
72149100,PJ,PF,False,True,2,1,45,0
72155000,PF,PJ,True,False,2,2,490,0
72161000,PF,PJ,True,False,2,2,528.3,92.46
72162100,PF,PJ,True,False,2,1,76.1,0
72162100,PF,PJ,True,False,2,2,7770.1,1243.92
72163100,PF,PJ,True,False,2,1,38,0
72166190,PJ,PF,False,True,2,1,1288.75,0
72172090,PF,PF,True,False,-,-,282700.24,3315.04
72172090,PF,PJ,True,False,2,2,121600,0
72172090,PJ,PF,False,True,2,1,1124.5,0
72223000,PF,PF,True,False,-,-,1800,0
72254090,PF,PJ,True,False,2,2,20000,0
73021010,PF,PJ,True,False,2,1,51.71,0
73023000,PF,PJ,True,False,2,1,241.78,0
73029000,PF,PF,True,False,-,-,114.93,0
73029000,PF,PJ,True,False,2,1,1470.02,0
73030000,PF,PF,True,False,-,-,13540,0
73030000,PF,PJ,True,False,2,1,574,0
73030000,PF,PJ,True,False,2,2,30671.4,0
73041100,PF,PF,True,False,-,-,24555,0
73041100,PF,PJ,True,False,2,1,939.7800000000001,0
73041900,PF,PJ,True,False,2,1,527.43,0
73042400,PJ,PF,False,True,2,2,4000,0
73043110,PJ,PF,False,True,2,1,800,0
73043910,PF,PJ,True,False,2,2,337.5,0
73063000,PJ,PF,False,True,2,2,116,0
73065000,PF,PJ,True,False,2,2,1591.57,270.57
73071910,PF,PJ,True,False,2,2,124.36,0
73071920,PF,PF,True,False,-,-,4065.96,491.87
73071920,PF,PJ,True,False,2,2,17955.36,1339.49
73071920,PJ,PJ,True,False,2,2,493.08,88.75
73071990,PF,PJ,True,False,2,2,44.6,0
73072100,PF,PJ,True,False,2,1,148.11,0
73072200,PF,PF,True,False,-,-,500,60
73072900,PF,PJ,True,False,2,1,48,0
73079100,PF,PF,True,False,-,-,59.4,0
73079100,PF,PJ,True,False,2,1,62.4,0
73079100,PF,PJ,True,False,2,2,530.3199999999999,86.75999999999999
73079200,PF,PJ,True,False,2,2,2318.37,373.71
73079200,PJ,PF,False,True,2,1,30,0
73079200,PJ,PJ,True,False,2,2,6918.09,1245.25
73079900,PF,PJ,True,False,2,2,532.16,106.43
73083000,PF,PJ,True,False,2,2,551.44,0
73084000,PJ,PF,False,True,2,1,940,0
73089010,PF,PJ,True,False,2,1,3239.06,0
73089010,PF,PJ,True,False,2,2,2063.89,278.69
73089010,PJ,PF,False,True,2,1,275,0
73089010,PJ,PF,False,True,2,2,5000,0
73089090,PF,PF,True,False,-,-,86973.38,14456.47
73089090,PF,PJ,True,False,2,2,10500,1785
73089090,PJ,PF,False,True,2,2,6050,0
73090010,PF,PF,True,False,-,-,4000,680
73090010,PF,PJ,True,False,2,2,10932.49,1284.23
73090010,PJ,PF,False,True,2,2,56125.66,0
73090090,PF,PF,True,False,-,-,14600,0
73090090,PF,PJ,True,False,2,1,36,0
73090090,PJ,PF,False,True,2,2,45000,0
73090090,PJ,PF,True,False,-,-,5320,0
73101010,PF,PF,True,False,-,-,1072.05,0
73101010,PF,PJ,True,False,2,1,9000,0
73101010,PJ,PF,False,True,2,2,1000,0
73101090,PF,PJ,True,False,2,2,1000,105.6
73101090,PJ,PF,False,True,2,2,2136,0
73102990,PF,PF,True,False,-,-,2870,28.9
73110000,PF,PJ,True,False,2,1,72.5,0
73121090,PF,PJ,True,False,2,2,2015,55.01
73130000,PF,PF,True,False,-,-,107490.94,5677.99
73130000,PF,PJ,True,False,2,2,14333,1485.12
73141200,PF,PJ,True,False,2,1,200,0
73141200,PF,PJ,True,False,2,2,2458.82,418
73141900,PF,PJ,True,False,2,2,510,5.1
73142000,PF,PF,True,False,-,-,10500,1260
73142000,PF,PJ,True,False,2,1,60.13,0
73142000,PF,PJ,True,False,2,2,4760.84,551.74
73144100,PF,PF,True,False,-,-,750,0
73144100,PF,PJ,True,False,2,2,2404.09,408.7
73145000,PF,PF,True,False,-,-,302843.64,0
73145000,PF,PJ,True,False,2,2,127493,136
73151100,PF,PJ,True,False,2,2,10117.68,523.87
73151210,PF,PF,True,False,-,-,673.78,0
73151290,PF,PF,True,False,-,-,531.95,111.7
73151290,PF,PJ,True,False,2,2,466.92,56.03
73151900,PF,PF,True,False,-,-,17.32,0
73151900,PF,PJ,True,False,2,2,103.92,18.19
73158200,PF,PF,True,False,-,-,50000,0
73158200,PF,PJ,True,False,2,1,539.4200000000001,0
73158200,PF,PJ,True,False,2,2,4109.18,700.47
73158900,PF,PJ,True,False,2,2,100.24,17.55
73158900,PJ,PF,False,True,2,1,44,0
73158900,PJ,PF,False,True,2,2,8,1.73
73170020,PF,PJ,True,False,2,1,241.08,0
73170020,PF,PJ,True,False,2,2,131518.56,74.8
73170090,PF,PJ,True,False,2,1,1437.52,0
73170090,PF,PJ,True,False,2,2,45.6,0
73181200,PF,PF,True,False,-,-,4309716.69,0
73181200,PF,PJ,True,False,2,1,27661.6,80
73181200,PF,PJ,True,False,2,2,1859355.83,0
73181200,PJ,PF,False,True,2,1,353.6,0
73181400,PJ,PF,False,True,2,1,1256.11,0
73181500,PF,PF,True,False,-,-,3504.44,386.58
73181500,PF,PJ,True,False,2,1,1117.66,0
73181500,PF,PJ,True,False,2,2,17597.8,2382.64
73181500,PJ,PF,False,True,2,1,1013.6,0
73181500,PJ,PF,False,True,2,2,100482.45,850
73181500,PJ,PJ,True,False,2,2,310.93,55.95999999999999
73181600,PF,PF,True,False,-,-,497.37,15.56
73181600,PF,PJ,True,False,2,1,83.44,0
73181600,PF,PJ,True,False,2,2,251174.81,30022.84
73181600,PJ,PF,False,True,2,2,75103.66,3.97
73181600,PJ,PJ,True,False,2,2,444.95,80.1
73181900,PF,PF,True,False,-,-,430.35,90.37
73181900,PF,PJ,True,False,2,2,60,0
73182100,PF,PJ,True,False,2,1,28.79,0
73182100,PF,PJ,True,False,2,2,79.09,8.67
73182100,PJ,PF,False,True,2,2,14.4,0
73182100,PJ,PJ,True,False,2,2,5.52,0.99
73182200,PF,PF,True,False,-,-,1810.54,54.31
73182200,PF,PJ,True,False,2,1,182531.97,0
73182200,PF,PJ,True,False,2,2,2451.93,262.2
73182200,PJ,PF,False,True,2,2,34.56,0
73182200,PJ,PJ,True,False,2,2,528.9300000000001,0.83
73182300,PF,PJ,True,False,2,1,54,0
73182400,PF,PF,True,False,-,-,194.72,0
73182400,PF,PJ,True,False,2,1,3750.61,0
73182400,PF,PJ,True,False,2,2,509.7,95.27000000000001
73182400,PJ,PF,False,True,2,2,96.96,0
73182400,PJ,PJ,True,False,2,2,69.7,0
73182900,PF,PF,True,False,-,-,1188.9,249.66
73182900,PF,PJ,True,False,2,1,5827.33,0
73182900,PF,PJ,True,False,2,2,2340.95,273.94
73182900,PJ,PF,False,True,2,2,360,0
73182900,PJ,PJ,True,False,2,2,4.4,0.79
73199000,PF,PJ,True,False,2,1,16.56,0
73201000,PF,PJ,True,False,2,1,70.44,0
73201000,PF,PJ,True,False,2,2,9228.04,74.9
73201000,PJ,PF,False,True,2,2,14.66,0
73202010,PJ,PJ,True,False,2,2,401.85,0
73209000,PF,PF,True,False,-,-,2.47,0.51
73209000,PF,PJ,True,False,2,2,15110,1813.2
73209000,PJ,PJ,True,False,2,2,1119.69,0
73221100,PF,PF,True,False,-,-,705838,0
73231000,PJ,PF,False,True,2,2,13.16,1.21
73239100,PF,PF,True,False,-,-,400,0
73251000,PF,PF,True,False,-,-,2000,340
73251000,PJ,PF,False,True,1,1,100,0
73259910,PF,PJ,True,False,2,1,212.47,0
73261900,PF,PF,True,False,-,-,40,7.2
73261900,PF,PJ,True,False,2,1,11.26,0
73261900,PF,PJ,True,False,2,2,9011.16,1537.24
73261900,PJ,PF,False,True,2,2,10000,0
73261900,PJ,PJ,True,False,2,2,72.56,13.05
73262000,PF,PF,True,False,-,-,11000,1700
73262000,PF,PJ,True,False,2,2,24597.37,0
73269090,PF,PF,True,False,-,-,4112.07,0
73269090,PF,PJ,True,False,2,1,243.56,0
73269090,PF,PJ,True,False,2,2,270558.26,34808.33
73269090,PJ,PF,False,True,2,1,214.28,0
73269090,PJ,PF,False,True,2,2,573.01,0
74031900,PJ,PF,False,True,2,2,321250,57825
74040000,PF,PJ,True,False,2,1,9600,0
74040000,PJ,PF,False,True,2,2,47521.73,0
74071010,PF,PJ,True,False,2,1,39.87,0
74071029,PJ,PF,False,True,2,2,63147.5,17207.68
74122000,PF,PJ,True,False,2,2,2031.61,359.6
74130000,PF,PJ,True,False,2,1,1221.2,0
74130000,PF,PJ,True,False,2,2,1000,118.8
74153300,PF,PF,True,False,-,-,23,4.83
74153900,PJ,PJ,True,False,2,2,134.31,24.18
76020000,PF,PJ,True,False,2,1,2205,0
76020000,PF,PJ,True,False,2,2,675,0
76020000,PJ,PF,False,True,2,2,42403.76,0
76042100,PJ,PF,False,True,2,2,89.9,0
76061220,PF,PJ,True,False,2,2,964.14,0
76071990,PJ,PF,False,True,2,2,590,118
76072000,PF,PJ,True,False,2,1,329.6,0
76072000,PF,PJ,True,False,2,2,4871.900000000001,717.25
76090000,PF,PF,True,False,-,-,616000,0
76090000,PF,PJ,True,False,2,1,8.88,0
76090000,PF,PJ,True,False,2,2,421.84,71.14
76101000,PF,PF,True,False,-,-,100,0
76110000,PF,PF,True,False,-,-,4000,510
76121000,PF,PF,True,False,-,-,1320,224.4
76129012,PF,PF,True,False,-,-,18600,0
76141010,PF,PF,True,False,-,-,12703.78,0
76149090,PF,PJ,True,False,2,2,1300000,120250
76161000,PF,PJ,True,False,2,2,123,8.61
76169100,PF,PF,True,False,-,-,4500,765
76169900,PF,PF,True,False,-,-,11937.5,595
78020000,PF,PF,True,False,-,-,70000,0
78020000,PF,PJ,True,False,2,2,11100,0
78020000,PJ,PF,False,True,2,2,200000,0
78020000,PJ,PJ,True,False,2,1,11932,0
78020000,PJ,PJ,True,False,2,2,560,0
79050000,PF,PF,True,False,-,-,532.5,63.9
81019700,PF,PF,True,False,-,-,92433,0
81019700,PF,PJ,True,False,2,2,1000,0
81029700,PF,PF,True,False,-,-,18000,0
81029700,PF,PJ,True,False,2,1,3547.400000000001,0
81029700,PF,PJ,True,False,2,2,504,60.48
81093900,PF,PF,True,False,-,-,760.5,91.26
81093900,PF,PJ,True,False,2,1,5391,915.96
81125200,PF,PF,True,False,-,-,3342043.19,0
81125200,PF,PJ,True,False,2,2,115220,0
81126100,PF,PF,True,False,-,-,5000,0
81126100,PF,PJ,True,False,2,1,8669.5,1448.31
81126100,PF,PJ,True,False,2,2,6752.84,810.34
82011000,PF,PF,True,False,-,-,18000,2160
82011000,PF,PJ,True,False,2,1,305.28,0
82013000,PF,PF,True,False,-,-,80,0
82013000,PJ,PF,False,True,2,1,73,0
82014000,PF,PJ,True,False,2,1,252.99,0
82014000,PJ,PF,False,True,2,2,44,0
82016000,PF,PF,True,False,-,-,29.99,0
82016000,PF,PJ,True,False,2,1,1280.82,0
82016000,PF,PJ,True,False,2,2,125.97,0
82021000,PF,PJ,True,False,2,2,113.9,19.36
82022000,PF,PF,True,False,-,-,800,0
82023900,PF,PJ,True,False,2,2,14.45,2.53
82024000,PJ,PF,False,True,2,2,442.2,84
82031010,PJ,PF,False,True,2,1,165,0
82032010,PF,PJ,True,False,2,2,54.06,10.81
82032010,PJ,PF,False,True,2,2,344.61,0
82032090,PF,PJ,True,False,2,2,7623224.53,0
82032090,PJ,PF,False,True,2,2,50880,0
82041100,PJ,PJ,True,False,2,2,43200,0
82041200,PF,PJ,True,False,2,1,91.94,0
82052000,PF,PF,True,False,-,-,160,0.19
82053000,PF,PJ,True,False,2,2,114000,1992
82054000,PF,PJ,True,False,2,2,4000,422.4
82054000,PJ,PF,False,True,2,2,236.55,0
82054000,PJ,PJ,True,False,2,2,83831.85,0
82055900,PF,PF,True,False,-,-,420,0
82059000,PF,PF,True,False,-,-,2000,0
82060000,PF,PF,True,False,-,-,750,0.8999999999999999
82060000,PF,PJ,True,False,2,1,10,0
82073000,PF,PF,True,False,-,-,292.5,52.65000000000001
82073000,PF,PJ,True,False,2,1,2434.77,0
82075011,PF,PJ,True,False,2,2,252.74,42.96
82075019,PF,PF,True,False,-,-,2000,0
82079000,PF,PJ,True,False,2,2,15274.14,2596.61
82079000,PJ,PF,False,True,2,1,32,0
82082000,PF,PJ,True,False,1,1,15000,2550
82082000,PF,PJ,True,False,2,1,500,0
82084000,PF,PF,True,False,-,-,41150.6,241.61
82089000,PF,PJ,True,False,2,1,70.62,0
82100010,PJ,PF,False,True,2,2,10000,0
82111000,PF,PJ,True,False,2,2,64.26,11.24
82119100,PF,PJ,True,False,2,1,705.9,0
82119100,PF,PJ,True,False,2,2,399.36,67.89
82130000,PF,PF,True,False,-,-,5000,850
82130000,PF,PJ,True,False,2,2,850,101.46
82142000,PJ,PF,False,True,2,2,39.98,0
82159910,PF,PF,True,False,-,-,5000,600
82159990,PF,PJ,True,False,2,1,168.9,0
83012000,PF,PJ,True,False,2,1,228.09,0
83013000,PF,PJ,True,False,2,2,330,0
83014000,PF,PJ,True,False,2,1,212.94,0
83014000,PJ,PF,False,True,2,2,564,0
83015000,PF,PJ,True,False,2,1,150,0
83017000,PF,PJ,True,False,2,2,132.9,26.58
83022000,PJ,PF,False,True,2,2,80,0
83023000,PF,PF,True,False,-,-,194893.77,0
83023000,PJ,PF,False,True,2,2,7.89,0
83024200,PF,PJ,True,False,2,2,7500,900
83026000,PJ,PF,False,True,2,2,251.75,0
83040000,PF,PF,True,False,-,-,150,0.18
83052000,PF,PJ,True,False,2,1,48.96,0
83052000,PF,PJ,True,False,2,2,28.5,4.85
83062900,PJ,PJ,True,False,2,1,173.9,36.51000000000001
83071010,PF,PJ,True,False,2,1,62.73999999999999,0
83071090,PJ,PJ,True,False,2,2,222080,4441.6
83079000,PF,PJ,True,False,2,2,100,12
83082000,PF,PF,True,False,-,-,21.6,0
83082000,PF,PJ,True,False,2,2,3880,659.6
83100000,PF,PJ,True,False,2,1,316.22,0
83100000,PF,PJ,True,False,2,2,1051.55,181.31
84021900,PF,PJ,True,False,2,2,30000,299.99
84069011,PF,PF,True,False,-,-,1000,120
84069011,PJ,PF,False,True,2,1,60,0
84069019,PJ,PF,False,True,2,1,180,0
84069090,PF,PJ,True,False,2,2,1848.58,314.26
84071000,PJ,PF,False,True,2,2,3000,0
84072110,PF,PF,True,False,-,-,380320,0
84072190,PF,PF,True,False,-,-,18450,627.3
84072190,PF,PJ,True,False,2,2,33100,330.99
84073310,PJ,PJ,True,False,2,2,4000,0
84082090,PF,PF,True,False,-,-,308000,0
84082090,PF,PJ,True,False,2,2,530100,5204.79
84082090,PJ,PF,False,True,2,2,301,0
84082090,PJ,PJ,True,False,2,1,5000,0
84082090,PJ,PJ,True,False,2,2,3000,0
84089090,PF,PJ,True,False,2,2,1500,15
84089090,PJ,PF,False,True,2,1,10000,0
84091000,PF,PJ,True,False,2,1,18000,719.93
84099111,PF,PJ,True,False,2,1,126.66,0
84099112,PF,PJ,True,False,2,1,113.83,0
84099112,PF,PJ,True,False,2,2,200,0
84099112,PJ,PJ,True,False,2,2,120,0
84099116,PF,PJ,True,False,2,2,877.8,149.23
84099117,PF,PJ,True,False,2,1,129,0
84099130,PF,PJ,True,False,2,1,198.54,0
84099140,PF,PJ,True,False,2,2,73.5,12.5
84099190,PF,PJ,True,False,2,1,181.44,0
84099190,PF,PJ,True,False,2,2,2129.65,371.28
84099190,PJ,PF,False,True,2,2,289.37,0
84099914,PF,PJ,True,False,2,2,12172.91,1809.46
84099917,PF,PJ,True,False,2,1,85.25,0
84099969,PF,PJ,True,False,2,1,3600,0
84099969,PF,PJ,True,False,2,2,1491.76,102.88
84099999,PF,PJ,True,False,2,1,31.8,0
84099999,PF,PJ,True,False,2,2,879.22,2.26
84101300,PF,PF,True,False,-,-,11000,967.96
84109000,PF,PF,True,False,-,-,1000,88
84119100,PF,PJ,True,False,2,2,180.02,30.61
84122110,PF,PJ,True,False,2,2,8837.869999999999,1252.05
84122110,PJ,PF,False,True,2,2,4980,0
84122110,PJ,PJ,True,False,2,2,16000,0
84122900,PF,PJ,True,False,2,2,16177.59,1705.8
84122900,PJ,PF,False,True,2,2,125000,0
84123110,PF,PF,True,False,-,-,885.96,0
84123110,PF,PJ,True,False,2,2,19134.78,3348.59
84129080,PF,PJ,True,False,2,1,17.5,0
84129080,PF,PJ,True,False,2,2,1441.16,273.82
84132000,PF,PF,True,False,-,-,2700,11.69
84132000,PF,PJ,True,False,2,1,176.67,0
84132000,PJ,PF,False,True,2,2,147,0
84133020,PF,PJ,True,False,2,1,2500,0
84133020,PJ,PJ,True,False,2,2,663.29,0
84133030,PF,PJ,True,False,2,2,15690.1,340.17
84133030,PJ,PF,False,True,2,2,26965.84,0
84133090,PF,PF,True,False,-,-,1271.28,266.97
84133090,PF,PJ,True,False,2,2,1869,0
84133090,PJ,PF,False,True,2,1,3189.47,0
84133090,PJ,PF,False,True,2,2,443.7,0
84135010,PF,PJ,True,False,2,1,150,0
84136011,PF,PJ,True,False,2,1,7243.07,326.0599999999999
84136011,PF,PJ,True,False,2,2,1725.21,0
84137010,PF,PJ,True,False,2,2,25800,0
84137090,PF,PF,True,False,-,-,600,0
84137090,PF,PJ,True,False,2,2,2570,436.9
84138100,PF,PF,True,False,-,-,1700,0
84138100,PF,PJ,True,False,2,1,1227.59,0
84138100,PF,PJ,True,False,2,2,1061942.06,0
84138100,PF,PJ,True,False,-,-,2000,0
84138100,PJ,PF,False,True,2,2,14000,0
84139190,PF,PF,True,False,-,-,4000,480
84139190,PF,PJ,True,False,2,2,13496.01,98.94
84143091,PF,PF,True,False,-,-,2920,613.2
84143099,PF,PF,True,False,-,-,10148,1217.76
84143099,PJ,PF,False,True,2,1,200,0
84144090,PJ,PJ,True,False,2,2,10,0
84145190,PF,PJ,True,False,2,2,5536.82,0
84145990,PF,PF,True,False,-,-,30400,299.98
84145990,PF,PJ,True,False,2,1,828.09,0
84145990,PJ,PF,False,True,2,2,55200,0
84148011,PF,PJ,True,False,2,2,15000,2550
84148019,PF,PF,True,False,-,-,2002.02,0
84148019,PF,PJ,True,False,2,1,45045.3,449.98
84148019,PF,PJ,True,False,2,2,23592.76,2549.36
84148021,PF,PJ,True,False,2,1,1200,0
84148021,PF,PJ,True,False,2,2,1786.71,312.67
84148029,PF,PJ,True,False,2,1,1250,12.5
84148031,PJ,PF,False,True,2,1,170,0
84148031,PJ,PF,False,True,2,2,2000,0
84149020,PF,PJ,True,False,2,1,40.63,0
84149020,PF,PJ,True,False,2,2,103.46,17.59
84149031,PF,PJ,True,False,2,1,104.11,0
84149034,PF,PJ,True,False,2,2,2956.53,517.39
84149039,PF,PF,True,False,-,-,33.54,7.04
84149039,PJ,PF,False,True,2,1,65,0
84151011,PF,PF,True,False,-,-,5484,0
84151011,PF,PJ,True,False,2,2,60,0
84151011,PJ,PF,False,True,2,2,18025.08,2899.49
84151090,PF,PF,True,False,-,-,80000,5600.64
84158210,PJ,PF,False,True,2,2,2280,0
84159090,PF,PJ,True,False,2,2,3687.01,626.86
84159090,PJ,PF,False,True,2,2,2103.67,0
84171010,PF,PF,True,False,-,-,321817.25,0
84184000,PJ,PF,False,True,2,2,2800,0
84186920,PF,PF,True,False,-,-,388700,0
84186920,PJ,PF,False,True,2,2,34000,3145
84186931,PF,PF,True,False,-,-,1170,0
84186931,PF,PJ,True,False,2,2,3500,35
84186991,PF,PF,True,False,-,-,3000,0
84193300,PF,PJ,True,False,2,2,1665754,0
84193400,PF,PJ,True,False,2,2,220000,0
84193400,PJ,PF,False,True,2,2,400,0
84193900,PF,PF,True,False,-,-,80000,0
84198930,PJ,PF,False,True,2,2,174531.89,0
84198991,PJ,PF,False,True,2,2,220000,0
84199039,PJ,PF,False,True,2,2,53331.38,0
84209100,PF,PJ,True,False,2,1,147.5,0
84211290,PF,PJ,True,False,2,2,7315963.639999999,0
84212100,PF,PJ,True,False,2,2,2022.82,351.17
84212100,PJ,PF,False,True,2,1,9934.5,0
84212100,PJ,PF,False,True,2,2,89.9,0
84212100,PJ,PJ,True,False,1,1,336,0
84212300,PF,PF,True,False,-,-,2020.32,422.62
84212300,PF,PJ,True,False,2,1,4.2,0
84212300,PF,PJ,True,False,2,2,55103.66,9311.08
84212300,PJ,PF,False,True,2,2,83000,0
84212930,PF,PF,True,False,-,-,251,52.71
84212990,PF,PF,True,False,-,-,16020.66,3034.39
84212990,PF,PJ,True,False,2,2,77003.74,13280.7
84212990,PJ,PF,False,True,2,2,2181.47,168.41
84212990,PJ,PJ,True,False,2,2,757.89,136.43
84213100,PF,PF,True,False,-,-,9739.11,2033.49
84213100,PF,PJ,True,False,2,1,1534.37,0
84213100,PF,PJ,True,False,2,2,235950.82,26395.83
84213100,PJ,PF,False,True,2,2,390,0
84213100,PJ,PJ,True,False,2,2,1021.8,183.92
84213200,PJ,PF,False,True,2,2,2425.85,0
84213910,PF,PF,True,False,-,-,329.91,69.28
84213990,PF,PF,True,False,-,-,997.0999999999999,209.37
84213990,PF,PJ,True,False,2,2,12404.28,1548.31
84213990,PJ,PF,False,True,2,1,120,0
84219191,PF,PJ,True,False,2,2,4000,422.4
84219910,PF,PJ,True,False,2,1,85.8,0
84219999,PF,PF,True,False,-,-,8507.36,1708.46
84219999,PF,PJ,True,False,2,2,26215.35,4137.94
84219999,PJ,PF,False,True,2,2,7257.5,0
84219999,PJ,PJ,True,False,2,2,3312.13,596.19
84223021,PJ,PF,False,True,2,2,102190.86,0
84223029,PF,PJ,True,False,2,2,3000,0
84224090,PF,PJ,True,False,2,2,2000,340
84233090,PF,PF,True,False,-,-,15600,0
84233090,PF,PJ,True,False,2,1,208768.27,5845.51
84238190,PF,PJ,True,False,2,2,1000,120
84238190,PJ,PF,False,True,2,1,3067.88,0
84238190,PJ,PF,False,True,2,2,30.44,0
84238200,PF,PF,True,False,-,-,10400,103.99
84238900,PF,PF,True,False,-,-,180000,1799.89
84239010,PF,PF,True,False,-,-,25000,249.99
84239029,PF,PF,True,False,-,-,13000,0
84239029,PF,PJ,True,False,2,1,10000,0
84241000,PJ,PJ,True,False,2,1,2800,0
84242000,PF,PF,True,False,-,-,350,0
84243010,PF,PF,True,False,-,-,4452.38,0
84243030,PF,PF,True,False,-,-,2000,0
84243030,PF,PJ,True,False,2,2,2500,25
84243090,PJ,PJ,True,False,2,2,400000,0
84244100,PF,PF,True,False,-,-,3525000,12179.4
84244100,PF,PJ,True,False,2,2,4238103.96,14119.19
84244100,PJ,PF,False,True,2,2,346000,0
84244900,PF,PF,True,False,-,-,11157875.19,28452.62
84244900,PF,PJ,True,False,2,2,13227000,131505.19
84244900,PJ,PF,False,True,2,2,62974586.3,104325.7
84244900,PJ,PJ,True,False,2,1,40000,0
84244900,PJ,PJ,True,False,2,2,1500000,0
84248119,PF,PF,True,False,-,-,1760000,0
84248121,PF,PJ,True,False,2,1,200,0
84248221,PF,PF,True,False,-,-,11903857.28,0
84248221,PF,PJ,True,False,2,2,1310391.01,4799.71
84248221,PJ,PF,False,True,2,1,80000,9600
84248221,PJ,PF,False,True,2,2,1510158.52,0
84248221,PJ,PF,True,False,-,-,100000,0
84248229,PF,PF,True,False,-,-,1352688,5885.57
84248229,PF,PJ,True,False,1,1,5000,50
84248229,PF,PJ,True,False,2,2,2991542,29473.24
84248229,PJ,PF,False,True,2,2,1370000,0
84248290,PF,PF,True,False,-,-,16841650.54,128467.34
84248290,PF,PJ,True,False,2,1,445000,4449.74
84248290,PF,PJ,True,False,2,2,7524600.87,75241.52
84248290,PJ,PF,False,True,2,2,1999435.11,86023.13
84248910,PF,PJ,True,False,2,2,193223,0
84248990,PF,PF,True,False,-,-,369500,2844.83
84248990,PF,PJ,True,False,2,2,751000,2209.87
84248990,PJ,PF,False,True,2,2,410000,0
84249090,PF,PF,True,False,-,-,181984.5,0
84249090,PF,PJ,True,False,2,1,11451.28,926.71
84249090,PF,PJ,True,False,2,2,40966.93,4545.82
84249090,PJ,PF,False,True,2,2,709.99,0
84251100,PJ,PF,False,True,2,2,19000,0
84253110,PF,PF,True,False,-,-,18000,0
84253190,PJ,PJ,True,False,2,2,2000,0
84253910,PF,PJ,True,False,2,2,55080,0
84254100,PF,PF,True,False,-,-,280,2.8
84254200,PF,PJ,True,False,2,2,1889.05,377.81
84261100,PJ,PF,False,True,2,2,30000,0
84269900,PJ,PF,False,True,2,2,15000,0
84269900,PJ,PF,True,False,-,-,8000,0
84271019,PF,PJ,True,False,2,2,35640,0
84279000,PJ,PF,False,True,2,2,150000,0
84281000,PF,PF,True,False,-,-,111000.06,1109.94
84283200,PJ,PF,False,True,2,2,63672.4,0
84283300,PF,PJ,True,False,2,1,42.5,0
84283300,PF,PJ,True,False,2,2,2398.9,46.2
84283910,PF,PF,True,False,-,-,155000,0
84283990,PF,PJ,True,False,2,1,2000,0
84283990,PF,PJ,True,False,2,2,79400,0
84283990,PJ,PF,False,True,2,2,134165.01,0
84289090,PJ,PF,False,True,2,1,1000,0
84291110,PF,PJ,True,False,2,2,308468.8,0
84291190,PF,PF,True,False,-,-,80000,0
84291190,PF,PJ,True,False,2,2,590000,0
84292090,PF,PF,True,False,-,-,350000,0
84292090,PJ,PF,False,True,2,2,50000,0
84293000,PJ,PJ,True,False,2,2,3000,0
84294000,PF,PF,True,False,-,-,47000,130
84294000,PF,PJ,True,False,2,2,330000,3049.82
84295111,PF,PF,True,False,-,-,354000,0
84295119,PF,PF,True,False,-,-,552700,2649.85
84295119,PF,PJ,True,False,2,2,499595,3940.71
84295119,PJ,PF,False,True,2,2,155000,0
84295199,PF,PF,True,False,-,-,5396849,27889.42
84295199,PF,PJ,True,False,2,2,2639500,6699.65
84295199,PJ,PF,False,True,2,2,1060000,52202.61
84295199,PJ,PJ,True,False,2,2,240000,0
84295219,PF,PF,True,False,-,-,4176350,31439.86
84295219,PF,PJ,True,False,2,1,1620000,8899.55
84295219,PF,PJ,True,False,2,2,1180000,51249.85
84295219,PJ,PF,False,True,2,2,1885000,0
84295900,PF,PF,True,False,-,-,482000,100
84295900,PF,PJ,True,False,2,1,10000,0
84295900,PF,PJ,True,False,2,2,173000,999.96
84295900,PJ,PF,False,True,2,2,640000,0
84295900,PJ,PJ,True,False,2,2,210,37.8
84301000,PF,PF,True,False,-,-,24500,0
84304130,PF,PJ,True,False,2,2,136267,1362.59
84305000,PF,PF,True,False,-,-,6000,0
84305000,PF,PJ,True,False,2,1,280000,0
84305000,PF,PJ,True,False,2,2,146750,0
84305000,PJ,PF,False,True,2,2,90000,0
84306100,PF,PF,True,False,-,-,220000,2200.16
84306990,PF,PF,True,False,-,-,1940088.78,1079.94
84306990,PF,PJ,True,False,2,1,90000,0
84306990,PF,PJ,True,False,2,2,331232.51,149.99
84306990,PJ,PF,False,True,2,2,316296,0
84312019,PJ,PF,False,True,2,2,150000,2190
84313110,PF,PF,True,False,-,-,18000,0
84313110,PF,PJ,True,False,2,2,31.2,3.74
84313900,PF,PF,True,False,-,-,1403.13,0
84313900,PF,PJ,True,False,2,2,9304.64,1116.55
84314100,PJ,PF,False,True,2,1,25000,0
84314200,PF,PF,True,False,-,-,1856.15,389.78
84314923,PF,PF,True,False,-,-,10300,51
84314923,PF,PJ,True,False,1,1,10000,1700
84314923,PF,PJ,True,False,2,2,35000,4056
84314923,PJ,PF,False,True,2,1,1500,0
84314929,PF,PJ,True,False,2,2,20964.21,482.06
84314929,PJ,PF,False,True,2,2,17000,0
84321000,PF,PF,True,False,-,-,1154000,8719.87
84321000,PF,PJ,True,False,2,2,52500,524.98
84321000,PJ,PF,False,True,2,2,558185,0
84322100,PF,PF,True,False,-,-,2856837.57,24494.11
84322100,PF,PJ,True,False,2,1,107469.37,769.98
84322100,PF,PJ,True,False,2,2,486244.26,3694.09
84322100,PJ,PF,False,True,2,2,317600,0
84322100,PJ,PJ,True,False,2,2,75000,0
84322900,PF,PF,True,False,-,-,1880442.8,6582.92
84322900,PF,PJ,True,False,2,1,60000,0
84322900,PF,PJ,True,False,2,2,475000,579.98
84322900,PJ,PF,False,True,2,2,548000,277.5
84322900,PJ,PJ,True,False,2,1,50000,0
84322900,PJ,PJ,True,False,2,2,1000,0
84323110,PF,PF,True,False,-,-,12547984.33,79874.92
84323110,PF,PJ,True,False,2,1,382700,0
84323110,PF,PJ,True,False,2,2,18468068.38,112660.26
84323110,PJ,PF,False,True,2,1,283000,0
84323110,PJ,PF,False,True,2,2,38537185.05,33320.02
84323190,PF,PF,True,False,-,-,3543304.98,32538.94
84323190,PF,PJ,True,False,2,2,2362144,9923.25
84323190,PJ,PF,False,True,2,1,140000,0
84323190,PJ,PF,False,True,2,2,3316550,0
84323910,PF,PF,True,False,-,-,1070722.47,2699.85
84323910,PF,PJ,True,False,2,1,25000,0
84323910,PF,PJ,True,False,2,2,1980000,8699.6
84323910,PJ,PF,False,True,2,2,973000,7154
84323910,PJ,PF,True,False,-,-,500,0
84323990,PF,PF,True,False,-,-,6992332.189999999,49358.82
84323990,PF,PJ,True,False,1,1,6400,64
84323990,PF,PJ,True,False,2,1,1762194,17621.19
84323990,PF,PJ,True,False,2,2,6378460.95,65674.29
84323990,PJ,PF,False,True,2,2,629000,0
84324100,PF,PF,True,False,-,-,92000,920
84324100,PF,PJ,True,False,2,2,33000,462
84324100,PJ,PF,True,False,-,-,20000,1400
84324200,PF,PF,True,False,-,-,7471601.17,7909.54
84324200,PF,PJ,True,False,2,1,130000,0
84324200,PF,PJ,True,False,2,2,2578000,17979.23
84324200,PJ,PF,False,True,2,2,2592751.45,878.75
84324200,PJ,PJ,True,False,2,2,70000,0
84328000,PF,PF,True,False,-,-,8492308.4,33680.98
84328000,PF,PJ,True,False,2,1,702000,7019.64
84328000,PF,PJ,True,False,2,2,7425308.5,52547.93
84328000,PJ,PF,False,True,2,2,1165750.48,0
84328000,PJ,PJ,True,False,2,1,158000,0
84328000,PJ,PJ,True,False,2,2,57000,0
84329000,PF,PF,True,False,-,-,3079410.83,35210.56
84329000,PF,PJ,True,False,2,1,68553.3,549.98
84329000,PF,PJ,True,False,2,2,7655053.47,93275.43000000001
84329000,PJ,PF,False,True,2,2,4517143.62,57586.06999999999
84329000,PJ,PJ,True,False,2,1,277.8,0
84329000,PJ,PJ,True,False,2,2,16685.27,87.83
84331100,PF,PF,True,False,-,-,9138.56,86.38
84331100,PF,PJ,True,False,2,2,250000,0
84331100,PJ,PF,False,True,2,2,9000,0
84332010,PF,PF,True,False,-,-,356000,259.98
84332010,PF,PJ,True,False,2,1,100000,999.94
84332010,PF,PJ,True,False,2,2,95000,949.94
84332010,PJ,PF,False,True,2,2,415000,0
84332090,PF,PF,True,False,-,-,1464700,4399.74
84332090,PF,PJ,True,False,2,2,2505800,42057.21
84332090,PJ,PF,False,True,2,2,1418000,0
84333000,PF,PF,True,False,-,-,1570500,4349.76
84333000,PF,PJ,True,False,2,1,150000,1499.91
84333000,PF,PJ,True,False,2,2,200000,999.94
84333000,PJ,PF,False,True,2,2,107000,0
84334000,PF,PF,True,False,-,-,683700,1109.96
84334000,PF,PJ,True,False,2,2,314300,149.99
84334000,PJ,PF,False,True,2,1,10000,0
84334000,PJ,PF,False,True,2,2,80000,0
84334000,PJ,PJ,True,False,2,2,40000,0
84335100,PF,PF,True,False,-,-,59281782.39,307064.16
84335100,PF,PJ,True,False,1,1,180000,1799.89
84335100,PF,PJ,True,False,2,1,1320000,8799.58
84335100,PF,PJ,True,False,2,2,33185807.87,199927.6
84335100,PJ,PF,False,True,2,1,15000,0
84335100,PJ,PF,False,True,2,2,123917579.31,142090.56
84335100,PJ,PJ,True,False,2,2,2150000,0
84335200,PF,PF,True,False,-,-,180000,449.97
84335200,PF,PJ,True,False,2,1,13000,0
84335200,PJ,PF,False,True,2,2,334000,0
84335300,PF,PF,True,False,-,-,300000,0
84335300,PJ,PJ,True,False,2,2,125000,0
84335919,PF,PJ,True,False,2,2,500000,4999.7
84335919,PJ,PF,False,True,2,2,572000,0
84335990,PF,PF,True,False,-,-,11013282,50917.61
84335990,PF,PJ,True,False,1,1,22500,0
84335990,PF,PJ,True,False,2,1,310000,3999.85
84335990,PF,PJ,True,False,2,2,7549150,80462.92
84335990,PJ,PF,False,True,2,1,600000,0
84335990,PJ,PF,False,True,2,2,29847169.9,34730.77
84335990,PJ,PF,True,False,-,-,27550,0
84335990,PJ,PJ,True,False,2,2,379809.12,0
84336090,PF,PF,True,False,-,-,140000,0
84336090,PJ,PF,False,True,2,2,22978.55,0
84339010,PF,PF,True,False,-,-,5373.54,346.19
84339010,PF,PJ,True,False,2,2,1000,10
84339090,PF,PF,True,False,-,-,2063365.55,18021.75
84339090,PF,PJ,True,False,2,1,140942.84,299.98
84339090,PF,PJ,True,False,2,2,6233254.560000001,90574.58
84339090,PJ,PF,False,True,2,1,5000,0
84339090,PJ,PF,False,True,2,2,6146794,55.76
84339090,PJ,PJ,True,False,2,2,15468168.99,427.89
84341000,PF,PF,True,False,-,-,70000,699.96
84342010,PJ,PF,False,True,2,2,92000,0
84342090,PF,PJ,True,False,2,1,138000,0
84342090,PJ,PF,False,True,2,2,230000,0
84351000,PF,PJ,True,False,2,2,142.02,24.15
84361000,PF,PF,True,False,-,-,1002600.01,22405.78
84361000,PF,PJ,True,False,2,1,19500,0
84361000,PF,PJ,True,False,2,2,1302000,9709.470000000001
84361000,PJ,PF,False,True,2,2,668000,0
84361000,PJ,PJ,True,False,2,2,313000,0
84362100,PF,PJ,True,False,2,1,15858,0
84362100,PJ,PF,False,True,2,1,310000,0
84368000,PF,PF,True,False,-,-,8668595.45,28929.15
84368000,PF,PJ,True,False,2,1,53000,349.99
84368000,PF,PJ,True,False,2,2,4224275.46,25845.02
84368000,PJ,PF,False,True,2,2,2774901.14,786.25
84368000,PJ,PJ,True,False,2,2,46200,0
84369100,PJ,PF,False,True,2,1,3000,0
84369900,PF,PF,True,False,-,-,2014379.19,153.6
84369900,PF,PJ,True,False,2,2,14343.9,1728.69
84369900,PJ,PF,False,True,2,2,112500,0
84369900,PJ,PJ,True,False,2,2,10466.5,0
84371000,PF,PF,True,False,-,-,170000,549.98
84371000,PF,PJ,True,False,2,1,17000,169.99
84371000,PF,PJ,True,False,2,2,150000,499.97
84371000,PJ,PF,False,True,2,2,7000,0
84378010,PF,PF,True,False,-,-,1500,0
84378010,PF,PJ,True,False,2,1,65000,649.97
84378010,PF,PJ,True,False,2,2,1500,15
84378010,PJ,PF,False,True,2,2,170000,0
84379000,PF,PJ,True,False,2,2,100972.47,1881.18
84385000,PJ,PF,False,True,2,2,95000,0
84423020,PF,PF,True,False,-,-,200,0
84423090,PF,PF,True,False,-,-,100,0
84439923,PJ,PF,False,True,2,2,4412.4,0
84439931,PF,PF,True,False,-,-,9800,0
84439933,PJ,PF,False,True,2,2,494.95,0
84439939,PJ,PF,False,True,2,1,24500,0
84451922,PF,PF,True,False,-,-,5000,850
84451922,PF,PJ,True,False,2,2,5000,530
84483290,PF,PJ,True,False,2,2,27033930,0
84518000,PF,PF,True,False,-,-,1625000,0
84518000,PF,PJ,True,False,2,2,1420000,11999.28
84521000,PF,PF,True,False,-,-,11400,0
84529020,PF,PJ,True,False,2,2,149680,0
84531090,PJ,PF,False,True,2,2,30000,0
84612090,PF,PF,True,False,-,-,20000,199.99
84623900,PF,PJ,True,False,2,2,10000,1200
84624900,PJ,PF,False,True,2,2,193000,0
84632091,PF,PF,True,False,-,-,20880,0
84633000,PF,PF,True,False,-,-,2960,10
84642010,PF,PF,True,False,-,-,26000,3120
84642010,PF,PJ,True,False,2,2,733901.7,8806.82
84642090,PF,PJ,True,False,2,1,600,0
84649090,PF,PF,True,False,-,-,2500,25
84659310,PF,PF,True,False,-,-,100,0
84662010,PF,PF,True,False,-,-,900,0
84671110,PF,PF,True,False,-,-,100,0
84671190,PJ,PJ,True,False,2,2,273584.99,0
84671900,PF,PJ,True,False,2,2,5692.99,501.03
84672100,PF,PF,True,False,-,-,150,1.5
84672200,PF,PF,True,False,-,-,600,0
84672200,PF,PJ,True,False,2,1,10000,0
84672992,PF,PJ,True,False,2,2,560,95.2
84672999,PJ,PF,False,True,2,1,975,0
84672999,PJ,PF,False,True,2,2,649,0
84678100,PF,PF,True,False,-,-,500,0
84678900,PF,PF,True,False,-,-,2000,20
84678900,PJ,PF,False,True,2,1,3239,0
84678900,PJ,PJ,True,False,2,2,25000,0
84679200,PF,PJ,True,False,2,2,2.15,0.37
84701000,PJ,PF,False,True,2,2,279000,0
84702100,PJ,PF,False,True,2,2,54.97,0
84713012,PJ,PF,False,True,2,2,7949,725.29
84713019,PJ,PF,False,True,2,1,5000,0
84713019,PJ,PF,False,True,2,2,4399.57,0
84714100,PF,PF,True,False,-,-,700,0
84714100,PF,PJ,True,False,2,1,111.56,0
84714100,PF,PJ,True,False,2,2,23726.84,806.71
84714100,PJ,PF,False,True,2,2,20000,0
84714100,PJ,PJ,True,False,2,2,217594.38,217594.38
84715010,PF,PF,True,False,-,-,14732.81,0
84715010,PJ,PF,False,True,2,2,1290,0
84715090,PJ,PF,False,True,2,2,16089.09,0
84717020,PF,PJ,True,False,2,2,43641.36,0
84717040,PJ,PF,False,True,2,2,574,0
84719012,PJ,PF,False,True,2,2,778,0
84719090,PF,PJ,True,False,2,2,0,2975
84733031,PF,PJ,True,False,2,1,38.4,0
84733032,PF,PJ,True,False,2,1,226.5,0
84733042,PF,PJ,True,False,2,1,505.41,0
84733042,PJ,PF,False,True,2,2,184,0
84743100,PF,PF,True,False,-,-,500,5
84743100,PF,PJ,True,False,2,2,7351.12,10
84749000,PF,PJ,True,False,2,2,628.71,125.74
84772010,PF,PJ,True,False,2,1,15.04,0
84779000,PF,PJ,True,False,2,1,242.5,0
84779000,PJ,PJ,True,False,2,2,700,0
84792000,PJ,PF,False,True,2,2,70000,0
84796000,PF,PF,True,False,-,-,25000,0
84798210,PF,PF,True,False,-,-,27000,1389.99
84798210,PJ,PF,False,True,2,2,58265.16,0
84798911,PJ,PF,False,True,2,1,4040,0
84798912,PJ,PF,False,True,2,2,36500,0
84798932,PF,PJ,True,False,2,1,707.74,0
84798940,PF,PF,True,False,-,-,359686,1059.97
84798940,PF,PJ,True,False,2,1,88500,749.97
84798940,PF,PJ,True,False,2,2,112825.34,0
84798940,PJ,PF,False,True,2,2,131200,547.5
84798940,PJ,PJ,True,False,2,2,3638654.3,0
84798999,PF,PJ,True,False,2,2,2085.7,183.57
84798999,PJ,PF,False,True,2,2,2000,0
84799090,PF,PF,True,False,-,-,350000,0
84799090,PF,PJ,True,False,2,2,716.01,125.3
84799090,PJ,PF,False,True,2,2,3500,0
84801000,PF,PF,True,False,-,-,150,0
84811000,PF,PJ,True,False,2,2,2026,0
84811000,PJ,PF,False,True,2,1,194.14,0
84812011,PF,PJ,True,False,2,1,1077.07,0
84812090,PF,PJ,True,False,2,2,102.29,19.44
84813000,PF,PF,True,False,-,-,7680,921.6
84814000,PF,PJ,True,False,2,1,456.59,0
84814000,PF,PJ,True,False,2,2,2147.56,365.09
84814000,PJ,PF,False,True,2,2,21709,0
84818019,PF,PF,True,False,-,-,18000,0
84818019,PF,PJ,True,False,2,2,24000,0
84818019,PJ,PF,False,True,2,1,70,0
84818092,PF,PJ,True,False,2,1,26960.42,3576.87
84818092,PF,PJ,True,False,2,2,4941.85,856.73
84818092,PJ,PJ,True,False,2,2,1193.66,0
84818095,PF,PJ,True,False,2,1,182.5,0
84818095,PF,PJ,True,False,2,2,7944.56,0
84818095,PJ,PF,False,True,2,1,160,0
84818095,PJ,PF,False,True,2,2,49.5,0
84818096,PJ,PJ,True,False,2,2,272,0
84818097,PF,PF,True,False,-,-,500,44
84818099,PF,PF,True,False,-,-,4.95,1.03
84818099,PF,PJ,True,False,2,2,999.9399999999999,3.35
84819010,PF,PF,True,False,-,-,1543654.39,0
84819010,PJ,PF,False,True,2,2,68000,0
84819090,PF,PF,True,False,-,-,71.2,14.95
84819090,PF,PJ,True,False,2,1,463.45,0
84819090,PF,PJ,True,False,2,2,27377.97,5474.040000000001
84821010,PF,PF,True,False,-,-,20139.62,328.46
84821010,PF,PJ,True,False,2,1,3506.08,0
84821010,PF,PJ,True,False,2,2,6853.52,435.48
84821090,PF,PF,True,False,-,-,2301.04,120.33
84821090,PF,PJ,True,False,2,1,253.47,0
84821090,PF,PJ,True,False,2,2,451.51,90.3
84821090,PJ,PF,False,True,2,1,485,0
84821090,PJ,PJ,True,False,2,2,406.4,0
84822010,PF,PF,True,False,-,-,919.24,193.04
84822010,PF,PJ,True,False,2,2,461.4,21.32
84822010,PJ,PF,False,True,2,1,56,0
84822010,PJ,PF,False,True,2,2,500,41.62
84822090,PJ,PJ,True,False,2,2,307.68,0
84823000,PF,PF,True,False,-,-,4720.62,991.33
84823000,PJ,PJ,True,False,2,2,2219.67,0
84824000,PF,PJ,True,False,2,1,26,0
84824000,PJ,PJ,True,False,2,2,5582.08,0
84825010,PF,PJ,True,False,2,2,4725000,0
84825010,PJ,PJ,True,False,2,2,3200,0
84825090,PF,PJ,True,False,2,2,323.88,61.54
84828000,PF,PJ,True,False,2,1,10673.33,0
84828000,PF,PJ,True,False,2,2,3524.99,517.16
84828000,PJ,PF,False,True,2,1,535,0
84829120,PF,PJ,True,False,2,1,11.6,0
84829910,PF,PJ,True,False,2,1,402.05,0
84829910,PF,PJ,True,False,2,2,2380.88,0
84829910,PJ,PF,False,True,2,1,240,0
84829910,PJ,PJ,True,False,2,2,241.44,0
84831011,PF,PJ,True,False,2,1,270,0
84831019,PF,PJ,True,False,2,1,33413.44,0
84831019,PF,PJ,True,False,2,2,871941,0
84831030,PJ,PJ,True,False,2,2,144,0
84831090,PF,PF,True,False,-,-,1863.52,391.32
84831090,PF,PJ,True,False,2,1,317.57,0
84831090,PF,PJ,True,False,2,2,10981.21,755.6700000000001
84831090,PJ,PF,False,True,2,2,1589.48,0
84831090,PJ,PJ,True,False,2,2,970.29,0
84832000,PF,PF,True,False,-,-,1906.7,399.2
84832000,PF,PJ,True,False,2,1,1719.17,0
84832000,PF,PJ,True,False,2,2,7037.04,1037.74
84833010,PF,PF,True,False,-,-,66.35,13.93
84833029,PJ,PJ,True,False,2,2,162.45,0
84833090,PF,PF,True,False,-,-,422.86,0
84833090,PF,PJ,True,False,2,2,79281.3,40.83
84834010,PF,PJ,True,False,2,1,492.5,0
84834010,PF,PJ,True,False,2,2,84354.73000000001,4.75
84834010,PJ,PF,False,True,2,2,2447.3,0
84834090,PF,PF,True,False,-,-,1291.27,271.17
84834090,PF,PJ,True,False,2,1,2105.8,0
84834090,PF,PJ,True,False,2,2,3108.05,547.63
84834090,PJ,PF,False,True,2,1,10775,0
84834090,PJ,PF,False,True,2,2,348.68,0
84834090,PJ,PJ,True,False,2,2,1618,0
84835010,PF,PJ,True,False,2,1,1803.49,0
84835010,PF,PJ,True,False,2,2,7208.62,1251.35
84835090,PF,PF,True,False,-,-,500,60
84835090,PF,PJ,True,False,2,2,10507.18,1687.62
84836019,PF,PJ,True,False,2,2,49964.27,7529.91
84836090,PF,PF,True,False,-,-,34.89,7.32
84836090,PF,PJ,True,False,2,2,90,15.75
84839000,PF,PF,True,False,-,-,9710.96,1915.2
84839000,PF,PJ,True,False,2,1,6694.35,0
84839000,PF,PJ,True,False,2,2,14226.17,2957.47
84839000,PJ,PF,False,True,2,2,1051.38,0
84839000,PJ,PJ,True,False,2,2,2379.85,0
84841000,PF,PJ,True,False,2,1,96.06,0
84841000,PJ,PF,False,True,2,2,43.22,0
84842000,PF,PF,True,False,-,-,758.61,159.28
84842000,PF,PJ,True,False,2,1,1087.1,0
84842000,PF,PJ,True,False,2,2,8663.56,1484.66
84849000,PF,PJ,True,False,2,1,0.16,0
84849000,PF,PJ,True,False,2,2,1644.3,328.86
84871000,PF,PF,True,False,-,-,550,18.7
84879000,PF,PF,True,False,-,-,1229.4,258.17
84879000,PF,PJ,True,False,2,1,6.28,0
84879000,PF,PJ,True,False,2,2,81.29,13.82
85011011,PJ,PF,False,True,2,2,68000,0
85012000,PF,PJ,True,False,2,2,3100,31
85013110,PF,PJ,True,False,2,2,4960214.290000001,0
85013110,PJ,PF,False,True,2,1,900,0
85013110,PJ,PF,False,True,2,2,5993.93,0
85013310,PF,PJ,True,False,2,2,11000,0
85013320,PJ,PF,False,True,2,1,450000,0
85015210,PF,PJ,True,False,2,1,600,0
85015210,PJ,PF,False,True,2,2,3300,0
85016400,PF,PF,True,False,-,-,6000,720
85017290,PF,PJ,True,False,2,2,131350.74,0
85030090,PF,PJ,True,False,2,2,5873.08,335.4399999999999
85041000,PF,PF,True,False,-,-,4216.87,885.52
85042100,PF,PJ,True,False,2,1,10300,0
85042100,PJ,PF,False,True,2,2,2000,0
85043199,PF,PJ,True,False,2,2,12900,0
85043221,PF,PJ,True,False,2,2,280,0
85044010,PJ,PF,False,True,2,2,10093.7,0
85044030,PF,PJ,True,False,2,1,24179.76,241.78
85044030,PJ,PF,False,True,2,2,148.35,0
85044040,PF,PF,True,False,-,-,30000,0
85044050,PF,PJ,True,False,2,2,100,0
85044090,PF,PF,True,False,-,-,5000,439.92
85044090,PF,PJ,True,False,2,2,536949.04,0
85059080,PF,PJ,True,False,2,2,87500,0
85061031,PJ,PF,False,True,2,2,38,8.23
85071010,PJ,PF,False,True,2,2,96.04,0
85071090,PF,PJ,True,False,2,2,3493.04,698.61
85071090,PJ,PF,False,True,2,1,260,0
85071090,PJ,PF,False,True,2,2,7683.91,0
85071090,PJ,PJ,True,False,2,2,5232,0
85072010,PJ,PF,False,True,2,2,568.14,0
85076000,PJ,PF,False,True,2,2,40000,0
85078000,PF,PJ,True,False,2,2,3375.38,675.0799999999999
85094030,PF,PJ,True,False,2,2,513,0
85094090,PJ,PF,False,True,2,2,53.43,12.98
85098090,PF,PF,True,False,-,-,7600,0
85098090,PF,PJ,True,False,2,1,300000,12600
85098090,PF,PJ,True,False,2,2,739573.5,99.64
85102000,PF,PF,True,False,-,-,2950,0
85111000,PF,PF,True,False,-,-,99.3,20.85
85111000,PJ,PF,False,True,2,2,425.47,0
85114000,PF,PF,True,False,-,-,6078.530000000001,1276.49
85114000,PF,PJ,True,False,2,2,3799.65,645.94
85114000,PJ,PF,False,True,2,1,1392,0
85115010,PF,PF,True,False,-,-,2625,551.25
85118020,PF,PF,True,False,-,-,625,112.5
85118020,PF,PJ,True,False,2,1,8.46,0
85119000,PF,PJ,True,False,2,2,899.78,152.97
85122011,PF,PF,True,False,-,-,8652,0
85122011,PF,PJ,True,False,2,2,284.82,53.9
85122011,PJ,PF,False,True,2,1,440,0
85122011,PJ,PF,False,True,2,2,32608.75,0
85122011,PJ,PJ,True,False,2,2,130000,0
85122022,PF,PF,True,False,-,-,500,90
85129000,PF,PF,True,False,-,-,201801.6,0
85131090,PJ,PF,False,True,2,2,199.49,0
85141900,PF,PJ,True,False,2,2,2750,467.5
85142019,PF,PF,True,False,-,-,2900,510
85143900,PF,PJ,True,False,2,1,2000,0
85151900,PF,PF,True,False,-,-,600,0
85159000,PF,PJ,True,False,2,1,65,0
85162900,PJ,PF,False,True,2,2,58.76,19.09
85165000,PJ,PF,False,True,2,1,7000,0
85166000,PJ,PF,False,True,2,2,60.3,16.38
85167990,PJ,PF,False,True,2,2,12.9,0
85168010,PJ,PF,False,True,2,1,290,0
85168010,PJ,PF,False,True,2,2,79.54,0
85168090,PF,PJ,True,False,2,2,300.35,51.06
85171100,PJ,PF,False,True,2,2,563.74,0
85171300,PF,PJ,True,False,2,2,2633.05,0
85171300,PJ,PF,False,True,2,1,17700,0
85171300,PJ,PF,False,True,2,2,275698.7,371.27
85171410,PJ,PF,False,True,2,1,6544,0
85171431,PJ,PF,False,True,2,1,5800,0
85171439,PJ,PF,False,True,2,1,14350,0
85176199,PJ,PF,False,True,2,2,197000,0
85176239,PJ,PF,False,True,2,2,133.2,0
85176241,PJ,PF,False,True,2,2,24767.06,1686.65
85176259,PJ,PF,False,True,2,2,777.11,0
85176262,PJ,PF,False,True,2,1,23126.58,0
85176262,PJ,PF,False,True,2,2,32380.9,491.88
85176277,PJ,PF,False,True,2,2,15000,0
85176299,PJ,PF,False,True,2,2,2064.62,156.79
85177900,PF,PF,True,False,-,-,10000,100.08
85182100,PJ,PF,False,True,2,2,3500,0
85183000,PJ,PF,False,True,2,2,5201.94,0
85185000,PJ,PF,False,True,2,2,1088.34,0
85235190,PF,PF,True,False,-,-,6683.81,1403.57
85235190,PJ,PF,False,True,2,2,104,0
85258100,PJ,PF,False,True,2,2,753.74,0
85258913,PJ,PF,False,True,2,1,640,0
85258929,PJ,PF,False,True,2,2,496.68,0
85269100,PF,PF,True,False,-,-,109000,11730
85269100,PF,PJ,True,False,2,2,5000,50
85269100,PJ,PF,False,True,2,2,166612.45,0
85269200,PJ,PF,False,True,2,2,513.78,0
85285200,PJ,PF,False,True,2,2,474.9,0
85287200,PJ,PF,False,True,2,2,5465.34,0
85291020,PJ,PF,False,True,2,2,519.9,0
85299019,PF,PJ,True,False,2,2,3.3,0.56
85299040,PJ,PF,False,True,2,1,18000,0
85299090,PJ,PF,False,True,2,2,176.04,0
85311010,PF,PJ,True,False,2,1,553.06,0
85318000,PF,PF,True,False,-,-,4314.74,0
85334092,PF,PJ,True,False,2,1,197200,0
85334092,PF,PJ,True,False,2,2,3197235,0
85351000,PF,PF,True,False,-,-,43.17,7.77
85352100,PF,PJ,True,False,2,2,81900,9828
85359000,PF,PJ,True,False,2,1,1686.84,80
85361000,PF,PF,True,False,-,-,1.66,0.34
85361000,PF,PJ,True,False,2,1,492.2,0
85362000,PF,PJ,True,False,2,2,1080,0
85362000,PJ,PF,False,True,2,1,260,0
85363090,PF,PF,True,False,-,-,104300,156
85363090,PF,PJ,True,False,2,2,5690699.279999999,0
85364100,PF,PJ,True,False,2,2,11.9,2.38
85364100,PJ,PF,False,True,2,1,200,0
85364900,PF,PF,True,False,-,-,268.36,56.35
85364900,PF,PJ,True,False,2,1,30.06,0
85364900,PJ,PF,False,True,2,1,170,0
85365090,PF,PF,True,False,-,-,116.66,24.49
85365090,PF,PJ,True,False,2,1,927.5699999999999,0
85365090,PF,PJ,True,False,2,2,6074.84,831.02
85365090,PJ,PF,False,True,2,1,25,0
85365090,PJ,PF,False,True,2,2,140.48,0
85365090,PJ,PJ,True,False,2,2,7.7,1.38
85366100,PJ,PF,False,True,2,1,26,0
85366910,PF,PF,True,False,-,-,187200,0
85366910,PF,PJ,True,False,2,1,5.52,0
85366910,PF,PJ,True,False,2,2,7219.36,3.29
85366910,PJ,PF,False,True,2,1,89,0
85366990,PF,PJ,True,False,2,2,1933.13,328.63
85366990,PJ,PF,False,True,2,2,21.2,0
85369010,PF,PJ,True,False,2,1,466.04,0
85369010,PF,PJ,True,False,2,2,356.41,62.38
85369050,PF,PF,True,False,-,-,310,65.1
85369050,PF,PJ,True,False,2,1,1931.17,0
85369060,PF,PJ,True,False,2,1,259.05,0
85369090,PF,PF,True,False,-,-,649.65,136.42
85369090,PF,PJ,True,False,2,1,412.54,40
85369090,PF,PJ,True,False,2,2,760.8,57.91
85369090,PJ,PF,False,True,2,1,20,0
85369090,PJ,PF,False,True,2,2,851.19,29.57
85371020,PF,PF,True,False,-,-,40000,0
85371020,PF,PJ,True,False,2,1,3000,360
85381000,PF,PJ,True,False,2,2,1236.9,210.27
85381000,PJ,PF,False,True,2,2,1200,0
85389090,PF,PJ,True,False,2,2,1767.04,300.4
85391090,PJ,PF,False,True,2,2,55000,0
85392110,PF,PF,True,False,-,-,111.42,22.2
85392110,PF,PJ,True,False,2,1,76.78,0
85392190,PF,PF,True,False,-,-,5,0
85392190,PF,PJ,True,False,2,2,748.63,131.01
85392910,PF,PF,True,False,-,-,16.62,2.98
85409130,PF,PF,True,False,-,-,220000,0
85414300,PF,PJ,True,False,2,2,49294.2,0
85437092,PF,PJ,True,False,2,2,8000,0
85437099,PJ,PF,False,True,2,1,40,0
85437099,PJ,PF,False,True,2,2,172.6,0
85439090,PJ,PF,False,True,2,1,6000,0
85441100,PF,PJ,True,False,2,2,1343,94.00999999999999
85441990,PJ,PF,False,True,2,2,164.65,0
85442000,PF,PJ,True,False,2,1,1971.48,0
85442000,PJ,PF,False,True,2,2,129.95,0
85443000,PF,PJ,True,False,2,1,4023,0
85443000,PF,PJ,True,False,2,2,3657.51,643.88
85443000,PJ,PJ,True,False,2,2,511.18,0
85444200,PF,PF,True,False,-,-,46.4,9.74
85444200,PF,PJ,True,False,2,1,61817.58,10391.11
85444200,PJ,PF,False,True,2,1,1040,0
85444200,PJ,PF,False,True,2,2,1003.99,0
85444900,PF,PJ,True,False,2,1,5102.9,0
85444900,PF,PJ,True,False,2,2,32426.81,377.97
85444900,PJ,PF,False,True,2,1,943,0
85444900,PJ,PF,False,True,2,2,2327.8,0
85446000,PF,PF,True,False,-,-,22800,0
85446000,PF,PJ,True,False,2,2,626.5,106.5
85462000,PJ,PF,False,True,2,2,158317.91,0
85469000,PF,PJ,True,False,2,1,5.82,0
85469000,PF,PJ,True,False,2,2,35.04,5.96
85479000,PF,PF,True,False,-,-,660,0
85491100,PJ,PF,False,True,2,2,1546.3,0
86029000,PF,PJ,True,False,2,2,100000,0
86039000,PF,PF,True,False,-,-,1800,18
86063000,PF,PF,True,False,-,-,9000,90
86090000,PF,PF,True,False,-,-,264000,2639.86
86090000,PF,PJ,True,False,2,2,14824,0
86090000,PJ,PJ,True,False,2,2,21375,0
87011000,PF,PF,True,False,-,-,9914380,22851.43
87011000,PF,PJ,True,False,2,1,451800,2265.94
87011000,PF,PJ,True,False,2,2,5416090.7,54494.35
87011000,PJ,PF,False,True,2,1,90000,0
87011000,PJ,PF,False,True,2,2,2960000,567
87011000,PJ,PF,True,False,-,-,32000,0
87011000,PJ,PJ,True,False,2,2,120000,0
87012100,PF,PJ,True,False,2,2,240000,0
87012100,PJ,PF,False,True,2,2,5905806,3145
87012100,PJ,PJ,True,False,2,2,120000,0
87012900,PF,PF,True,False,-,-,947500,516.25
87012900,PF,PJ,True,False,2,2,210000,0
87013000,PF,PF,True,False,-,-,2873000,14229.33
87013000,PF,PJ,True,False,2,2,1933485.69,12862.23
87013000,PJ,PF,False,True,2,2,720000,0
87019000,PF,PF,True,False,-,-,76000,0
87019090,PF,PF,True,False,-,-,1580000,0
87019090,PF,PJ,True,False,2,2,220000,0
87019090,PJ,PF,False,True,2,2,1748000,0
87019100,PF,PF,True,False,-,-,1400000,9999.4
87019100,PF,PJ,True,False,2,1,90000,0
87019100,PF,PJ,True,False,2,2,1770000,15999.04
87019100,PJ,PF,False,True,2,2,260000,0
87019100,PJ,PF,True,False,-,-,452000,0
87019200,PF,PF,True,False,-,-,140000,399.98
87019200,PJ,PF,False,True,2,2,404000,0
87019300,PF,PF,True,False,-,-,6122650,21715.42
87019300,PF,PJ,True,False,2,2,3675725.25,28507.35
87019300,PJ,PF,False,True,2,2,24900650.39,3857
87019300,PJ,PF,True,False,-,-,70000,4900
87019300,PJ,PJ,True,False,2,2,1332000,0
87019410,PF,PF,True,False,-,-,2828000,1199.93
87019410,PF,PJ,True,False,2,2,940000,31808.21
87019410,PJ,PF,False,True,2,2,80000,480
87019490,PF,PF,True,False,-,-,7298043.42,45084.67
87019490,PF,PJ,True,False,2,1,1047000,5809.77
87019490,PF,PJ,True,False,2,2,9909650,18109.5
87019490,PJ,PF,False,True,2,1,85000,0
87019490,PJ,PF,False,True,2,2,21097188.43,4562.5
87019490,PJ,PJ,True,False,2,2,300000,0
87019510,PF,PF,True,False,-,-,1278000,6269.64
87019510,PF,PJ,True,False,2,1,22255,219.99
87019510,PF,PJ,True,False,2,2,230000,0
87019510,PJ,PF,False,True,2,1,90000,0
87019510,PJ,PF,False,True,2,2,940000,0
87019590,PF,PF,True,False,-,-,48447115.9,248931.13
87019590,PF,PJ,True,False,2,1,482610.17,0
87019590,PF,PJ,True,False,2,2,21434004.63,128846.45
87019590,PJ,PF,False,True,2,1,75000,0
87019590,PJ,PF,False,True,2,2,33768211.8,2000
87019590,PJ,PF,True,False,-,-,1340000,0
87019590,PJ,PJ,True,False,2,2,2347750,0
87021000,PJ,PF,False,True,2,2,192000,0
87029000,PJ,PF,False,True,2,2,133000,0
87031000,PJ,PF,False,True,2,2,23170,0
87032100,PF,PF,True,False,-,-,200000,299.98
87032100,PF,PJ,True,False,2,1,55000,0
87032100,PF,PJ,True,False,2,2,714000,6739.58
87032100,PJ,PF,False,True,2,1,5000,0
87032100,PJ,PF,False,True,2,2,17716507.57,4230
87032200,PJ,PF,False,True,2,2,0,0
87032210,PJ,PF,False,True,2,2,16666022.31,646
87032210,PJ,PJ,True,False,2,2,59000,0
87032290,PJ,PF,False,True,2,1,65000,0
87032290,PJ,PF,False,True,2,2,2349300,0
87032310,PJ,PF,False,True,2,1,586000,0
87032310,PJ,PF,False,True,2,2,75229444.02,4547.5
87032390,PJ,PF,False,True,2,2,1481155,0
87032410,PJ,PF,False,True,2,2,9577750,0
87032490,PJ,PF,False,True,2,2,330720,0
87033110,PJ,PF,False,True,2,2,340000,0
87033190,PJ,PF,False,True,2,2,195000,3650
87033210,PJ,PF,False,True,2,2,4974440.49,3240
87033290,PF,PJ,True,False,2,2,210000,0
87033290,PJ,PF,False,True,2,2,2406020,0
87033310,PJ,PF,False,True,2,2,6097600,0
87033390,PJ,PF,False,True,2,2,3179890,2333.2
87034000,PJ,PF,False,True,2,2,340000,0
87036000,PJ,PF,False,True,2,2,3284950,0
87039000,PJ,PF,False,True,2,2,3421581.16,7896.79
87041090,PF,PJ,True,False,2,2,855,0
87041090,PJ,PF,False,True,2,2,426352.4,253.5
87042110,PF,PJ,True,False,2,1,44000,0
87042110,PF,PJ,True,False,2,2,180000,0
87042110,PJ,PF,False,True,2,1,1080000,0
87042110,PJ,PF,False,True,2,2,3136264.91,0
87042120,PJ,PF,False,True,2,2,340000,0
87042190,PF,PJ,True,False,2,2,232000,2319.91
87042190,PJ,PF,False,True,2,2,13158959.02,1700
87042190,PJ,PF,True,False,-,-,150000,0
87042190,PJ,PJ,True,False,2,2,39000,0
87042210,PF,PJ,True,False,2,1,2000,0
87042210,PJ,PF,False,True,2,2,2112379,0
87042290,PJ,PF,False,True,2,2,880000,0
87042310,PJ,PF,False,True,2,2,2177000,0
87042310,PJ,PJ,True,False,2,1,80000,0
87042390,PJ,PF,False,True,2,2,1966400,0
87043110,PF,PF,True,False,-,-,50000,499.97
87043110,PF,PJ,True,False,2,2,877925,649.96
87043110,PJ,PF,False,True,2,1,72500,0
87043110,PJ,PF,False,True,2,2,105000,0
87043120,PF,PJ,True,False,2,2,189000,0
87043120,PJ,PF,False,True,2,2,174000,0
87043130,PJ,PF,False,True,2,2,560000,0
87043190,PF,PJ,True,False,2,2,947025,801.9
87043190,PJ,PF,False,True,2,2,7279047.16,15993.58
87043190,PJ,PJ,True,False,2,2,141000,0
87043210,PF,PF,True,False,-,-,770000,0
87043210,PJ,PF,False,True,2,2,645000,0
87049000,PF,PJ,True,False,2,2,247525.5,0
87051090,PF,PF,True,False,-,-,930240,0
87051090,PF,PJ,True,False,2,2,400000,0
87051090,PJ,PJ,True,False,2,2,225360,0
87059010,PJ,PF,False,True,2,1,360000,0
87059010,PJ,PJ,True,False,2,2,160000,0
87071000,PJ,PF,False,True,2,2,826000,30149
87079010,PJ,PF,False,True,2,2,40000,0
87079090,PF,PF,True,False,-,-,46500,464.99
87079090,PJ,PF,False,True,2,2,87500,0
87081000,PF,PJ,True,False,2,2,170,28.9
87082100,PF,PJ,True,False,2,1,52.75,0
87082912,PF,PF,True,False,-,-,2000,0
87082912,PF,PJ,True,False,2,2,15000,110
87082919,PF,PJ,True,False,2,2,180.9,31.66
87082994,PF,PJ,True,False,2,1,341.4,0
87082999,PF,PJ,True,False,2,1,1346.76,120
87082999,PF,PJ,True,False,2,2,1030.75,123.57
87082999,PJ,PF,False,True,2,2,917.6800000000001,0
87083011,PJ,PJ,True,False,2,2,81.43,0
87083019,PF,PJ,True,False,2,1,1041.08,0
87083019,PJ,PF,False,True,2,2,526.4100000000001,0
87083090,PF,PF,True,False,-,-,577,111.57
87083090,PF,PJ,True,False,2,1,900.03,0
87083090,PF,PJ,True,False,2,2,1020,173.4
87083090,PJ,PF,False,True,2,2,761.94,0
87084019,PF,PJ,True,False,2,2,128.91,22.56
87084019,PJ,PJ,True,False,2,2,25100,0
87084080,PF,PJ,True,False,2,2,48010,0
87084080,PJ,PF,False,True,2,1,7000,0
87084090,PF,PF,True,False,-,-,3323.12,0
87084090,PF,PJ,True,False,2,1,3000,360
87084090,PF,PJ,True,False,2,2,1994.61,26.33
87084090,PJ,PF,True,False,-,-,500,0
87085011,PF,PJ,True,False,2,1,649.69,0
87085011,PF,PJ,True,False,2,2,74.81,13.1
87085012,PF,PJ,True,False,2,2,4842.14,823.17
87085080,PF,PF,True,False,-,-,308.16,64.71
87085080,PF,PJ,True,False,2,2,402,0
87085080,PJ,PF,False,True,2,2,645.16,0
87085091,PF,PJ,True,False,2,2,1527.15,289.34
87085099,PF,PF,True,False,-,-,53.33,9.59
87085099,PF,PJ,True,False,2,1,209.04,0
87085099,PF,PJ,True,False,2,2,2527.98,298.43
87085099,PJ,PF,False,True,2,2,335000,0
87085099,PJ,PJ,True,False,2,2,50,0
87087010,PF,PJ,True,False,2,2,4181.71,836.34
87087010,PJ,PF,False,True,2,2,13400,680
87087090,PF,PF,True,False,-,-,7644.52,224.28
87087090,PF,PJ,True,False,2,2,180,30.6
87087090,PJ,PF,False,True,2,2,6300,0
87088000,PF,PF,True,False,-,-,120.6,25.32
87088000,PF,PJ,True,False,2,1,329.66,0
87088000,PF,PJ,True,False,2,2,494,0
87088000,PJ,PF,False,True,2,2,262.51,0
87089100,PF,PF,True,False,-,-,4278.04,898.39
87089100,PF,PJ,True,False,2,1,1862.82,0
87089100,PF,PJ,True,False,2,2,36750,0
87089100,PJ,PF,False,True,2,2,545.95,0
87089200,PF,PF,True,False,-,-,500,5
87089200,PF,PJ,True,False,2,1,485.2,0
87089200,PF,PJ,True,False,2,2,3057.68,535.09
87089300,PF,PF,True,False,-,-,3600.47,0
87089300,PF,PJ,True,False,2,1,946.3199999999999,0
87089300,PF,PJ,True,False,2,2,3332.45,262.03
87089300,PJ,PF,False,True,2,1,278.57,0
87089300,PJ,PF,False,True,2,2,5224.47,0
87089411,PF,PJ,True,False,2,2,257.5,45.06
87089412,PF,PJ,True,False,2,1,43,0
87089482,PJ,PF,False,True,2,2,292.79,0
87089490,PF,PJ,True,False,2,1,484.55,0
87089490,PF,PJ,True,False,2,2,30000,0
87089510,PJ,PF,False,True,2,2,393.81,0
87089910,PF,PJ,True,False,2,1,268,0
87089990,PF,PF,True,False,-,-,343863.49,2019.31
87089990,PF,PJ,True,False,2,1,71890.38,0
87089990,PF,PJ,True,False,2,2,285948.72,47718.87
87089990,PJ,PF,False,True,2,1,4100,0
87089990,PJ,PF,False,True,2,2,192072.21,0
87089990,PJ,PJ,True,False,2,1,4212.9,0
87089990,PJ,PJ,True,False,2,2,110254.77,0
87091100,PF,PJ,True,False,2,2,742.69,89.12
87091100,PJ,PF,False,True,2,2,3011380,0
87100000,PF,PJ,True,False,2,1,803.52,0
87111000,PJ,PF,False,True,2,2,80000,0
87112020,PF,PF,True,False,-,-,483093.78,396.45
87112020,PF,PJ,True,False,2,2,40000,0
87112020,PJ,PF,False,True,2,1,25000,0
87112020,PJ,PF,False,True,2,2,200165,0
87112090,PF,PF,True,False,-,-,14000,139.99
87113000,PF,PF,True,False,-,-,60000,0
87113000,PJ,PF,False,True,2,2,107384.73,0
87114000,PJ,PF,False,True,2,2,66180,882.5699999999999
87115000,PJ,PF,False,True,2,2,517200,0
87120010,PF,PJ,True,False,2,1,10000,0
87141000,PF,PF,True,False,-,-,21249.91,0
87141000,PF,PJ,True,False,2,1,1000,0
87141000,PJ,PF,False,True,2,2,21540,4663.41
87149100,PF,PJ,True,False,2,2,15000,0
87149910,PF,PJ,True,False,2,1,700,84
87149910,PJ,PJ,True,False,2,2,100,0
87149990,PF,PJ,True,False,2,2,3.2,0.55
87149990,PJ,PF,False,True,2,1,315,0
87150000,PF,PF,True,False,-,-,150,1.5
87161000,PJ,PF,False,True,2,2,90000,0
87162000,PF,PF,True,False,-,-,1430100,7579.620000000001
87162000,PF,PJ,True,False,2,2,291500,2364.85
87162000,PJ,PF,False,True,2,1,220000,0
87162000,PJ,PF,False,True,2,2,1089500,0
87162000,PJ,PF,True,False,-,-,80000,0
87162000,PJ,PJ,True,False,2,2,100000,0
87163900,PF,PF,True,False,-,-,20000,219.99
87163900,PF,PJ,True,False,2,1,40000,0
87163900,PJ,PF,False,True,2,2,1343000,0
87164000,PF,PF,True,False,-,-,8000,0
87164000,PF,PJ,True,False,2,2,293000,2929.83
87164000,PJ,PF,False,True,2,2,690000,0
87168000,PJ,PF,False,True,2,2,83000,0
87169010,PF,PF,True,False,-,-,350200,2
87169010,PF,PJ,True,False,2,2,7.85,1.57
87169010,PJ,PF,False,True,2,2,60000,0
87169090,PF,PF,True,False,-,-,400,4
87169090,PF,PJ,True,False,2,2,1580.13,316.03
87169090,PJ,PF,False,True,2,2,2112.24,0
88023031,PJ,PF,False,True,2,2,1566240,0
88072000,PF,PJ,True,False,2,1,12000,42
88073000,PF,PJ,True,False,2,2,4986.29,0
89039900,PF,PF,True,False,-,-,2000,340
89039900,PF,PJ,True,False,2,2,3000,0
89039900,PJ,PF,False,True,2,2,35000,0
89052000,PF,PF,True,False,-,-,80000,799.97
89052000,PF,PJ,True,False,2,2,200000,1999.88
89080000,PF,PJ,True,False,2,2,720,122.4
90015000,PF,PJ,True,False,2,1,8.38,0
90041000,PJ,PF,False,True,2,1,673,0
90049020,PF,PJ,True,False,2,2,3967.43,665.62
90049020,PJ,PF,False,True,2,2,36.53,0
90049090,PJ,PF,False,True,2,1,160,0
90059010,PF,PF,True,False,-,-,29575,0
90059010,PF,PJ,True,False,2,2,781309.3300000002,0
90111000,PF,PJ,True,False,2,2,1001914.6,0
90131010,PF,PF,True,False,-,-,4410,0
90131010,PJ,PF,False,True,2,1,2800,468
90148090,PJ,PF,False,True,2,2,33000,3052.5
90149000,PF,PJ,True,False,2,2,491.58,83.56
90152090,PF,PJ,True,False,2,1,5000,0
90152090,PF,PJ,True,False,2,2,1777.57,0
90153000,PF,PJ,True,False,2,2,1300,0
90158090,PF,PJ,True,False,2,1,10576.9,105.76
90160090,PF,PJ,True,False,2,2,5350,6.5
90178090,PF,PF,True,False,-,-,4373733.300000001,0
90178090,PF,PJ,True,False,2,2,6721223.050000002,27634.48
90182090,PJ,PF,False,True,2,2,500,0
90183119,PF,PJ,True,False,2,2,61.44,0
90183119,PJ,PF,False,True,2,2,850,0
90183219,PF,PJ,True,False,2,2,34,0
90183219,PJ,PF,False,True,2,2,1930.2,0
90183910,PJ,PF,False,True,2,2,833,0
90183929,PF,PJ,True,False,2,2,8046,0
90189010,PJ,PF,False,True,2,1,1800,0
90189095,PF,PJ,True,False,2,1,30.7,0
90192090,PJ,PF,False,True,2,2,124.95,25.16
90200010,PF,PJ,True,False,2,1,110.92,0
90200010,PF,PJ,True,False,2,2,23613.11,4016.41
90211010,PF,PJ,True,False,2,2,101,0
90211091,PF,PJ,True,False,2,1,0.88,0
90211099,PF,PJ,True,False,2,2,16,0
90251990,PJ,PF,False,True,2,2,1251.75,0
90258000,PF,PJ,True,False,2,2,3000,0
90259090,PF,PJ,True,False,2,1,60,0
90261029,PJ,PF,False,True,2,1,95,0
90262090,PF,PJ,True,False,2,2,1925.01,0
90262090,PJ,PJ,True,False,2,2,21.28,0
90269010,PF,PJ,True,False,2,1,878.7,0
90269010,PF,PJ,True,False,2,2,1410.45,0
90269010,PJ,PF,False,True,2,2,1957000,0
90269010,PJ,PJ,True,False,2,2,1637000,0
90269090,PF,PJ,True,False,2,2,1411.45,0
90289090,PF,PF,True,False,-,-,828.87,174.06
90303390,PF,PF,True,False,-,-,4737897.35,5377.68
90303390,PF,PJ,True,False,2,1,7500,75
90303390,PF,PJ,True,False,2,2,572011.5700000001,4889.71
90318099,PF,PJ,True,False,2,1,377627.5,3776.05
90318099,PF,PJ,True,False,2,2,2270.05,295.35
90318099,PJ,PF,False,True,2,2,20000,0
90318099,PJ,PJ,True,False,2,2,80000,0
90328911,PF,PF,True,False,-,-,353.85,74.3
90328911,PF,PJ,True,False,2,2,4506,0
90328923,PJ,PF,False,True,2,2,506.49,0
90328929,PF,PF,True,False,-,-,1557.33,327.04
90328930,PF,PF,True,False,-,-,7000,840
90328981,PF,PJ,True,False,2,1,360,0
90328982,PF,PJ,True,False,2,1,167.95,0
90328989,PJ,PF,False,True,2,2,4500,0
90328990,PF,PJ,True,False,2,2,45000,1530
90329091,PF,PJ,True,False,2,1,157.67,0
90329099,PF,PJ,True,False,2,1,1498.26,0
91011100,PJ,PF,False,True,2,1,60000,0
91029100,PF,PF,True,False,-,-,12228,0
91070010,PJ,PF,False,True,2,2,287.32,50.65000000000001
91139000,PJ,PF,False,True,2,2,1700,0
93040090,PF,PF,True,False,-,-,900,0
93040090,PJ,PF,False,True,2,1,680,0
93063000,PJ,PF,False,True,2,1,1805,451.25
94016100,PJ,PF,False,True,2,2,12000,0
94019900,PF,PJ,True,False,2,2,258000,0
94019900,PJ,PF,False,True,2,2,524.81,0
94031000,PF,PF,True,False,-,-,500,0
94031000,PF,PJ,True,False,2,2,810500,170205
94032090,PJ,PF,False,True,2,2,1026,0
94033000,PF,PF,True,False,-,-,2360,424.8
94033000,PJ,PF,False,True,2,2,5007.16,0
94034000,PF,PF,True,False,-,-,3800,38
94035000,PF,PF,True,False,-,-,13600,135.99
94036000,PF,PF,True,False,-,-,1300,5
94036000,PJ,PF,False,True,2,1,300,0
94039100,PF,PJ,True,False,2,1,7750,0
94042900,PF,PF,True,False,-,-,5135.36,0
94049000,PJ,PF,False,True,2,2,846.88,0
94051190,PJ,PF,False,True,2,1,435,0
94061090,PF,PF,True,False,-,-,59950,0
95030010,PF,PF,True,False,-,-,1836.65,220.4
95030080,PJ,PF,False,True,2,1,240,0
95030080,PJ,PF,False,True,2,2,24.9,5.470000000000001
95030099,PF,PJ,True,False,2,1,52.47,0
95045000,PJ,PF,False,True,2,1,800,0
95062900,PJ,PF,False,True,2,1,188000,0
95065100,PJ,PF,False,True,2,2,650,0
95066900,PJ,PJ,True,False,2,2,1655.85,0
96032900,PJ,PF,False,True,2,1,329.97,0
96034010,PF,PJ,True,False,2,1,400.0599999999999,0
96039000,PF,PJ,True,False,2,2,8779.45,51.98
96039000,PJ,PF,False,True,2,1,108,0
96039000,PJ,PJ,True,False,2,2,766994.7,0
96040000,PF,PJ,True,False,2,1,3519.5,0
96061000,PF,PJ,True,False,2,1,5.98,0
96062200,PF,PF,True,False,-,-,548,0
96062200,PF,PJ,True,False,2,1,52.98,0
96062900,PF,PF,True,False,-,-,1562440,0
96062900,PF,PJ,True,False,2,2,929000,0
96099000,PJ,PF,False,True,2,2,2002,0
96121000,PJ,PF,False,True,2,2,163.45,0
96139000,PF,PJ,True,False,2,2,2305,0
96170010,PF,PJ,True,False,2,2,204,34.68
96200000,PJ,PF,False,True,2,2,31000,0
97019100,PJ,PF,False,True,2,2,160540,0
97039000,PJ,PF,False,True,2,2,13300,0
97061000,PJ,PF,False,True,2,1,54000,0
99999990,PF,PJ,True,False,2,2,0,0
99999999,PF,PF,True,False,-,-,0,0
99999999,PF,PJ,True,False,2,1,0,0
99999999,PF,PJ,True,False,2,2,0,0
99999999,PJ,PF,False,True,2,2,0,0
