ncm,valor_produtos_servicos,tributos_nfe
00000000,0,0
00000001,0,0
00000002,0,0
00000003,0,0
00000004,0,0
00000007,0,0
00000009,0,0
00000010,0,0
00000013,0,0
00000016,0,0
00000017,0,0
00000018,0,0
00000019,0,0
00000021,0,0
00000022,0,0
00000025,0,0
00000027,0,0
00000034,0,0
00000038,0,0
00000040,0,0
00000044,0,0
00000048,0,0
00000058,0,0
00000068,0,0
00000071,0,0
00000072,0,0
00000073,0,0
00000080,0,0
00000081,0,0
00000082,0,0
00000083,0,0
00000084,0,0
00000085,0,0
00000087,0,0
00000098,0,0
00000099,0,0
00000100,0,0
00000102,0,0
00000186,0,0
00000188,0,0
00000321,0,0
00000702,0,0
00000704,0,0
00000705,0,0
00000732,0,0
00000870,0,0
00001199,0,0
00001234,0,0
00001404,0,0
00003506,0,0
00003837,0,0
00004013,0,0
00004516,0,0
00006203,0,0
00006206,0,0
00006908,0,0
00007214,0,0
00007310,0,0
00008141,0,0
00008403,0,0
00008433,0,0
00008481,0,0
00008538,0,0
00008703,0,0
00008880,0,0
00008907,0,0
00008922,0,0
00009101,0,0
00009505,0,0
00009879,0,0
00017489,0,0
00020066,0,0
00022255,0,0
00022858,0,0
00040011,0,0
00061044,0,0
00061046,0,0
00061112,0,0
00062044,0,0
00062045,0,0
00062046,0,0
00102900,0,0
00120730,0,0
00123354,0,0
00125474,0,0
00133399,0,0
00151814,0,0
00161507,0,0
00172820,0,0
00199900,0,0
00201300,0,0
00209001,0,0
00220410,0,0
00221546,0,0
00233990,0,0
00259955,0,0
00300230,0,0
00300450,0,0
00300700,0,0
00320910,0,0
00321490,0,0
00324900,0,0
00380891,0,0
00382400,0,0
00382440,0,0
00390950,0,0
00391733,0,0
00392390,0,0
00392410,0,0
00420100,0,0
00449798,0,0
00541178,0,0
00600411,0,0
00602200,0,0
00611490,0,0
00620990,0,0
00680223,0,0
00680422,0,0
00680520,0,0
00703101,0,0
00730840,0,0
00731420,0,0
00731815,0,0
00732190,0,0
00741521,0,0
00802015,0,0
00812015,0,0
00814814,0,0
00822004,0,0
00848210,0,0
00851310,0,0
00853990,0,0
00854622,0,0
00870830,0,0
00870831,0,0
00870894,0,0
00870899,0,0
00903190,0,0
00909909,0,0
00960390,0,0
00986270,0,0
01000000,0,0
01000158,0,0
01002000,0,0
01002281,0,0
01002900,0,0
01004000,0,0
01007875,0,0
01010010,0,0
01010101,0,0
01011010,185397.04,0
01011090,944143.9899999999,22797.60999999999
01011100,31575.76,11.11
01011900,12220.3,0
01012000,783,0
01012011,0,0
01012020,0,0
01012100,25528992.84,290770.74
01012600,0,0
01012900,329745646.6099999,1301070.3
01012990,0,0
01013000,4585513.860000001,60332.16
01017899,0,0
01019000,41510314.52999999,848267.9433
01019010,863,124
01019090,13371.33,302.78
01020304,0,0
01021010,1930333.56,5.109999999999999
01021090,172523.95,0
01022110,493114596.6400002,477493.28
01022190,8994643322.869997,15571761.0107
01022910,0,0
01022911,1908292647.609999,2060462.42
01022919,5118647615.22,7339691.480000001
01022990,24892344479.49,28985600.2819
01023000,0,0
01023110,5629471.96,166491.02
01023190,39800123.88,4192.83
01023911,40680.63,55.73999999999999
01023919,8666506.629999999,17188.87
01023990,62424419.49999999,97872.32999999999
01029000,22069413139.04,22010215.3884
01029001,0,0
01029011,12171.68,0
01029019,410947.54,0
01029090,135456743.38,597328.2999999999
01031000,133407173.54,8400143.879999999
01039100,167387889.47,2103983.66
01039200,203656340.51,2099043.15
01041011,726845.5900000001,1580.59
01041019,3375971.62,11282.02
01041090,20364300.77,50654.53999999999
01042010,8814342.610000001,169481.76
01042090,1471391.61,610.54
01050099,0,0
01051110,364878831.2099999,9232114.120000001
01051190,479377564.0100001,6242374.170000001
01051200,62761.19,1806.9
01051300,76058.29999999999,174.47
01051400,9747.96,105.12
01051500,16120.29,271.37
01051900,15958.23,2200.41
01059400,72987942.22,1014800.66
01059900,130756109.66,1190412.71
01060508,0,0
01061100,973475.62,2684.46
01061200,48052.95,312.74
01061300,57542.88,13.44
01061400,16332,15097.61
01061900,11516515.39,2289.07
01062000,35126.29,23.65000000000001
01063100,614256.04,796.3199999999999
01063200,68544.6,1825.97
01063310,3261.79,2.19
01063390,5734329.310000001,223882.33
01063900,13158499.55,147540.33
01064100,153166.46,0
01064900,2006709.91,39020.11
01069000,21008659.87,23223.7
01069010,0,0
01071200,0,0
01075000,0,0
01111111,0,0
01201100,0,0
01209000,0,0
01212100,0,0
01215120,0,0
01234567,0,0
01292010,0,0
01352962,0,0
01394070,0,0
01544524,0,0
01600497,0,0
01601000,0,0
01707600,0,0
02010000,0,0
02010210,0,0
02011000,19462383.62,381636.84
02011300,0,0
02011900,0,0
02012000,0,0
02012010,12675856.91,138503.21
02012020,9255003.72,215591.02
02012090,74378254.84,200501.02
02012100,0,0
02012900,0,0
02012990,0,0
02013000,68564927.66000001,1596808.56
02020300,0,0
02021000,930990.74,19626.16
02022010,419725.58,22888.96
02022020,633812.16,17114.23
02022090,5456014.42,74705.98999999999
02023000,19512575.35,642405.0200000001
02030000,0,0
02031100,5219358.939999999,105788.95
02031200,3387106.1,34052.99999999999
02031900,6576520.649999999,112054.54
02031999,0,0
02032100,1356365.42,28843.77
02032200,1088000.01,46538.49999999998
02032900,11512326.14,282148.56
02041000,48245.50999999999,1016
02042071,0,0
02042100,21444.86,514.7
02042200,239128.68,7719.73
02042300,26781.19,61.2
02043000,10105.59,397.15
02044100,8509.75,217.41
02044200,107667.4,4047.150000000001
02044300,45040.03000000001,1779.22
02045000,57199.14,1831.67
02050000,690024.5299999999,3949.66
02059000,0,0
02060000,0,0
02061000,2040147.1,6261.030000000002
02062100,104277.92,7210.040000000001
02062200,424001.51,2548.98
02062900,0,0
02062910,772427.4,19384.2
02062980,0,0
02062990,1069263.18,15494.73
02063000,1263793.2,19137.86
02064100,337089.05,9.96
02064900,441242.59,8355.710000000003
02068000,35468,141.15
02069000,6859.370000000001,108.22
02069090,0,0
02070000,0,0
02071100,16114762.72,42422.87
02071200,325102.8199999999,32040.22
02071210,6066673.110000003,172083.27
02071220,1247789.51,18152.73
02071300,6377598.89,81566.04999999999
02071400,24140811.37000001,486647.05
02071411,1069659.53,13966.72
02071412,5925883.540000001,98712.23999999999
02071413,1179193.01,23219.47
02071419,1057239.24,20430.32
02071421,333668.98,13470.85
02071422,1302167.11,40610.08
02071423,420096.0400000001,11149.37
02071424,6857.73,139.73
02071429,194213.56,1214.68
02071431,41863.47000000001,158.52
02071432,25580.09999999999,614.95
02071433,111017.16,2176.82
02071434,2424.85,113
02071439,742422.84,1201.2
02072400,251711.94,15726.89
02072500,278009.46,4767.759999999999
02072600,55851.09,65.67999999999999
02072700,177988.59,1403.63
02074100,9735.42,0
02074200,31537.91,561.8399999999999
02074300,7020.179999999999,0
02074400,5842.91,80.97
02074500,66163.41,3277.8
02075100,2967,70.37
02075200,8145.370000000001,275.27
02075300,163.79,0
02075400,13216.98,15.97
02075500,3754.95,328.93
02076000,12070.01,208.13
02081000,93302.73,176.24
02081983,0,0
02083000,874.91,0
02083200,0,0
02084000,1438.13,15.86
02085000,2548.280000000001,249.68
02086000,1262.24,247.52
02089000,125800.94,950.1199999999999
02090011,1948.59,233.83
02090090,109285.74,3277.26
02091000,0,0
02091011,129001.86,4186.13
02091019,891229.33,219.63
02091021,125085.18,1000.27
02091029,1232514.6,39848.37
02099000,563802.84,334.73
02101000,0,0
02101100,304944.14,5564.41
02101200,4384139.959999999,130664.37
02101900,3471344.519999999,108442.2
02102000,50075249.47000001,340098.289
02102021,0,0
02109000,996.11,0
02109100,7282.049999999999,560.02
02109200,7043.57,0
02109300,469.64,0
02109900,4033.23,0
02109911,42261.49000000001,850.1899999999999
02109919,474281.84,5974.910000000001
02109920,1166.39,100.01
02109930,8256.119999999999,9.87
02109940,5830.83,41.52
02109990,219581.82,130.51
02122000,0,0
02154860,0,0
02165444,0,0
02201100,0,0
02203000,0,0
02309909,0,0
02365986,0,0
02369875,0,0
02379526,0,0
02540101,0,0
02585268,0,0
02710193,0,0
02789000,0,0
03000662,0,0
03002121,0,0
03004395,0,0
03011000,19751.11,455.23
03011090,182.04,24.84
03011110,6095.63,0
03011190,2717901.45,25981.96
03011900,54182.44,1846.91
03019110,1001162.66,0
03019190,73833.25,2629.67
03019210,27,31.59
03019290,4622.48,19.06
03019310,363709.94,0
03019390,25276.02,0
03019410,63800,0
03019490,8095.65,0
03019510,925040.62,0
03019590,3713,0
03019910,1550,0
03019911,17418130.24,1151076.29
03019912,454769,0
03019919,121357.68,4258.46
03019990,939566.5300000001,1479
03019991,11270728.02,1037075.43
03019992,25702.5,61.57
03019999,8036634.87,92652.16
03021100,278323.28,8360.78
03021300,33785.63,2344.38
03021400,60021.57,6201.6
03021900,498089.44,17763.79
03022100,330.3,12.69
03022200,60,0
03022300,822.1600000000001,11
03022400,85.68,0
03022900,678302.3999999999,2754.67
03023200,211.68,0
03023300,4209.77,120.14
03023400,1430.28,13.74
03023500,115.76,0
03023600,515219.18,49.3
03023900,80142.09000000001,9299.679999999998
03024000,1420.5,0
03024100,49.8,3.82
03024210,7857.86,151.99
03024290,28651.73,38.99
03024300,18658.67,234.43
03024400,116878.9,3188.68
03024500,5.95,0
03024700,28047,3360
03024910,454889.3199999999,7444.2
03024990,1155976.6,49173.97
03025100,3666.76,90.24
03025200,635.81,45.2
03025300,3695.48,10.04
03025400,405.65,28.88
03025500,853.07,0
03025600,2467.08,40.65
03025900,33153.6,5359.84
03026935,2600,312
03026942,860419.8299999998,621.6
03026954,942.1199999999999,113.06
03026955,86.5,0
03026990,232806.57,216.16
03027100,7355216.850000001,209125.88
03027210,623,11.71
03027290,5097.51,122.97
03027300,4741.950000000001,8.25
03027400,432.6,49.29
03027900,163737.21,5140.25
03028100,16434.02,19.47
03028320,45.47,0
03028400,785.44,0
03028910,110.96,7.4
03028921,130,0
03028922,3.15,0.8300000000000001
03028924,12509.66,9.57
03028931,710556.2,111.02
03028932,3918298.709999999,9143.05
03028933,330139.05,4051.07
03028934,198527.4,0
03028935,112231,424.46
03028936,228,0
03028937,1048429.65,16.61
03028938,9612.26,0
03028941,718.31,69.58000000000001
03028942,38212.36,2312.26
03028943,59401.04,1003.4
03028944,7355551.42,30190.89
03028945,1113046.54,1190.3
03028990,2589043.68,15428.5
03029110,928.4,0
03029190,12265.85,29.48
03029200,22494.62,0
03029900,2718812.64,1143.91
03031100,17676.65,1084.9
03031200,1740,419.9299999999999
03031300,1714.84,237.92
03031900,90795.42,49.18
03032300,33644.14,3540.949999999999
03032490,686.66,9.16
03032900,11740.29,52.15
03033100,577,0
03033200,185223.5,0
03033300,1106.18,275.55
03033900,171042,253.92
03034100,209.55,0
03034200,10617.97,67.2
03034300,39292.6,2764.159999999999
03034400,98.59,0
03034500,141.4,0
03034600,1810.81,3.5
03034900,48734.46000000001,58.77
03035100,731.0799999999999,0
03035200,300,0
03035300,58465.06,2139.06
03035400,363207.54,21386.73
03035500,1049730,0
03035910,13.98,0
03035920,3,0.51
03035990,61068.21,524.2099999999999
03036000,184.56,45.45
03036219,1038,0
03036300,138125.83,16808.95
03036500,7923.679999999999,1330.12
03036600,30.99,0
03036800,206.39,0
03036990,81913.64,4233.759999999999
03037500,5.82,1.63
03037512,180,0
03037952,2586,310.3200000000001
03038111,986.1800000000001,20.58
03038112,1829.8,0
03038114,4821.15,394.96
03038119,347.69,12.66
03038190,2368.53,258.84
03038200,830724.5,0
03038312,5000,0
03038319,3457.7,5.03
03038329,71175.37000000001,0.4
03038400,152.8,0
03038910,58182.4,1761.07
03038920,139637.58,15.15
03038932,108.33,18.42
03038933,1398.04,157.27
03038943,13140.37,1564.96
03038945,10850.3,149.87
03038946,75.6,0
03038951,67462.23,15.99
03038952,286579.13,2862.43
03038953,122131.57,4360.53
03038954,358.18,18.5
03038955,3378.35,206.68
03038956,34197.37,193.21
03038961,17186.43,1332.73
03038962,5271.98,20.88
03038963,725794.26,33.29
03038964,879686.9700000001,26299.85
03038965,35349.46,266.85
03038990,1074441.37,20672.11
03039110,437.6,55.05
03039190,15289.72,0
03039910,25,25
03039920,431.16,100.72
03039990,97496.49,3350.77
03042090,3836.03,102.16
03042290,108,0
03042930,168.35,0
03043100,2529184.81,176988.8
03043210,1587,0
03043290,106915.29,1442.69
03043300,78.99,0
03043900,30049.89,1416.79
03044100,20350.28000000001,2235.91
03044200,57.98,0
03044300,24386.98,54.34
03044400,1500,162
03044500,2828.98,139.59
03044600,14408.61,1224.04
03044800,93.3,0
03044920,1086,206.34
03044990,19152.65,372.37
03045100,148994.78,2091.089999999999
03045200,2791.66,0
03045300,59275.07,1285.63
03045400,7862.61,0
03045600,1953.37,0
03045900,37635.62,5424.86
03046100,1668557.46,153852.06
03046210,345.96,7.28
03046290,141339.94,11600.04
03046900,566665.46,976.1100000000001
03047100,3565.519999999999,431.79
03047200,774.9,0
03047300,852.43,6.38
03047400,155721.99,10585.69
03047500,14875.62,2955.86
03047900,481.08,32.02
03048100,198021.41,20867.84
03048200,753.09,47.67
03048300,7766.219999999999,1169.17
03048510,378,0
03048600,293.7,38.91
03048700,145.27,0
03048810,269,18.83
03048890,40970.34,202.96
03048990,298054.9799999999,10561.81
03049000,75.6,0
03049100,839.51,93.5
03049212,279.55,0
03049219,1063.5,0
03049222,3832.35,501.6
03049229,45764.79999999999,11.28
03049300,112190.29,11934.9
03049400,3038.49,260.16
03049500,42133.72,986.9499999999999
03049600,299.91,21.59
03049700,54.58,0
03049900,13065896.14,19056.97
03051000,30,4.56
03052090,121129.55,4676.18
03053000,68,14.45
03053100,225,0
03053210,8923.39,1095.61
03053220,799.9999999999999,232.72
03053290,1692.33,77.27999999999999
03053900,6249.34,231.65
03053990,21,0
03054100,1847.71,285.0400000000001
03054200,290,32
03054910,7050.19,8.379999999999999
03054920,38.9,0
03054990,2555.43,45.11
03055100,82032.13,3812.88
03055200,173.71,0
03055310,1992030.75,1134.05
03055390,1973.12,0
03055400,598,0
03055900,24816.17,120.73
03055905,0,0
03056100,348,2.97
03056200,66340.32,6385.28
03056300,2759.6,0
03056400,96,0
03056910,4242.51,761.52
03056990,18447.26000000001,2511.88
03057100,228,0
03057200,710.73,33.2
03057900,79.06,19.49
03061110,34540.45,146.41
03061190,6298.66,1025.27
03061200,378.4,0
03061300,17931.95,1584.58
03061399,588,0
03061400,947.9499999999999,104.48
03061500,275,0
03061610,1800.07,372.03
03061690,20421.67999999999,5011.439999999999
03061710,7714.649999999997,1200.06
03061790,267063.81,49627.42
03061910,1391.6,0
03061990,1903538.46,48384.30999999998
03063200,157.2,0
03063400,2.4,0
03063500,991.25,0
03063600,465610.63,29315.67000000001
03063910,3.99,0
03063990,12440.54,122.77
03069200,118,0
03069500,482175.45,527.31
03069990,17649.82,361.64
03071100,2,0
03071200,55.51,0
03071900,7.1,0
03072100,12779.61,0
03072200,52484.41,464.5199999999999
03072900,11661.06,200.51
03073200,38751.42,2755.59
03073900,1336.64,236.65
03074310,233252.48,24880.72
03074320,1792.84,444.33
03074900,100896.25,627.34
03075100,291.17,19.34
03075200,5353.640000000001,374.2599999999999
03075900,25360.64,267.21
03076000,850,0
03077100,14.14,0
03078100,1338.1,71.91
03078200,275.66,9.87
03078300,740,0
03078800,110,0
03078900,1540.51,0
03079200,572,0
03079900,974.8199999999999,209.49
03081100,1552.85,0
03081200,3933.89,1.11
03081900,39558.75,12.84
03082100,460.6,0
03082200,506.3,0
03082900,2552.9,24.23
03089000,291600.75,16.48
03091000,155989.28,6334.47
03099000,123608.84,3022.36
03201402,0,0
03214900,0,0
03230015,0,0
03400122,0,0
03402500,0,0
03680360,0,0
03703340,0,0
03808941,0,0
03819000,0,0
03923219,0,0
03924900,0,0
03942903,0,0
04011010,774576.5399999998,17437.73
04011090,656874.6,32706.71
04011210,0,0
04012010,10955067.6,439572.7299999999
04012090,848033.61,6309.109999999999
04013010,14664.81,583.5
04013020,0,0
04013021,16672.73,3962.98
04014010,370878.06,71.95
04014021,90911.84999999999,9662.61
04014029,66636.01,4213.73
04015010,7504860.939999998,111.66
04015021,2610817.659999999,337753.5100000001
04015029,311533.2600000001,32999.50000000001
04017000,0,0
04021010,179749.65,4975.17
04021090,616459.4600000001,5685.62
04022110,6294309.639999998,556565.5400000002
04022120,133934.52,7373.03
04022130,169911.16,12316.02
04022910,164398.98,4402.96
04022920,16521.92,1370.89
04022930,112837.62,8463.6
04029100,40546.58000000001,448.84
04029900,3990524.459999997,497555.83
04031000,15829.39,1169.51
04032000,1248686.319999998,40930.97
04039000,647875.7099999998,29144.75999999999
04041000,20506064.29,2485724.669999999
04049000,4087383.88,778167.5700000001
04051000,1370207.919999999,33429.84
04051010,0,0
04051900,0,0
04052000,74383.69000000005,9169.529999999995
04059010,34881.1,597.9300000000001
04059090,6891,639.1999999999999
04061000,0,0
04061010,10012628.05,493143.1299999999
04061090,2487229.339999995,114947.17
04062000,514279.47,20825.37
04063000,118782.13,8604.69
04064000,93647.35,9142.48
04069010,511681.4099999999,27101.67000000001
04069020,697643.1399999999,33314.98
04069030,155441.9,7952.08
04069090,646328.04,26989.75
04070011,2858.98,0
04070090,5806.530000000001,1.13
04071100,266317796.03,7549597.68
04071900,1591005.6,9642.029999999999
04072100,92608074.4,261354.67
04072900,6796119.88,95195.65000000002
04079000,8057482.62,113158.38
04081100,3755.61,158.7
04081900,16123.96,291.92
04089100,239646.7,7326.540000000001
04089900,1052407.8,39534.05
04090000,196250.99,18886.76
04091010,0,0
04096010,0,0
04100000,976.58,5.38
04101000,22811.23,1901.07
04109000,115953.38,8218.669999999998
04141000,0,0
04212300,0,0
04414000,0,0
04421230,0,0
04479990,0,0
04602000,0,0
04779990,0,0
04818200,0,0
04900000,0,0
05010000,5466.96,88.1
05010121,0,0
05021011,1994.68,70.63000000000001
05021019,15673.22,228.75
05029010,515.76,63.11999999999999
05029020,7018.5,1498.83
05040010,0,0
05040011,2895045508.029998,1320989.35
05040012,2302161.08,5099.63
05040013,512098.66,20997.69
05040019,41039.01,48.49
05040090,119277.37,11620.39
05051000,1788.9,25.44
05059000,649993.91,59404.78000000001
05061000,200861.24,282.52
05069000,4591388.83,8311.710000000001
05071000,299.46,66.92
05079000,9818.060000000001,1388.35
05080000,164902.9,557.53
05100010,55756.5,0
05100090,1397808.31,111826.51
05111000,266396882.79,2448975.42
05119110,1182,0
05119190,3395705.04,243562.27
05119910,109310308.9,494153.3799999999
05119920,77304591.60999998,42525.21
05119930,2148.91,8.74
05119991,1616.25,105.72
05119999,28371014.64,319283.61
05151545,0,0
05187481,0,0
05405060,0,0
05424753,0,0
05607509,0,0
05954934,0,0
06000000,0,0
06002200,0,0
06010000,0,0
06011000,496255.9299999999,3091.95
06012000,42989231.98999999,514226.8599999999
06012902,0,0
06021000,6255143,24716.96
06022000,24139340.94,349430.23
06022200,0,0
06023000,2475590.44,268.65
06023001,0,0
06024000,38990.08000000001,1062.08
06024100,0,0
06029002,0,0
06029010,82726.71,35.26
06029020,0,0
06029021,59294807.68999998,41638.29
06029029,62985621.87,823203.1300000001
06029069,0,0
06029081,196325294.43,1478611.35
06029082,5610099.629999999,208682.48
06029083,52061828.86,131200.45
06029089,172366952.46,1806876.84
06029090,114377311.88,1007850.57
06031000,1780,0
06031100,687949.73,25067.42000000001
06031200,25790.98,935.3999999999999
06031300,816734.0299999999,28542.87
06031400,182354.31,186.81
06031500,59412.82,202.6799999999999
06031900,1613915.63,17321.57
06039000,2530163.92,13139.71
06041000,126,0
06042000,174996.03,2400.06
06049000,1412123.78,20047.37
06049900,42,0
06062029,0,0
06120000,0,0
06170000,0,0
06205900,0,0
06305000,0,0
06505901,0,0
06902200,0,0
06908900,0,0
07000000,0,0
07010000,0,0
07011000,121876870.84,1740144.84
07019000,182509518.92,1181077.59
07020000,29970306.34,277210.46
07022100,0,0
07024000,0,0
07030000,0,0
07031001,0,0
07031010,0,0
07031011,17362133.08,1407.19
07031019,21313718.65,723197.9400000001
07031021,1542.09,0.98
07031029,72396.37,161.77
07032000,0,0
07032010,17487157.81,946190.2400000003
07032090,277451638.86,8851830.649999999
07039010,137699.87,12479.27
07039090,4887428.55,79370.63
07041000,16361574.07,8102.710000000001
07041001,0,0
07042000,45735.51999999999,5.21
07042100,0,0
07049000,12104507.87,25540.94000000001
07049002,0,0
07049003,0,0
07050190,0,0
07051000,0,0
07051100,3428562.77,4358.610000000001
07051900,5527242.699999996,13175.85
07052100,1404742.42,41773.3
07052900,363730.44,2640.309999999999
07060000,0,0
07061000,44931201.36999999,32299.45
07069000,10394641.98,12124.53
07070000,1503974.34,6717.340000000001
07081000,100957.67,72.84
07082000,327291.0599999999,27074.85
07089000,1927258.449999999,12288.27
07089001,0,0
07089990,0,0
07092000,26087.24,735.41
07093000,275318.85,1637.04
07094000,23501.03000000001,101.87
07095100,170690.04,120.6
07095200,7755.960000000001,4.279999999999999
07095300,1283.6,0
07095400,10457.96,1.68
07095500,19586.1,0
07095600,23074.8,3533.76
07095900,3056346.6,566.66
07096000,3875207.229999999,13135.05
07096007,0,0
07097000,198477.35,34.98
07098056,0,0
07099000,12484.94,0
07099011,117.17,0
07099090,11434.23,0
07099100,19297.19999999999,0
07099200,34903.7,199.4
07099300,18826901.43,26660.4
07099909,0,0
07099911,29467079.8,502780.5499999999
07099919,6463989.149999999,494.9700000000001
07099990,6993980.729999999,47655.62000000002
07101000,88195851.82999998,130653.78
07101220,0,0
07102100,36928.75999999999,969
07102200,140089.82,26.93
07102900,109596.75,215.3800000000001
07103000,2109.78,4.07
07104000,16950644.32,319.19
07108000,975215.3700000001,11608.00000000001
07109000,3752887.53,1615.79
07111000,215,0
07112010,2626.42,127.35
07112020,2156.37,3.39
07112090,345.73,7.039999999999999
07114000,154730.14,1296.859999999999
07115100,10124.11,647.1100000000001
07115900,6402.8,128.79
07119000,230481.1999999999,11493.73
07122000,7732378.76,64421.43
07123100,15333.99,299.97
07123200,206.99,0
07123300,216,0
07123400,6350.920000000001,418.8599999999999
07123900,729751.66,2236.03
07129010,223262.89,13753.09
07129090,2532121.47,59368.4
07131010,3022260.94,41977.09999999999
07131090,610392.45,14587.98
07132010,233.15,2.71
07132090,176944.55,12789.05
07133000,0,0
07133110,2595525.48,8721.54
07133190,9570002.309999999,762628.95
07133210,754789.22,23936.24
07133290,1126683.52,10716.51
07133311,29529788.84,156689.72
07133313,0,0
07133319,21215595.72,786286.27
07133321,35118018.93,503605.02
07133329,3756036.41,55475.95
07133390,0,0
07133391,141913613.17,2241325.63
07133392,0,0
07133399,112626279.59,4929122.27
07133410,113.83,0
07133490,68.98,0
07133510,2657667.25,469.46
07133590,17967108.77,695655.71
07133910,7808818.609999999,3316.27
07133990,2199601.68,128252.3
07134010,10501.06,36.19
07134090,123696.58,18255.43
07135010,803.3500000000001,4.800000000000001
07135090,52599.42,165.61
07136010,513949.23,8377.970000000001
07136090,54422.75,13.09
07139010,27097.5,3286.57
07139090,893998.9999999999,10295.9
07141000,5091288.48,89092.51
07142000,7049660.589999999,46028.7
07142001,0,0
07143000,2627262.53,205.91
07144000,4398.450000000001,0
07145000,4992.44,0
07148055,0,0
07149000,2420701.29,3341.4
07161000,0,0
07308900,0,0
07318000,0,0
07318150,0,0
07333990,0,0
07378199,0,0
07610000,0,0
07898654,0,0
07908367,0,0
08000000,0,0
08000090,0,0
08011100,1254844.98,174600.18
08011110,9299.12,72.01999999999998
08011190,3624.49,50.89
08011200,379158.42,1002.79
08011900,1274709.28,63292.23999999998
08012100,14972.65,2082.03
08012200,95120.07999999999,13395.74
08013100,280748.95,690.3900000000002
08013200,170829.67,16736.96
08021100,5648.61,503.76
08021200,27383.76,3063.95
08022100,221.62,15.98
08022200,1886.37,163.9
08023100,34700.20000000001,5497.449999999999
08023200,59377.00999999999,9322.989999999998
08024100,6362.83,452.5400000000001
08024200,1802.06,205.82
08025100,9074.61,562.05
08025200,12336.66,848.0799999999999
08026100,5183.68,65.28
08026200,8251.890000000001,391.9199999999999
08027000,788.78,0
08028000,89.99,0
08029000,11533.32,37.71
08029100,27780.09000000001,2476.560000000001
08029200,1145.3,82.82
08029900,31793.19,3161.63
08030000,55945.51,52.81
08030002,0,0
08031000,5812041.100000001,102822.78
08039000,12517086.54,101734.61
08041010,392234.69,459.35
08041020,33983.8,3527.49
08042010,14092.82,1494.100000000001
08042020,3749.98,204.74
08043000,12096683.35,3887.96
08043001,0,0
08044000,11450780.3,50815.88000000001
08045000,107.23,0
08045010,299245.47,591.3399999999999
08045020,4714539.51,2012.1
08045030,5454.13,16.04
08051000,156526766.02,654777.6200000001
08052000,465307.75,59.88
08052100,7666015.1,8219.050000000001
08052200,2412.47,3.47
08052900,39588.78,69.97
08053000,350.9,0
08053020,0,0
08054000,1389.45,56.46
08055000,7742212.84,7683.059999999999
08059000,7105979.01,434.81
08061000,3280021.609999998,111714.79
08062000,282064.04,41727.37
08062001,0,0
08071100,11692442.92,11566.25
08071900,1375689.14,83644.69000000002
08072000,5258150.699999999,50363.64
08081000,4677784.54,332629.87
08082010,157.67,0
08082020,1300,120.25
08083000,889590.8399999999,31931.03000000001
08083019,0,0
08083090,0,0
08084000,108609.23,28.7
08091000,22655.62,348.3800000000001
08092100,6234.300000000002,16.74
08092900,15917.69,569.7699999999999
08093010,761209.5800000001,31723.75
08093020,85587.45,6694.340000000001
08094000,877030.2,32960.70000000001
08101000,28581913.23,47998.5
08102000,31357.9,372.01
08103000,45.9,7.8
08104000,26487.33000000001,1038.31
08105000,296496.99,9669.199999999999
08107000,977389.28,1405.85
08109000,28450.09,52.73
08109001,0,0
08109011,19256.65,9.04
08109012,34653.9,26.46
08109013,498388.18,2.2
08109014,9840.33,125.05
08109015,928283.29,969.2499999999998
08109016,1279708.21,220.85
08109017,2319.87,373.9300000000001
08109090,508894.46,2235.76
08111000,2427954.78,1775.84
08112000,5858.389999999999,147.14
08119000,584951.32,35496.45
08121000,7729.249999999999,170.56
08129000,5296.5,154.01
08131000,57178.19999999999,8436.549999999997
08132010,84462.22,7404.320000000002
08132020,67413.71,9714.87
08133000,89594.85000000002,619.37
08134010,6074.44,63.59
08134090,60917.89,908.7499999999999
08135000,104465.7,9651.679999999998
08140000,595197.67,822.1800000000001
08207501,0,0
08406902,0,0
08409990,0,0
08413302,0,0
08414801,0,0
08421999,0,0
08424909,0,0
08432900,0,0
08444200,0,0
08467119,0,0
08481990,0,0
08483000,0,0
08483309,0,0
08511900,0,0
08512900,0,0
08515010,0,0
08517627,0,0
08517797,0,0
08544200,0,0
08563090,0,0
08708000,0,0
08708299,0,0
08708990,0,0
08714100,0,0
08714920,0,0
08789200,0,0
08800000,0,0
08800090,0,0
08806066,0,0
08822000,0,0
08932770,0,0
08990000,0,0
08990010,0,0
08990040,0,0
08990055,0,0
08990099,0,0
08990133,0,0
08999000,0,0
08999080,0,0
08999200,0,0
08999999,0,0
09011110,42587462.08000001,46377.21
09011190,2751173.56,112802.46
09011200,93848.87999999998,2637.55
09012000,0,0
09012100,36094151.11000001,1257796.54
09012200,436058.8699999999,47001.22000000002
09019000,3249048.819999999,138813.26
09021000,137636,12596.18
09022000,16074.77,1191.83
09023000,30453.18,3033.98
09024000,3509.74,21.33
09030010,129772.94,9360.67
09030090,1959542.499999998,167679.34
09031100,0,0
09041000,0,0
09041100,712287.3500000001,23306.98
09041101,0,0
09041200,407718.83,77454.93999999999
09042000,159.14,14.11
09042100,112323.38,24044.02
09042200,162691.48,35224.19999999999
09051000,20174.28,1244.35
09052000,753.68,40.24000000000001
09061000,346.68,12.79
09061100,92196.6,18372.56
09061900,101447.31,2954.12
09062000,115953.44,23361.06999999999
09066200,0,0
09069000,0,0
09070000,1250.82,221.79
09071000,100119.54,19013.03
09072000,7451.699999999998,1365.559999999999
09081000,2.75,0
09081100,11795.03,2614.610000000001
09081200,21122.38,4420.54
09082100,35.41,7.81
09082200,88.71000000000001,18.65
09083100,885.84,91.58999999999999
09083200,866.85,114.89
09089009,0,0
09090290,0,0
09091000,0,0
09091020,5.5,0
09092000,759.3500000000001,161.64
09092100,325537.07,4147.13
09092200,28662.00999999999,3229.509999999999
09093000,1810.16,423.23
09093100,8860.799999999997,1221.19
09093200,72950.18,15605.76
09096110,139085.67,22683.58
09096120,11736.98,1904.67
09096190,7398.6,1000.33
09096210,6924.780000000001,1163.18
09096220,316.62,44.89
09096290,31081.99,4420.330000000001
09100000,0,0
09101000,52.57,2.03
09101100,530203.2,2008.909999999999
09101200,36403.70999999999,3968.740000000001
09102000,215870.58,41594.40000000001
09103000,139308.18,28035.13000000002
09104000,119.43,2.12
09104020,0,0
09109100,44103.43,5931.089999999999
09109900,400235.14,42371.36000000002
09172300,0,0
09179528,0,0
09192700,0,0
09278127,0,0
09512798,0,0
09529850,0,0
09603100,0,0
09603900,0,0
09876567,0,0
09888000,0,0
09999000,0,0
09999990,0,0
09999999,0,0
10000000,0,0
10000001,0,0
10000125,0,0
10007900,0,0
10010000,0,0
10011000,0,0
10011010,76142.66,14465.94
10011090,86617.84,0
10011100,175828467.82,462682.89
10011900,35761559.44,80760.94989999999
10012011,0,0
10019000,0,0
10019100,51184420.33000001,41464.59
10019900,55998255.17,291829.24
10020030,0,0
10021000,8223989.24,95969.41999999998
10029000,2140855.31,40688.33
10029646,0,0
10030091,40,1.46
10030722,0,0
10031000,22588586.54,209414.86
10039010,2692019.08,80630.43000000005
10039080,11030539.6,105720.24
10039090,4556776.81,137268.36
10041000,57388607.95000001,273473.73
10049000,56751788.58000001,400957.5
10051000,9930217154.52,46309563.18
10052000,0,0
10052920,0,0
10057399,0,0
10059010,9130152124.560001,230496182.333
10059090,129376949.18,2984335.43
10061000,0,0
10061010,446195641.03,3575478.91
10061090,0,0
10061091,920102.8,16460.75
10061092,70747778.46000001,540709
10062010,997353.3100000002,33001.46
10062020,8929645.990000002,603893.7299999999
10063011,9380796.489999998,281521.35
10063019,1436609.95,37296.65
10063021,65978111.10000001,2766172.240000001
10063029,2791179.95,112517.57
10063110,0,0
10064000,3283484.13,232694.42
10070010,419624.85,2112.45
10070090,5793874.1,166815.7
10071000,342751355.38,3841687.55
10079000,1157244831.08,21080549.537
10081010,9037872.42,70948.91
10081090,7375470.489999999,93373.66
10082010,147400,28006
10082100,15,0
10082110,207051760.43,6796792.659999999
10082190,6171795.95,74385.07
10082900,41680.75,1249.4
10082910,205647576.76,11391839.7003
10082990,3351150.569999999,406259.2999999999
10083010,2513.63,322.56
10083090,694475.23,63949.81999999999
10084090,20890.67,39.03
10085090,305052.01,3799.35
10086010,2951071.3,4542.91
10086090,5489824.659999999,4612.24
10086626,0,0
10089010,16926016.28,152486.41
10089090,53773261.3,426766
10091290,0,0
10092110,0,0
10100000,0,0
10101010,0,0
10102029,0,0
10102040,0,0
10102900,0,0
10103200,0,0
10103900,0,0
10107221,0,0
10110357,0,0
10119200,0,0
10121000,0,0
10126900,0,0
10128200,0,0
10129000,0,0
10137000,0,0
10138410,0,0
10153589,0,0
10169300,0,0
10169990,0,0
10178992,0,0
10200000,0,0
10201010,0,0
10201030,0,0
10221900,0,0
10229190,0,0
10251025,0,0
10251690,0,0
10256987,0,0
10290900,0,0
10301100,0,0
10301220,0,0
10301290,0,0
10301310,0,0
10302000,0,0
10351180,0,0
10360005,0,0
10392390,0,0
10403900,0,0
10408205,0,0
10412120,0,0
10431043,0,0
10482582,0,0
10511000,0,0
10573075,0,0
10590010,0,0
10601900,0,0
10608100,0,0
10689999,0,0
10698801,0,0
10853549,0,0
10853949,0,0
10905990,0,0
10987654,0,0
11001100,0,0
11001110,0,0
11010010,21893455.21000001,297862.4399999999
11010020,167313.46,4218.970000000001
11022000,7653793.25,407965.2000000001
11022102,0,0
11023000,8.75,0
11029000,1971682.26,104024.61
11031100,66040293.39,22425.96
11031300,51837772.53000001,1149521.35
11031900,1081844.68,55.39
11032000,11787.2,2121.59
11038050,0,0
11041200,20198954.75,110833.87
11041900,10157165.4,536416.5999999999
11042200,2369388.25,41363.58000000001
11042300,238325677.26,5376396.79
11042301,0,0
11042399,0,0
11042900,1588530.16,3995.25
11043000,53011791.92,7763229.24
11049000,0,0
11051000,55000.02999999999,2528.79
11052000,41514.19,4089.99
11060000,0,0
11061000,26705.41999999999,1219.43
11062000,5874101.41,301646.2000000001
11062001,0,0
11062101,0,0
11063000,27007.21,3295.299999999999
11071010,18074.95,73.93
11071020,1863.15,77.13000000000001
11072010,3867.53,267.24
11072020,303872.02,31529.77
11081100,479.2,38.76
11081200,3912024.43,372669.05
11081300,11886.4,255.8
11081400,3366010.069999998,522442.36
11081900,381282.3099999999,36796.38
11082000,79491.46999999999,7320.7
11088190,0,0
11090000,63323.43,1415.38
11111111,0,0
11112222,0,0
11112223,0,0
11116000,0,0
11122233,0,0
11123555,0,0
11221212,0,0
11223344,0,0
11301300,0,0
11384438,0,0
11390104,0,0
11400000,0,0
11517100,0,0
11618100,0,0
11620000,0,0
11750000,0,0
11801220,0,0
12001100,0,0
12001310,0,0
12009910,0,0
12010010,21145665.56,200480.75
12010090,11200,0
12011000,13235075263.16,59257808.9786
12012000,0,0
12015478,0,0
12019000,1537799355.66,25026263.1824
12020991,0,0
12021000,117.35,27.22
12022090,77.49000000000001,0
12023000,146365123.5,1957325.38
12024100,29584464.84000001,686302.3500000001
12024200,14418975.32,1372384.84
12029090,0,0
12030000,275641.25,3829.3
12040010,360831.43,1.95
12040090,910776.9799999999,60997.23
12050010,23445,1156.33
12051010,20243156.58,26619.06
12051090,1647962.5,8878.53
12059010,11278866.48,298426.36
12059090,653829.4000000001,11192.77
12060010,16859033.6,106800.91
12060090,851984.9600000001,48521.8
12071010,46.62,5.76
12071090,11754146.77,1107382.25
12071300,0,0
12072100,1349848308.11,11510427.29
12072900,599156489.9900001,39507916.5605
12073010,4023944.24,66515.55
12073090,13032,1.36
12074010,48713947.94000001,484471.55
12074090,49175960.7,1974965.54
12075010,1552028.88,28.85
12075090,1093572.31,117.25
12076090,3605.42,65.03999999999999
12077010,11963703.76,260989.9699999999
12077090,1579.62,119.13
12079020,0,0
12079110,1107087.97,264
12079190,133684.62,24115.4
12079290,12.35,0
12079910,21592006.85,100716.33
12079990,18634759.24,160388.1
12081000,369518068.3,6046510.45
12089000,9193713.870000001,1062337.63
12089011,0,0
12091000,145028.79,1566.55
12092000,0,0
12092100,4370807.84,16972.09
12092200,3853169.18,6859.790000000001
12092300,836813.66,214.78
12092400,32178950.14,295990.4
12092500,46590179.86,54093.86
12092900,1549499679.7,13025692.1572
12092990,0,0
12093000,4733872.24,90818.82
12099010,0,0
12099100,332141077.98,2793741.77
12099200,0,0
12099900,47705978.23999999,559176.59
12101000,2244345.23,366.07
12102010,108293.98,5032.96
12102020,20158.86000000001,0
12112000,1169.31,28.01
12113000,55534.15,2335.95
12114000,1298119.51,763.6800000000001
12115000,191883.73,17225.67
12116000,11806.75999999999,225.85
12119010,218959.4300000001,47474.06000000001
12119090,2987849.94,124774.84
12121212,0,0
12122000,21690,0
12122100,1763178.479999999,265578.49
12122345,0,0
12122900,331323.99,7244.669999999998
12123000,1057732,36461.77
12129100,217143.36,663.4000000000001
12129200,16816.18,238.37
12129300,50033618,170350.42
12129400,480,30
12129910,2554.38,109.38
12129990,2801317.429999999,8603.869999999999
12130000,87743745.63000001,6139644.29
12130070,0,0
12140000,0,0
12141000,3772552.98,21111.12
12141500,0,0
12149000,436878690.8100001,1311346.66
12155000,0,0
12165465,0,0
12198441,0,0
12233654,0,0
12256400,0,0
12312312,0,0
12312313,0,0
12341234,0,0
12345645,0,0
12345678,0,0
12345679,0,0
12345682,0,0
12345687,0,0
12345689,0,0
12352000,0,0
12365201,0,0
12365400,0,0
12365478,0,0
12365894,0,0
12398564,0,0
12450012,0,0
12457812,0,0
12457896,0,0
12457898,0,0
12478978,0,0
12486630,0,0
12524545,0,0
12536552,0,0
12541000,0,0
12564974,0,0
12650000,0,0
12710193,0,0
12790000,0,0
12849653,0,0
12849700,0,0
12871471,0,0
12871817,0,0
12897398,0,0
12909100,0,0
13000200,0,0
13012000,7532.46,584.76
13019000,108.52,0
13019010,81444.58000000002,15035.34
13019090,347878.83,38932.58
13021110,63626.00999999998,4786.06
13021190,290049.13,3240.51
13021200,752.3100000000001,26.39
13021300,116710.59,545.83
13021400,88,0
13021910,166703.52,12.41
13021920,209960.37,0
13021930,1227.59,0
13021940,300.4,2.99
13021950,308.79,2.81
13021960,1656.94,587.5
13021991,388.97,27.5
13021999,1432386.53,59957.85
13022010,8008.89,1547.98
13022090,2193.37,0
13023100,319710.89,5478.83
13023211,61652.46,8753.29
13023219,5795.99,5761.35
13023220,519187.51,60085.22
13023910,25056.49,1876.31
13023990,183249.79,5835.2
13024000,0,0
13049900,0,0
13069900,0,0
13071990,0,0
13089010,0,0
13099010,0,0
13143900,0,0
13181500,0,0
13181600,0,0
13182100,0,0
13215454,0,0
13451285,0,0
13649286,0,0
13653016,0,0
13924900,0,0
14011000,3747330.86,12677.17
14012000,26594.31,5221
14019000,110713.52,4695.73
14029090,0,0
14039000,131325.97,26.21
14042010,120489.41,3782.750000000001
14042090,8908750.270000001,176945.06
14049010,39353286.23000002,4880.970000000001
14049090,9816762.049999999,22098.68
14080900,0,0
14090090,0,0
14090900,0,0
14098258,0,0
14253678,0,0
14273000,0,0
14511981,0,0
14515000,0,0
14520700,0,0
14535200,0,0
14551714,0,0
14578751,0,0
14589632,0,0
14631046,0,0
14741478,0,0
14789632,0,0
15010000,40,0
15011000,371408.24,33571.45
15012000,349767.2,33050.54
15019000,5037966.71,295048.9999999999
15019011,0,0
15020001,0,0
15021010,0,0
15021011,5946601.83,471576.8099999998
15021012,118386.78,7.819999999999999
15021019,10571.65,2216.88
15021090,1570730.89,137.93
15029000,339512.71,1515.87
15030000,226711.15,19750.45999999999
15041011,2018.45,8.48
15041019,6477.64,3.6
15041090,2186.13,6.94
15042000,137476.91,12229.21
15043000,44,40
15050010,3265.47,470.15
15050090,1069.75,156.97
15060000,15279826.71,1478547.6
15061090,0,0
15071000,281424410.86,21426883.26
15079010,18177.55,933.5100000000001
15079011,29933557.90000001,636859.66
15079019,3638858.53,195076.83
15079090,11804784.69,624487.2400000001
15081000,8725.16,131.81
15089000,639.44,32.76
15091000,42816.87999999998,4511.54
15092000,2945798.479999998,147184.65
15093000,97394.70999999999,1874.84
15094000,32205.13999999998,4444.13
15099010,113191.33,6542.870000000002
15099090,590370.33,18272.00999999999
15100000,1792.17,205.29
15101000,4933.610000000001,17.78
15109000,2960.11,55.34
15111000,629589.16,110904.5100000001
15112090,0,0
15119000,305437.5,4367.400000000001
15121110,166812.67,2547.16
15121120,2819.85,125.51
15121910,21,0
15121911,168688.38,3945.96
15121919,23566.73,197.91
15121920,933.5,45.67
15122100,3433838.49,242104.27
15122910,3163740.249999999,534537.3699999999
15122990,1466913.12,52634.8
15131100,16222.24,1260.92
15131900,319677.0499999999,7602.01
15132110,790.0799999999998,0
15132119,1490467.17,10482.79
15132120,20884.73,98.55
15132919,19518.33,648.4
15132920,5212.92,740.5
15141100,120000,0
15141910,61585.70999999998,1124.73
15141990,529.99,0
15149100,15384.7,0
15149990,23.89,0
15151100,22525.25,1190.45
15151900,63904.45000000001,2520.37
15152100,4549496.87,583165.46
15152910,412658.95,12723.82
15152990,74898.05,1490.98
15153000,441842.2299999999,58331.10000000001
15155000,8806.32,577.6400000000001
15156000,7824140.590000002,22228.21
15159000,78211.79999999999,7276.579999999998
15159010,5639.82,65.66
15159021,1161.84,93.37
15159022,2899.85,200.58
15159090,191412.12,10061.85
15160090,0,0
15161000,22647918.25,2095269.390000001
15162000,2074061.24,96111.06
15163000,6732.370000000001,57.33000000000002
15171000,6316218.729999997,309937.3799999999
15179000,505.81,101.31
15179010,369475.84,39539.53
15179090,393158.24,42564.54
15180000,16,0
15180010,460399.1800000001,3439.029999999999
15180090,15156863.09,794825.24
15190090,0,0
15200010,466977.7,18811.2
15200020,19790.05,1397.02
15211000,327805.65,4677.92
15219011,19907.16,1237.9
15219019,30010.71,1197.94
15219090,11130.03,18.84
15220000,578089.7000000001,38862.53999999999
15225415,0,0
15468792,0,0
15484626,0,0
15484826,0,0
15555855,0,0
15921984,0,0
16000000,0,0
16010000,35893265.31000002,4095157.81
16020704,0,0
16021000,349389.2,46544.41000000001
16022000,46657.95,553.37
16023100,123432.09,7908.420000000002
16023200,2657.309999999999,7.99
16023210,77242.06,3865.08
16023220,288852.4799999999,22414.81
16023230,582516.47,53817.28000000001
16023290,122067.65,9357.64
16023900,8258.440000000002,728.2400000000001
16024100,808030.0499999998,70173.28
16024200,39890.05,3769.45
16024900,2416193.669999999,297614.29
16024922,0,0
16025000,43506427.13,53195.17999999999
16029000,543941.18,51908.11
16030000,2901.36,4.76
16041100,5729.78,14.7
16041200,394.59,12.95
16041310,1874474.349999999,203916.23
16041390,6064.29,95.62
16041410,177828.4,19079.84
16041420,246.78,18.2
16041430,3362.08,101.88
16041500,1127.51,214.92
16041600,16174.36,1690.22
16041700,1763.08,0
16041900,2087.56,253.63
16042010,178597.74,17922.76
16042020,10056.31,1201.34
16042030,38523.41,4565.830000000001
16042090,151711.98,5477.210000000001
16043100,1960,0
16043200,77543.72,0
16051000,577.0799999999999,34.92
16052100,825,0
16052900,8476.4,967.19
16053000,453,380
16054000,2947.5,474.86
16055100,612.71,380
16055200,178.5,0
16055300,360.25,2.66
16055400,275.35,9.11
16055500,847.0999999999999,30.81
16055900,4968.77,109.25
16056100,537,0
16056200,80,0
16056300,14.71,0
16056900,5710.66,1307.569999999999
16100000,0,0
16420000,0,0
16440000,0,0
16548468,0,0
16720000,0,0
16850000,0,0
16911145,0,0
17000225,0,0
17011000,0,0
17011100,9020.509999999998,19.67
17011200,1437105.26,1692.2
17011300,1732735.7,8903.210000000001
17011400,9571047.969999999,606045.5200000001
17011900,0,0
17019100,117662.96,4312.59
17019900,45420791.73000001,2779126.560000001
17021100,55243.2,2641.8
17021900,39087.65,164.28
17022000,18860.78,823.58
17023011,77565.03,8835.410000000002
17023019,131763.59,11467.05
17023020,7272.22,854.0099999999999
17024010,3621.39,40.73999999999999
17024020,13215.48,241.5799999999999
17025000,6883.63,133.72
17026010,29186.53,75.82
17026020,5455.309999999999,278.47
17029000,538860.21,137569.87
17031000,8123779.63,1132409.41
17039000,230804.03,28276.64
17041000,213593.1599999999,22070.71999999999
17044902,0,0
17049010,241617.37,24918.05999999999
17049020,1437867.289999997,239299.2700000001
17049090,921186.1999999995,158419.19
17060000,0,0
17094000,0,0
17101100,0,0
17144100,0,0
17182900,0,0
17258287,0,0
17367092,0,0
17390000,0,0
17805000,0,0
17897047,0,0
17902090,0,0
18005000,0,0
18010000,208319.12,264.5700000000001
18020000,1160676.33,740.12
18031000,642.94,0
18040000,4748.37,115.94
18050000,76880.93,15608.94
18060000,0,0
18061000,254262.22,30582.22
18061010,0,0
18062000,54331.02999999998,7253.41
18063000,0,0
18063110,586946.61,39691.99999999999
18063120,112319,7159.25
18063210,1177910.569999999,102909.34
18063220,126929.11,17207.31
18063810,0,0
18069000,7798981.480000003,861628.7400000001
18069010,0,0
18069090,0,0
18069900,0,0
18101900,0,0
18181000,0,0
18223888,0,0
18285124,0,0
18425448,0,0
18590349,0,0
18592581,0,0
18714000,0,0
18892000,0,0
18973232,0,0
19000000,0,0
19001000,0,0
19002200,0,0
19011000,0,0
19011010,452768.6800000001,17009.08
19011020,154637.51,8888.29
19011030,167358.69,10270.27
19011090,1307781.49,75746.30999999998
19012000,543825.46,46160.47
19012010,1545422.16,98815.80000000002
19012020,23124.82,1218.63
19012090,2949359.649999997,390095.99
19015000,0,0
19019010,12614.48,1852.05
19019020,821207.4099999998,81127.37000000001
19019090,3312735.829999998,518829.04
19021010,0,0
19021100,3989218.009999998,77307.22
19021110,0,0
19021900,10915350.37,216814.5899999999
19022000,2208629.8,43397.51000000001
19022099,0,0
19023000,1894665.45,44003.87
19024000,48587.32,3045.98
19024900,0,0
19030000,464272.38,62535.25000000001
19041000,974480.0699999993,99774.30000000002
19042000,200487.81,22828
19042090,0,0
19043000,29480.42000000001,4769.269999999999
19049000,7932214.3,375782.22
19049090,0,0
19050000,0,0
19050100,0,0
19050909,0,0
19051000,562414.13,2069.26
19052000,62770.95999999998,776.95
19052010,4370600.469999999,479875.2100000001
19052020,0,0
19052090,2875214.159999999,108458.79
19053010,1468.75,31.27
19053090,200,0
19053100,10585819.91000001,999392.1599999999
19053200,1914944.199999998,206958.08
19054000,577620.9699999997,29688.17
19058090,0,0
19059000,27288.5,1695.55
19059010,5711598.309999997,146305.13
19059020,928131.9699999997,97240.08
19059090,26308016.09,826168.77
19059099,0,0
19061000,0,0
19069090,0,0
19099090,0,0
19112000,0,0
19174090,0,0
19195219,0,0
19241000,0,0
19302114,0,0
19503100,0,0
19507300,0,0
19582519,0,0
19940000,0,0
20000000,0,0
20000002,0,0
20002048,0,0
20004410,0,0
20004808,0,0
20005000,0,0
20007992,0,0
20011000,384521.58,42230.45
20012000,113.62,0
20015201,0,0
20019000,210880.3499999999,17572.68
20021000,635402.3999999999,66155.17000000001
20029000,4919468.619999999,694744.0399999999
20029010,2823.1,32.31
20029090,267455.55,27263.71
20031000,151148.62,22970.28999999999
20039000,20521.96,1088.23
20041000,1337828.95,116931.87
20048000,0,0
20049000,71701.51000000002,2734.26
20051000,55203.66,5977.320000000002
20052000,1665592.619999999,134062.3
20053000,0,0
20054000,488652.9199999999,41999.22
20055100,2246536.66,36305.18
20055900,12236.49,445.08
20056000,12063.11,1462.88
20057000,1345246.709999999,162876.61
20057070,0,0
20058000,11370622.7,346283.55
20059000,14.37,2.73
20059100,455.1799999999999,1.62
20059900,382480.7000000001,46907.92
20060000,948582.8500000001,38112.01
20060099,0,0
20069090,0,0
20070000,0,0
20071000,284408.34,18733.76
20075000,0,0
20079100,34243.74,3910.2
20079101,0,0
20079910,476583.9599999999,50442.70999999999
20079921,49399.85,3203.76
20079922,1095.2,4.02
20079923,34307.99000000001,1437.18
20079924,40684.85000000001,3495.24
20079925,323533.74,192.5700000000001
20079926,1354.86,74.78999999999999
20079927,301309.93,22.73
20079929,389943.26,5437.740000000002
20079990,1412918.2,138748.27
20081000,0,0
20081100,5257496.810000001,72491.12000000001
20081900,448530.3400000001,49114.92000000001
20082010,62031.77,3190.95
20082090,109229.28,9142.260000000002
20083000,56196.39,2611.489999999999
20083020,0,0
20084010,13.09,0.48
20084090,21201.7,34.13000000000001
20085000,11325.56,1011.22
20086010,26685.59999999999,3177.89
20086090,2408.71,377.42
20087010,634135.05,80767.14
20087020,44108.25,22.63
20087090,53519.70999999999,7610.540000000001
20088000,30387.76,2588.100000000001
20089000,0,0
20089100,1169699.56,136716.13
20089290,45,0
20089300,2309.97,151.73
20089710,117123.51,894.4700000000001
20089790,52090.16000000001,4043.119999999998
20089900,1229531.94,117592.28
20090909,0,0
20091000,0,0
20091100,14847.62,1096.02
20091200,184777.27,9665.710000000001
20091900,602295.5599999999,46885.75
20092100,19982.41,48.98
20092900,1741.99,29.67
20093100,34696.38,4181.720000000001
20093900,14429.65,1316.95
20094000,92.99,9.69
20094100,884.2,100.4
20094900,4578.37,290.21
20095000,21534.57,1657.52
20096001,0,0
20096100,902645.2599999998,101891.93
20096900,156338.9,16804.54
20097100,40172.55000000001,4662.000000000001
20097900,3314.93,414.64
20098000,18660.54,975.1500000000001
20098100,13157.44,1847.26
20098290,0,0
20098900,38920.64999999999,783.2199999999998
20098910,1395.06,1.26
20098911,2602.37,142.69
20098912,3297.51,69.29999999999998
20098913,852086.2499999999,635.3199999999999
20098919,4756.48,307.68
20098920,0,0
20098921,237747.94,23308.82
20098922,2950.15,333.21
20098990,598980.11,68887.16000000002
20099000,280041.8199999999,38636.91
20099010,0,0
20103902,0,0
20115020,0,0
20120100,0,0
20130000,0,0
20131350,0,0
20140030,0,0
20150040,0,0
20160003,0,0
20200000,0,0
20202020,0,0
20256000,0,0
20301478,0,0
20304000,0,0
20319000,0,0
20319996,0,0
20329000,0,0
20335255,0,0
20361000,0,0
20365489,0,0
20412231,0,0
20436678,0,0
20460001,0,0
20476025,0,0
20504020,0,0
20550003,0,0
20580000,0,0
20630000,0,0
20710010,0,0
20713000,0,0
20714000,0,0
20732197,0,0
20806212,0,0
20842139,0,0
21001163,0,0
21002245,0,0
21010000,0,0
21011110,1926279.31,36390.78999999999
21011111,0,0
21011190,158241.4,2516.78
21011200,1018513,28697.09999999999
21012010,127286.43,14511.81
21012020,13680.38,1276.57
21013000,1787.5,193.08
21019000,0,0
21021000,161.6,6.38
21021010,12788.73,2558.28
21021090,5399505.450000001,614476.7800000001
21021200,0,0
21022000,13923999.82,1257361.51
21023000,2023610.319999997,461314.4800000002
21025400,0,0
21031010,145368.52,22645.28
21031090,113264.71,24275.67
21032001,0,0
21032010,2283867.569999998,249612.45
21032090,408877.7299999999,67774.08
21033010,386.36,0
21033021,214579.9899999999,26230.06
21033029,39431.57000000001,5668.65
21039001,0,0
21039010,0,0
21039011,2334781.639999997,327071.3700000001
21039019,534371.6400000001,94992.66000000002
21039020,0,0
21039021,5812750.739999999,731086.8499999997
21039029,630317.66,106390.82
21039091,489151.08,53184.28000000001
21039099,144432.48,23021.03
21041000,0,0
21041010,0,0
21041011,747201.5699999996,144266.07
21041019,337021.2100000001,61023.32999999998
21041021,55465.85000000001,9260.81
21041029,302939.62,2440.199999999999
21042000,1673564.24,20087.24000000001
21050000,0,0
21050010,1100038.799999999,73342.29999999997
21050090,307459.98,5600.72
21059010,0,0
21060929,0,0
21061000,33753701.66999999,6590118.149999999
21069000,0,0
21069005,0,0
21069010,9345298.420000011,1842661.549999999
21069021,53277.19,7633.32
21069026,0,0
21069029,22200329.68,831875.0099999999
21069030,18532411.48,1454585.41
21069040,8243.41,16.35
21069050,332639.93,69220.27000000002
21069060,289390.9399999999,12178.84
21069090,259096729.31,6260467.678699999
21090000,0,0
21090606,0,0
21099090,0,0
21101931,0,0
21101932,0,0
21212121,0,0
21222333,0,0
21224454,0,0
21241612,0,0
21458793,0,0
21490070,0,0
21500035,0,0
21509999,0,0
21514545,0,0
21521000,0,0
21524625,0,0
21609029,0,0
21654867,0,0
21862948,0,0
22002900,0,0
22010000,0,0
22010001,0,0
22011000,10846168.42,274629.56
22011100,0,0
22019000,11545034.19,845287.85
22021000,19417657.77000002,560258.3817
22021004,0,0
22022000,0,0
22022990,0,0
22029000,14654.61,1449.33
22029090,0,0
22029100,535909.8000000002,13647.77
22029900,3757294.939999993,185579.5418
22030000,35805880.93000001,768799.96
22041000,0,0
22041010,3864871.92,600908.9
22041090,1345064.83,156846.4
22041200,0,0
22042100,20829712.88,2726730.629999999
22042211,131111.99,11350.75
22042219,16459.67,620.49
22042900,279.1,73.17999999999999
22042910,709368.03,22166.53
22042920,66.25,5.21
22043000,74321.3,12735.03
22049000,0,0
22051000,47080.16999999999,4596.709999999999
22059000,2450.45,97.28
22060010,220741.12,28615.79
22060090,945751.8399999999,95664.97
22069000,0,0
22071000,17306.34,150.25
22071099,0,0
22072010,4731.889999999999,71.98
22072019,3140102.03,50123.34
22072020,85572.27,3362.670000000001
22082000,74384.04000000001,6797.200000000001
22083000,0,0
22083010,29334.25,1727.71
22083020,3955444.81,391944.55
22083090,35669.35,3610.36
22084000,1220878.86,137388.2
22085000,291819.02,25315.49
22086000,370626,32908.42000000001
22087000,486483.29,39682.15
22089000,1747502.81,114248.08
22089010,0,0
22089999,0,0
22090000,1708629.099999997,265547.54
22099000,0,0
22150502,0,0
22220130,0,0
22222222,0,0
22334441,0,0
22358211,0,0
22412312,0,0
22456566,0,0
22545654,0,0
22588444,0,0
22700061,0,0
22730000,0,0
22940900,0,0
23002589,0,0
23003010,0,0
23009010,0,0
23011000,0,0
23011010,164041422.8,12020210.44
23011090,125632845.06,11672330.22
23012010,1835318.5,96278.87999999999
23012090,114453.5,5593.32
23013000,0,0
23019010,0,0
23021000,1106855377.67,36629455.13000001
23021010,0,0
23021099,0,0
23022000,0,0
23022001,0,0
23022010,12310.2,905.84
23022090,39164.6,5502.570000000001
23023010,159156863.41,12262223.8
23023090,12212847.87,710989.08
23024000,94236974.72,7714133.929999999
23025000,135024244.19,4802100.100000001
23025090,0,0
23030000,0,0
23031000,3232294.58,333835.57
23031090,0,0
23032000,98341757.95,7492178.879999999
23033000,112356788.14,4997944.169999999
23040010,1527461826.88,41448488.88999999
23040090,3498100409.98,116865951.55
23041100,0,0
23042000,0,0
23050000,25737925.41,2660100.310000001
23061000,959770431.15,36381785.98
23062000,16888.02,600.11
23063010,12733186.36,347450.44
23063090,16527061.51,780193.0600000003
23064100,7355139.550000002,46437.9
23064900,117879,2363.48
23065000,774539.99,20748.58
23066000,4273828.95,332446.5000000001
23069010,51515271.37,1846077.7
23069090,646960028.53,11599386.5
23070000,1578.99,32.84
23080000,208002810.94,19029851.51
23081000,10,2.07
23081020,0,0
23089010,0,0
23091000,14561078.47,865877.9899999999
23099000,0,0
23099002,0,0
23099003,0,0
23099005,0,0
23099006,0,0
23099009,0,0
23099010,4749973561.27,251418719.878
23099012,0,0
23099020,306377389.79,21734368.11
23099030,1364028.02,29326.13
23099040,2995825.189999999,229437.13
23099050,10875444.62,139967.66
23099060,1022394.98,45595.18
23099090,5246904444.66,332315307.4
23099092,0,0
23099100,0,0
23099290,0,0
23108131,0,0
23114455,0,0
23120000,0,0
23145897,0,0
23146499,0,0
23178977,0,0
23182900,0,0
23232323,0,0
23259910,0,0
23391000,0,0
23456789,0,0
23457898,0,0
23458900,0,0
23459801,0,0
23467867,0,0
23540000,0,0
23544210,0,0
23568912,0,0
23569874,0,0
23600045,0,0
23620120,0,0
23652010,0,0
23652100,0,0
23769090,0,0
23784512,0,0
23931000,0,0
23939000,0,0
24011000,0,0
24011010,47919.72,67.47
24011020,14390.66,1321.83
24011030,260,0
24011040,963.9899999999999,15.17
24011090,6711.14,170.43
24012010,1260.69,0
24012020,550.75,0
24012030,61,0
24012090,3144,49.87
24013000,636,0
24021000,345594.27,1142.77
24022000,1030194.3,107674.7
24025000,0,0
24029000,1357.62,6.05
24031000,19.64,0
24031100,27296.8,388.11
24031900,287861.01,14754.02
24039100,116939.84,948
24039910,3729.72,262.74
24039990,7711.67,212.87
24041100,15380.41999999999,709.1399999999999
24041200,4204.87,264.33
24041900,480,0
24048682,0,0
24049100,5292.84,419.8800000000001
24049200,1514.65,117.14
24049900,61.44,0
24089379,0,0
24101932,0,0
24102424,0,0
24122110,0,0
24234242,0,0
24532215,0,0
24567542,0,0
24664324,0,0
24821010,0,0
24846264,0,0
25000000,0,0
25010000,0,0
25010011,49274184.02,3381076.24
25010019,13150813.66,1651574.79
25010020,11769525.97,803169.6900000001
25010090,40705701.24000001,3819286.25
25011000,0,0
25019090,0,0
25020000,59159.6,421.56
25030010,6319578.210000001,241305.94
25030090,314055218.85,9663950.340000002
25039090,0,0
25041000,50992070.68999999,9164068.69
25049000,279231.67,37158.15
25051000,49382728.4,2704132.94
25054000,0,0
25059000,94865371.25000001,4625440.36
25059001,0,0
25059002,0,0
25059900,0,0
25061000,1334164.37,31231.95
25061200,0,0
25062000,4029506.39,137140.28
25062100,18756.4,0
25070010,28831856.48,3111296.53
25070090,4248691.910000001,334899.56
25070900,0,0
25071000,0,0
25081000,9459714.180000002,942090.8
25083000,348148.9399999999,26602.47
25084010,8660.4,256.47
25084090,857244.25,116233.85
25085000,14.46,0
25086000,9653.11,341.55
25087000,288407.66,17267.31
25089000,0,0
25090000,79312.7,1445.68
25099000,0,0
25101010,33524257.03,813965.31
25101090,7267153.019999999,198926.74
25101249,0,0
25102010,103621477.11,2723730.13
25102090,53995668.17,1081514.78
25106137,0,0
25111000,1664.75,97.19000000000001
25112000,1606.25,30.47
25120000,1506813.28,81690.20999999999
25123648,0,0
25125263,0,0
25129000,0,0
25130000,0,0
25131000,351812.6699999999,2318.130000000001
25132000,37773.82,3970.52
25140000,1742041.1,23073.66
25141000,0,0
25151100,452610.75,15534.89
25151200,0,0
25151210,3033137.89,115144.46
25151220,5548168.560000001,539202.1900000001
25152000,2089912.85,126477.85
25161100,2352218.05,135161.67
25161200,5403518.77,94613.14
25162000,887455.4199999998,28717.12
25169000,6605107.51,390827.8099999999
25171000,251652239.5400001,20549352.31719999
25171002,0,0
25171090,0,0
25171099,0,0
25172000,235017.11,14863.42
25174100,417568.86,27873.76000000001
25174900,218180591.69,3583301.4
25181000,2421903397.92,17568792.47
25182000,403185797.34,3153463.550000001
25183000,235503.8,1332
25191000,60216803.3,481357.4
25199010,1125.25,0
25199090,21695765.13000001,981588.8799999999
25201011,2981500.52,62850.21000000002
25201019,100413189,2805791.34
25201020,1286608.55,0
25202000,0,0
25202010,1136273.63,166322.1904
25202090,563009151.1299999,8203998.749999998
25210000,1010854815.81,7690857.649999999
25210010,0,0
25211000,0,0
25220010,0,0
25221000,67003092.02,3044963.16
25222000,13574251.84,1144034.61
25223000,8730249.049999997,509352.76
25226200,0,0
25230090,0,0
25231000,493190.5600000001,3267.38
25232100,993443.5000000001,20732.73999999999
25232901,0,0
25232910,490861993.17,33244259.2202
25232990,22652613.87,1250886.9
25233000,201618.12,6551.059999999999
25239000,61700.3,1737.81
25239010,0,0
25241000,71082.84,0
25249000,903.4,56.92
25251000,374.09,18.5
25252000,694238.5700000002,25661.63
25252525,0,0
25253000,354588.1,0
25261000,587.72,108.25
25262000,2294405.21,272996.47
25262927,0,0
25280000,125040596.42,6279072.210000001
25291000,60916.42,4760.860000000001
25292100,103.38,0
25292200,1423.2,0
25301010,2438.78,0.83
25301090,2662945.35,88501.28
25302000,696689.84,25044.37
25309000,0,0
25309010,216.59,0
25309020,1883474.82,72458.27000000002
25309030,2095.39,45.58
25309040,36628.66,592.92
25309090,163500628.27,3236541.02
25320101,0,0
25410000,0,0
25410202,0,0
25410210,0,0
25410222,0,0
25420000,0,0
25420101,0,0
25454545,0,0
25456800,0,0
25478000,0,0
25489498,0,0
25600089,0,0
25632010,0,0
25639874,0,0
25648900,0,0
25652101,0,0
25695210,0,0
25698741,0,0
25700210,0,0
25796981,0,0
25801888,0,0
25808025,0,0
25845669,0,0
25874136,0,0
25874411,0,0
25895632,0,0
25934000,0,0
25987461,0,0
26011100,281469.31,3875.450000000001
26011210,12179.9,325.54
26011290,2459151.34,84264.1
26012000,14909,0
26020010,20641.4,883.9599999999999
26020090,77425.64,15781.38
26030010,648342.65,59311.23
26030090,813.9200000000001,0
26040000,430,0
26050000,72442.51000000001,0
26060011,1989.76,1.83
26060012,202245,4501.74
26060090,7102.62,131.12
26070000,641.16,55.70999999999999
26080090,259041.22,8.030000000000001
26082000,0,0
26090000,352.91,0
26100090,500,0
26110000,575,0
26122000,28.9,0
26131090,41.98,2.04
26139090,14,2.38
26140090,79.05,0
26151010,19,0
26151020,49014.99,1162.04
26159000,59.9,0
26169000,17844,652.73
26171000,12087,0
26179000,82102.68000000001,5784.83
26180000,240895.58,31043.79
26190000,19253.95,488.27
26201100,884404.5800000001,132212.92
26201900,7353.13,31.63
26202100,1571.29,7.58
26202900,201940,50
26203000,31.5,0
26204000,103532.28,0
26206000,490,0
26209100,44,0
26209910,61,0
26209990,2600.67,197.61
26211000,185.5,0
26219010,286703.62,35108.11000000001
26219090,478885.08,30876.3
26456563,0,0
26484843,0,0
26564485,0,0
26684613,0,0
26915864,0,0
26985471,0,0
27010193,0,0
27011100,58851.04,5572.89
27011200,3606.88,322.9799999999999
27011900,384,4.07
27011932,0,0
27012000,415599.53,7811.58
27021000,1204386.52,24836.54
27030000,19591381.08,1916056.69
27040011,250,0
27040012,40,0
27040090,6359.44,43.32
27050000,221639.21,6738.489999999999
27052221,0,0
27060000,245738.05,31128.39
27071000,16441.26,1626.03
27072000,55494.48000000001,7037.29
27073000,2049.21,140.55
27074000,144.5,29
27075000,61183.35000000001,1774.88
27075010,170784.81,21124.77
27075090,980869.76,137895.41
27079100,23979.74,148.42
27079900,563.96,113.74
27079910,269.46,0
27079990,965281.3799999998,169599.25
27081000,4383.610000000001,431.7
27082999,0,0
27090000,0,0
27090010,110572.67,546.91
27090090,39915.39,251.31
27100000,0,0
27100001,0,0
27100011,196.2,0
27100031,291.4,21.52
27100032,0,0
27100039,70.47,0
27100042,45,0
27100049,5259.6,961.9400000000002
27100061,27329.16,211.6
27100062,95665.81999999999,152.73
27100092,588.45,73.32000000000001
27100093,1280,0
27100099,30227.61,123.59
27100132,0,0
27100193,0,0
27101110,16377,1057.11
27101129,766.63,32.98
27101130,4774.21,32.58
27101149,6142.6,96.79
27101159,114124.05,1190.18
27101160,3645.96,0
27101190,1497.29,305.41
27101193,0,0
27101210,307960.74,7736.540000000001
27101221,32093.94,2139.27
27101229,2850116.77,553968.8999999999
27101230,2840703.080000001,419566.6399999997
27101241,161860.48,46.27
27101249,1038636.46,138656.63
27101260,49838.87,4932.71
27101290,402802.02,52617.92000000001
27101332,0,0
27101392,0,0
27101900,0,0
27101912,0,0
27101913,0,0
27101919,1740544.7,137247.23
27101920,0,0
27101929,3302095.29,61351.49000000001
27101930,0,0
27101931,16547625.64,800403.2200000001
27101932,1773129658.439999,136019249.54
27101933,0,0
27101934,0,0
27101982,0,0
27101987,0,0
27101988,0,0
27101990,0,0
27101991,8998079.440000001,696291.5999999999
27101992,14937232.79,1371092.67
27101993,747593.72,22923.28
27101994,6850.36,115.56
27101999,29525310.76000001,1881252.86
27102000,3397708.829999998,53560.3
27102515,0,0
27102931,0,0
27102932,0,0
27103932,0,0
27107749,0,0
27109010,0,0
27109100,18069.41,1590.190000000001
27109110,4526.85,189.11
27109120,8605.87,2063.36
27109190,25216.47,5677.060000000001
27109320,0,0
27109322,0,0
27109900,1413511.57,74556.88
27111210,17386.47,369.58
27111290,19405.17,489.0000000000001
27111300,336860.25,30978.17
27111400,2325.6,313.8
27111921,0,0
27111990,340864.8,3985.68
27112910,47448.47,1350.17
27121000,247307.28,22719.12
27122000,73457.8,1694.78
27129000,628721.2899999999,74154.18999999999
27131100,32.5,0
27131200,590.8199999999999,0
27132000,8065568.689999999,1301463.19
27139000,30601.44,847.3700000000001
27141000,65377.89,4800.990000000001
27149000,2200847.12,87771.24
27150000,26002463.69000001,3450651.619999999
27160000,28692101.79,4173299.4
27171000,0,0
27171002,0,0
27182199,0,0
27201932,0,0
27318150,0,0
27485286,0,0
27552455,0,0
27608107,0,0
27858455,0,0
27898665,0,0
28011000,957593.9400000001,54954.86
28012010,8102.95,636.6700000000001
28012090,545889.26,50511.53999999999
28012100,0,0
28013000,89.56,0
28020000,509544.45,12186.74
28030011,120919.96,1490.36
28030019,6381.809999999999,3.29
28030090,27586.85000000001,1894.17
28041000,362151.6100000001,25949.39999999999
28042000,0,0
28042100,4042895.62,354513.6899999999
28042900,0,0
28042910,665.7,0
28042990,4521516.530000001,449072.97
28043000,13950232.1,344606.33
28044000,6991544.250000002,657400.52
28045000,117050.1,3558.12
28046100,11690.5,499.03
28046900,148968.99,28331.80000000001
28047010,2757.55,16.98
28047020,124.26,10.93
28047030,4056.54,76.76
28048000,1100,0
28049000,5642.51,167.18
28051100,143849.67,28.55
28051200,185028.77,2274.02
28051920,4352.25,3.34
28051990,48657.2,2051.05
28052220,154.36,0
28053010,4553.17,71.89999999999999
28053090,15621.46,9.739999999999998
28054000,810275,331.5
28061000,0,0
28061010,23202.17,1404.52
28061020,861111.4999999998,97854.48000000003
28062000,10713.02,644.0500000000001
28070010,322440.39,14945.21
28075090,0,0
28080010,403403.59,31223.13
28080020,17830.01,115.08
28081000,0,0
28089000,0,0
28089329,0,0
28091000,2413.74,0
28092011,613313.65,93356.66
28092019,5231760.350000001,317938.5996
28092020,39591,1704.53
28092030,18223.88,159.88
28092090,23390.78,213.58
28094384,0,0
28099010,0,0
28100010,17047265.07,1237500.91
28100090,1990985.36,62697.17999999999
28111100,157322.87,2809.21
28111200,220,0
28111910,2075.26,210.51
28111920,61077.5,2164.3
28111940,84715.19,16015.99
28111990,462749.6300000001,66728.99999999997
28112100,689677.9099999999,82445.33
28112210,1509097.62,75245.21
28112220,23637.86,3907.43
28112230,63832.09,6337.6
28112290,127777.38,4863.960000000001
28112990,349884.7,49591.28
28121021,230,23
28121100,86,17.64
28121300,4.5,0
28121919,2095,0
28129000,5330.36,12.21
28131000,295,27.29
28139090,11961.6,253.25
28139190,0,0
28141000,433300.79,29366.17
28142000,27067.18,2829.19
28150000,0,0
28151100,2282550.389999999,406092.7400000001
28151200,4387840.98,386273.85
28152000,348481.62,37357.39999999999
28153000,6954.579999999999,44.85
28161010,29295.2,2182.44
28161020,2828,2.59
28164090,224.5,0
28170010,15552457.83,1463984.93
28181010,3861.99,803.25
28181090,158426.32,709.2900000000001
28182010,17486.66,2018.8451
28182090,9464.27,592.5099999999999
28183000,1240,0
28191000,8418.66,465.2499999999999
28199020,20.5,2.28
28201090,2514.6,607.27
28209010,1736488.72,83034.31
28209040,41.31,0
28211011,292965.72,16338.55
28211019,2466,30
28211020,2322.08,135.78
28211030,95686.18000000002,9263.01
28211090,23877.65,161.03
28211110,0,0
28212000,5443.68,21.45
28215999,0,0
28220010,10115.39,297.41
28220090,605.55,78.99000000000001
28230010,630,0
28230090,3679.4,0
28235145,0,0
28241000,36439.51,747.02
28249010,37345.00999999999,2814.26
28249041,0,0
28249090,10493.67,15.6
28251010,32.19,0
28251020,4.9,0
28253010,44.99,0
28253090,2563.11,0
28254090,72,0
28255010,29.9,0
28255090,80073,218.26
28256010,2200,0
28256020,168,0
28256656,0,0
28257090,86192.5,0
28259090,25165,3680.46
28261200,16364.55,0
28261990,998.51,127.27
28263000,377.78,85.65
28269010,149,0
28269020,508,0
28269090,2720,0
28270001,0,0
28271000,101249.75,15456.53
28272010,69480.51999999999,9226.37
28272090,3690852.8,270433.7
28273110,94649.73,7205.549999999999
28273190,11692868.04,1021820.66
28273200,1154589.64,154840.97
28273500,35,0
28273600,760,0
28273910,830519.91,93804.76
28273931,465,0
28273939,330338.21,33361.54
28273960,4000,0
28273995,701856.52,21273.97
28273996,710912.47,39066.39
28273997,45869.62,132.56
28273998,14428.11,148.3
28273999,1426127.8,82597.34000000001
28274120,101,0
28274912,81,0
28274919,18140,1568.81
28274921,1005710.76,167286.41
28274929,23.9,5.899999999999999
28275100,7427.75,1193.81
28275900,17854.1,403.1999999999999
28276011,892.6800000000001,6.69
28276012,182274.02,37349.59
28276019,153.95,4.62
28276029,138380,0
28281000,876781.9500000001,144295.46
28289011,11459539.69,1320007.18
28289019,390159.02,23420.33000000001
28289020,946988.2699999998,106986.03
28289090,47168.39000000001,7220.73
28291100,3000.19,30.94
28291910,63491,0
28291920,35982.4,719.58
28291990,1400,144
28299011,769.94,0
28299019,214.5,0
28299021,120,12
28299022,98,0
28299029,33,1.2
28299031,58161.83,6418.89
28299032,752491.38,77467.31999999999
28299039,1740,0
28309000,0,0
28309011,318,0
28309013,85193.90000000002,0
28309019,43080.67,67.21000000000001
28309020,171134.7,18118.91
28311011,7888,0
28311019,1821,42.98
28311029,1223.29,18.59
28319090,29.18,6.13
28321010,458490.81,22386.63
28321090,165113.28,9824.61
28322000,8893.56,1226.15
28323010,1376272.92,64885.95999999999
28323020,40333.47000000001,7813.079999999999
28323090,338209.4,17957.14
28331110,51232.65,6933.07
28331190,367.1999999999999,92.56
28331900,1501411.56,111829.86
28332100,30441124.23999999,1838313.94
28332200,1377098.27,246981.31
28332290,0,0
28332400,2654258.7,289930.92
28332510,264524.91,22149.18
28332520,25070442,2262932.41
28332600,25395.86,3102
28332790,73099.75,3729.56
28332940,470910.71,31168.04
28332950,1788.4,0
28332960,3589.95,0
28332970,9516705,684665.1399999999
28332990,35925913.67,3424019.99
28333000,7209.77,567.0799999999999
28334010,2324.41,75.55
28334020,878.71,140.12
28334090,209909.92,299.04
28341010,169453.42,4950.979999999999
28341090,22862.2,64.27000000000001
28342110,272460,10057.93
28342190,304614.6,28357.55
28342910,49321.17,5716.629999999999
28342930,9548.539999999999,1739.17
28342990,12712366.61,577206.34
28351011,10394.45,1672.33
28351019,53493.44999999999,0
28351029,1761654.34,162562.3
28352200,2360056.06,125585.56
28352400,895847.6499999999,52081.01000000001
28352500,87031318.29,9603756.819999998
28352600,13423271.12,893320.84
28352910,104631.49,78.28
28352930,1201121.82,3160.87
28352940,350,0
28352960,38347.25,1539.55
28352980,3231,153.72
28352990,2734515.83,110289.85
28353110,190795.85,13636.55
28353190,44850.11,5123.59
28353910,91135.48,11236.13
28353930,18848.84,3762.000000000001
28353990,162397.71,12409.09
28362000,0,0
28362010,739884.4299999999,69968.91
28362090,83377.52,14008.88
28363000,31827277.64,3214890.620000001
28364000,2447667.33,242183.8
28365000,18899617.37,1185931.91
28366090,10281.7,249.65
28369200,200,0
28369911,292.9,0
28369913,7861.380000000003,1625.630000000001
28369919,78763.23000000001,1944.77
28369920,39459.62999999999,1773.91
28371914,116.4,19.65
28371919,11592.79,0
28372011,17122.1,25.63
28372012,10130.5,0
28372019,20836.86,20.45
28372021,191.02,46.23
28372022,5079.39,88.24
28372029,1343,15
28391000,0,0
28391100,32090.04,3631.21
28391900,81538.21999999999,6000.18
28399010,1550,46.51000000000001
28399020,270189.32,35332.59
28399040,25,0
28399050,533770,20872.93
28399090,674299.74,10552.62
28401100,2632,315.84
28401900,30152060.45,2390211.84
28402000,26823797.64,1967931.57
28403000,507182.37,39941.83
28409913,0,0
28413000,13110.38,994.0900000000001
28415011,72,0
28415015,4229.7,0
28415016,51800,0
28415019,2500,0
28415020,90,0
28416100,20736.35,4284.57
28416920,1551.07,4.41
28417020,11715729.07,519230.74
28417090,741128.66,53190.35
28418090,186.5,0.15
28419013,20457.79,7.17
28419014,129.8,13.82
28419015,1777.56,0
28419019,35,0
28419022,153765,0
28419029,28372.92,29.61
28419030,116,23.28
28419043,660,0
28419049,21000,0
28419050,8152.54,4.38
28419060,61.4,0
28419070,19593.5,3812.15
28419080,0,0
28419081,70884.19999999998,13379.29
28419082,4,0
28419083,28.8,0
28419089,3772.56,66.16999999999999
28419090,100280.8,3176.840000000001
28421010,108450.02,2593.61
28421090,56523.88,8022.630000000001
28429000,575169.0800000001,34023.95999999999
28431000,169304.16,25695.98
28432100,220473.84,30364.58
28432990,401182.6,59808.81
28433090,88415.45999999999,83.69999999999999
28439011,83856.87,538.61
28439019,450,0
28439030,940.9,0
28439090,941,1.31
28441000,30,0
28442000,210,0
28444010,268,268
28444030,227.4,9.09
28444100,8665.02,0.4
28444200,58264.4,10858.69
28444310,3941.21,7.430000000000001
28444330,24735.45,0
28444390,2877,451.7
28444400,770.7,0
28445000,16493.45,237.6
28451000,85761.25,1347
28452000,59637.25000000001,12359.46
28453000,29034.56,6.930000000000001
28459000,100638.3,169.25
28461010,1313.05,46
28461090,2848.34,0
28469020,45559,77
28469090,2447.5,230.45
28470000,2988136.119999999,274249.15
28491000,630318.8500000001,59822.02
28492000,2286.55,49.82
28499010,3004974.3,107874.99
28499090,867.62,4.48
28500010,21373.78,401.27
28500020,1096,0
28500090,394.41,44.84
28521011,6056.99,17.52
28521019,8664.5,1805.06
28521021,908.1,233.99
28521022,263116.44,0
28521029,2171644.62,150396.5
28528539,0,0
28529000,291138.2,0
28529090,0,0
28530000,0,0
28530031,20,20
28530090,2874.84,179.24
28531000,200,53.9
28539011,47019.89,2.21
28539012,5466,0
28539013,360,0
28539019,211578.38,11306.61
28539020,3311.03,0
28539030,39,0
28539090,521872.4199999999,65788.53999999998
28545222,0,0
28789011,0,0
28964758,0,0
28996644,0,0
29011000,230775.05,33053.04
29012100,108118.5,2787.94
29012200,291863.22,37523.95999999999
29012300,13904.95,1748.190000000001
29012410,336,0
29012420,2090.2,0.63
29012900,7115957.34,902776.6199999999
29012901,0,0
29021000,0,0
29021100,1882020.03,274456.28
29021910,2873089.75,52578.97
29021990,3767729.260000001,191467.07
29022000,1049.75,25.96
29022110,0,0
29023000,9121.880000000001,1227.74
29024100,10495,2108.66
29024300,991.8,0
29024400,133896.6,8250.2
29025000,4243.03,831.28
29026000,83.97,0
29027000,292.46,0
29029020,92712.62000000001,16472.98
29029030,135.65,0
29029040,34.68,8
29029090,760293.7999999999,27343.98
29031110,83760.4,5334.269999999998
29031120,272.6,0
29031200,66475.56,6372.339999999999
29031300,6297.87,454.52
29031400,15200,3080.4
29031500,77286.87,107.19
29031600,82.9,0
29031910,150352.35,37.1
29031920,41150.8,113.95
29031990,1168095.64,74321.87
29032100,1615.5,1.89
29032200,23926.89,3532.94
29032300,39249.25,2030.99
29032900,912.2600000000002,170.71
29032910,229215.8600000001,571.3499999999999
29032990,135788.98,14693.95
29033011,3083,33.27
29033100,14382.5,0
29033911,663458.8599999999,15793.02
29033912,1221.5,0
29033919,3235.54,201.04
29034100,108617.24,2670.72
29034200,74581.5,6932.06
29034400,3124.12,0
29034510,10469148.41,553819.27
29034520,22072.42,25.31
29034600,391.71,29.5
29034700,1640,38.22
29034800,6647.28,987.13
29034900,4249.619999999999,504.41
29034915,5227.01,0
29034919,1034.26,113.13
29035100,6963.280000000001,1410.87
29035910,109502.38,1420.94
29035990,59647.35999999999,225.8
29036200,22130.67,2515.41
29036910,192.9,0
29036920,337.7,0
29036990,80948.81999999998,14602.93999999999
29037100,2141007.36,261096.21
29037200,1172.32,0
29037300,1566071.36,107936.12
29037400,240,0
29037500,94.97,0
29037600,5649.45,0
29037712,8701.690000000006,1555
29037721,746,30.09
29037722,4800,0
29037724,188.78,0
29037733,3840,0
29037790,1742.9,0
29037800,15,0
29037911,2299.31,11.05
29037912,985,0
29037919,16729.88,3082.240000000001
29037920,74.9,15.73
29037939,14.9,0.52
29037990,2204.389999999999,333.72
29038120,37295.65,0
29038190,55,0
29038210,1780,0
29038300,7198.6,17.28
29038900,12,0
29038910,24,0
29038990,16273.52,370.1
29039110,8215,0
29039130,2722.53,448.06
29039220,2397.58,0
29039300,1104,152.81
29039911,2478,0
29039915,5.8,1.13
29039917,64,64
29039919,4842.75,0
29039931,158.5,0
29039939,178,0
29039990,31327.51,158.53
29041011,16851.09,0
29041019,28,0
29041020,8798618.99,699491.1000000002
29041030,5942.44,0
29041040,598,0
29041051,75,0
29041053,379.9,0.73
29041060,128,0
29042010,20214.1,5111.2
29042041,7841.049999999999,0
29042052,58586.67,61.83
29042059,612,0
29042070,336.15,21.43
29042090,286,0
29043100,68114.62,4282.719999999999
29049013,42,9
29049016,16053,0
29049100,33,0
29049911,6224.3,8.92
29049912,21696.13999999999,24.35
29049913,3135,0
29049915,378.31,0
29049916,25347.6,60.38
29049919,1976.9,0
29049929,1069.06,0
29049990,641.9,134.94
29050000,0,0
29051100,215470.7799999999,27324.01000000001
29051210,3938.55,519.31
29051220,695182.42,122234.51
29051300,3407.559999999999,809.2299999999999
29051410,3107.4,16.64
29051420,27.7,7.1
29051430,39180.74,8224.160000000002
29051600,78,0
29051710,5562.63,1315.12
29051720,1557.51,120.61
29051730,77.6,0
29051911,657.3,6.21
29051912,16,8
29051919,4703.490000000001,550.61
29051922,132,4.46
29051923,70,0
29051929,24928.15,6431.2
29051992,396.3,0
29051993,161.5,0
29051994,55.51,11.25
29051995,14612,183.44
29051996,161.22,31.4
29051999,868.9,110.16
29052290,298.92,10.98
29052910,11802.98,351.11
29052990,61516.6,1208.8
29053100,494936.29,42033.88999999999
29053200,842455.55,114557.3
29053910,1140.9,0
29053930,45142.88,495.3799999999999
29053990,374,0
29054100,13234.64,69.3
29054300,398.11,0
29054400,3308.78,43.91
29054500,118432.84,19139.69
29054900,2347443.029999999,107896.72
29055100,192,5.220000000000001
29055990,29956.97,2903.23
29061100,8473.33,87.44999999999999
29061300,4744.78,1027.75
29061910,571.85,0
29061920,262.7,9.15
29061930,640,0
29061940,1390,0
29061950,4173.950000000001,350.75
29061990,552.74,0
29062100,95.9,0
29062910,5554.16,0.38
29062990,18424.49999999999,3307.559999999999
29069029,0,0
29071100,15207.53,132.92
29071200,5777.32,373.44
29071300,9200,815
29071590,44.5,0
29071910,369862.72,39929.83
29071920,7.5,2.07
29072200,7217.39,11.54
29072300,15470,3815
29072900,10064.74,282.37
29081911,45,0
29081912,1080,0
29081913,182.21,26.07
29081915,204.9,0
29081916,100,0
29081919,288,10.51
29081921,8675,0
29085338,0,0
29089200,189,0
29089919,10283.9,2375.11
29089921,132.13,0
29089930,85.19999999999999,11.2
29090000,0,0
29091100,9388.220000000001,638.41
29091910,805.9999999999999,0
29091990,135003.27,224.76
29093011,1470.4,0
29093019,19283.12,5.81
29093024,64372.7,763.22
29093025,19.99,0
29093029,565344.59,28022.99999999999
29094100,19881.93,0.16
29094310,202044.18,2094.349999999999
29094411,9676.019999999997,2275.29
29094412,8387.210000000001,593.5
29094419,12422.22,299.38
29094429,3144.16,933.5899999999998
29094910,1337,142.8
29094929,965.1700000000001,23.39
29094931,278.48,27.18
29094939,1395,0
29094941,94.4,19.49
29094949,280,25.9
29094950,25760,5963.44
29095011,370,34.23
29095012,53528.35,4913.48
29095013,2238.45,0
29095019,432,24.83
29095090,454.6300000000001,20.11
29096011,330.9,0
29096019,11651.71,818.4899999999999
29096020,3772.129999999999,254.76
29096090,115109.99,7075.75
29100433,0,0
29101000,144.8,0
29101249,0,0
29103000,113938.81,14230.62
29109090,2736.88,117.5
29110010,550,30.03
29110090,1131.97,2.74
29121100,4697481.45,607549.05
29121200,11729.94,633.74
29121912,3616.72,59.74999999999999
29121919,41213.6,4791.969999999999
29121921,600,0
29121922,520,23.1
29121999,28025.9,7684.95
29122990,58.32,0
29124910,6,0
29124920,2058.85,25.01
29124930,297.8,0
29124941,146.55,0
29124949,197.74,11.94
29124990,62243.64,194.67
29125000,419,0
29126000,679957.57,130513.73
29141100,6097.79,132.26
29141200,28895.08,471.98
29141300,280,0
29141910,92,0
29141921,1368,0
29141922,82.03,3.28
29141929,2062.43,168.58
29141940,452,0
29141990,8579.900000000001,1376.06
29142210,85.8,7.94
29142220,180,0
29142910,246,6.94
29142920,183280.52,19.18
29142990,3867.77,348.66
29143100,304,49
29143990,647.75,52.84
29144010,2507.36,44.92999999999999
29144099,72219.7,81
29145020,490267.83,28.03
29146100,188,0
29146200,7176.540000000001,364.03
29146910,151.84,0
29146920,1843,0
29146990,1827.7,180.61
29147029,168.96,0
29147911,26748.52,248.39
29147919,236,0
29147921,323.2,86.83000000000001
29147922,98,0
29147929,9.99,0
29147990,1052.04,0
29151100,237486.12,16085.11
29151210,1441978.86,149908.25
29151290,584069.35,15750.19
29151310,42,3.88
29151390,531933.99,18180.14000000001
29152100,185119.99,553.51
29152300,642,174.23
29152910,57812.97,12090.38
29152990,271034.16,29153.38
29153100,99.8,15.51
29153200,403.78,28.09
29153300,3657.6,280.91
29153500,87,0
29153600,2117.02,77.26
29153921,147,0
29153929,156886.07,32112.09999999999
29153932,2742.91,572.56
29153939,5276.530000000001,294.62
29153951,6,3
29153952,5600,851.88
29153955,80,2.92
29153994,8,1.99
29153999,3391.74,563.61
29155010,17344582.14,728850.7300000002
29155020,258708.02,25733.63
29156011,426800.86,22059.17
29156012,6,6
29156019,135406.38,15338.67
29156021,2930,0
29157011,1080050,124915.06
29157019,2560,0
29157039,99.53999999999999,28.53
29157040,4989.6,144.22
29159022,13315,0
29159023,138.4,0
29159029,978166.3299999997,45521.51000000001
29159031,2852.95,694.2800000000001
29159032,10.5,0
29159033,18,6
29159041,2740.41,359.83
29159043,46.8,0
29159049,32822.67000000001,3772.900000000001
29159050,34461.18,1799.6761
29159060,2709219.08,358581.83
29159090,185127.89,51.79000000000001
29161110,4747.1,0
29161210,63060,0
29161240,975,154.7
29161310,419.8,76.37
29161320,2500,0
29161410,142575.11,22839.7686
29161490,1394.4,0
29161511,2152.98,90.43
29161519,74594.2,14790
29161520,2564049.599999999,82289.67000000001
29161911,173566.87,45083.23
29161919,3997.85,12.67
29161990,94490.94,7530.449999999999
29162011,1227.63,51.14
29162014,22896.84,82.24000000000001
29162015,390445.8199999999,0
29162019,648.7,76.73
29162090,94.88999999999999,0
29163110,28663.79999999999,3757.450000000001
29163121,175784.78,38145.71000000001
29163129,26081.76,5495.929999999999
29163132,4409.99,796.0799999999999
29163139,30000,3600
29163210,2532.31,206.83
29163400,640,0
29163910,87325.66,7113.19
29163920,1710.62,0
29163930,21.99,0
29163990,281255,3183.46
29170000,0,0
29171110,117820.02,7875.320000000003
29171220,491987.5399999999,17583.89
29171310,714,0
29171323,15036.04,330.89
29171329,12954.28,517.8699999999999
29171400,68,12
29171910,12,1.91
29171921,112,28.66
29171930,2128377.64,153009.62
29171990,613,58.59
29173200,0.12,0.01
29173300,232,15
29173400,292,81.33
29173500,52,0
29173911,22644.42,218.37
29173919,5203.48,1177.14
29173939,785262.4400000001,10283.43
29173990,25610.23,2804.78
29174090,0,0
29181100,15068.02,2408.11
29181200,810,101.2
29181310,1658.7,178.45
29181400,2208560.4,286146.42
29181500,205970.73,20580.89
29181610,34263.3,1055.09
29181690,311.94,4.4
29181929,1037.7,131.53
29181930,75,0
29181943,89.7,0
29181990,187546.59,27579.59
29182110,28614,6395.62
29182211,52713.22,1315.31
29182212,22.44,5.069999999999999
29182219,1802.55,44.63
29182300,3138.73,19.1
29182910,1408.3,0.45
29182922,11109.83,1289.38
29182923,88370.82,8283.699999999997
29182929,209.5,0
29182950,6914.34,20.99
29182990,432,46.38
29183010,1250.81,0
29183032,275,190
29183090,5658,142.76
29189093,13635,0
29189100,13650.4,0
29189912,590,4.5
29189919,600,600
29189921,85.5,0
29189950,840,0
29189991,70212,0
29189993,173.04,0
29189994,6452,193.59
29189999,584.8,16.57
29191000,1702.12,0
29199010,165,5
29199040,35538.96,1870.64
29199050,24,0
29199060,53.07,32.94
29199090,1105.9,3.85
29200000,0,0
29201120,609.8,0
29201910,125.88,12.62
29201920,283.18,26.19
29201990,3210,0
29202990,9616.99,850.78
29209032,259.49,25
29209033,55.5,0
29209041,102,13.43
29209059,11289.58,924.3
29211111,1246.64,26.61
29211121,72,6
29211122,43984.35000000001,0
29211129,477,50.8
29211139,1624.3,87.58
29211200,1541,0
29211300,780,0
29211913,440174.13,37.72000000000001
29211919,68.83,0
29211923,20,0.58
29211941,190,0
29211992,77.4,0
29211999,15161.34,132.84
29212100,138842.86,10697.59
29212200,60.87,0
29212910,182.52,34.78
29212920,12135.45,2273.38
29212990,179500.76,4537.89
29213011,12008.75,2479.85
29213019,64296.82000000001,7133
29213090,63163.41,5676.7
29214100,1603.05,190.52
29214211,3102.44,65.5
29214221,1200,0
29214229,961.6,3.37
29214231,294.9,0
29214239,450.3,83.71
29214311,3784.28,535.9200000000001
29214319,35861.53999999999,0
29214321,1036.79,8.4
29214322,4668,707.76
29214323,117.2,7
29214329,5377.83,0
29214422,8942.58,849.0899999999999
29214429,56.97,0
29214500,8343.55,111.93
29214620,181290,0
29214650,94.7,0
29214660,1551.23,130.71
29214680,82000,0
29214690,155,155
29214921,2982.92,0
29214922,63000,0
29214929,220,8.03
29214990,16184.43,0
29215111,329,0
29215119,651,166.56
29215139,3256.5,351.8199999999999
29215190,6379,100.74
29215911,687.1800000000001,11.21
29215919,1913.02,286.25
29215929,1,0
29215931,651,98
29215932,379,100.28
29215939,13208.9,0
29215990,6324.910000000001,494.9300000000001
29221100,723481.0199999999,71340.26000000001
29221200,3941.8,0
29221320,55,55
29221500,10736.3,434.78
29221800,11501.6,57.11000000000001
29221911,10.5,0
29221912,12152.92,1474.39
29221913,15870.21,1208.28
29221919,1211.33,11.96
29221921,592.9,0
29221929,270,0
29221931,28,0
29221939,4653.05,0
29221949,53,0
29221952,550,0
29221959,118065.51,0
29221969,1948.5,0
29221979,399.85,0
29221981,34.9,0
29221989,143,0
29221991,64401.33,4819.179999999999
29221992,70,6.48
29221993,781.97,12.34
29221996,60,0
29221999,1120,190.4
29222911,4020,0
29222919,18360.98,0
29222990,6742.969999999999,90.17
29223112,1100,0
29223921,6.6,0
29223929,2981.1,0
29224110,33517047.88,2396231.06
29224190,104290154.79,10877410.49
29224210,308.39,4.529999999999999
29224220,134869.99,22457.7
29224410,320,0
29224910,201164.66,16183.73
29224920,11165698.65,801295.8400000001
29224940,1697.9,20
29224951,2.88,0
29224959,1134.68,0
29224961,277.88,0
29224962,527.9,0
29224964,149.94,0
29224990,30008437.56,1762917.31
29225029,224523.6,0
29225032,26,0
29225039,1565.6,208.09
29225099,54047015.02,1392917.85
29229000,0,0
29231000,1026410.83,29345.35
29232000,5210255.159999998,195273.35
29232190,0,0
29232990,0,0
29234000,65.9,6.09
29239010,5951007.69,73268.84
29239020,857.6199999999999,162.12
29239030,30133.28,7908.65
29239040,459.26,87.05
29239050,543765.78,80206.8
29239090,2155005.55,91174.23000000001
29241210,17.45,2.97
29241911,6995,170
29241919,272.96,69.47999999999999
29241922,3208.7,58.99
29241929,637.68,163.15
29241932,3536.04,0
29241939,38124.51,8534.490000000002
29241949,12,0
29241993,5300.32,0
29241994,15169.68,2079.13
29241999,13472.84,1166.02
29242120,51978.09,117
29242190,43241.99,0
29242914,1070.34,58.21
29242915,4452.28,0
29242919,159.43,0
29242920,157.9,0
29242931,333.5,37.84
29242932,6649.780000000001,213.76
29242939,1734.75,0
29242943,20,3.6
29242946,4216.08,77.95
29242949,259464.66,5.210000000000001
29242952,361.38,28.97
29242959,128.7,0
29242969,40,0
29242991,588,0
29242992,251837.15,0
29242993,1435.22,0
29242994,3523,0
29242995,1421.81,0
29242996,123536.17,14659.57
29242999,9187.41,804.6
29251100,1313.74,70.67999999999999
29251200,150,0
29251910,1675,215
29251990,16230.05,6.39
29252019,479.46,125.83
29252100,557504.4,4666.64
29252900,0,0
29252911,69.9,13.56
29252919,675132.26,33378.98
29252923,14290.21,1697.73
29252929,210875.07,7694.03
29252930,31222.55,1087.53
29252940,8,4
29252950,88028.94,15851.4
29252990,127370.39,13369.88
29261000,1076.26,0.5700000000000001
29262000,46111.5,103.87
29263012,63,0
29263020,223,216.52
29269006,0,0
29269011,102.4,0
29269012,58,0
29269021,2762.1,1.61
29269022,104950,0
29269023,534900.26,625.5999999999999
29269024,25074.73,3010.68
29269026,111458.98,7585.46
29269029,204.8,2
29269030,130,0
29269090,0,0
29269091,214.98,0
29269093,985.4,0
29269095,1790719.78,11753.92
29269096,171.82,23.03
29269099,44077.93,110.97
29270010,70,0
29270029,518508.3,31390.4
29280011,55.87,0
29280019,98,4
29280030,5752.84,24.57
29280041,25,0
29280042,4603.99,566.05
29280090,429,10.61
29291010,134800.42,20938.43
29291021,46363.02,1081.96
29291029,142359.16,13953.99
29291090,324510.26,42563.49
29299011,43,0
29299012,461.82,0
29299019,157.78,0
29299039,13.8,0
29299090,19886.86,838.23
29301000,120,0
29302012,352990.51,5643.24
29302019,129.99,0
29302021,2445.8,166.72
29302022,520119.3099999999,73983.81000000001
29302029,2643.6,0
29303019,117899.65,148.92
29303021,1337.98,0
29303029,2288.25,137.52
29304010,15202254.08,498064.5700000001
29304090,112878741.57,3801504.78
29306000,5485.42,0.34
29308010,575.6,0
29308020,60,0
29309011,14057.71,1318.79
29309012,1687.56,0
29309019,3997,294.79
29309022,287436.44,0
29309023,62.81,0
29309029,281.2,51.46000000000001
29309031,382644.4999999999,12452.84
29309032,350,0
29309033,7,0
29309034,26526577.63,2702552.53
29309035,1700555.53,1368
29309037,35,0
29309039,372080.11,18248.2
29309041,34976.6,1564.75
29309043,89331.09999999999,0
29309049,153.9,2.81
29309052,80,0
29309059,12.79,1.84
29309061,4163296.49,3442.47
29309069,22.4,0
29309079,243.9,16.02
29309081,6,2
29309084,71162.71,41.62
29309085,66221.24,0.06999999999999999
29309086,35654,0.85
29309087,12869.76,2.5
29309089,70,0
29309091,5677.7,0.7
29309093,19.2,0
29309096,739.8,70
29309098,50,0
29309099,70235.44,8714.18
29310029,79,0
29310039,435.75,0
29310051,32,8.94
29310090,365,0
29311000,67938.26,10628.74
29312000,950.06,161.87
29313100,200,18.5
29313999,30,0
29314100,11532,0
29314600,685,0
29314700,27198.57,113.88
29314800,80.85000000000002,0
29314911,22148,4149.6
29314913,372.97,0
29314914,207180.73,683.04
29314915,44450,0
29314920,58.17,5.37
29314990,6982.46,726.72
29315100,108370.24,1416.59
29315200,52550,756
29315300,36170.4,0
29315400,396.9,0
29315912,630,0
29315913,19118,0
29315991,2272.440000000001,0
29315996,194,14.71
29315999,31284.52,1597.21
29319021,12020,528.11
29319029,284889.66,1769.76
29319032,55338,63.65
29319045,700,20
29319049,597.19,15.52
29319052,55.5,0.16
29319059,2671.1,117.33
29319069,1144,118.95
29319090,17946.58,1213.31
29321100,25329,888.39
29321200,1191.84,0
29321310,773.38,39.11
29321400,152.8,0
29321930,40,0
29321950,350,54
29321990,263495.52,30838.07
29322000,676881.09,29271.21
29322110,30,0
29322931,1111,0
29322990,19.22,0
29329200,107540.09,2978.27
29329300,40,0
29329400,1500,0
29329600,596.8000000000001,0
29329911,3030312.95,112723.44
29329912,748,29.93
29329913,661.5,0
29329921,3590.7,0
29329991,5460.24,0
29329992,109949.55,0
29329994,55715.15,0
29329999,90734.62,15234.08
29331111,142923.18,6363.74
29331119,24767.39,251.23
29331120,739.1,24.33
29331190,100172,11.55
29331911,1191.05,0
29331919,1660.4,0
29331990,430,0
29332110,4135.6,0
29332121,589.74,100.24
29332129,1151.21,37.36
29332190,35,0
29332911,36,0
29332912,356.68,0
29332913,1050,0
29332919,90,16.25
29332923,270,7.880000000000001
29332925,264,0
29332929,1614.85,148.82
29332930,101.25,0
29332991,1867.66,60
29332994,102756.54,1.76
29332995,10441.23,4.319999999999999
29332999,14446.24,220.69
29333120,125218.21,11567.61
29333200,243499.44,53.44
29333319,254.16,0
29333321,300,150
29333322,388774.94,1629.16
29333329,27894,2295.04
29333331,812.2,0
29333342,15,15
29333349,522.89,0
29333359,1383.72,187.14
29333361,20,0.6
29333369,250,0
29333371,321.63,79.37
29333379,9,3
29333382,97078.2,155.03
29333383,84,0
29333389,706312.87,56830.13999999999
29333391,15,0
29333394,1069861.11,2867.16
29333400,1506.54,121.82
29333600,429.06,0
29333700,738.4200000000001,52.64
29333914,34617.8,1.85
29333915,1400,0
29333919,795086,0
29333921,104674.71,281.69
29333922,1539599.56,3953.34
29333924,10.42,0
29333925,34713.16,0
29333929,1632614.5,640.61
29333933,20,0
29333935,60150.59,959.29
29333937,11596.1,0
29333939,15905.9,4029.54
29333941,6992,0
29333946,34263.18,546.76
29333949,570.1700000000001,4.2
29333981,732,23.31
29333983,240,0
29333991,43.91,0
29333992,29000,4538.5
29333993,4880,0
29333994,2640.2,23.18
29333999,134988.78,10836.16
29334110,55,0
29334913,15,2.85
29334930,62.9,0
29334990,101777,6764.199999999999
29335200,2019.41,3.81
29335323,6220,575.37
29335350,251775.65,0
29335371,1647700,0
29335380,63.7,0
29335400,11783.98,41.12
29335520,1350,0
29335540,23.62,0
29335912,11154.63,1208.07
29335913,3784,0
29335914,396,0
29335915,81491.62999999999,3519.53
29335919,8033.440000000001,522.21
29335921,153.45,0
29335932,4816.76,98.79
29335935,3213.5,124.12
29335941,32413.44,745.4000000000001
29335942,2124.73,399.67
29335943,139.8,0
29335944,44.4,0
29335945,29.48,0
29335949,1777,0
29335991,4980.61,14.98
29335992,7009.31,0
29335999,17052.35,1522.17
29336100,627.49,32.35
29336900,0,0
29336911,84646.72,1135.47
29336912,176,0
29336913,252498.76,4237.309999999999
29336914,24002.86,0.71
29336916,117.64,28.38
29336919,2339195.32,155395.84
29336923,5844,0
29336929,44085.13,926.0000000000001
29336991,48428,0
29336992,5081.64,71.37
29336999,274201.94,7296.1
29337100,8487.2,0
29337210,147500.5,0
29337220,25200,0
29337910,186,19.56
29337990,822795.3300000001,33293.01
29339111,800,0
29339113,6962.86,488.74
29339115,1845455.5,0
29339119,4517,1185.73
29339129,795,0
29339132,36567.37,471.42
29339133,1600,0
29339134,517.6800000000001,15.5
29339139,235,5
29339151,2015,203.91
29339152,1180,0
29339161,1141.5,0
29339162,80.25,0
29339171,15,0
29339172,100,10
29339173,278,0
29339179,2004.61,192.36
29339181,120.82,0
29339189,10147.12,0
29339913,110,0
29339919,14358327.36,470487.8
29339920,3236.33,169.14
29339934,282.6,0
29339939,280,0
29339941,960341.3,1758.12
29339945,481.5,440
29339946,12022,0
29339949,71.5,3.5
29339951,55,55
29339953,1460705.45,18260.85
29339954,3426.74,11.77
29339955,7603.65,0
29339956,22123.48,157.11
29339959,59.96,0
29339969,112264.4,0
29339992,46,0
29339993,74.73,0
29339995,200,2
29339999,2032302.07,110135.82
29341090,1299.88,24.42
29342010,2710,0
29342020,3175.88,110.45
29342031,5226.84,0.12
29342032,6553,0
29342033,8606.26,41.1
29342034,10308.52,0.29
29342039,548.1600000000001,0
29342040,10547,5.779999999999999
29342090,270,0
29343090,1710,32.48
29349053,808.5,229.79
29349129,80,0
29349141,48,0
29349200,3965,0
29349911,11550.8,2490.67
29349912,531.16,72
29349915,28,0
29349919,435,111.3
29349922,581.54,51.15000000000001
29349923,6990,0
29349924,36,0
29349925,11440,0
29349929,60,30
29349931,37210.62,6521.8
29349934,6056.25,1178.76
29349935,35964,0
29349939,322036.21,4111.76
29349941,165,6.02
29349942,16,0
29349943,5.25,0
29349945,45,1.31
29349946,493.61,0
29349949,310.36,0
29349951,40.62,0
29349952,149.5,0
29349953,78847.25,1918.82
29349954,11.9,1.1
29349969,77.99,0
29349992,962,0
29349999,86866.79,1295.6
29350019,100,0
29350023,15.37,1.35
29350025,625,0
29350099,47.71,0
29352000,1575391.550000001,70035.47999999998
29355000,9082.9,0
29359011,55,0
29359015,45,0
29359019,133863.4,54.96
29359023,220,0
29359024,16.45,0
29359029,159.6,1.68
29359094,6339.68,0
29359099,2388.24,26.24000000000001
29362111,945.71,40.41
29362112,305351.2,5079.23
29362113,2404.95,31.05
29362119,712.9300000000001,0
29362190,104967.49,46.85
29362210,4024.41,215.91
29362220,87776.95999999999,3520.24
29362290,897.77,48.26000000000001
29362310,112707.2,2627.23
29362320,3348,0
29362390,839.7,230
29362410,55963.18,121.16
29362490,1256.67,25.24
29362510,4087.36,225.77
29362520,78881.78,3171.89
29362590,260,0
29362610,64084.32999999999,384.86
29362690,23960.45,377.73
29362710,144130.39,12493.21
29362720,35887.5,4306.5
29362790,1365070.82,94451.51999999999
29362811,2115.8,138.36
29362812,2773868.86,59971.06000000001
29362819,4725.68,0
29362890,31725.17999999999,2479.929999999999
29362911,50330.73,922.37
29362919,8329.289999999999,750.12
29362921,38994.27,1031.07
29362929,4131.29,79.87
29362931,15212.27,355.39
29362939,149.99,0
29362940,27663.47,585.61
29362951,130206.74,1915.83
29362952,35443.16999999999,9.15
29362953,15,0
29362959,8400,797.76
29362990,1366639.58,164633.51
29369000,1716991.33,54858.75999999999
29371100,250,0
29371200,140,0
29371920,986.8000000000001,0
29371950,3023.43,65.64
29371990,641586.6200000001,59352.71000000001
29372120,2263,0
29372130,248.44,9.08
29372140,2974.78,243.22
29372201,0,0
29372210,85073.36,1165.86
29372221,1300.71,24.36
29372229,167.8,27.72
29372231,2892,0
29372239,13670.3,906.86
29372290,6675.26,0
29372310,75145.13,8576.140000000001
29372331,764.38,17.2
29372339,50,50
29372341,347,0
29372342,262,1
29372349,19175.28,943.3700000000001
29372359,505.5,0
29372360,75,1.1
29372391,360.25,106.92
29372399,621647.3799999999,48324.88
29372910,700,24.1
29372920,12600.1,0
29372939,262.9,0
29372940,3895.59,395
29372960,363.54,11.67
29372990,29800.59,1730.99
29375000,2250,0
29379010,11917.8,434.9999999999999
29379090,14970.72,1181.04
29381000,77.07,0
29389020,55.9,0
29389090,18676.68,1327.18
29391110,19.9,5.45
29391121,2179.85,0
29391122,21.66,0
29391123,622.63,0
29391151,300,0
29391153,103.8,2.91
29391161,28.5,1.05
29391169,750303.82,3754.24
29391181,100,0
29391900,142.85,0.54
29392000,106.79,5.7
29393010,182090.35,2840.27
29394100,83,0
29394200,69.5,0
29394520,24085.2,0
29394900,28740.71999999999,1207.64
29394949,0,0
29395100,300,300
29395920,48,0
29396929,1576.2,57.51000000000001
29396931,3543,15.2
29396942,80,40
29396949,4672.19,0
29397111,120,0
29397290,843.2,2.73
29397911,1240.01,0
29397919,295,0
29397931,349.24,14.5
29397939,300,0
29397940,60,0
29397990,2481.71,114.58
29398090,49987.8,3.13
29399119,613,91.22999999999999
29400011,25.11,0
29400012,65.31,0
29400013,26941.08,0
29400019,6636.120000000001,141.36
29400021,1108.49,262.25
29400022,200,2.19
29400023,6087.5,93.54
29400029,590,0
29400092,861.35,1.46
29400093,83,0
29400099,1183156.79,45718.34
29410000,0,0
29411010,2080.1,80.35
29411020,28873.42,1775.35
29411031,1427,142.22
29411039,28606.5,1788.02
29411041,1016.1,0
29411042,1953.98,28.25
29411043,598.8,0
29411049,487.31,16.09
29411090,669551.7699999998,2821.97
29412010,85754.8,15130.56
29412090,7166,1280.86
29413010,56,0
29413020,601835.9199999999,6398.500000000001
29413090,9196.990000000002,0
29414011,6350.23,472.29
29414019,85,50
29415010,165.39,0
29419011,500,0
29419012,262.5,31.5
29419013,108.62,0
29419019,2067.45,304.71
29419021,1500,0
29419029,1174.5,0
29419031,1835,0
29419032,470.06,13.16
29419033,7822.04,0
29419039,15982.26,0
29419041,35518.12,400.39
29419043,16222.43,376.32
29419049,3615.15,98.57
29419059,7236.33,1004.5
29419061,1098.13,71.21000000000001
29419071,337442.71,27053.49
29419072,23783.82,868.1199999999999
29419073,562948.8300000001,29129.79
29419082,135,0
29419089,2158.62,0
29419092,304.53,0
29419099,178763.91,4470.190000000001
29420000,14336732.75,507503.8
29586201,0,0
29601260,0,0
29853100,0,0
30000000,0,0
30000632,0,0
30004405,0,0
30004909,0,0
30005467,0,0
30009099,0,0
30011190,0,0
30012001,0,0
30012010,28525.82,671.37
30012090,362388.34,6580.61
30019010,2172.69,14.29
30019020,5142.940000000001,0
30019031,210.27,0
30019039,12565.18,209.19
30019090,29644.67,1779.76
30021011,4665.7,0
30021012,8790.69,95.31
30021013,1488.4,0
30021015,309,0
30021016,4929.030000000001,0
30021019,261.11,25.9
30021021,266,0
30021029,5683.699999999999,0
30021032,74,10.96
30021033,180,180
30021037,40,0
30021038,71.12,0
30021100,195,0
30021211,1334470.1,12673.67
30021212,677714.12,6318.23
30021213,7784,0
30021215,4960,0
30021216,34125.57000000001,235.59
30021219,4111038.61,533084.51
30021221,3700.5,9.89
30021222,689965.82,0
30021224,578.2,0
30021229,31036881.44,3275554.38
30021231,2633,238.85
30021233,100,0
30021234,130,0
30021235,66626.64000000001,821.44
30021236,1855.38,52.84999999999999
30021239,276182.17,1795.28
30021300,10881,0
30021400,195434.94,364.01
30021490,1395,0
30021510,1400.17,0
30021520,64290.87,7007.920000000001
30021590,2425021.82,242586.3800000001
30022011,249,0
30022026,2560,93.43
30023004,0,0
30023010,494676.0299999999,1370.25
30023011,0,0
30023030,41369.36,0
30023040,42928.01,2008.179999999999
30023050,202986.84,451.67
30023060,165243.56,385.17
30023062,0,0
30023070,7328.809999999999,21.48
30023080,53584.68000000001,4622.849999999999
30023090,4414419.829999998,22303.72
30024111,333885.63,1951.27
30024112,48446.64,353.32
30024115,2790,0
30024116,4682.6,234.02
30024117,1925,133
30024119,320949.91,412.29
30024121,88305.08,3836.55
30024122,1391.52,0
30024123,747.8,6.09
30024124,1369.6,0
30024125,25728.92,792.7099999999999
30024126,165920.5,0
30024127,3364.9,154.7
30024128,56.94,0
30024129,198837.05,5792.37
30024210,17760111.62,94562.62000000001
30024220,2576729.88,152041.2399999999
30024230,1483707.7,6944.04
30024240,369439.9799999999,19073.35999999999
30024250,13572542.32,123222.89
30024260,6387524.970000001,35249.54
30024270,65887297.88999999,671558.8199999998
30024280,28489693.77,367214.78
30024290,498807030.5900001,7773536.93
30024900,0,0
30024909,0,0
30024910,1650318.07,67042.01999999999
30024920,444404.53,35711.35
30024991,35105436.96,1729778.67
30024992,2331073.9,277318.5200000001
30024994,1343.75,0
30024999,320432974.23,3614693.930000001
30025100,59838.56,188.8
30025900,1866989.01,13832.71
30029000,606054918.7700001,5868889.830000001
30029010,15360,0
30029019,0,0
30029020,420,111.3
30029090,0,0
30029091,1677080.33,50234.25999999999
30029099,12967028.9,167214.27
30031011,137659.52,813.3199999999999
30031012,68066.56999999999,30.72
30031013,5991.17,64.49
30031014,4330.82,38.08
30031015,4839.08,0.24
30031019,84471.39,3083.31
30031020,11153.45,0
30032011,1261.56,7.88
30032019,20124.46,8.84
30032021,682.4,0
30032029,291400.3,3028.61
30032031,1020.75,0
30032032,46530,0
30032039,7272.139999999999,32.09
30032041,898379.1900000001,10598.18
30032049,837.4200000000001,5.11
30032052,185829.16,1627.12
30032059,15401.55,548.61
30032061,3010175.330000001,14481.19
30032062,97,0
30032069,19570.05999999999,242.4
30032071,1232.32,0
30032072,894.27,0
30032079,10998.43,0
30032091,225.5,0
30032092,3508828.93,92354.17000000001
30032095,482,12.23
30032099,3727247.14,232563.31
30033090,0,0
30033100,449.37,6.23
30033911,3209,0
30033913,260.3,47.91
30033914,40.99,0
30033915,43,0
30033917,178,0
30033921,12824.79,0
30033922,447294.4800000001,2989.39
30033925,25982.93,1.45
30033926,737.5,6.08
30033927,1681.04,0
30033929,7798.100000000001,458.65
30033933,113,0
30033934,35,0
30033939,3376.48,137.75
30033991,188842.44,0
30033994,75.75,0
30033999,155598.32,1446.9
30034030,525,525
30034090,814.1600000000001,0
30034200,1113.8,0
30034300,4742.77,0
30034562,0,0
30034910,114,0
30034920,639.1,0
30034930,77.59999999999998,2.66
30034950,2131.23,0
30034990,2443156.14,72082.38
30036000,536.0600000000001,0
30039001,0,0
30039011,3072.07,0
30039012,99.1,0
30039013,4143.81,11.59
30039014,1968.39,80.04
30039015,818.85,22.1
30039016,13427.64,160.25
30039017,2622.5,0
30039019,906506.22,4481.839999999999
30039021,285.35,0
30039024,12020.33,0
30039029,374.08,10.02
30039031,10400.27,159.57
30039033,328441.6,2603.19
30039034,738863.9499999997,5018.430000000001
30039037,1072.5,0
30039039,10025.47,89.09000000000002
30039041,5266.57,104.44
30039042,1166.24,20
30039043,4579.860000000001,578.79
30039045,65.94,0
30039046,3544.23,0.75
30039047,4597.349999999999,43.28
30039049,846842.7699999999,2585.33
30039051,1513.46,59.78
30039052,467.27,19.2
30039053,24235.71,529.74
30039054,60,10.2
30039055,16587.50999999999,63.11999999999999
30039056,42637.63999999998,3689.040000000001
30039057,1871.85,57.48
30039059,32632.2,111.63
30039061,5877,1533.9
30039062,8573.13,8.96
30039064,338.96,0
30039065,45689.09,0
30039066,180,0
30039067,31937.73,321.16
30039069,1038702.2,21802.6
30039071,162,3.32
30039072,261.44,0
30039073,318733.2499999999,3171.540000000001
30039074,313.81,32.15
30039076,13046.31,217.42
30039077,1581428.53,94904.54
30039078,590.36,0
30039079,11162326.66,291584.46
30039081,26.99,0
30039082,1383820.25,1709.69
30039083,1991.4,10.11
30039084,8393.85,12.98
30039085,1099.85,0
30039086,2935.4,63.03
30039087,7135.47,489.13
30039088,960.6,0
30039089,8900.970000000001,84.65999999999998
30039091,18863.8,1597.63
30039094,4459.389999999999,76.72
30039095,3446.81,0
30039096,5926.259999999999,5.06
30039099,16411639.03,322725.2299999999
30041011,3979696.219999999,13386.96
30041012,64380199.98,4560056.72
30041013,9084313.6,126178.04
30041014,754191.66,3859.21
30041015,2864571.540000001,22928.68
30041019,19304529.17,135769.46
30041020,6867455.529999999,54488.13
30042009,0,0
30042011,49153.07999999999,324.01
30042019,36701788.99000001,2411281.92
30042021,2919.490000000001,543.21
30042029,79594388.88000001,4840330.260000001
30042031,28050.12,329.29
30042032,1795.7,38.56
30042039,44606.02,1683.34
30042041,11795375.78,957131.3
30042049,70502.26,1565.47
30042051,5183.799999999999,0
30042052,3698550.73,23321.32
30042059,36275674.51000001,377405.21
30042061,3230402.929999999,42750.61
30042063,60,0
30042069,3973551.18,210222.88
30042072,397.28,0
30042073,31363.2,2343.34
30042079,9254799.52,443554.72
30042090,0,0
30042091,6052.25,0
30042092,13009595.62,1215573.54
30042093,105,0
30042094,5743.87,95.75999999999999
30042095,4770.41,0
30042099,101640408.78,6190251.0711
30043100,44451.54999999999,93.75
30043200,595.85,5.46
30043210,6020496.740000002,47710.22000000001
30043220,15936.29,317.86
30043290,6188048.09,54387.09000000001
30043911,139766466.68,1518848.75
30043912,572783.3,23985.5
30043913,54363.42,1804.91
30043914,33.9,0.89
30043915,52851455.24999999,417165.9300000001
30043916,229731.73,0
30043917,8364853.870000003,76057.88999999998
30043918,180545.62,4493.540000000001
30043919,73913.20999999999,1353.57
30043921,6095658.54,53808.75
30043922,3055000.55,38607.6
30043923,37.8,0
30043925,125.7,0
30043926,1635,0
30043927,52075.12,1899.29
30043929,9372383.88,129869.4299999999
30043931,3037.5,0
30043932,159.9,0
30043933,31241.56,477.05
30043936,6022.08,668.54
30043937,1023.57,5.55
30043939,97451347.55000003,843041.9399999998
30043981,92756.99999999999,972.59
30043990,1318.86,0
30043991,6547281.02,94421.56999999999
30043992,22345.47999999999,0
30043994,15928.08,0
30043999,32877512.68,272058.04
30044030,117,5.51
30044040,76.71,0
30044090,15791.89,332.13
30044100,36765.82000000001,1595.46
30044200,23036.62,13.07
30044240,0,0
30044300,246667.5,0
30044503,0,0
30044900,0,0
30044910,724.5,0
30044920,152207.72,1199.6
30044930,3478.46,0
30044940,43495.77,4476.92
30044950,162.36,18.28
30044990,15865861.97,193764.4
30045000,0,0
30045010,8499.17,19.1
30045020,2121533.49,14586.71
30045030,8577093.17,50429.4798
30045040,6111444.919999999,45826.18730000001
30045050,276311.44,2664.75
30045060,65258.08,90.03999999999999
30045090,88329073.03000002,866926.8150999998
30046000,7570566.04,34665.98
30046900,0,0
30049002,0,0
30049006,0,0
30049011,17301.58,252
30049012,9134.730000000001,1.5
30049013,6167.46,59.51000000000001
30049014,505,0
30049019,522932.91,9915.61
30049020,0,0
30049021,164291.9800000001,11792.98
30049022,1299.46,0
30049023,1380816.28,8620.15
30049024,4694686.810000001,34292.49
30049025,3330.48,0
30049026,15876.71,984.9399999999999
30049027,147.24,0
30049028,375.54,0
30049029,18934492.95,153234.13
30049031,20.6,0
30049032,186435.55,1856.01
30049033,155417.62,308.6
30049034,14487.92,304.36
30049035,28824.65999999999,2.9
30049036,28755.92,247.12
30049037,3281172.15,20892.44
30049038,986.31,0
30049039,6022323.730000001,112062.92
30049041,693320.75,10232.78
30049042,25095.35,466.38
30049043,1217803.59,16806.2642
30049044,1310.33,11.01
30049045,371208.49,13843.12
30049046,2485409.78,89442.66
30049047,137229.67,4457.309999999999
30049048,850.4000000000001,0.51
30049049,4839187.100000001,26597.55
30049051,2288.01,4.73
30049052,1587.5,212.74
30049053,1509.91,0
30049054,17553.99,123.12
30049055,33046697.54999999,173201.83
30049057,2187.24,119.4
30049058,1790.7,10.81
30049059,163376261.26,1174867.42
30049061,1715500.91,63422.79700000001
30049062,57527260.31999999,287295.01
30049063,13553511.56,190658.25
30049064,92852.61000000002,482.78
30049065,41230.09,616.18
30049066,148828.76,2761.81
30049067,25839869.63,969684.5599999998
30049068,358442.6300000001,617.98
30049069,55576784.38,807836.71
30049071,8114519.990000001,56322.72
30049072,3130504.9,198850.8
30049073,12917590.27,57654.81999999999
30049074,76821.56999999999,221.1
30049075,8219.13,75.53
30049076,44520.52,370.5
30049077,70498.99,3540.64
30049078,183032.92,2521.69
30049079,64685155.95,1056516.056
30049083,0,0
30049090,0,0
30049091,52744.62999999999,35.73
30049092,55996.25999999999,253.34
30049093,4284.25,288.91
30049094,56487.92,3189.73
30049095,191095.45,1290.34
30049096,4138787.6,39075.47
30049097,132,0
30049098,37374.68,10.14
30049099,99120003.45999998,1983351.547
30049199,0,0
30049322,0,0
30049909,0,0
30049910,0,0
30050000,0,0
30051010,27866.21,312.99
30051019,132.35,0
30051020,114760.04,5022.840000000001
30051030,153388.54,5153.8
30051040,269.42,3.31
30051050,115330.15,11824.58
30051090,843333.35,121989.51
30055990,0,0
30059000,0,0
30059011,819.88,24.91
30059012,1220.8,163.88
30059019,105352.86,8731.371
30059020,25952.13,2666.03
30059090,2944826.719999999,196713.2746000001
30059099,0,0
30061010,24761.17,3761.99
30061019,10.35,2.35
30061020,12847.54,344.54
30061090,1450106.71,47086.696
30062000,25,25
30063011,608.2,0
30063012,234.5,0
30063016,783.25,62.39
30063017,510.72,12.36
30063018,3568.77,3.47
30063019,4420,284.9299999999999
30063021,690,0
30063029,21876.63,717.81
30064011,275406.6800000001,28283.83069999999
30064012,461693.7399999999,58429.5945
30064020,44321.06,1342.02
30065000,109665.74,1432.88
30066000,1227489.2,5040.479999999999
30067000,288414.77,28564.27
30069110,54497.53999999999,5907.11
30069190,24815.16,2514.01
30069200,264.76,22.08
30069300,557336.08,6512.01
30081020,0,0
30082011,0,0
30082029,0,0
30089198,0,0
30089199,0,0
30089329,0,0
30089429,0,0
30089993,0,0
30089999,0,0
30101001,0,0
30102012,0,0
30140090,0,0
30141052,0,0
30169090,0,0
30172300,0,0
30174090,0,0
30183119,0,0
30200010,0,0
30201010,0,0
30239000,0,0
30249041,0,0
30250000,0,0
30254900,0,0
30259090,0,0
30269090,0,0
30305101,0,0
30322000,0,0
30350000,0,0
30402500,0,0
30422099,0,0
30500018,0,0
30613990,0,0
30830000,0,0
30870899,0,0
30929091,0,0
30980000,0,0
30989000,0,0
31010000,1704668313.79,28499219.5
31021000,0,0
31021010,4574602821.83,105761235.2
31021090,627999323.96,12037472.21
31022100,2042027643.1,34502958.53
31022910,436944.04,3838.46
31022990,142633846.19,3245244.83
31023000,68406117.72999999,1345594.03
31024000,327315648.74,8467206.219999999
31025000,0,0
31025011,62037184.37999999,1625514.68
31025019,979686.5,22678.11
31025090,69427554.29,1224926.33
31026000,101171356.98,2207854.27
31028000,232291661.71,4652332.09
31029000,2179768357.36,35766182.47000001
31029090,0,0
31031010,6756651.09,614876.04
31031030,282784.8800000001,7276.130000000002
31031100,1520805097.97,43060352.5
31031900,4268548404.75,87947418.83
31039011,483660519.17,7755078.68
31039019,73421880.31999998,2133246.17
31039090,1047229971.99,26882042.94
31039291,0,0
31040020,0,0
31042010,3269726210.340001,79925749.37
31042090,8074147013.32,149893528.74
31043010,99380541.58999999,2205950.28
31043090,24703568.54,540919.6
31049010,2413772.88,135445.48
31049090,847105659.8100001,22083036.15
31050000,0,0
31051000,979084144.8399999,21054499.67
31052000,17453330347.62,314448591.82
31053000,181665558.47,1454010.37
31053090,134302.95,2749.619999999999
31054000,4137290563.3,82192161.16
31054010,0,0
31055000,0,0
31055100,395778806.77,10189225.06
31055900,5710933029.73,114156995.78
31056000,1907976608.42,19326905.11
31059010,0,0
31059011,107853549.28,1669588.68
31059019,306821537.28,8194444.539999998
31059030,0,0
31059090,8217602046.319999,157123031.51
31089010,0,0
31089199,0,0
31100012,0,0
31129090,0,0
31141010,0,0
31141020,0,0
31151900,0,0
31174090,0,0
31191090,0,0
31200100,0,0
31219999,0,0
31811500,0,0
31822007,0,0
32011000,8346.880000000001,45.58
32012000,393759.63,55023.25
32019000,0,0
32019011,3556,675.6400000000001
32019012,1543.5,5.42
32019019,124937.38,895.7899999999997
32019020,221877.68,17153.4
32019090,1545210.2,201844.48
32021000,119719.67,2180.49
32029000,0,0
32029011,744.98,0
32029012,259.92,9.459999999999999
32029013,74098,0
32029019,12899.05,115.04
32029021,118,4.31
32029029,1013.88,92.64999999999999
32030012,274,0
32030013,470,235
32030019,767736.77,60370.44
32030021,6400.29,463.24
32030029,75127.22,111.67
32030030,767408.77,33975.71
32041010,0,0
32041020,0,0
32041100,4682378.11,736340.13
32041210,133420.48,10321.66
32041220,5731.42,346.55
32041247,0,0
32041300,381958.9000000001,34134.16
32041400,17945.88,1650.77
32041510,35.5,0
32041520,56.21,7.87
32041530,205.65,17.98
32041590,26434.1,2298.95
32041600,39959.24000000001,2955.78
32041700,4213289.73,267284.47
32041810,9570148.5,828495.99
32041820,2301638.95,257016.53
32041830,19640.35,1330.52
32041890,3576.02,301.17
32041911,25,25
32041912,20939,35.89
32041913,354.08,7.420000000000001
32041920,83610.73,2963.86
32041930,16688.51,1442.11
32041990,456333.16,30731.11
32042011,4178.72,53.67
32042019,917.62,52.04
32042090,7295.22,1191.98
32042900,0,0
32049000,3339987.06,402447.7800000001
32049039,0,0
32050000,30040.73,6446.88
32053003,0,0
32054000,0,0
32061010,0,0
32061110,256348.93,2759.93
32061111,165.84,0
32061119,3149.4,510.01
32061120,2608.15,135.59
32061130,48685.81,3055.99
32061910,3626473.36,444731.2500000001
32061990,4895771.79,452881.7400000001
32062000,6952.25,296.41
32064100,40757.71,3216.69
32064290,64,0
32064900,88,0
32064920,202,130
32064990,8013667.130000002,737199.8299999998
32065011,2636,7.63
32065019,985,0
32065021,2523.02,213.14
32065029,8747.36,387.4
32071010,420.19,0
32071090,25603.15,883.7499999999999
32072010,147134.58,197.9
32072099,16423.49,1342.49
32073000,183367.03,3531.84
32073029,0,0
32074010,29212.5,0
32074090,43268.85,2170.44
32075011,0,0
32080000,0,0
32081000,0,0
32081010,43293807.48999998,2237982.59
32081011,0,0
32081020,5897710.020000002,267563.0900000001
32081030,9787.4,751.9
32081090,0,0
32082010,6113.63,39.84999999999999
32082011,4691133.84,227097.6099999999
32082019,14044882.51,764613.65
32082020,3916867.68,168572.11
32082030,44945.13,4032.26
32083010,0,0
32083019,0,0
32088010,0,0
32088019,0,0
32089000,0,0
32089002,0,0
32089010,62616771.2,4217300.9
32089019,0,0
32089021,194894.72,8900.46
32089029,7077883.08,376893.1000000001
32089031,169381.2,9851.469999999998
32089039,536144.29,38097.28
32089100,0,0
32089299,0,0
32090000,0,0
32090010,0,0
32090101,0,0
32091000,0,0
32091010,175993214.9400001,9158379.0262
32091011,0,0
32091020,3052010.390000002,154494.7800000001
32092019,0,0
32092020,0,0
32092355,0,0
32094990,0,0
32095011,0,0
32095252,0,0
32095558,0,0
32095874,0,0
32099011,177410.76,15951.03
32099019,7028977.2,783919.74
32099020,251565.39,9272.08
32100000,0,0
32100010,801113.98,16329.1
32100020,50568.46,1609.51
32100030,4035.28,139.71
32101000,0,0
32110000,130587.27,15136.06
32110100,0,0
32119390,0,0
32121000,15790.68,501.52
32121010,0,0
32123212,0,0
32129010,119211.31,334.71
32129090,848738.6400000001,74577.08
32131000,162640.43,2636.81
32139000,18848.95,705.43
32140000,0,0
32140090,0,0
32140900,0,0
32141000,0,0
32141002,0,0
32141010,18290055.88,2537734.03
32141013,0,0
32141020,27003368.76,3230031.37
32141023,0,0
32141090,0,0
32141900,0,0
32144900,0,0
32149000,91629216.71,7221957.4093
32149090,0,0
32149099,0,0
32151100,1523132.1,175953.39
32151900,1618591.95,134692.83
32154678,0,0
32155900,0,0
32159000,6245839.550000001,1153505.31
32159100,0,0
32165465,0,0
32172300,0,0
32174090,0,0
32200000,0,0
32209990,0,0
32211900,0,0
32229000,0,0
32232190,0,0
32239000,0,0
32241000,0,0
32244000,0,0
32245000,0,0
32249000,0,0
32249041,0,0
32249941,0,0
32251000,0,0
32259090,0,0
32269090,0,0
32290000,0,0
32310000,0,0
32323232,0,0
32326633,0,0
32409000,0,0
32439000,0,0
32454646,0,0
32540000,0,0
32605000,0,0
32629008,0,0
32659863,0,0
32659874,0,0
32690900,0,0
32893289,0,0
32901010,0,0
32923007,0,0
32992811,0,0
33010000,0,0
33011210,652073.2799999999,76924.42
33011290,1191557.1,125018.67
33011300,45133.65,3030.88
33011910,2975.72,38.57
33011990,82152.99,2188.22
33012400,62681.1,9968.68
33012510,2838.25,12.41
33012520,1970.72,338.6700000000001
33012590,72330.04999999999,6897.909999999999
33012600,131.88,28.03
33012911,73137.69,922.03
33012912,2082.29,74.22999999999999
33012913,36.3,0
33012914,3671.15,31.55
33012915,166,0
33012916,92.3,0
33012917,629,0
33012919,3686711.99,51244.92999999999
33012921,100560.2,17696.98
33012922,3064.64,617.44
33012990,1475399.06,210543.9299999999
33013000,1087.46,23.52
33019010,366509.08,20900.45
33019019,0,0
33019020,1037267.68,64864.89
33019030,410748.3,24835.78
33019040,87496.08,3611.98
33021000,1034139.67,55834.66
33029011,232.93,10.64
33029019,764240.5599999999,65541.31000000001
33029090,4735.19,91.94
33029091,16999.96,1005.35
33029099,1746173.84,242854.7500000001
33029119,0,0
33030010,2390612.899999999,84871.80000000002
33030020,2863380.039999999,112909.14
33032052,0,0
33040999,0,0
33041000,670875.2299999997,51198.28999999999
33041700,0,0
33042010,491700.0800000002,35778.29000000001
33042090,139691.54,3022.13
33043000,349426.02,16249.61
33043304,0,0
33049090,0,0
33049100,319773.83,18630.5
33049900,0,0
33049910,3270054.24,221970.08
33049990,7819339.859999999,586643.11
33050000,0,0
33051000,3480242.659999997,165078.7
33052000,74978.87,374.98
33053000,56782.07000000001,2397.090000000001
33059000,4926799.729999997,241002.8000000001
33059001,0,0
33061000,1930173.289999999,42294.13
33061090,0,0
33062000,204563.49,5715.9
33069000,415153.1200000001,28475.1984
33069090,0,0
33071000,86159.02999999998,5394.79
33071900,0,0
33072000,0,0
33072010,3034212.769999998,184909.72
33072090,824765.3799999999,70421.32
33072099,0,0
33073000,37331.43,1663.88
33073900,0,0
33074000,0,0
33074100,29805.31999999999,1669.55
33074800,0,0
33074900,4230381.329999998,463695.03
33079000,6946388.399999999,445373.2600000002
33079400,0,0
33166785,0,0
33181100,0,0
33181500,0,0
33230000,0,0
33269090,0,0
33308021,0,0
33322211,0,0
33333333,0,0
33666622,0,0
33903617,0,0
34007019,0,0
34011110,182285.58,13812.18
34011119,0,0
34011190,4637698.979999995,184712.1500000001
34011199,0,0
34011900,4945779.859999998,785503.3899999999
34011903,0,0
34012000,0,0
34012001,0,0
34012010,1217983.8,112695.16
34012090,4333788.72,440059.32
34013000,3024560.999999999,297648.79
34013030,0,0
34019031,0,0
34020000,0,0
34020200,0,0
34020900,0,0
34021110,2850,665.5
34021120,655.1999999999999,108.18
34021130,540,73.34
34021140,351882.47,4036.26
34021190,148950.9000000001,17906.89999999999
34021200,0,0
34021290,11176.63,217.73
34021300,1440829.89,59526.88
34021900,29622.93000000001,775.56
34022000,1154103.39,73309.97
34022020,0,0
34022200,0,0
34022500,0,0
34022903,0,0
34023100,2121640.91,188495
34023910,5702.47,98.53999999999999
34023920,1752.36,110.35
34023930,87641.43000000002,16595.31
34023990,5871044.73,709271.79
34024110,20411.41,812.07
34024190,1812250.95,118361.7800000001
34024200,117698474.72,8917324.29
34024490,0,0
34024900,3037776.280000001,397638.11
34025000,42007958.46000005,3986074.32
34029000,0,0
34029002,0,0
34029011,44106705.19000001,3565912.620000001
34029019,23555687.13,1903142.52
34029020,232,0
34029021,25211.96,1200.16
34029022,105240.92,7329.799999999999
34029023,10086.81,867.4200000000001
34029029,299400616.6,26168334.11999999
34029030,0,0
34029031,7742446.48,657581.4800000001
34029036,0,0
34029039,65484731.37,5988381.43
34029090,60577000.16000002,5813540.98
34029639,0,0
34031110,8528.2,1622.4
34031120,10645.33,320.39
34031190,257814.93,5927.950000000001
34031900,19664476.51,1662107.84
34034000,0,0
34036000,0,0
34039019,0,0
34039110,3255,209.51
34039120,4820.29,415.83
34039190,10976.59,562.59
34039900,4968275.27,382601.96
34042010,41473.62,4081.459999999999
34042019,0,0
34042020,92285.58999999998,11494.6
34042079,0,0
34043917,0,0
34049011,32673.45,703.54
34049012,20288.71,3103.34
34049013,2103.74,354.6300000000001
34049014,8921,986.3900000000001
34049019,95191.68,19216.4
34049021,38061.78,2437.79
34049022,134.62,2.55
34049029,146310.8400000001,15809.93
34049037,0,0
34049990,0,0
34050000,0,0
34051000,243954.19,22122.58
34052000,1954513.17,208808.3000000001
34052001,0,0
34053000,2958968.23,336383.12
34053990,0,0
34054000,1165102.739999999,227896.41
34055400,0,0
34058200,0,0
34059000,1995847.26,472076.36
34060000,743563.28,81401.75
34070010,60867.63000000001,7193.699999999997
34070020,104835.13,22919.3732
34070090,38567.02,4446.079999999999
34090000,0,0
34099103,0,0
34102000,0,0
34102010,0,0
34121002,0,0
34122090,0,0
34139190,0,0
34140090,0,0
34141010,0,0
34141020,0,0
34149039,0,0
34173900,0,0
34174090,0,0
34201000,0,0
34201100,0,0
34204390,0,0
34205000,0,0
34213990,0,0
34220000,0,0
34239040,0,0
34241000,0,0
34248119,0,0
34249000,0,0
34329000,0,0
34500000,0,0
34663600,0,0
34909000,0,0
34951034,0,0
35001090,0,0
35011000,3351.48,39.82
35019011,1556.6,0
35019019,2423.61,177.36
35019020,37074.03,4093.11
35021090,0,0
35021100,25212.41,1524.57
35021900,9371.490000000002,307.07
35022000,324485.71,43613.21999999999
35029010,2304.75,161.38
35029090,2067.32,0
35030001,0,0
35030011,421.99,8.54
35030012,1397.12,7.760000000000001
35030019,87868.53000000001,10606.69
35030090,2846.34,67.01
35031090,0,0
35040011,57851.46000000001,6397.38
35040019,14939.91,1869.44
35040020,548572.84,409.94
35040030,78643.04999999999,0
35040090,49366.93,7418.680000000001
35051000,1910238.02,75459.03000000001
35051050,0,0
35052000,402599.2699999999,23892.20999999999
35052099,0,0
35059090,0,0
35060000,0,0
35060252,0,0
35061000,0,0
35061010,2795990.429999999,393008.8200000001
35061019,0,0
35061090,32672033.48999999,4457362.390000001
35061092,0,0
35061099,0,0
35061100,0,0
35061200,0,0
35061990,0,0
35066190,0,0
35069000,0,0
35069102,0,0
35069109,0,0
35069110,5670006.830000001,693169.9799999999
35069111,0,0
35069120,10792317.52,1283879.03
35069142,0,0
35069160,0,0
35069190,13929140.06,1892943.630000001
35069900,3343256.69,433608.51
35069901,0,0
35071000,455030,84443.43
35072000,0,0
35079011,179436.48,6582.82
35079019,611991.26,19909.78
35079022,169.08,0
35079025,84.23,0
35079026,3973.66,832.8499999999999
35079029,336415.24,36895.94
35079039,4481191.17,300674.4
35079041,30123.36,2156.84
35079042,2805.67,182.92
35079049,117849944.74,7821292.610000001
35081010,0,0
35091090,0,0
35101090,0,0
35121555,0,0
35123155,0,0
35161000,0,0
35161090,0,0
35173290,0,0
35259090,0,0
35262353,0,0
35262555,0,0
35269090,0,0
35301090,0,0
35301300,0,0
35456300,0,0
35545244,0,0
35619090,0,0
35665898,0,0
35687122,0,0
35691100,0,0
35847112,0,0
35896321,0,0
35950000,0,0
35961010,0,0
36010000,342224.98,30726.47
36020000,25139,0.9600000000000001
36030000,62,18.39
36030002,0,0
36030030,5488.5,970.1799999999998
36031000,80324.02,3139.77
36032000,62.5,0
36033000,186349.71,11864.97
36034000,244569.4700000001,94.13
36036000,17736.04,3088.89
36039000,0,0
36041000,831779.6900000001,21074.61
36049010,13365.08,1293.87
36049090,120502.84,16140.73
36050000,306068.6200000001,67407.29000000001
36051090,0,0
36055000,0,0
36061000,56851.61000000001,1334.853
36061010,0,0
36061090,0,0
36069000,24944.86000000001,2069.3
36069110,0,0
36069190,0,0
36099000,0,0
36140090,0,0
36169090,0,0
36173900,0,0
36174090,0,0
36231090,0,0
36232190,0,0
36241000,0,0
36249941,0,0
36251478,0,0
36259090,0,0
36263000,0,0
36269090,0,0
36307201,0,0
36520120,0,0
36520140,0,0
36565566,0,0
36565656,0,0
36955656,0,0
36958632,0,0
36965556,0,0
36985214,0,0
36985623,0,0
36985698,0,0
36986332,0,0
36988557,0,0
36988787,0,0
36988855,0,0
36988877,0,0
36988885,0,0
36998877,0,0
36999777,0,0
37011010,30999.73,3527.75
37011021,11177.62,2261.625
37011029,2592.89,254.84
37012010,75891.93000000001,7953.559999999999
37012020,564.3600000000001,105.66
37013010,3.46,0
37013021,221703.44,19337.64
37013022,121876.2,4011.71
37013029,15162,0
37013031,16488.99,13.05
37013039,20472.96,0
37013040,1482.28,185.01
37013050,140,0
37013090,13310,2218.5
37019100,548.16,0
37019900,771.1999999999999,61.66
37023100,640,0
37023200,11.5,3.36
37024100,98.4,0
37024210,649.5,0
37024290,40,0
37024310,6489.729999999999,0
37024320,90.82,14.03
37024390,108814.24,459.39
37024421,500,0
37024422,19345,0
37025200,1868.7,0
37025300,1762.65,0
37025411,189.8,40.33
37025412,2740.88,217.25
37025419,460.8,0
37025491,7,0
37025600,64,0
37029600,1223.99,0
37029700,260,0
37029800,3.2,0
37031010,14840.08,156.31
37031021,214372.12,19777.95
37031029,79.94000000000001,0
37032000,3440.48,386.86
37039010,4779.780000000001,131.95
37039090,76840.72000000002,13108.74
37040000,14546.39,103.6
37050010,1577,114.84
37050090,22654.07,0
37059010,4,0.68
37059090,90,0
37061000,13.22,0
37069000,322.8200000000001,10.06
37071000,160,0
37074900,0,0
37079010,11926.56,972.9699999999999
37079021,220204.23,1941.4
37079029,21539.07,1010.104
37079030,19.5,0
37079090,2646,0
37082999,0,0
37089300,0,0
37140090,0,0
37173300,0,0
37173900,0,0
37174090,0,0
37182100,0,0
37192300,0,0
37193229,0,0
37193900,0,0
37194090,0,0
37480441,0,0
37598529,0,0
38000000,0,0
38000010,0,0
38000215,0,0
38001619,0,0
38009919,0,0
38011000,193879.5900000001,1562.2
38012010,35372.8,1113.3
38012090,1194536.36,1076.69
38013010,5076.89,66.5
38013090,14616.72,6.7
38019000,139837.71,12784.98
38021000,632324.3399999999,34495.92
38021010,0,0
38021090,0,0
38024999,0,0
38029010,11563.92,778.51
38029020,1152498.24,178889.49
38029030,2712.05,34.44
38029040,463595.5699999999,15722.34
38029050,100,0
38029090,157503.24,9317.970000000001
38030010,415.88,0
38030090,547051.8,78169.96999999999
38039990,0,0
38040011,47.9,0.42
38040012,33076.2,31.5
38040020,123858.24,5439.89
38051000,4911.08,156.22
38052000,135,27.03
38053020,0,0
38059010,2172.33,25.65
38059090,213313.91,14970.04
38061000,6389.35,851.9499999999999
38061090,0,0
38062000,18441.84,2817
38063000,246.59,25.27
38069011,466275,90072.06000000003
38069012,3756.84,447.23
38069019,71,0
38069090,68382.12000000001,10536.61
38070000,2002717.02,115050.3
38070003,0,0
38075010,0,0
38080000,0,0
38081010,1127463.64,54111.54999999999
38081021,17040,0
38081022,375536.9999999999,3554.9
38081025,397,0
38081026,975.76,25.01
38081027,5147.700000000001,0
38081029,2162404.94,15568.6
38081099,0,0
38082010,816974.18,41657.28
38082019,0,0
38082024,5208.41,88.23
38082025,90729.3,1104.84
38082029,1596566.24,156
38082099,0,0
38083010,409616,0
38083021,34649.75999999999,440.5
38083022,110080,0
38083023,445786.47,69.71000000000001
38083024,262574,0
38083029,747434.13,61.58
38083031,67.9,19.18
38083051,250,0
38083299,0,0
38083419,0,0
38083446,0,0
38083922,0,0
38084010,7088.690000000001,660.75
38084022,174.42,0
38084029,744.7000000000002,161.51
38084419,0,0
38085010,12036.69,413.06
38085021,72,18
38085029,645955.3999999994,1527.93
38085200,1163622.49,11621.39
38085455,0,0
38085910,4702269.289999999,153888.322
38085921,128354.99,93.28999999999999
38085922,166028.2,0
38085923,4707719.590000001,3488.58
38085924,632.25,102.61
38085925,160308.48,712.37
38085926,715893.5,10423.2
38085929,259478840.27,1132353.83
38086100,3425183.95,50800.35999999999
38086210,71620268.84,158581.27
38086290,1547010679.04,5668861.960000001
38086910,12046441.31,21872.47
38086990,3426369613.340001,13498359.55
38086999,0,0
38087029,0,0
38088119,0,0
38088323,0,0
38088324,0,0
38088999,0,0
38089010,866.8,3.29
38089021,420962.2,2277.12
38089023,14559.9,0
38089024,266762.23,48.31
38089026,1097.9,0
38089029,1031998.88,3866.16
38089039,0,0
38089046,0,0
38089100,0,0
38089110,60,0
38089111,6376002.559999999,63566.65
38089119,141010910.42,1389362.82
38089120,5090844.97,99481.29999999999
38089122,36,0
38089123,240000,28800
38089124,78080,878.4
38089125,75,0
38089126,211.5,0
38089128,45,0
38089129,1577706.68,10945.54
38089132,0,0
38089185,0,0
38089187,0,0
38089191,1687872489.72,4435104.250000001
38089192,147390106.3700001,842036.0379000001
38089193,9272963.75,93206.06999999999
38089194,7437389.100000001,23874.85
38089195,22230639.13,369816.2999999999
38089196,29904404.6,175621.21
38089197,131163590.42,952905.2400000001
38089198,12041.67,134.52
38089199,11806216154.73,52998800.6661
38089211,2982250.779999999,131378.34
38089219,68521282.24000001,334935.79
38089220,4352305.36,94107.46
38089222,305112.94,0
38089223,8380,0
38089229,1459386.94,28060.8
38089290,0,0
38089291,251017124.62,965256.7300000001
38089292,4546044.86,15996.14
38089293,1826672104.4,5790853.98
38089294,2494328.549999999,12568.36
38089295,6331056.359999999,135375.65
38089296,28639922.24000001,111029.46
38089297,264817014.86,771785.42
38089299,14630402699.78,51539936.45020001
38089311,756330.44,62385.05
38089319,39888195.74,234905.14
38089321,11265599.09,116702.28
38089322,779580129.7599999,2539532.8752
38089323,978083904.5699999,3399029.98
38089324,4660981886.599999,21366942.3396
38089325,43944153.25000001,371931.06
38089326,119575179.94,193115.55
38089327,318248211.49,1492359.3956
38089328,9985157.450000001,131590.56
38089329,7665534745.860001,23992670.54
38089331,326855.16,2611.72
38089332,362281.47,1454.89
38089333,718880.41,1838.79
38089341,175684.27,0
38089349,803025.1399999999,16202.97
38089350,0,0
38089351,34253.96,27.25
38089352,2321,0
38089359,787528489.5500001,2916449.1
38089399,0,0
38089400,0,0
38089410,861.8400000000001,0
38089411,100201.19,14174.93
38089414,0,0
38089415,0,0
38089419,27359290.83000001,2504868.763599999
38089421,16451.11,390.26
38089422,21151.70999999999,2064.53
38089424,0,0
38089429,86555342.20000002,3256205.79
38089910,1000.69,207.82
38089911,15190.93,26.23
38089919,12643506.14,924265.03
38089920,20838.02,4.7
38089923,50000,0
38089929,6.58,0
38089990,0,0
38089991,24159528.91,85305.25000000001
38089992,2539035.59,2913.94
38089993,388592616.48,1825175.070000001
38089994,10401020.29,25308.06
38089995,559177166.83,2857119.05
38089996,14911109.36,432539.9999999999
38089999,1654782996.16,18564609.04
38091010,108962.78,12725.13
38091090,74958.52,2196.87
38098999,0,0
38099110,92190.04999999999,12316.96
38099119,0,0
38099120,1881.84,2.13
38099130,560,0
38099140,0,0
38099141,265848.02,31930.88
38099149,349039.46,43152.92
38099190,10286367.45,513863.25
38099211,4038,361.03
38099219,12809.07,8.2
38099290,233843.74,5242.84
38099299,0,0
38099311,9123.71,768.7
38099319,397268.94,450.72
38099390,1030930.63,10501.94
38099993,0,0
38099999,0,0
38100550,0,0
38101010,845150.7000000001,93540.38
38101020,847532.85,28320.8
38109000,632737.1399999998,68805.11
38109001,0,0
38111100,3050.25,188.12
38111900,2224189.86,366560.21
38111904,0,0
38112110,477972.47,73653.87999999999
38112120,942268.3999999999,37142.39000000001
38112130,45699.25000000001,273
38112140,197306.97,18242.9
38112150,10188184.03,1950907.47
38112190,2033185.469999999,396449.62
38112910,2578.580000000002,501.9399999999997
38112920,203839.18,19967.6
38112990,399762.58,45259.73000000001
38119010,6443286.359999999,667302.0800000002
38119090,33749575.64000001,6917814.730000001
38121000,250414.38,571.9399999999999
38122000,234098.86,21308.93000000001
38123019,8.55,0
38123021,23.87,5.550000000000001
38123912,76,0
38123919,5521.2,391.43
38123929,92232.96,10262.51
38130010,63972.6,199.33
38130030,305.01,0
38130040,330,0
38130090,1473644.83,44500.19
38140000,12781.63,235.8
38140010,304488.02,9557.409999999996
38140020,39512.22999999999,6366.38
38140030,8262.32,236.36
38140040,0,0
38140090,34011370.06999999,5040096.59
38144009,0,0
38149000,0,0
38151011,0,0
38151100,48190.59,2965.74
38151200,6899.4,0
38151210,789468.91,31216.55
38151220,9117.699999999999,64.24
38151290,207291.37,573.71
38151900,835598.2899999999,93707.67000000001
38151910,326.04,0
38151911,0,0
38151914,0,0
38151920,4094.47,891.3
38151930,1116.81,0
38151990,1221,104.97
38159010,1615.03,39.03
38159091,2274.75,0
38159092,89682.17000000001,0
38159099,187009.44,22649.21
38160010,0,0
38160011,1030711.87,102668.77
38160012,1872948.11,166576.77
38160019,3030536.64,255952.89
38160021,14153,2400.33
38160029,4967.700000000001,871.45
38160090,2528384.56,46857.81999999999
38170010,5125.8,365.7
38172300,0,0
38174090,0,0
38180010,4124,0.56
38180090,47861.54999999998,10512.61
38181000,0,0
38190000,11621426.21,1680214.669999999
38200000,28183942.27,5433774.819999998
38200006,0,0
38202000,0,0
38204900,0,0
38206000,0,0
38209990,0,0
38210000,101389535.51,9965437.320000002
38220000,137,0
38220010,144,0
38220090,15526.34,1890.67
38221100,1922.6,270.95
38221200,115384.33,15417.00999999999
38221300,42031.1,5102.75
38221910,83008.10000000002,8467.85
38221920,40455.48,2682.84
38221930,745325.5,12195.75
38221940,1667.03,44.55
38221990,1034228.41,147878.99
38222000,0,0
38224000,0,0
38224941,0,0
38229000,3322177.17,251974.55
38231100,9499.1,346.13
38231200,387255.24,76055.70999999999
38231300,776498.55,41233.2
38231910,678,0
38231990,8706499.969999999,1015319.36
38232110,0,0
38235000,0,0
38237010,3039.4,724.66
38237020,4685.62,109.9
38237040,216.8,7.91
38237090,459126.4300000001,62276.52
38240000,0,0
38241000,71001.7,1133.35
38241510,0,0
38243000,2672.21,0
38244000,10260711.97,1309759.16
38244400,0,0
38244500,0,0
38244941,0,0
38245000,33091535.33000001,1940389.7
38246000,690.5300000000001,50.15000000000001
38247190,645585,0
38247810,12655.1,80.77
38247890,8126.04,405.67
38247900,1761.3,384.43
38248110,6149.9,56.17
38248190,121965.62,8211.32
38248210,88,0
38248290,758.3,0
38248300,25.98,4.24
38248400,46182.57000000001,2619.850000000001
38248600,330,81.44
38248810,26752.73,5972.049999999999
38248820,1156.54,0
38248900,6745.39,1301.53
38249000,0,0
38249001,0,0
38249011,76.78,17.1
38249014,1020,0
38249019,3480,0
38249029,1777.59,216.7
38249031,16351.23,1246.88
38249032,2737.53,264.34
38249033,15,0
38249036,543,0
38249037,58,6.96
38249039,414.5,31.59
38249041,162764.6,12862.23
38249049,30537.45,2775.08
38249051,2128.95,36.12
38249052,2263.6,497
38249054,14038,0
38249071,464,0
38249075,65.5,0
38249077,2864407.18,94807.18000000001
38249079,1130508.85,47742.57999999999
38249089,6382.299999999998,561.34
38249090,74,0
38249100,194163.57,4514.91
38249200,276292,39595.19
38249911,1552.11,243.68
38249912,113.4,10.95
38249913,375,0
38249914,8331.86,295.2
38249915,15.99,0
38249919,474260.67,50921.95
38249920,0,0
38249921,81793.53,2611.55
38249922,636.98,0
38249923,508.8799999999999,0
38249924,83.73,4.43
38249925,4445.35,744.4300000000002
38249929,2696560.45,210726.8700000001
38249931,3551243.850000001,444188.84
38249932,435597.22,25916.94
38249933,1031.6,26.85
38249934,2930.68,619.35
38249935,16211.61,3287.4
38249936,2464,0
38249939,590025.86,71119.44999999998
38249941,46987731.86,6181453.65
38249942,306.56,14.34
38249943,628.4,12.1
38249949,474329.7299999999,61229.47000000002
38249951,188077.85,21.81
38249952,30951810.82999999,6664687.799999998
38249953,10380,414.5
38249954,49091.5,5383.889999999999
38249959,50770.20999999999,7895.279999999999
38249962,23,0
38249969,240.56,34.87
38249971,5563.809999999999,653.88
38249972,2999.6,109.55
38249974,19706.9,1921.07
38249975,90364.26,5425.94
38249976,17429.55,2703.97
38249977,330362082.3,25250305.48
38249978,493.42,74.02
38249979,235856837.44,17668592.26
38249981,73701,2236.4
38249982,72.35,0
38249983,498.14,5.710000000000001
38249984,347.96,0
38249985,21147.07,4079.4
38249986,2529189.34,66812.21
38249987,43.09,0.04
38249988,44852.6,0
38249989,18060506.42,1604475.31
38251000,25167.52,458.8699999999999
38252000,86871.44,3052.969999999999
38253000,527.26,0
38253090,0,0
38254100,1776.17,192.83
38254900,279461.94,9685.129999999997
38255000,64403.8,178.8
38256100,80595.2,5802.87
38256200,0,0
38256900,185497.6,12560.74
38259000,2219793.85,19723.78
38259090,0,0
38269090,0,0
38271110,235,53.3
38271190,16378.42,3283.82
38271300,617.8,52.73
38272000,4368.59,0
38273110,28183.08,8110.900000000001
38273190,15,3.94
38273210,9849.02,2362.83
38273290,1678.26,13.88
38273900,10287.22,1666.57
38274000,360,0
38275100,53088.59,0
38276100,736445.6499999999,156308.35
38276200,52.79,0
38276300,412818.96,60775.24
38276400,22648.55,5124.330000000001
38276500,78254.43999999999,10685.11
38276800,420,0
38276900,10426.23,1243.77
38279000,47697.31,9184.48
38289990,0,0
38365090,0,0
38392990,0,0
38424901,0,0
38479041,0,0
38530900,0,0
38580910,0,0
38742000,0,0
38900000,0,0
39000000,0,0
39001000,0,0
39002130,0,0
39011010,101493.67,6098.02
39011020,331985.7,76049.32
39011030,263296.46,33290.75999999999
39011092,4446.25,306.5700000000001
39012000,0,0
39012011,2424.38,12.82
39012019,203841.5300000001,12654.67
39012021,680.6800000000001,4.720000000000001
39012029,776362.1,62304.16999999999
39012090,0,0
39013010,7577.75,138.53
39013090,7627.68,975.74
39014000,5295.26,336.14
39019000,0,0
39019010,8349.119999999999,676.0400000000001
39019020,109.3,0
39019030,8081.519999999999,184.95
39019040,2556.04,33.53
39019050,7342.99,0
39019090,776430.1099999999,65846.42
39021001,0,0
39021010,2018989.02,68054.12999999999
39021020,2529711.25,479503.91
39021100,0,0
39021140,0,0
39022000,24604.25,1666.02
39023000,67107.04,13082.52
39026400,0,0
39029000,652927.27,9371.460000000001
39029031,0,0
39029039,0,0
39029990,0,0
39031101,0,0
39031110,21292.04,1108.75
39031120,1235136.37,11193.33
39031900,2755477.899999999,155771.78
39033010,6966.98,94.03999999999999
39033020,44917.51,541.34
39039010,13.5,0
39039020,15159.8,1680
39039090,3876547.199999999,281820.49
39041010,809113.3800000001,25513.24
39041020,11445.82,313.83
39041090,6326.92,551.01
39042100,26965.87,1368.25
39042200,255181.6199999999,7078.440000000001
39043000,816.35,179.03
39044090,7898.85,164.72
39045010,7045.7,0
39045090,9531.16,0
39046110,14.4,3.11
39046190,7123.96,700.95
39046910,17100,0
39046990,328014.28,41626.75000000001
39049010,767,0
39049090,4021.52,121.71
39051000,0,0
39051200,31316.9,1461.15
39051910,285.9,71.41
39051990,29749.63,5839.92
39052100,10327120.13,727903.7599999999
39052900,13641.83,789.4900000000002
39053000,10939.77,1772.9
39055019,0,0
39059190,60,12.6
39059910,126,0
39059920,4515,0
39059930,1180,95
39059990,2542.79,261.46
39061000,370003.47,58564.67459999999
39069011,168065.22,30373.55
39069012,43955.7,8237.619999999999
39069019,2192074.94,199498.3400000001
39069021,55746.34,724.5600000000001
39069022,1543,166.3
39069029,225480.54,17401.01
39069030,0,0
39069031,2923.97,0
39069032,378420.3099999999,36818.75000000001
39069039,29818.12,6455.93
39069041,2317.17,304.71
39069042,45976.32,6295.37
39069044,172734.88,29759.32000000001
39069045,331474.11,44352.69000000002
39069046,550,0
39069047,773.61,41.59
39069048,12120.11,1030.2
39069049,816513.28,125349.96
39069052,925,271.63
39069054,61013.58,5063.65
39069059,7892.35,805.5
39069061,8205.599999999999,1312.43
39069065,39637.95,6245.450000000001
39069069,121442.57,18297.43
39069120,0,0
39071020,4410,457.31
39071039,43705.44,1542.61
39071041,117.5,13.9
39071042,4225.04,113.65
39071049,49394.82999999999,1336.83
39071091,555.03,21.34
39071099,5537.26,530.3299999999999
39072031,28,4.100000000000001
39072039,4344,19.41
39072042,42,6.15
39072049,276,40.43
39072090,4507.4,657.2299999999999
39072100,4014.85,8.55
39072911,442.75,2.63
39072912,147,0
39072920,75.88,0
39072931,323.45,0
39072939,425287.41,39308.81
39072941,1933.8,15.83
39072942,40.5,0
39072949,66804.85999999999,11.56
39072990,145.41,4.05
39072991,26.68,4.38
39072999,50.98,0
39073011,220696.37,26860.87
39073019,1124863.34,65558.16999999998
39073021,26785.44,1555.58
39073022,272733.33,25697.65
39073029,208504.64,31034.47
39074010,1267.33,11.56
39074020,423.1,0
39074090,42013.02,712.2100000000002
39075010,49412.58000000001,1566.56
39075090,22864.72,3496.23
39076900,4254.14,49.05
39077000,523.6,0
39079100,1408579.65,178409.91
39079911,234473.7,11105.1
39079912,694.93,118.14
39079919,48947.08,2518.69
39079991,4876.440000000001,377.8200000000001
39079994,2155,0
39079995,1200,0
39079999,439150.3,56399.96000000001
39081011,12365,0
39081012,473.46,54.01
39081013,1008.7,104.63
39081014,810730.1799999999,99731.71000000002
39081019,24905.77,5281.07
39081021,16,0
39081022,10433.37,555.1199999999999
39081023,28648.72,1950.35
39081024,3386.34,21.07
39081025,15639.58,461.1
39081026,65,0
39081029,404365.21,33622.73000000001
39089010,30188.65,15.06
39089020,2866.82,450.15
39089090,110000.68,16252.5
39090529,0,0
39091000,33220.66,2299.21
39091001,0,0
39091010,0,0
39092019,212.29,5.63
39092029,4340.130000000001,1101.29
39093100,476881.99,61162.8
39093900,150956.12,16865.06
39094011,975.9300000000001,7.55
39094019,2262.03,407.06
39094091,59.79,0
39094099,13336.8,0
39095011,2098768.870000001,245648.1900000001
39095012,12046.62,868.84
39095019,2788711.67,321562.3
39095021,49295.98,669.6899999999999
39095025,0,0
39095028,0,0
39095029,1163749.67,139539.77
39100000,0,0
39100011,416828.39,20861.41
39100012,6291718.569999998,428319.36
39100013,293259.65,18324.75000000001
39100019,6783040.749999996,134030.67
39100020,19,2.12
39100021,391803.91,19909.4
39100029,199520.57,20112.33
39100030,204901.09,14074.69
39100090,1706450.93,245837.9861
39101020,0,0
39104090,0,0
39109000,0,0
39111010,328756.2399999999,80279.91999999998
39111021,318.4,0
39111029,2853.07,437.5400000000001
39112000,4869.72,194.67
39113900,0,0
39114090,0,0
39117409,0,0
39119012,837.97,25.75
39119013,400,0
39119014,298,0
39119019,110848.09,3293.429999999998
39119021,508.36,0
39119025,269,3.5
39119026,1420,0
39119029,30372.35,4038.98
39121110,7352.8,93.24000000000001
39121120,3515.14,653.45
39121200,17191.78,121.81
39122010,25,0
39122029,101,11.03
39123111,694689.85,79361.51000000001
39123119,6623.57,397.1399999999999
39123910,8482.1,0
39123920,11085.85,0
39123990,280.13,40.87
39129010,25,0
39129020,30,0
39129031,338912.47,419.4399999999999
39129039,48,0
39129090,925.6700000000001,32.29
39131000,2796.13,95.88000000000001
39139011,4035.86,35.82
39139012,25773.11,395.45
39139019,23432.99,3204.470000000002
39139020,359828.69,46777.53
39139030,100.02,0
39139050,51,0
39139060,4340,0
39139090,66855.20999999999,10671.87
39140011,88897.5,12569.56
39140019,34957.19,1087.87
39140090,21349.75999999999,313.85
39143240,0,0
39144090,0,0
39147090,0,0
39149000,0,0
39150000,0,0
39151000,327441.64,14513.32
39152000,5034947.75,424419.96
39153000,234450.02,7200.28
39159000,7790774.62,667913.8999999999
39159001,0,0
39161000,955407.1300000001,173530.71
39162000,30046748.66,2551540.89
39162090,0,0
39162300,0,0
39169010,3576304.38,393861.18
39169090,9685869.200000001,818463.5460000001
39169909,0,0
39170000,0,0
39170019,0,0
39170290,0,0
39171000,0,0
39171010,83377.38999999998,3228.47
39171021,4494.110000000001,281.41
39171029,139561.8,8058.859999999999
39171090,0,0
39171290,0,0
39171490,0,0
39172000,0,0
39172100,54779302.17,5798846.499999999
39172101,0,0
39172200,982524.9099999999,46230.09
39172210,53067.46,3836.56
39172220,0,0
39172290,1059563.47,86064.53
39172300,124769081.5,9806599.523300001
39172333,0,0
39172900,9773879.83,721975.0400000002
39172923,0,0
39173000,0,0
39173100,15613562.64,1234713.74
39173190,0,0
39173199,0,0
39173200,0,0
39173209,0,0
39173210,1382864.96,84153.41000000002
39173221,12840.71,128.28
39173229,5984893.090000001,466555.0999999999
39173230,200333.23,14971.46
39173240,2776570.68,262804.47
39173251,112041.32,1917.49
39173259,8729.82,88.21000000000002
39173290,195058579.97,26249356.04
39173299,0,0
39173300,5625529.91,542149.1100000002
39173900,73595651.62000002,5643406.52
39173920,0,0
39174000,4572.660000000001,282.0599999999999
39174001,0,0
39174004,0,0
39174010,598723.78,26829.39
39174040,0,0
39174049,0,0
39174060,0,0
39174070,0,0
39174080,0,0
39174090,91204261.87999997,6579638.36
39174091,0,0
39174092,0,0
39174094,0,0
39174095,0,0
39174099,0,0
39174990,0,0
39176490,0,0
39177090,0,0
39179100,0,0
39179290,0,0
39180000,0,0
39181000,10810880.1,2072723.15
39189000,5215260.54,889445.2699999999
39190000,0,0
39190120,0,0
39191000,153779.97,10939.38
39191010,7155925.9,1509046.11
39191012,0,0
39191019,0,0
39191020,8346010.41,645564.7700000001
39191090,3293876.209999999,294747.72
39191920,0,0
39193920,0,0
39194090,0,0
39199000,77742.32,4738.449999999999
39199010,4135188.05,688187.0000000001
39199020,1772358.23,76266.9
39199090,15097864.38,1635610
39199990,0,0
39201000,4716.16,925.96
39201010,2471284.57,524417.46
39201090,668.27,7.63
39201091,16564.69,708.4499999999999
39201099,376980067.42,107582134.98
39202011,542518.1,136001.58
39202012,538.45,10.86
39202019,18453445.52,2027239.27
39202090,1267207.03,197568.79
39202900,0,0
39203000,1749113.92,69060.93
39204310,2462093.55,423472.6800000001
39204390,4509849.36,762323.07
39204900,1639897.83,206275.15
39205100,2358665.53,136648.04
39205900,358425.84,30936.93
39206100,1395598.75,79120.73
39206211,1250,0
39206219,1381953.2,231946.74
39206291,114177.99,2936.93
39206299,8896044.49,1981694.24
39206300,3118.79,542.76
39206900,450634.95,64762.27
39206909,0,0
39207100,37206.79,1514.67
39207310,3120.09,355.72
39207390,3788.9,0
39207910,25512.85,10.9
39207990,13133.37,452.93
39209090,0,0
39209100,35476.83,259.27
39209200,2424694.11,306948.3999999999
39209300,12704,1.13
39209400,34065.22,1639.61
39209590,0,0
39209900,0,0
39209910,301661.2600000001,11887.93
39209920,2863679.62,806834.74
39209930,8785,0.8
39209940,13984.69,833.5899999999999
39209950,2977.7,1.12
39209990,7084422.019999998,767847.0483999999
39209999,0,0
39211000,0,0
39211100,572754.75,2257.53
39211200,1371986.15,175751.59
39211300,29.31,0
39211310,13733.2,1580.43
39211390,985699.95,131798.77
39211400,5105.26,673.9999999999999
39211900,11533760.53,1722408.57
39211990,0,0
39213000,0,0
39214000,0,0
39219000,0,0
39219011,391972.88,47656.98
39219012,125399.57,2929.38
39219013,6360.630000000001,0
39219019,5871863.029999999,408910.11
39219020,212929.22,5230.83
39219090,29150682.53,6351659.659999999
39219099,0,0
39220000,0,0
39221000,2736694.98,179850.16
39221100,0,0
39222000,6710369.860000001,549940.45
39222100,0,0
39222900,0,0
39226909,0,0
39229000,4923046.709999999,371433.7299999999
39229022,0,0
39230000,0,0
39231000,16055.05,1136.07
39231010,777275.75,5934.56
39231090,57461526.17000001,9040718.948
39231100,0,0
39231990,0,0
39232100,0,0
39232101,0,0
39232110,9382919.329999998,1269135.87
39232190,27808440.64,3246928.48
39232196,0,0
39232900,0,0
39232910,17989051.62000001,3798597.949999999
39232990,27255523.3,3871227.2
39233000,458328.7499999998,29345.3
39233010,149667.37,10817.6
39233090,18592995.28,2886150.26
39233190,0,0
39233900,0,0
39234000,2268448.7,251272.88
39234099,0,0
39234390,0,0
39235000,20473596.39,3466431.28
39235219,0,0
39236219,0,0
39237090,0,0
39239000,1249991.56,26104.83000000001
39239010,805252.82,131630.8
39239032,0,0
39239090,23341397.51,3594848.88
39239190,0,0
39241000,18135719.66000001,1280548.36
39241001,0,0
39241002,0,0
39241010,0,0
39241400,0,0
39242000,0,0
39242190,0,0
39243000,0,0
39244100,0,0
39249000,37367816.04000001,4552866.189999999
39249090,0,0
39251000,238387691.13,26256984.25
39251010,0,0
39252000,26411057.69,2416503.78
39253000,1271821.97,26740.12
39254090,0,0
39259000,89148.90000000002,9376.900000000001
39259010,10659091.54,1176498.61
39259090,62320308.21,7376942.875999999
39259099,0,0
39260000,0,0
39261000,2506661.96,35768.42999999999
39261010,0,0
39262000,5751743.699999999,793018.5800000002
39262003,0,0
39262090,0,0
39263000,25072813.96,2683258.18
39263030,0,0
39264000,1715447.64,56970.32000000001
39266300,0,0
39269000,0,0
39269002,0,0
39269006,0,0
39269009,0,0
39269010,3405942.04,347417.24
39269021,1136812.82,108334.88
39269022,8934891.370000001,1017705.199999999
39269024,0,0
39269030,48048.79000000001,4109.34
39269040,2624024.08,298773.995
39269050,7235.95,26.01
39269060,0,0
39269061,567596.2200000001,56264.64
39269069,2926831.37,320740.49
39269080,0,0
39269090,273184313.1,48998271.10999999
39269097,0,0
39272300,0,0
39290000,0,0
39291000,0,0
39291099,0,0
39292110,0,0
39292190,0,0
39294390,0,0
39299090,0,0
39500000,0,0
39504000,0,0
39519019,0,0
39525555,0,0
39565555,0,0
39565585,0,0
39565658,0,0
39565854,0,0
39565855,0,0
39565858,0,0
39566588,0,0
39568555,0,0
39568556,0,0
39568855,0,0
39584584,0,0
39584745,0,0
39585422,0,0
39585475,0,0
39585485,0,0
39585555,0,0
39585655,0,0
39585658,0,0
39585685,0,0
39585755,0,0
39585866,0,0
39585875,0,0
39586555,0,0
39586585,0,0
39586588,0,0
39586658,0,0
39586855,0,0
39587400,0,0
39587450,0,0
39587452,0,0
39587524,0,0
39587552,0,0
39587555,0,0
39587585,0,0
39587587,0,0
39587588,0,0
39655855,0,0
39656588,0,0
39658555,0,0
39689090,0,0
39692100,0,0
39699090,0,0
39733900,0,0
39740900,0,0
39781001,0,0
39852000,0,0
39857400,0,0
39857450,0,0
39929000,0,0
40000000,0,0
40008290,0,0
40009219,0,0
40009310,0,0
40009989,0,0
40010010,0,0
40011000,408572.83,14501.54
40012100,2801.53,500.76
40012200,145480.28,8523.74
40012910,2335.73,14.07
40012920,56365.91,962.9899999999998
40012990,329556.98,8722.380000000001
40012999,0,0
40013000,2050.3,146.58
40016930,0,0
40018000,0,0
40021110,220855.0699999999,34461.10000000001
40021120,2844284.6,196269.26
40021910,0,0
40021911,208605.38,24027.19
40021912,965.23,0
40021919,81561.34000000001,9317.7
40021920,1568763.58,138887.33
40022010,49036.86000000001,184.87
40022090,116,0
40022091,1314.33,3.75
40022099,1289,240.75
40022110,0,0
40023100,243641.07,43488.99
40023900,400.83,52.58
40024100,598.05,19.41
40024900,657.34,1.2
40025100,18604.67,723.6799999999997
40025900,232215.08,1705.28
40026000,1759.4,89.87
40027000,49155.46000000001,2902.78
40028000,157.87,6.69
40029100,62413.3,105.1
40029910,5648.49,1017.98
40029920,4192.54,210.65
40029930,52926.37,71.36
40029990,586781.2599999999,83378.76
40030000,825755.9600000001,89834.84999999999
40031022,0,0
40031800,0,0
40033100,0,0
40040000,4212279.2,281282.77
40049290,0,0
40051000,0,0
40051010,211309.46,51630.87
40051090,326735.12,12123.27
40052000,2070127.73,162987.51
40055183,0,0
40059110,1704.34,95.28
40059190,2501835.88,324646.02
40059910,73.1,0
40059990,26014.43,80.14
40061000,1948597.64,274870.3100000001
40061020,0,0
40062000,0,0
40063100,0,0
40069000,2884475.560000001,361227.77
40070000,24,6.78
40070011,117319.82,341.83
40070019,527332.37,41537.5
40070020,230906.96,9620.59
40079990,0,0
40081100,606173.6000000001,45929.55
40081199,0,0
40081900,1508024.03,144963.6
40081990,0,0
40082100,11476607.05,1352670.71
40082210,0,0
40082900,8648821.590000002,873134.97
40083210,0,0
40088210,0,0
40088290,0,0
40089000,0,0
40091000,22926.65,2852.12
40091100,11806271.86,883249.7
40091110,0,0
40091210,180433.27,3595.92
40091290,1183473.59,65861.95999999998
40091300,0,0
40091900,0,0
40092001,0,0
40092010,1164.18,0
40092090,3536.14,0
40092100,0,0
40092110,70985899.16,3345326.249999999
40092190,18796016.61,706211.8400000001
40092210,10404672.21,546568.85
40092290,7867071.000000001,683867.7
40093000,5833.57,449.5700000000001
40093001,0,0
40093009,0,0
40093099,0,0
40093100,40430800.74,2345007.78
40093110,0,0
40093160,0,0
40093200,0,0
40093210,772275.1900000002,44723.18
40093290,7558856.9,278588.37
40094000,4414.61,0
40094100,4595444.52,300585.63
40094101,0,0
40094110,0,0
40094210,711838.1199999999,31795.39
40094290,5224641.07,198874.1800000001
40095001,0,0
40095010,1180,26.31
40095090,2082.16,256.87
40096100,0,0
40099999,0,0
40100000,0,0
40100074,0,0
40101000,0,0
40101001,0,0
40101100,2320144.46,76192.53
40101200,67509602.56999998,10517039.48
40101300,140.61,0
40101590,0,0
40101600,0,0
40101900,75224602.55,10602997.46
40102030,0,0
40102100,819.24,30.98
40102200,7835.170000000001,107.02
40102400,410,0
40102900,6052.71,262.3399999999999
40103000,0,0
40103100,20727307.78,1598257.88
40103200,19359436.21000001,1343345.99
40103300,17895293.52,1502447.56
40103400,20083606.22000001,1662011.53
40103500,3771110,276643.14
40103600,2765938.63,198391.26
40103700,0,0
40103900,198446400.37,17487464.12
40103920,0,0
40103990,0,0
40105900,0,0
40109000,0,0
40109300,0,0
40110000,0,0
40111000,213835330.52,3465404.410000001
40111100,0,0
40111969,0,0
40112000,0,0
40112010,4934228.279999999,42901.22
40112090,548949649.26,16647669.19
40112091,0,0
40113000,7946421.66,259152.9399999999
40113900,0,0
40114000,12030771.12,101961.3016
40115000,384108.9599999999,4612.619999999999
40116090,0,0
40116100,2225891.15,64151.05
40116200,20013.72,582.2299999999999
40116310,124.14,4.97
40116910,12600,0
40116930,0,0
40116990,1360,0
40117000,0,0
40117010,17252380.58,248292.59
40117090,495499008.59,11762581.07
40118010,163581.08,2002.84
40118020,88623.76000000001,3.93
40118090,59119332.8,1394705.06
40119000,0,0
40119010,489678.46,5383.27
40119020,0,0
40119090,39793965.03,1027437.26
40119119,300,0
40119210,114429.4,1127.26
40119290,93359.89,3760.2
40119300,169396.04,4195.87
40119490,35440,1133.59
40119900,0,0
40119910,2246760,78364.54
40119930,194.7,0
40119990,154179.69,2896.52
40121000,279124.6,0
40121010,0,0
40121100,6904633.63,152214.15
40121200,4185099.22,374491.62
40121300,103790,0
40121900,4423017.82,98526.08000000002
40122000,14777217.18,474746.84
40125011,0,0
40129000,0,0
40129010,3248891.76,232763.23
40129090,12492048.23,892189.99
40130000,0,0
40130210,0,0
40131000,0,0
40131010,2922801.72,20405.46
40131090,18686184.13,228041.88
40132000,191169.33,4842.13
40133100,0,0
40133900,0,0
40139000,64159885.73999999,930666.36
40139010,0,0
40139300,0,0
40141000,52752.88999999999,1716.35
40141010,0,0
40146999,0,0
40149000,0,0
40149010,96844.73,2312.52
40149090,713232.15,116395.01
40151100,49880.74000000001,783.9
40151200,1922837.57,179814.997
40151900,17341154.74,2114089.773
40151901,0,0
40152190,0,0
40159000,1159486.74,136525.17
40159001,0,0
40160090,0,0
40161000,0,0
40161010,17622631.86,221244.4
40161090,2321101.63,111255.64
40161300,0,0
40161930,0,0
40162100,0,0
40162199,0,0
40162300,0,0
40163000,0,0
40163900,0,0
40163999,0,0
40164578,0,0
40166690,0,0
40166900,0,0
40166930,0,0
40166990,0,0
40166993,0,0
40167300,0,0
40168300,0,0
40169000,0,0
40169036,0,0
40169090,0,0
40169100,2589856.21,336521.73
40169200,163663.88,6632.830000000001
40169300,341341344.9,24351600.8
40169301,0,0
40169303,0,0
40169330,0,0
40169393,0,0
40169399,0,0
40169400,70291.73000000001,7603.89
40169510,16673.07,1790.1
40169590,94141.77000000002,3241.54
40169600,0,0
40169630,0,0
40169900,0,0
40169910,79639.37,4811.71
40169990,122713478.51,8509704.780000001
40169993,0,0
40169999,0,0
40170000,2366784.57,206672.92
40174090,0,0
40179990,0,0
40189300,0,0
40193000,0,0
40196300,0,0
40199300,0,0
40199900,0,0
40199990,0,0
40213000,0,0
40213990,0,0
40251300,0,0
40269300,0,0
40292300,0,0
40301070,0,0
40301090,0,0
40307010,0,0
40311000,0,0
40311070,0,0
40339090,0,0
40369300,0,0
40390000,0,0
40403900,0,0
40510000,0,0
40608330,0,0
40611010,0,0
40628013,0,0
40633354,0,0
40700110,0,0
40701190,0,0
40719000,0,0
40769990,0,0
40800510,0,0
40822100,0,0
40931090,0,0
40931600,0,0
41000000,0,0
41001000,0,0
41010010,0,0
41012000,688206.71,8016.92
41015010,11622.72,2858.45
41015020,43764.49,504.51
41019010,30486.15,6888.08
41019020,423525.6,293.54
41019030,190,0
41021000,43514.52,5103.87
41022100,33.94,0.53
41022900,7924.99,627.74
41032000,914,6.12
41033000,186706.92,617.05
41039000,265614.58,306.12
41041012,38,0
41041111,2093316.8,69341.91000000002
41041112,3905,0
41041113,79794.83,1804.68
41041114,8058.29,217.54
41041119,6454.2,301.5600000000001
41041121,22736.45,4899.639999999999
41041123,11515.23,21.7
41041124,302084.66,1100.25
41041129,43,0
41041220,0,0
41041910,3482.39,256.44
41041920,472,0
41041930,490,98.67000000000002
41041940,10889.4,512.5100000000001
41041990,607.3100000000001,90.39
41042211,63.24,17.21
41044110,2501.6,507.15
41044120,79968.85,3401.29
41044130,27986.11,1310.25
41044190,316,0
41044910,593.85,122.63
41044920,107372.15,103.36
41044990,65,18.36
41051021,339.05,0
41051029,12062.35,748.8500000000001
41051090,1471.52,300.43
41053000,2790.26,462.11
41062110,180,0
41063110,120,0
41063190,88.11,8.14
41064000,1051.18,206.2
41069200,5328.8,498.81
41071110,44348.34,4335.589999999999
41071120,100548.66,1680.95
41071190,1924.39,310.84
41071210,2173.77,337.91
41071220,762549.99,68674.12
41071290,15392.87,900.61
41071910,36865,0
41071920,314968.1899999999,25000.71
41071990,2550,88.08
41079110,2248867.11,0
41079210,3826175.45,7850.38
41079290,199,0
41079910,24322961.91,2144.79
41100000,3615.27,170.9
41103600,0,0
41110000,5200,0
41112090,0,0
41114110,0,0
41114190,0,0
41120000,263733.4,247128.76
41128124,0,0
41131010,117267.17,7774.7
41131090,675.76,6.48
41132000,48.5,0.17
41133000,5121,720.8
41139000,3628.77,313.6
41141000,45838.27,6539.050000000002
41142010,9874.66,794.4599999999999
41142020,4359.82,0
41151000,46379.03999999999,4739.13
41152000,36216.08,4010.47
41169300,0,0
41169990,0,0
41202541,0,0
41390000,0,0
41408416,0,0
41551900,0,0
41693000,0,0
41789578,0,0
41981902,0,0
42001009,0,0
42003220,0,0
42010000,0,0
42010010,10175161.48,1205278.46
42010090,9114634.87,1062070.46
42010099,0,0
42011001,0,0
42011210,0,0
42012010,0,0
42020090,0,0
42021100,583890.1100000001,61474.76
42021210,3710349.720000001,420118.27
42021220,1332302.66,99706.97999999997
42021900,886416.69,66889.78
42022000,0,0
42022100,15250562.21,3491181.989999999
42022210,1799131.46,292714.89
42022220,3831983.49,505338.4
42022900,995501.69,111096.81
42023100,1237771.68,192579.79
42023200,1212181.09,66986.19
42023900,189922.62,27148.96
42029100,821079.96,93189
42029200,3804323.36,335762.52
42029900,545242.6900000001,29228.19
42030010,0,0
42030030,0,0
42030101,0,0
42031000,5240539.73,904583.8999999999
42032000,0,0
42032100,110880.7,9332.62
42032900,9920506.989999998,1332401.24
42032901,0,0
42032911,0,0
42033000,1751833.26,319614.5600000001
42034000,508060.9799999999,60426.90000000002
42039000,0,0
42040090,1775,476.74
42041210,0,0
42050000,1241669.33,113550.09
42060000,4993.59,355.8399999999999
42061000,10533,15.49
42091000,0,0
42092600,0,0
42100010,0,0
42110541,0,0
42142000,0,0
42169990,0,0
42219000,0,0
42256666,0,0
42487987,0,0
42513622,0,0
42823209,0,0
42920200,0,0
43011000,1233.66,81.28
43013000,1518.74,40.3
43018000,392.55,100.43
43019000,39653.99,32.02
43021100,300,0
43021910,382588.78,16955.75
43021990,178111.69,7943.22
43022000,15166.44,43.28
43023000,381209.87,19159.1
43031000,525346.8400000001,203638.63
43033000,0,0
43039000,831090.17,29887.22000000001
43040000,3495.83,324.91
43139000,0,0
43139008,0,0
43144100,0,0
43169300,0,0
43181500,0,0
43201000,0,0
43290000,0,0
43490000,0,0
44003120,0,0
44011000,1210836.67,40112.46
44011100,18312899.32,510290.17
44011200,34468913.13,741771.72
44012100,11510242.11,575073.28
44012200,57859645.23999999,2502245.01
44013000,1048180.67,137908
44013100,20651236.94,1977407.38
44013200,1883392.63,144478.47
44013900,65542534.31,1800698.17
44014000,3136082.6,125793.6099999999
44014100,19363019.08,671484.09
44014900,7639280.700000001,153302.84
44017090,0,0
44020000,3796.04,542.8699999999999
44021000,241393.72,2487.22
44022000,37503.29,1123.19
44029000,5616671.560000001,226820.3499999999
44031000,1321217.38,5164.32
44031001,0,0
44031100,31706389.21,2016630.46
44031200,63199671.18999999,4393872.87
44032000,2935.57,0
44032100,1223233.679999999,36593.22000000001
44032200,4613228.689999999,240157.08
44032300,339248.5,50788.89000000002
44032400,64224.92,0
44032500,5220.6,117.01
44032600,1067124.82,61785.42999999999
44034100,111412.05,4097.53
44034200,164982.87,31758.01
44034900,18810923.89,101230.89
44038000,0,0
44039000,0,0
44039100,232823.17,256.91
44039300,2,0
44039400,2448,297
44039500,9407.5,333.42
44039600,5274.72,239.06
44039700,180,0
44039800,113088805.34,4605036.03
44039900,94096715.83000001,1389714.93
44039990,0,0
44041000,3248824.76,193495.16
44042000,6094192.199999999,101515.53
44044000,0,0
44050000,1758878.51,117849.23
44061100,27325.41,130.43
44061200,159808.79,6358.92
44069100,367388.5,0
44069200,1649919.3,32899.06
44069800,0,0
44070000,0,0
44071000,218661.95,24313.12
44071010,0,0
44071100,18669145.37,938147.01
44071200,208777.72,12375.9
44071300,162343.69,1667.77
44071400,3403,0
44071900,4113618.170000001,93139.58999999998
44072100,299739.6,15454.06000000001
44072200,315089.31,5872.300000000001
44072299,0,0
44072300,984407.24,18209.83
44072420,2195,0
44072490,2027,371.85
44072500,110638.06,18614.34
44072600,15823.5,2325.2
44072800,1200,0
44072900,0,0
44072910,2242522.19,94641.62999999998
44072920,554744.05,11456.38
44072925,0,0
44072930,21546.04,991.82
44072933,0,0
44072940,279691.75,4825.28
44072949,0,0
44072950,6449.12,0
44072960,2351.8,0
44072970,6774.389999999999,1876.75
44072990,26561278.38,1059180.84
44072991,0,0
44072998,0,0
44077999,0,0
44078990,0,0
44079099,0,0
44079100,92136.23999999999,5506.08
44079200,15784.72,811.4799999999999
44079290,0,0
44079300,202445.8,2023.56
44079400,42061.48,316.62
44079500,29516.27,0
44079600,2578.6,27.36
44079700,1366.52,219.75
44079900,0,0
44079902,0,0
44079920,1612738.72,43716.51
44079930,49707.92,4766.09
44079940,251.58,0
44079960,63005.20999999999,78.37
44079970,103525.26,854.3400000000001
44079990,173710351.07,5777400.269999999
44081010,177978.5,7839.959999999999
44081091,418056.66,4791.59
44081099,607051.23,30639.24
44083110,3930,0
44083190,13934.36,10.3
44083910,321971.33,1708.53
44083920,19405.55,0
44083991,104815.63,820.83
44083992,306.5,8.47
44083999,16938.97,381.1300000000001
44087190,0,0
44089010,105960.1,8638.400000000001
44089090,820140.42,13072.52
44090000,0,0
44091000,1576723.78,48254.06999999999
44091010,0,0
44092000,16972.11,3253.85
44092100,482999.1200000001,67326.99
44092200,1206972.8,106309.78
44092900,4351140.239999999,221893.45
44099800,0,0
44099900,0,0
44100090,0,0
44100900,0,0
44101110,519223.04,13637.04
44101121,1411114.5,138176.4
44101129,207119.17,19964.13
44101190,133619.42,1772.62
44101210,1453244.82,127047.61
44101290,2066.8,0
44101909,0,0
44101911,1464.48,176.31
44101919,6369,5.3
44101991,21308.44,1258.27
44101992,686.2,8.94
44101999,62162.8,0.1
44109000,79074.36,1750.15
44111100,831.8,0
44111210,473898.03,9543.95
44111290,668279.6399999999,33557.94
44111310,197450.5,31700.12
44111390,1800,341.14
44111391,2273319.14,135723.58
44111399,3272771.640000001,513548.2399999999
44111410,1495308.75,121260.94
44111490,26384469.37,4206251.85
44111900,517.5,0
44119210,421680.51,27170.97
44119290,187796.68,19174.93
44119300,0,0
44119310,24523.73,1296.26
44119390,282661.72,25910.88
44119410,8600,0
44119490,31777.12,316.98
44121000,1358463.18,95278.00000000001
44121300,31355,0
44121400,11152,0
44121900,778.9,0
44123100,2652210.04,346057.6599999999
44123200,3845.72,23.73
44123300,1804557.09,64083.81
44123400,192794.19,13135.12
44123900,13002104.83,940715.1699999997
44124100,236012.9,3330.590000000001
44124200,7962,1538.12
44124900,64663.78999999999,2004.5
44125100,21121.56,5125.139999999999
44125200,176477.46,5543.18
44125900,100610,0
44129100,45663.48,6281.67
44129200,150072.21,1456.89
44129300,13750,0
44129900,14670512.4,984296.5199999999
44129920,0,0
44130000,15309008.35,227441.48
44131000,0,0
44135458,0,0
44140000,39995,134.3
44141000,294668.47,6840.169999999999
44141490,0,0
44149000,647258.9699999999,15391.8
44151000,14024842.84,804520.3599999999
44152000,19428667,1389876.22
44160010,270521.99,21743.71
44160090,243470.56,7286.31
44170009,0,0
44170010,1614137.62,172302.2800000001
44170020,67332.93000000001,2597.17
44170090,3820620.25,287503.27
44170099,0,0
44181000,46480.66,31.35
44181100,1358155.07,46363.49999999999
44181900,700783.17,39362.96999999999
44182000,1708137.56,33219.38
44182100,7278722.689999999,455851.83
44182200,0,0
44182900,15291628.93,1298650.63
44183000,2673165.73,90136.46
44184000,1179572.35,96858.67
44185000,603300.0800000001,7159.06
44186000,333123.96,12801.11
44187200,78265.2,0
44187300,31128,223.45
44187400,291396.8,44914.23
44187500,3819736.379999999,396789.16
44187900,3064577.560000001,55223.42000000001
44188100,5065888.689999999,300386.45
44188200,15226.26,395.86
44188300,53525.18,870.41
44188900,659559.6299999999,1969
44189000,281841.09,2921.97
44189100,184642.03,4118.87
44189200,274004.8,414.89
44189900,4262733.739999999,224570.77
44190000,489458.23,2955
44191000,0,0
44191100,1372685.17,49367.29000000001
44191200,347965.71,466.9999999999999
44191900,463956.95,51278.01000000001
44192000,127572.14,5104.280000000001
44199000,1441525.06,83125.73
44201000,40169.65,2396.31
44201100,335716.19,6225.709999999998
44201900,1197875.14,57945.42
44209000,1359108.86,55232.29000000001
44210000,0,0
44210900,0,0
44211000,227775.5899999999,21253.1
44212000,229139.86,422.08
44219000,1143434.66,1739.6
44219100,934640.02,43199.99
44219900,30800432.97,2520659.93
44219990,0,0
44220000,0,0
44562836,0,0
44585845,0,0
44658522,0,0
44668468,0,0
44709990,0,0
44799990,0,0
44920100,0,0
45004774,0,0
45004900,0,0
45011000,10088.14,31.16
45018381,0,0
45019000,42352.74,29.53
45020000,155998.51,23508.8
45031000,14172.57,1404.04
45039000,40668.41,3621.57
45041000,53623.19,3159.059999999999
45049000,2670063.09,209839.8600000001
45049001,0,0
45049090,0,0
45050000,0,0
45121565,0,0
45122011,0,0
45124578,0,0
45126232,0,0
45151900,0,0
45201000,0,0
45201020,0,0
45201202,0,0
45260000,0,0
45261535,0,0
45456456,0,0
45490000,0,0
45494946,0,0
45500006,0,0
45512632,0,0
45529632,0,0
45545451,0,0
45564541,0,0
45631549,0,0
45645645,0,0
45666870,0,0
45669875,0,0
45781245,0,0
45788922,0,0
45789658,0,0
45802810,0,0
45821000,0,0
45879022,0,0
45889900,0,0
45896000,0,0
45931100,0,0
45950000,0,0
46012100,46272.24000000001,1789.2
46012200,814.49,164.03
46012900,167941.05,9509.709999999997
46019100,1650,334.13
46019200,1409610.14,24038.25
46019300,6632.18,216.09
46019400,13942.41,806.0399999999998
46019900,64306.37000000001,4233.620000000001
46021000,126.6,23.11
46021100,202329.16,13112.03
46021200,170472.53,12051.56
46021900,673561.6799999999,61443.84999999998
46029000,949925.46,70514.88999999997
46069000,0,0
46090000,0,0
46100900,0,0
46122987,0,0
46161010,0,0
46169300,0,0
46169990,0,0
46202314,0,0
46370000,0,0
46810000,0,0
46877911,0,0
46879542,0,0
46990000,0,0
47010000,3671751.47,398036.6699999999
47016930,0,0
47020000,150,0
47031100,48731.38,0
47031900,160,0.59
47032110,6754.009999999999,0
47032190,24553.89,0
47032900,11912.11,0
47050000,6108.95,0
47061000,70047.63,7862.64
47062000,324864.56,1061.26
47063000,241.3,40.27
47069100,264591.2,4832.88
47069200,14594.54,176
47069300,329238.01,89.23
47071000,692709.34,258.5
47072000,11481.97,0
47073000,13967.81,5.029999999999999
47079000,3346673.23,60656.78000000001
47112000,0,0
47122000,0,0
47141000,0,0
47182000,0,0
47891263,0,0
47894125,0,0
48000000,0,0
48010010,218.06,25.85
48010020,6294.309999999999,89.94000000000001
48010030,43042.60000000001,1240.42
48010090,101285.18,2081.86
48021000,174778.1,1060.38
48021900,0,0
48022000,28.29,0
48022010,127949.77,26647.44000000001
48022090,77735.65000000001,2972.78
48023010,2.4,0
48024010,265,22.64
48024090,138021.39,2887.97
48025000,0,0
48025100,849.99,186.53
48025230,1077.8,157.75
48025310,86.9,0
48025390,249.9,0
48025491,173517.57,33428.12
48025499,92931.37000000001,8260.02
48025510,57855.21000000001,734.61
48025591,3977.52,331.73
48025592,165526.88,7361.779999999999
48025599,468689.99,48784.21
48025610,17850112.46,624308.7500000001
48025691,354.33,0.44
48025692,459.86,42.98
48025693,45402.37,1718.65
48025699,51976.73,2891.68
48025710,12399.15,1117.39
48025791,515.22,0
48025792,1045.45,8.319999999999999
48025793,178763.36,2438.53
48025799,86782.72000000002,2700.35
48025807,0,0
48025810,54640.26000000001,2064.57
48025891,7130.969999999999,339.35
48025892,11017.17,63.63
48025899,25109.07,630.83
48026110,3551.95,160.57
48026191,315517.52,51262.77
48026199,9017.3,0
48026210,23030.64,723.92
48026291,9.9,0.35
48026299,321.9,10.23
48026910,193.75,0
48026991,253694.01,0
48026999,8775.25,264.29
48030010,5295.13,68.02000000000001
48030090,2088967.45,164136.17
48033090,0,0
48041100,350948.96,62935.73
48041900,1093693.86,268495.41
48042100,307229.5200000001,20653.47
48042900,794296.1000000001,65683.64000000001
48043110,98090.19,18329.16
48043190,265184.42,47908.56
48043910,10017.19,5.840000000000001
48043990,560018.1200000001,64381.84999999999
48044100,3651.83,225.86
48044200,7768.839999999998,55.27
48044900,38,0
48045100,4297.100000000002,211.64
48045200,56.66,0
48045910,140.16,34.25
48045990,1456.5,225.73
48051100,830.47,0
48051200,8691.67,36.56
48051900,1214833.45,74980.67
48052400,56517.69,3288.97
48052500,43330.62,4654.81
48053000,243502.47,12652.44
48054000,2839.52,8.41
48054010,11600.34,410.65
48054090,551522.1699999999,25826.9
48055000,171.45,5.13
48059100,4868793.91,516129.0499999998
48059210,43274.35999999999,50.05
48059290,20892.99,564.3
48059300,25695.34,2615.83
48061000,185.37,0
48062000,69527.9,3902.240000000001
48063000,13446.5,1002.16
48064000,26220.05,3792.829999999998
48070000,32877.24,433.77
48081000,20981467.3,3246386.02
48082000,419.9,0
48084000,4019.27,378.17
48089000,440677.4300000001,49420.22999999999
48092000,49743.37999999999,27.49
48099000,33813.44,1277.21
48101000,0,0
48101100,1959.3,122.26
48101299,0,0
48101310,243,0.28
48101381,4547.23,23.85
48101382,8.51,0
48101389,7728.030000000001,252.92
48101390,336.8,0
48101391,3950.23,47.52
48101399,21588.84,776.3800000000001
48101410,7523.31,88.24
48101481,553.0699999999999,0
48101482,264.56,0
48101489,1582.6,54.23
48101490,34985.86,2617.88
48101910,1940.07,28.49
48101981,2208.4,0
48101989,40914.47,165.85
48101990,4228.77,67.82000000000001
48101999,38564.11,96.05
48102210,1627.4,0.22
48102290,41807.92,3933.63
48102910,127.5,13.8
48102990,103618.58,9341.640000000003
48103190,107.99,0
48103210,203.7,0
48103290,9.8,0
48103659,0,0
48103990,1175,209.93
48109210,210.7,21.41
48109290,322523.22,1708.07
48109900,4,0
48109990,24218.33,758.9499999999999
48111010,82949.54,576.1800000000001
48111090,34639.7,1900.35
48111411,0,0
48112100,11,2.7
48112900,119,17.53
48113199,0,0
48114000,665.94,151.18
48114110,7804362.570000004,1065423.1992
48114111,0,0
48114190,1423804.83,82188.30000000002
48114810,0,0
48114910,33172.64,1886.6
48114990,123059,1872.37
48115110,17653.22,3749.699999999999
48115121,160381.18,8219.86
48115122,8094.49,18.57
48115123,10398.43,20.2
48115128,1299.58,61.17
48115129,1662330.71,260684.5691000001
48115130,318328.29,22713.64999999999
48115910,794.28,13.35
48115921,2813,0
48115922,2244.13,27.45
48115923,111.9,2.85
48115929,141056.14,15267.347
48115930,10584.67,1908.04
48116010,2693.45,469.89
48116090,174366.43,20181.83
48119000,1355.03,298.45
48119010,874066.0400000002,13366.83
48119011,48546.5,1250.64
48119019,100397.15,9659.46
48119020,50,0
48119090,892960.97,67822.90999999999
48120000,2194990.44,118675.12
48123659,0,0
48129080,0,0
48131000,15777.43,1011.26
48132000,790.5,7.9
48133000,0,0
48139000,5608.88,249
48142000,3765244.7,265003.72
48149000,227366,921.8299999999999
48149200,0,0
48162000,67505.06,1113.32
48169010,4838.410000000001,29.59
48169090,24996.36,39.52999999999999
48169300,0,0
48170000,0,0
48171000,467995.11,18975.84999999999
48172000,4413.389999999999,0
48173000,128836.54,507.37
48181000,10633336.59000001,478720.67
48182000,14421511.38,825078.9
48183000,2472842.069999999,242332.24
48184010,2638.49,0
48184090,148.94,6.43
48185000,45062.42,2646.65
48189010,46903.64000000001,580.85
48189090,2691728.089999998,358115.83
48191000,317509754.04,86109932.44999999
48192000,3933667.14,661609.92
48193000,4480412.16,1180080.36
48194000,4860562.23,1400651.31
48195000,171092627.51,41423825.04000001
48196000,96576.54000000001,11961.44
48200000,0,0
48201000,1616728.1,29479.45
48202000,1160920.86,48068.30000000001
48203000,392413.62,15656.24
48204000,2665003.52,21561.16
48205000,57593.49,418.4400000000001
48209000,823670.1499999999,17871.665
48209090,0,0
48211000,15473446.03,2159903.89
48212990,0,0
48219000,4899277.31,439581.47
48221000,229266.81,28284.57
48229000,198925.77,11843.27
48231100,983.49,10.37
48232000,3.5,0
48232010,4209.179999999999,157.36
48232090,80,0
48232091,12364.02,328.42
48232099,1087271.71,48092.79000000002
48234000,1428952.12,110811.48
48236000,17005.52,4056.969999999999
48236100,40590.45999999999,464.6999999999999
48236900,3246800.769999999,390786.3599999999
48237000,62605373.55000002,11826451.27
48239000,0,0
48239005,0,0
48239009,0,0
48239010,718.59,98.24000000000001
48239020,1436.39,2.02
48239090,4331.11,0.8200000000000001
48239091,10294.2,2421.79
48239099,9685729.649999999,1379017.11
48410090,0,0
48482201,0,0
48483000,0,0
48602580,0,0
48714100,0,0
48811410,0,0
48839000,0,0
48841000,0,0
48879000,0,0
49001100,0,0
49011000,4497161.439999999,100058.75
49019100,78918.47,64.23
49019900,28836994.67,298472.51
49019901,0,0
49021000,877434.2300000001,12199.55
49029000,5217051.34,204345.6700000001
49030000,162034.96,573.95
49033010,0,0
49040000,9592.17,132.12
49052000,533191.12,61144.13
49059000,23651.71,787.0300000000001
49059100,49.9,0
49060000,18449.46,362.38
49070000,0,0
49070020,108,3.75
49070030,546,0
49070090,24079.8,36.79
49079990,0,0
49081000,30249.91000000001,4711.199999999999
49089000,2485458.11,362566.67
49090000,181528.6,1097.61
49093000,0,0
49099900,0,0
49100000,144685.82,5931.76
49103900,0,0
49110000,0,0
49111010,2039304.83,44348.05
49111090,3987715.63,234800.2133
49119100,1353225.79,54867.92
49119900,3455808.01,326825.2300000001
49169300,0,0
49174090,0,0
49718045,0,0
49801130,0,0
49859384,0,0
49872003,0,0
49901900,0,0
50000000,0,0
50010000,9774.130000000001,25.57
50012682,0,0
50013000,0,0
50013371,0,0
50014660,0,0
50020000,2707.95,80.42999999999999
50030010,1042,6.94
50030090,5256.9,23.62
50040000,830.58,196.47
50050000,85.93,0
50060000,1410,0
50071010,6997.04,805.4699999999999
50071090,42424.04,814.7999999999998
50072010,73328.04,6233.799999999999
50072090,13747.3,390.09
50079000,20403.39,104.55
50079090,0,0
50169300,0,0
50231473,0,0
50400120,0,0
50400130,0,0
50497528,0,0
50674900,0,0
50690000,0,0
50881038,0,0
50903510,0,0
51011110,67660,1079.17
51011190,8163.690000000001,1.36
51011900,3775.25,264.75
51012100,58483.82,6274.29
51012900,10550,0
51013000,343.7,0
51021100,573.5,2.65
51021900,15463,222.01
51022000,1154.97,91.02
51031000,10220,0
51033000,550.4,74.24
51040000,2019.23,251
51051000,7953.700000000001,922.0600000000001
51052100,3065.08,60.84
51052910,23011.16,1573.37
51052999,1074.6,90.48
51053900,202,0
51061000,1629,31.84
51062000,13731.48,1350.43
51071011,5076.530000000001,19.82
51072000,256,0
51082000,135,0
51091000,34162.06,658.67
51099000,135.96,13.61
51100000,2411.5,1.17
51110000,0,0
51111110,43703.1,3218
51111900,4389.54,43.68
51112000,9724.34,338.3
51113010,214.82,0
51113090,700.5,135.94
51119000,6042.05,83.09
51121100,10455.72,1566.48
51121910,25450.82,4459.29
51121920,6578.3,0
51123010,9985.66,46.06
51129000,1208.1,8.21
51130012,375.1,0
51130013,435.5,15.89
51130020,393,96.91999999999999
51270016,0,0
51354867,0,0
51387463,0,0
51515151,0,0
51581147,0,0
51761830,0,0
51804452,0,0
52001600,0,0
52010010,138503365.7,9325091.41
52010020,103591816.56,4236348.760000001
52010090,49552728.28,576307.4799999999
52020021,0,0
52021000,1159138.15,104091.23
52022900,0,0
52029100,80969.52999999998,13498.52
52029900,62808382.34,3356100.849999999
52030000,1731466.79,39095.10999999999
52031010,0,0
52041111,20126.71,2167.9
52041112,8472.95,4.77
52041120,2491.48,24.67
52041131,8296.439999999999,291.1
52041132,256.13,9.879999999999999
52041140,544.4200000000001,0
52041911,178,0
52041912,1507.15,0
52041920,2406.7,113.01
52041931,302,5.06
52041932,1106.94,7.06
52041940,2758.440000000001,67.46000000000001
52042000,89289.96,17058.84
52051100,130328.23,12059.02
52051200,595.26,90.85999999999999
52051310,7808.449999999999,1389.44
52051390,19383.43999999999,3226.519999999999
52051400,4865.78,404.92
52051500,1241,101.28
52052100,352,0
52052200,7925,0
52052310,518813.45,57271.44000000002
52052390,8594.77,1090.82
52053100,135603.3399999999,12876.86
52053200,4302.389999999999,293.25
52053300,7515.05,323.5699999999999
52053400,29575.75,5043.159999999999
52053500,32.5,0
52054000,0,0
52054100,24182.4,1730.93
52054700,421.35,0
52054800,173,0
52055100,0,0
52061100,1513.84,10.66
52061200,1104.94,118.04
52061300,2211.33,8.450000000000001
52061400,1315,149.4
52062100,15,0
52062200,2517.48,395.0600000000001
52062500,104.5,0
52063100,10.95,0
52063200,60394.96,288.18
52063300,558.44,3.48
52063400,460.8,0.74
52063500,57.57,12.24
52064200,258.3,6.52
52071000,66416.52,5133.399999999998
52079000,73595.31999999998,7572.899999999997
52081100,22777.77,2114.84
52081200,8003678.16,1205960.49
52081300,13043.99,2101.699999999999
52081900,688349.85,109667.02
52082100,28073.57,1760.200000000001
52082200,26072.67,1963.2
52082300,9328.26,128.58
52082900,59961.00999999999,7413.220000000004
52083100,1185.84,0
52083200,116343.31,3372.39
52083300,620182.4400000001,92014.76
52083900,130172.12,6090.209999999998
52084100,7528.14,79.88
52084200,17954.07,1928.98
52084300,2432.31,380.39
52084900,248331.03,38587.94
52085100,14342.21,183.15
52085200,51941.07000000001,4131.17
52085910,10274.18,866.64
52085990,17360.29,1805.94
52091100,94058.69000000002,14778.94
52091200,28527.68,1521.25
52091900,188738.41,14397.99
52092100,3021.73,23.96
52092200,42851.85,5218.49
52092900,110215.36,8887.08
52093100,138722.66,17158.48
52093200,1239063.41,29290.5
52093900,120200.99,5366.949999999999
52094100,3113.4,629.3000000000001
52094200,0,0
52094210,21823.52,53.08
52094290,53276.12,1135.08
52094300,10910.05,32.65
52094900,148038.99,7113.700000000001
52095100,1476.3,293.43
52095200,905.3299999999999,176.5
52095900,95060.43999999999,8887.25
52101100,10534.32,4.21
52101910,3134.040000000001,1.79
52101990,6137,19.59
52102100,2597.06,103.99
52102200,75.97999999999999,8.67
52102910,4134.4,9.01
52102990,18166.7,1910.96
52103100,180784.61,6142.940000000001
52103200,139067.62,13158.76
52103900,36210.61,732.38
52104100,40716.68,261.65
52104910,40938.03,7148.539999999999
52104990,611.5699999999999,88.76
52105100,14899.72,148.13
52105900,1.8,0
52105990,3645.74,50.32
52111100,17264.36,1320.56
52111200,64399.82999999999,7660.77
52111900,3050015.61,496.94
52112010,11,0
52112020,818.98,59.44
52112090,89.9,18.49
52113100,7063.16,13.56
52113200,59535.00999999999,7915.010000000001
52113900,46319.10000000001,4264.860000000001
52114100,35407.93,6007.95
52114210,2507.75,216.67
52114290,50330.93,2726.34
52114300,6046.72,4.140000000000001
52114900,115078.6,5038.25
52115100,41621.9,4519.070000000001
52115200,15257,0
52115900,33682.29,3421.59
52121100,11262791.14,1646114.57
52121200,52266.52,4680.05
52121300,3423.520000000001,306.5
52121400,190545.49,1426.09
52121500,82779.48,904.92
52122100,10291.05,789.8100000000001
52122200,7420.04,458.2100000000001
52122300,40271.36,4778.19
52122400,207047.2600000001,18937.92999999999
52122500,66208.33,8090.16
52160001,0,0
52160080,0,0
52170001,0,0
52170013,0,0
52170016,0,0
52170018,0,0
52179000,0,0
52180016,0,0
52188362,0,0
52189640,0,0
52189960,0,0
52219000,0,0
52221100,0,0
52240435,0,0
52362012,0,0
52365090,0,0
52368001,0,0
52410221,0,0
52458755,0,0
52475269,0,0
52642000,0,0
52646546,0,0
52663010,0,0
52678598,0,0
52689510,0,0
52842688,0,0
52883010,0,0
52897412,0,0
53011000,30629.74999999999,5049.809999999999
53011300,0,0
53012110,1863.8,0
53012120,3462.8,22.44
53012910,232.2,0
53012990,34676.54,1185.18
53013000,6014862.320000001,853974.7299999997
53021000,15357.62,122.52
53029000,4405.29,161.2
53031010,5790.209999999998,560.3900000000001
53031090,3111.86,185.42
53032900,0,0
53039010,1021.6,24.38
53039090,1232347.22,158026.38
53039099,0,0
53041000,2653.309999999999,42.65000000000001
53043910,0,0
53050010,1979.54,0
53050090,2203897.08,106375.28
53051900,431.09,2.15
53052100,30931.05,746.7399999999999
53052900,6108.209999999999,806.42
53059190,347.68,98.22
53059990,8785.14,87.85
53061000,1299.44,114.51
53062000,10829,0
53071000,0,0
53071010,11014.65,702.9900000000001
53071090,7009.469999999998,716.53
53072010,1578.98,165.96
53072090,509.18,103.07
53079010,0,0
53081000,3598337.94,189841.75
53082000,2052.72,0
53089000,298905.7300000002,4472.450000000001
53091100,153106.7,4965.18
53091900,277342.62,11952.21
53092100,131174.37,2598.92
53092900,249253.16,14662.85
53101010,79490.72,6479.75
53101090,119487.82,11467.64
53109000,8101.57,1173.26
53110000,197111.25,19880.33
53152199,0,0
53214836,0,0
53768700,0,0
54011011,42026.28,3386.78
54011012,44560.48,4028.050000000001
54011090,155277.01,13213.12
54012012,143.99,2.63
54012090,2060.87,15.72
54021020,25,0
54021100,686.1,19.06
54021910,13748.62,859.7
54021990,5751.200000000001,196.72
54022000,750,0
54022010,590.1400000000001,0
54022090,26915.23,3201.109999999999
54023119,1129.74,12.32
54023190,1653.94,180.61
54023211,5120.62,219.46
54023219,1640.46,159.52
54023290,67.88,0
54023310,31678.72,767.2900000000001
54023320,3091.3,32.8
54023390,10099.41,97.8
54023400,200861.04,32505.00999999998
54023900,35771.57,5931.950000000001
54023910,204.9,0
54024400,189.83,10.53
54024520,6098.42,187.53
54024590,230.1,0
54024600,5.1,0
54024710,805,0
54024720,350.28,74.41999999999999
54024790,124957.52,1024.86
54024800,307335.91,32584.4
54024910,8483.859999999999,43.13
54024990,7524.52,264.06
54025110,2353.72,0
54025190,1917.3,28.71
54025200,3317,277.71
54025300,4525,684.54
54025900,71.52,2.84
54026110,747.28,27.2
54026190,31906.49,1406.73
54026200,24721.4,2948.1
54026300,229.25,48.58000000000001
54026900,83940.26000000001,6121.35
54031000,7797.59,14.04
54033000,0,0
54033100,160,42.39
54033110,184,0
54033190,53106.64999999999,496.72
54033300,169.55,3.63
54034100,43433.66,4059.160000000001
54034200,298.37,0
54034900,204.97,32.73999999999999
54039490,0,0
54041100,3124.690000000001,197.57
54041200,382794.96,47643.51
54041911,39,9.620000000000001
54041919,2574.5,155.09
54041990,367725.03,37199.00000000001
54049000,208352.13,25453.52
54050000,960137.3399999997,111302.06
54060010,797691.2799999999,89528.84000000001
54060020,2534.829999999999,457.88
54062000,867,239.12
54071001,0,0
54071011,643118.98,84325.64999999998
54071018,0,0
54071019,5204007.83,714671.4000000001
54071021,378091.7699999999,76457.69
54071029,20250.7,1404.75
54072000,17275172.95,1951822.56
54073000,130869.02,13659.28
54074100,271.63,59.43000000000001
54074200,44759.34,247.48
54074300,18222.02,230.39
54074400,2172.2,91.82
54075100,124025.25,3476.44
54075210,1246336.96,39585.57
54075220,968.94,143.7
54075300,565510.3100000002,43342.22000000001
54075400,184909.98,5549.559999999999
54076100,626750.29,59915.43
54076900,365116.23,9780.400000000001
54077100,10592918.85,1328179.37
54077200,14825062.36,1875428.95
54077300,384786.6300000001,45945.15999999999
54077400,3001.4,0
54078100,10295.2,0
54078200,71685.70999999999,731.9300000000001
54078300,84859.30000000002,8340.23
54078400,10754.72,2446.69
54079000,0,0
54079100,21896,8.23
54079200,376074.52,18536.35
54079300,275533.59,17531.51
54079400,23743.17,1345.41
54081000,2073.95,0
54082100,148713.79,7269.88
54082200,6956.42,600.94
54082300,325285.78,51543.36
54082400,1722.02,95.16
54083200,716.9399999999999,13.71
54083300,39920.19,477
54083400,1610.54,3.71
54099999,0,0
54103698,0,0
54123697,0,0
54191000,0,0
54212300,0,0
54212990,0,0
54213990,0,0
54454455,0,0
54454564,0,0
54521569,0,0
54534090,0,0
54536467,0,0
54545455,0,0
54545478,0,0
54551654,0,0
54628000,0,0
54634646,0,0
54651455,0,0
54665654,0,0
54680400,0,0
54748764,0,0
54772000,0,0
54879655,0,0
54963248,0,0
54983562,0,0
54987981,0,0
55011000,6143.07,0
55011100,23475.29,2845.89
55011900,19134.06,141.75
55012000,44307.78,665.52
55013000,37737.14,4844.78
55014000,556045.81,34245.05
55019000,326217.43,3903.78
55020090,272,0
55029090,5836.48,0.79
55031910,2885.31,128.24
55031990,2467.27,475.7500000000001
55032010,25390.23,2795.889999999999
55032090,181139.95,427.72
55033000,10767.8,289
55034000,626128.78,82640.45
55039010,197652.35,27645.86
55039090,5574.35,359.46
55041000,12150,1065.12
55049010,100379.84,1549.350000000001
55049090,8642.17,47.03
55050090,0,0
55051000,2856.34,75.53999999999999
55052000,60648.25,12572.65
55061000,4526.21,148.58
55062000,25308.84,1661.68
55063000,104522.7,6926.73
55069000,262.09,25.23999999999999
55070000,21614.56,1529.13
55081000,390361.2,45909.53
55082000,32011.66000000001,7375.75
55091100,1074.4,126.7
55091290,15497.59,1783.54
55092100,109577.86,3670.379999999999
55092200,1258451.22,124181.36
55093100,4.48,0
55093200,923.74,58.97
55094100,2131.2,14.51
55095100,76713.36,234.46
55095200,1428,0
55095300,88554.72000000002,580.55
55095900,3733.24,35.89
55096100,345,0
55096200,1374,0
55096900,480.64,47.75
55099200,13004.44,12.17
55099900,11973.11,1107.97
55101119,360,0
55101190,429.9,13.58
55101219,1248981.64,0
55102011,3019,0
55102013,68,0
55102019,2754.67,601.72
55102090,3680,0
55103011,90,0
55103090,2157.4,170.7
55109090,3.39,0
55111000,30632.59999999999,2346.15
55112000,3587.27,554.2800000000001
55113000,54.5,0
55121100,46560.50999999999,142.16
55121900,100558.24,2223.87
55122100,15099.6,2063.61
55122900,348248.29,52525.12000000002
55129190,8459.68,0
55129910,5838.69,17.85
55129990,6170.160000000001,57.73999999999999
55131100,25933.55,161.84
55131200,3781.9,75.24
55131300,5889.65,0.44
55131900,95275.68999999999,10.03
55132100,177997.9,3747.75
55132310,131.24,0
55132390,3142.5,4.5
55132900,7568.34,12.42
55133100,35168.79,266.84
55133911,211.78,29.3
55133919,160.8,0
55133990,5446,198.78
55134100,40041.66,1315.21
55134919,41,0
55134990,1595.97,0.17
55141100,15.45,0
55141200,5.25,0
55141990,1865.98,0
55142100,13714.23,369.95
55142200,275974.4,21627.62
55142300,287.5,4.03
55142900,1846.32,7.39
55143012,23890.84,685.79
55143019,31146.28,4447.98
55143090,199.95,0
55144100,1073.5,0
55144200,13254.9,0
55144300,2061.77,280.45
55144900,1778.6,0
55145645,0,0
55151100,17807.42,335.99
55151200,1250289.95,53543.41
55151300,5517.82,0
55151900,154830.99,2560.02
55152100,22919.44,2061.49
55152900,67991.2,13271.2
55159100,6227.08,91.27999999999999
55159990,5998.46,144.36
55161100,5035,1288.2
55161200,37828.46999999999,3298.88
55161300,1562.5,25.25
55161400,8614.06,54.17
55162100,399.65,0
55162200,9865.09,20.86
55162300,265622.26,11800.07
55162400,5186.799999999999,955.75
55163200,19788.2,831.76
55164100,3655,0
55164200,2447.5,0
55164300,13771.87,141.85
55164400,19562,3173.110000000001
55169100,9715.57,1995.02
55169200,13361.23,1036.07
55169300,104596.56,6008.53
55169400,3654.780000000001,595.11
55171090,0,0
55248564,0,0
55332417,0,0
55454555,0,0
55555555,0,0
55825412,0,0
56011000,1089,182.04
56012110,127792.1,12832.27
56012190,117658.35,12138.11
56012211,5633.34,618.8199999999999
56012219,12440.97,126.78
56012291,11875.36,361.52
56012299,31855.82,542
56012900,24816.44,1088.4
56013010,44,0
56013090,1541.28,77.79
56014000,0,0
56021000,819404.3599999999,61988.72
56022100,405617.6900000001,53808.69999999998
56022900,1082540.49,165712.18
56024900,0,0
56029000,722855.85,80935
56031110,9400,0
56031120,21157.76,655.8199999999999
56031130,379010.53,31354.39
56031140,117,0
56031190,18388.62,2118.64
56031210,133558.82,17836.79
56031220,509.92,0
56031230,461396.49,48716.88
56031240,270342.8199999999,18235.13
56031250,89751.47000000003,12382.18
56031290,838596.89,103454.39
56031310,34397.92000000001,1299.25
56031320,86338.45000000001,10417.68
56031330,1336279.01,178615.55
56031340,138620.1,13026.03
56031350,4709.19,645.9200000000001
56031390,695833.65,72170.38
56031410,126030.69,30068.13
56031420,704033.04,45462.34
56031430,122502.99,22239.52
56031440,49.8,0
56031490,1055767.71,37956.39
56039100,840,161.68
56039110,274.54,7.890000000000001
56039120,39.25,2.08
56039190,1006.3,20.63
56039200,0,0
56039210,51881.14,5414.289999999999
56039220,130708.24,17795.84999999999
56039230,21.5,0
56039240,170638.53,15208.87
56039290,136212.6,18159.39
56039310,34143.28,6386.92
56039320,77315.55,12825.67
56039330,12964.63,110.69
56039340,1407.22,220.9699999999999
56039390,99633.91,7988.740000000003
56039400,10.8,0
56039410,404015.24,53713.69000000001
56039420,117558.06,6048.46
56039490,659902.67,82818.67000000001
56041000,4184796.9,458640.1199999999
56041010,0,0
56041990,0,0
56044100,0,0
56049010,18698.79,3879.31
56049021,62818.81,2122.78
56049022,27553.12,3311.67
56049090,132821.1,13097.81
56050010,640.5,0
56050020,9605.34,913.7399999999999
56050090,414728.4700000001,44511.78000000001
56060000,15701.21,1117.54
56070000,0,0
56071000,2983.03,214.95
56071090,2281.72,21.36
56072100,3287795.76,583918.59
56072900,446808.73,28114.61
56074000,0,0
56074090,0,0
56074100,2701472.34,395204.94
56074900,18689256.54,2636575.47
56075011,2406434.52,329328.3
56075019,533366.94,75968.16999999998
56075090,7970842.999999999,1165196.97
56075099,0,0
56077490,0,0
56079000,0,0
56079001,0,0
56079010,1105052.36,63806.44000000002
56079020,18070.38,2736.59
56079090,2522531.53,272488.5100000001
56081100,8921939.739999998,1080146.01
56081900,6691956.71,1019431.62
56089000,1111331.15,87353.2
56090010,17163.61,554.02
56090090,2710163.74,391759.91
56099010,0,0
56127843,0,0
56181415,0,0
56245876,0,0
56320101,0,0
56320102,0,0
56456456,0,0
56465465,0,0
56468456,0,0
56500000,0,0
56565767,0,0
56633211,0,0
56789876,0,0
56932510,0,0
56985632,0,0
56987452,0,0
57011011,1527565.44,114634.9
57011012,142537,2947.68
57011020,18053.75,304.23
57019000,1219801.92,85371.42000000001
57021000,2008020.85,252878.81
57022000,106847.67,1694.92
57023100,112350.67,27651.73000000001
57023200,274856.01,8155.280000000002
57023900,41320.75999999999,3573.21
57024100,97670.95,9212.760000000002
57024200,3973373.240000001,143932.07
57024900,292860.6200000001,7115.980000000001
57025010,399.03,55.16999999999999
57025020,205118.06,11594.47
57025090,28741.09,906.3499999999999
57029100,104531.93,9064.51
57029200,1191966.84,46780.29
57029900,279436.89,12895.81
57031000,226469.55,12618.3
57032000,91239.01,5447
57032100,1259031.75,99995.93
57032900,3277948.16,329059.45
57033000,20519.9,1950.97
57033100,571847.08,27196.15
57033900,1282675.94,92427.26999999997
57039000,1504592.83,127126.2
57039200,0,0
57041000,48378,830.2600000000002
57042000,22269.98,7.17
57049000,222886.01,13838.53
57050000,2041102.69,103384.9
57074900,0,0
57085012,0,0
57088000,0,0
57089990,0,0
57141000,0,0
57646736,0,0
57842845,0,0
57979000,0,0
58011000,21887.26,910.36
58012100,77928.48000000001,6201.139999999999
58012200,10968.92,118.45
58012300,14667.05,0
58012600,5940.52,551.26
58012700,4788.26,0
58013100,1772.22,0
58013200,41157.25999999999,1393.07
58013300,125586.36,13216.46
58013600,263005.49,13654.21
58013700,206690.35,20492.61
58019000,43174.98,359.66
58021000,37243.1,3024.650000000001
58021100,20,0
58021900,4958.63,14.25
58022000,50393.59000000002,5400.560000000001
58023000,175068.85,7072.870000000001
58030010,64557.72,1248.51
58030090,45737.45,8705.66
58041010,17278.66,379.7100000000001
58041090,209883.71,18056.37
58042100,67143.75999999998,5886.040000000001
58042910,105313.96,184.16
58042990,5042.04,198.44
58043010,12291.8,0
58043090,39553.24000000001,1590.63
58050010,121353.14,3322.47
58050020,127156.76,13130.12
58050090,231939.92,1828.44
58061000,146591.24,15135.15
58062000,145976.03,11238.27
58063100,110461.93,2584.78
58063200,3145636.98,336900.25
58063900,117390.48,7365.4
58064000,40591.91,1373.85
58071000,972051.89,40776.88000000001
58079000,116984.35,567.9
58081000,102286.13,2189.28
58089000,143398.78,5344.330000000001
58090000,18097.88,516.17
58090099,0,0
58101000,17593.45999999998,1228.49
58109100,344053.84,2214.26
58109200,215047.48,7868.559999999999
58109900,123897.46,3526.06
58110000,651510.88,20084.76
58118020,0,0
58176241,0,0
58224200,0,0
58256090,0,0
58364100,0,0
58426161,0,0
58462580,0,0
58487488,0,0
58501101,0,0
58678996,0,0
58741236,0,0
58769522,0,0
58798461,0,0
58933320,0,0
58963010,0,0
58963214,0,0
58970000,0,0
58996666,0,0
59000000,0,0
59009000,0,0
59011000,314007.28,61.67
59019000,88927.49000000002,1648.76
59021010,33455.61,946.7600000000001
59021090,3952.61,154.52
59022000,25412.14,2161.67
59029000,12574.88,282.2
59031000,4206517.83,325752.29
59032000,99646.94,4379.04
59033100,0,0
59039000,314911.59,37259.41
59041000,2065.87,51.78
59049000,18194,0
59050000,223655.15,8350.58
59061000,2715564.309999999,212176.98
59061010,0,0
59064125,0,0
59069100,24621.9,463.3
59069900,132651.83,11772.07
59070000,161960.09,2798
59072200,0,0
59074900,0,0
59080000,43567.52,1112.4
59090000,13354075.46,670575.21
59099000,0,0
59100000,8330371.33,524374.46
59111000,247520.14,3041.58
59112010,90454.8,14595.82
59112090,114585.95,13684.78
59113100,36.2,0
59113200,5696.77,621.53
59114000,114168.76,8076.4
59119000,5024290.430000001,578751.74
59119090,0,0
59503300,0,0
59852101,0,0
59860314,0,0
59877745,0,0
60006320,0,0
60011010,94478.82,2061.04
60011020,192332.61,3662.48
60011090,40572.41,582.67
60012100,26606.98,2779.810000000001
60012200,15001.55,1087.45
60012900,4586.770000000001,523.23
60019100,2583.17,111.84
60019200,423782.0600000001,29966.61000000001
60019900,35336.05,4718.41
60021010,6.5,0
60023020,1183.2,114.56
60024010,3241,349.61
60024020,6732.670000000001,458.6400000000001
60024090,12425,0
60029010,5999.620000000001,158.03
60029020,2407.61,411.4099999999999
60029090,30024.21,3.24
60029200,3475.95,0
60032000,1566.16,176.47
60032090,0,0
60033000,9626.1,2917.2
60034000,597.06,118.76
60039000,111848.7,14373.64
60041011,1144.7,72.9
60041012,264.89,0
60041013,2251.84,0
60041014,5153.7,19.79
60041031,7417.820000000001,0
60041032,111879.97,5909.45
60041033,1823.6,116.89
60041034,9625.6,957.21
60041041,156,0
60041042,7078.41,446.11
60041043,11821,0
60041044,1584.81,101.71
60041091,129.49,0
60042211,0,0
60049010,36729.44000000001,137.05
60049030,78699.7,2655.16
60049059,0,0
60049090,34961.89,227.23
60052100,114,0
60052300,5957.52,706.3199999999999
60053000,0,0
60053100,390828,0
60053200,2720.69,423.39
60053300,26516.72,5986.740000000001
60053500,36914.3,5388.88
60053600,3281752.23,175969.42
60053700,68769.31,7393.58
60053800,3275039.99,380775.9800000001
60053900,114172.3,6379.91
60054100,13479.48,72.75
60054300,1420.06,381.22
60054400,4798.4,0
60059090,6334385.48,917029.84
60061000,38350.96,252.68
60062100,17983945.54,2557817.81
60062200,489373.8999999999,3827.670000000002
60062300,34950.19,541.9
60062400,5651.389999999999,551.02
60063100,2080,0
60063110,13010.6,0
60063120,34212.38,726.51
60063130,8921.55,1145.89
60063190,9294.710000000001,38.93
60063200,19134.02,113.76
60063210,26557.34999999999,355.84
60063220,482392.73,10438.09
60063230,55,0
60063290,201209.65,783.1
60063310,280922.1,71703.17999999998
60063320,70669.39,10215
60063330,1066.4,0
60063390,5144,731.1700000000001
60063410,53200.35000000001,852.55
60063420,12016.99,1624.15
60063430,2306.9,9.04
60063490,417546.13,4759.67
60064011,0,0
60064100,1612.95,153.9
60064200,115003.85,882.4200000000001
60064300,11900.8,54.44
60064400,8349.43,1359.36
60069000,728322.22,8634.27
60200710,0,0
60905100,0,0
61010000,0,0
61011000,6.56,1.43
61012000,617802.6799999999,51799.89000000001
61013000,2405593.44,246852.69
61014200,0,0
61019000,4940,0
61019010,153549.7,24316.07
61019090,753743.23,63301.66
61021000,307678.61,54506.37000000001
61022000,485611.6899999999,77212.91
61023000,923807.0899999999,121895.87
61023100,0,0
61025200,0,0
61026400,0,0
61029000,557425.79,53254.84
61031010,67331.68,1483.44
61031020,455146.41,33639.44
61031090,272942.24,35923.04
61031900,1713.8,484.15
61032200,831572.1799999999,68064.01999999999
61032300,346946.2600000001,48474.89000000001
61032910,3145.8,37.73
61032990,305578.4,19701.42
61033100,44469.9,1304.81
61033200,52273.5,632.1
61033300,25480.97,2636.57
61033900,38746.99,2015.3
61034100,314803.65,32188.8
61034200,3028983.59,187500.62
61034300,1975833.32,157248.3
61034900,3291737.41,175559.39
61041300,63624.3,304.71
61041910,1067.49,0
61041920,50865.85,7865.52
61041990,882597.1199999999,216308.03
61042200,378878.61,32563.92999999999
61042300,244149.1500000001,18881.53999999999
61042900,5069.53,0
61042910,23414.33,5117
61042990,232102.92,19986.99
61043100,44324.58,3601.29
61043200,97973.46,6731.71
61043300,146310.65,19538.81
61043900,552511.9,97369.23
61044100,619589.28,10939.45
61044200,1100248.97,113522.94
61044300,2051323.2,260816.8799999999
61044400,854420.1500000001,123444.67
61044900,1498040.95,132071.65
61045100,35820.77999999999,3104.15
61045200,244834.82,21920.98
61045300,631043.6799999998,80321.88000000002
61045900,487972.3999999999,63015.98
61046000,0,0
61046100,430794.09,13361.2
61046200,2446069.87,107858.72
61046300,2867637.46,317028.09
61046900,2971350.12,228629.66
61048200,0,0
61050000,0,0
61051000,6755523.08,428098.74
61052000,3889496.69,198921.78
61059000,7205781.279999999,500954.79
61061000,1504159.96,138172.16
61062000,3649837.589999999,441631.4800000001
61069000,2733870.49,211869.35
61071100,381302.52,51012.94
61071200,209773.31,25264.97
61071900,164730.61,4285.92
61072100,137440.32,14556.6
61072200,45216.72999999999,5679.93
61072900,99557.98000000001,13445.9
61079100,62433.97,4427.709999999999
61079200,7555.700000000001,0
61079910,31093.1,241.81
61079990,10353.17,322.52
61081100,33474.93999999999,535.35
61081900,6832.56,366.71
61082100,168774.66,15415.6
61082200,392472.3,46447.49000000001
61082201,0,0
61082900,77278.79000000002,7814.539999999999
61083100,253043.15,27374.84
61083200,1034290.44,45340.61000000001
61083900,73807.64000000001,7334.400000000001
61089100,7429.779999999999,769.98
61089200,75604.93000000001,5619.570000000001
61089900,72394.18999999999,2880.150000000001
61090000,0,0
61091000,10884286.43,798956.5399999998
61091090,0,0
61099000,17851281.97,956476.3500000001
61101000,96.03,21
61101100,569248.69,123338.82
61101200,673087.9299999999,132073.65
61101900,13016.24,792.8100000000001
61102000,1060768.670000001,188969.63
61103000,1408383.78,177730.91
61109000,227470.33,27484.00000000001
61112000,1062505.04,72788.03
61112200,0,0
61113000,142004.98,9974.94
61119000,1564,0
61119010,5591.48,849.8899999999999
61119090,99390.75,5112.780000000001
61121100,86878.19,1477.36
61121200,108342.6,8488.140000000001
61121900,68177.14,3205.68
61122000,356691.73,37487.55
61123100,140907.71,13582.6
61123900,84423.92,6291.03
61124100,1559550.97,202066.21
61124900,326269.64,11892.68
61130000,3866172.949999999,517092.46
61141000,577,0
61142000,484827.5700000001,41547.67
61143000,1498642.49,157736.27
61149000,2450,0
61149010,23071.46,4845.34
61149090,2187522.38,201223.29
61149990,0,0
61151011,7698.41,418.77
61151012,39534.3,2788.52
61151013,691.26,15.28
61151014,16371.43,418.49
61151019,14853.51,1045.83
61151021,69981.57,8205.58
61151022,31823.82,1454.64
61151029,2997.05,256.11
61151091,572.36,26.97
61151092,4107.68,227.16
61151093,36607.78,3362.51
61151099,2995.15,296.32
61151100,27.8,0
61151990,750,27.38
61152100,42728.88999999999,3305.000000000001
61152200,16558.71,1300.85
61152910,10436.78,2819.19
61152920,4286.52,511.05
61152990,8275.14,661.06
61153010,18814.5,1652.79
61153020,2491.02,100.33
61153090,4035.89,8.98
61159100,59.4,0
61159200,199.5,0
61159400,36314.51,2761.18
61159500,480016.45,54764.28
61159600,206269.24,22619.22
61159900,71324.32,8546.390000000003
61161000,7794790.859999999,1043968.36
61161001,0,0
61166100,0,0
61169100,26029.34,2755.8
61169200,585270.28,57961.24000000001
61169300,2419587.11,265141.43
61169900,166171.47,19567.22
61171000,129011.58,14612.17
61178000,1181.3,18.1
61178010,5359.58,145.53
61178090,302799.01,25299.26
61179000,81269.01,5978.75
61199200,0,0
61646900,0,0
61700000,0,0
61811820,0,0
61901000,0,0
62011200,12936.5,42.5
62011300,82332.13000000002,10000.15
62011900,3372.58,146.79
62012000,463508.7299999999,90900.98
62013000,1115701.73,128696.84
62014000,3599773.220000001,470733.84
62019000,697725.76,61374.61
62019100,615.9,142.75
62019200,5488,0
62019300,3456.28,216
62019900,18800.22,2351.56
62021100,89.69999999999999,0
62021300,1477.7,30.55
62021900,500,131.25
62022000,672250.69,136854.77
62023000,777845.66,146551.5000000001
62024000,1330044.360000001,193662.06
62029000,662313.21,87284.18999999999
62029100,670,0
62029200,1553,259.72
62029300,2290,0
62029900,194778.37,2880.550000000001
62031100,2085045.84,387945.8499999999
62031200,246148.3899999999,46584.21000000001
62031900,109941.29,10361.44
62032200,1777035.83,210203.47
62032300,1546536.140000001,182082.5600000001
62032900,3493.8,0
62032910,1496512.74,107388.24
62032990,3309614.12,476919.46
62033100,772166.3899999999,153660.39
62033200,95903.04999999999,2225.58
62033300,158462.72,23084.05
62033900,327307.35,22882.13
62034100,746110.44,111204.67
62034200,11247446.43,1124467.39
62034300,1887937.43,202035.08
62034900,3060171.04,365669.88
62034910,0,0
62035276,0,0
62041100,17765.77,2731.89
62041200,18397.63,581.1199999999999
62041300,41516.83,409.74
62041900,90206.28,15331.17
62042100,2227.12,100.33
62042200,179643.22,12091.28
62042300,709124.2799999998,56532.33
62042900,2487812.01,263285.9
62043100,473840.6,85017.34000000001
62043200,421248.8799999999,72477.38999999998
62043300,975224.7600000002,128292.39
62043900,930355.9100000001,135014.51
62044100,393359.84,78411.49999999999
62044200,2442556.88,346417.45
62044300,4532064.869999999,518570.08
62044400,2093556.600000001,323334.44
62044900,5595652.559999999,769325.7300000002
62045100,89346.09000000001,17792.41
62045200,941261.9500000002,138648.76
62045300,1119871.26,146730.94
62045900,1291126.64,170451.42
62046100,267916.97,38743.55
62046200,5662969.58,587344.6299999999
62046300,3249629.419999999,381299.98
62046900,3580768.860000001,487453.6200000001
62052000,9357147.569999998,695552.52
62053000,2862942.95,150521.17
62055200,0,0
62055900,0,0
62058000,0,0
62059000,61884.6,5724.07
62059010,189170.42,20907.85
62059090,3867613.1,373236.2499999999
62061000,1175754.77,166001.69
62062000,465696.8699999999,47023.11999999999
62063000,3425856.87,325451.74
62064000,3799635.930000001,447088.6799999999
62069000,4756745.32,523379.32
62069090,0,0
62071100,18613.3,1389.04
62071900,64311.67999999999,3902.23
62072100,11805.07,1428.28
62072200,11088.46,142.63
62072900,69156.69,1327.39
62079000,0,0
62079100,737255.8,19665.36
62079900,4960,181.04
62079910,91258.85999999999,11038.76
62079990,312530.7399999999,31692.52000000001
62081100,11800.83,544.8399999999999
62081900,7599.389999999999,1571.47
62082000,0,0
62082100,57398.04,2712.58
62082200,97851.28,12050.16
62082900,274117.51,37309.41999999999
62084200,0,0
62089100,65874.98,3791.44
62089200,67389.23,9203.15
62089900,28676.94,1730.6
62092000,489593.16,26985.83
62093000,121317.59,4900.24
62099000,290.13,30.15
62099010,3856.14,102.41
62099090,137703.81,5508.34
62099200,0,0
62101000,4236354.289999999,580610.9214999999
62102000,497215.3399999999,54688.54
62102156,0,0
62103000,131735.31,8720.81
62104000,1733300.7,203084.4099999999
62105000,334598.98,17663.88
62111100,287334.08,30229.45
62111200,421906.21,25678.22
62112000,380182.1,26182.14
62113000,0,0
62113200,358000.2699999999,39523.88000000001
62113300,407210.22,39957.55
62113910,1927.76,320.83
62113990,670934.2300000001,38839.39999999999
62114200,377169.21,32242.87000000001
62114300,496876.1300000001,76016.95
62114900,441889.8599999999,51636.44
62121000,727777.8699999999,86464.9
62122000,148931.99,9851.86
62123000,66244.4,7428.679999999998
62129000,336871.99,41968.33
62132000,7639.48,102.38
62139010,3985.47,708.71
62139090,1755.39,422.83
62141000,333369.36,55825.03
62142000,289225.03,57735.43
62143000,67220.88999999998,4739.499999999999
62144000,66067.81,6077.84
62149010,31579.93,6967.410000000001
62149090,468018.27,5352.58
62151000,172955.3,32559.96999999999
62152000,28628.97,1649.21
62159000,18757.2,2172.55
62160000,738765.9099999998,60186.89
62160099,0,0
62171000,1010642.77,100971.96
62179000,509955.3300000001,38861.61
62179099,0,0
62216000,0,0
62424300,0,0
62510000,0,0
62525000,0,0
62546555,0,0
62620062,0,0
62915200,0,0
63000000,0,0
63011000,85239.69000000002,974.1799999999998
63012000,224213.89,35996.5
63013000,150813.41,11620.81
63014000,2262927.27,274956.7
63014099,0,0
63019000,312313.4399999999,10438.64
63019010,0,0
63021000,1355188.99,100900.75
63022100,2765699.3,246632.43
63022200,712845.85,82736.82999999999
63022900,213279.77,21200.7
63023100,5328117.240000001,626371.2200000001
63023200,915016.3100000002,63770.3
63023900,809964.2000000002,76085.69
63024000,34472.61,448.04
63025100,428780.58,46821.12
63025300,404337.8,28578.15
63025910,213901.23,12065.45
63025990,238445.22,15812.56
63026000,4117812.799999999,485424.5300000001
63026200,0,0
63029100,480171.19,35595.08
63029300,249388.19,22515.83
63029910,68451.12999999999,3404.58
63029990,110002.78,8635.329999999998
63031100,3400,0
63031200,884698.56,14929.15
63031900,25889.74,936.52
63031910,394337.05,5166.000000000001
63031990,2104580.7,25941.33
63039100,459467.69,5215.73
63039200,16173468.29,1318084.5
63039900,9030275.9,217293.95
63041100,142342.89,5602.290000000001
63041910,864160.7400000002,78238.01
63041990,350666.89,20827.4
63042000,30305.26,1034.06
63049100,86363.05,5086.47
63049200,225250.5,12652.31
63049300,718836.6399999998,65124.77999999999
63049900,341796.87,15483.09
63051000,2321326.19,264841.28
63052000,5729001,566133.38
63053090,0,0
63053200,71981661.62999998,16370551.14
63053310,6857975.2,762798.9000000001
63053390,102963277.79,24278862.08
63053900,1270872.43,65015.67999999999
63059000,4014147.07,450329.4
63061100,26290.15,0
63061200,3908028.08,255028.31
63061900,132452.39,5522.67
63061910,332053.09,22396.09
63061990,3040925.21,104224.82
63062200,1699877.48,113436.19
63062900,24390,4760
63062910,17925.17,45.49
63062990,847013.38,20258.04
63063000,0,0
63063010,83894.96,0
63063090,3442.8,161.12
63064010,4882.34,81.6
63064090,9371.009999999998,439.79
63064100,936,0
63064900,116.75,33.3
63069000,6894061.410000001,1039920.57
63069900,9245.41,1040.97
63070000,0,0
63071000,5030206.459999997,674277.05
63071099,0,0
63072000,3634109.77,451890.73
63075425,0,0
63079000,0,0
63079010,12859642.66,1792536.188
63079020,15513.39,1087.47
63079090,21175314.15,2633260.125399999
63079099,0,0
63079990,0,0
63080000,1489150.17,85200.63999999998
63089300,0,0
63090010,3912709.419999999,160310.47
63090090,1403997.28,19122.88
63091000,0,0
63092990,0,0
63101000,343289.58,45145.78
63109000,984835.73,132154.01
63138190,0,0
63181901,0,0
63188190,0,0
63207200,0,0
63231000,0,0
63254415,0,0
63545646,0,0
63607200,0,0
63710000,0,0
63800000,0,0
63971000,0,0
64011000,230700.5399999999,32321.32
64019000,0,0
64019100,65.4,0
64019200,14044019.00000001,2118711.170000001
64019900,200,45.3
64019910,9400.51,1201.36
64019990,1423539.39,161233.4
64021200,8452.470000000001,531.0400000000001
64021900,954539,120482.73
64022000,1492584.429999999,211727.52
64022050,0,0
64023000,55,0
64025000,0,0
64028000,0,0
64029100,1743.75,0
64029110,182652.77,16700.82
64029190,2008809.56,312943.05
64029900,445,0
64029910,8389.8,1873.73
64029990,3061600.98,393112.2099999999
64031200,14622.18,1648.88
64031900,5865177.66,860926.6199999999
64032000,996807.49,145878.32
64033900,0,0
64034000,5351334.83,670079.5700000001
64035100,4003.97,667.31
64035110,48097.07,7388.689999999999
64035190,2621800.99,345140.6799999999
64035900,63,0
64035910,1694,209.89
64035990,5579096.85,1049382.22
64036000,0,0
64039100,2017.52,179.62
64039101,0,0
64039110,121662.82,11675.85
64039190,20110148.5,3016163.59
64039900,4945.98,652.28
64039910,18117.64,2284.46
64039990,33503237.85,4982915.38
64039996,0,0
64040000,0,0
64041000,0,0
64041100,5749091.35,789943.0400000002
64041900,2755737.600000001,359792.65
64042000,1879676.75,228831.9300000001
64042211,0,0
64044000,0,0
64051000,0,0
64051010,9007167.460000003,1121721.45
64051020,867598.43,114632.37
64051090,1163483.77,140509.63
64052000,168877.11,10991.27
64059000,4809026.199999999,741446.0299999999
64059090,0,0
64060000,0,0
64061000,295745.9399999999,44668.50999999998
64062000,209322.91,19957.46
64069010,196924.9,22301.77
64069020,66270.81999999999,3672.590000000001
64069090,2896227.8,384203.09
64069910,770,119
64069990,4634.430000000001,0
64091000,0,0
64094000,0,0
64192000,0,0
64242000,0,0
64249000,0,0
64314200,0,0
64320000,0,0
64335990,0,0
64359892,0,0
64456898,0,0
64566987,0,0
64653213,0,0
64785632,0,0
64818019,0,0
64819200,0,0
64824000,0,0
64984894,0,0
64996023,0,0
65010000,15217.24,49.37
65020010,71159.10000000002,11301.79
65020090,24146.01,1008.07
65030000,3030,110.6
65040010,1374695.73,161534.69
65040012,0,0
65040090,2140450.89,228122.07
65042119,0,0
65050010,0,0
65050011,4041075.71,244757.71
65050012,2468996.71,205888
65050019,1669556.81,143867.73
65050021,39090.56,1570.44
65050022,42305.67999999999,3201.49
65050029,42997.42,8196.57
65050031,250652.87,23795.56
65050032,133735.19,13490.37
65050039,390576.21,26534.1
65050090,883787.8200000001,81397.17
65051000,171.14,32.33
65052000,0,0
65058000,0,0
65059000,7612.119999999999,38.02
65059001,0,0
65059010,0,0
65059011,41138.59,4239.68
65059012,235.64,12.53
65059090,666.0699999999999,112.36
65061000,5513509.380000001,472206.83
65061001,0,0
65061009,0,0
65069100,246508.1999999999,27066.25
65069200,245,62.15
65069900,773853.1300000001,52487.54
65070000,709714.1900000002,59627.63
65074000,0,0
65146497,0,0
65464657,0,0
65465456,0,0
65465465,0,0
65467686,0,0
65488256,0,0
65984235,0,0
65987412,0,0
66011000,2363805,228601.95
66019110,153243.42,8820.730000000001
66019190,71846.54000000001,3535.75
66019900,403075.2,22512.65
66020000,124198.51,7196.98
66032000,21114.78,700.75
66039000,594419.6900000001,42033.44
66297404,0,0
66666666,0,0
66669474,0,0
67010000,10070.1,334.59
67021000,1110508.17,37605.94
67029000,1118671.2,25399.34
67030000,22690.57,104.94
67041100,11211.59,304.45
67041900,13762.27,748.3999999999999
67042000,94631.59,490.0599999999999
67049000,109613.58,11958.53
67071000,0,0
67079090,0,0
67082999,0,0
67089990,0,0
67109100,0,0
67804221,0,0
67890876,0,0
67890898,0,0
67890987,0,0
68000000,0,0
68004211,0,0
68010000,7371106.429999999,126471.53
68011100,0,0
68020000,0,0
68021000,854660.03,35402.17
68022100,14661032.03,806487.43
68022200,9216.23,55.44
68022300,39634981.45,868907.2599999999
68022900,8887720.939999998,549279.2300000001
68023000,0,0
68029100,13251389.7,882405.86
68029200,14106297.89,551432.386
68029310,63746.73,20.38
68029390,14681152.51,265615.44
68029910,8403.78,0
68029990,9145568.41,572575.47
68030000,2876031.16,17288.42
68040000,0,0
68041000,275497.2799999999,14650.47
68042051,0,0
68042100,0,0
68042111,305273.33,24992.97
68042119,5698375.550000001,522168.0700000002
68042190,1123895.74,94593.49
68042200,0,0
68042210,0,0
68042211,26787144.09,2494973.6227
68042219,2656617.57,218008.9
68042222,0,0
68042290,618720.7899999999,34236.25
68042300,1749054.06,13399.88
68043000,581347.23,50079.88999999999
68045000,0,0
68048811,0,0
68051000,5448981.370000001,741676.1900000002
68051010,0,0
68051090,0,0
68052000,6203858.800000001,782083.8899999999
68052002,0,0
68052009,0,0
68052020,0,0
68052099,0,0
68052211,0,0
68053010,108309.86,11227.94
68053020,2741927.21,316441.8999999999
68053090,7203226.379999995,813344.6099999998
68053680,0,0
68055100,0,0
68055200,0,0
68061000,646913.5599999999,68633.85
68061200,0,0
68062000,1721257.73,176317.93
68069010,848138.3400000001,137739.97
68069090,1252678.97,197354.02
68071000,8442606.700000001,1108253.22
68072119,0,0
68072200,0,0
68079000,3159683.44,222963.79
68080000,565997.77,3980.11
68091100,8239681.259999998,485168.1900000001
68091900,1540311.79,88439.01
68099000,984957.5,2762.08
68100000,0,0
68101000,0,0
68101099,0,0
68101100,68550082.63,2806770.03
68101104,0,0
68101110,0,0
68101900,42307260.64999999,1749635.44
68101902,0,0
68101910,0,0
68102020,0,0
68109000,0,0
68109100,331744765.17,28466138.54
68109104,0,0
68109900,113555713.19,10759754.7999
68109901,0,0
68109990,0,0
68109999,0,0
68111000,3303.5,0
68112000,2893.05,0
68114000,5410074.57,239587.3499999999
68115200,0,0
68118020,0,0
68118100,23605458.04,2398138.9
68118200,43483134.69000001,3338411.2062
68118300,47169,4759.379999999999
68118900,2475044.499999999,5414.469999999999
68119001,0,0
68121010,66.99000000000001,2.17
68123000,896.9,174.64
68126000,175.82,46.56999999999999
68127000,2286,0
68128000,2904.43,89.49000000000001
68128910,0,0
68129001,0,0
68129010,29008.41,90.2
68129080,0,0
68129100,116996.57,3874.29
68129300,328.17,60.53
68129900,0,0
68129910,798266.9400000001,36134.69999999999
68129920,18556.4,71.51
68129928,0,0
68129930,530,0
68129990,259807.91,34865.89
68130000,0,0
68131010,9614.220000000001,365.78
68131090,8699.9,795.41
68131900,0,0
68132000,283437.87,4021.47
68133110,0,0
68136190,0,0
68138100,0,0
68138110,5128369.560000001,185144.68
68138190,24047801.56,622844.13
68138910,3941066.759999999,141399.98
68138990,510339.02,13544.6
68139010,3994.29,460.2900000000001
68139090,265.08,0
68141000,57160.36,3007.59
68149000,105573.25,7734.710000000003
68151010,1000.01,152.12
68151090,20225.78,1579.49
68151100,27785.71,880.52
68151200,171607.6,5512.070000000001
68151300,188077.98,22426.37
68151900,452898.81,65136.6
68152000,13680.18,9.14
68159110,10392.42,701.5
68159190,8207.6,181.18
68159911,5160,813.7200000000001
68159912,1643.99,45.5
68159913,261.5,0
68159914,7947.61,0
68159919,5571.8,890.8
68159990,535371.55,56070.99
68159999,0,0
68188110,0,0
68209200,0,0
68238190,0,0
68249041,0,0
68404221,0,0
68565855,0,0
68710000,0,0
68710910,0,0
68905200,0,0
69010000,3612079.2,124726.1
69014100,0,0
69021011,129684.23,3031.35
69021018,867497.36,4638.349999999999
69021019,147202.36,984.61
69021090,127924.76,1506.49
69022010,3636522.86,506056.9699999999
69022091,3947.19,477.84
69022092,3149.4,0
69022093,68,0
69022099,1110571.29,77100.36
69029010,156598.06,724.7
69029020,37904.63,9.86
69029030,15378.43,32.03
69029040,46306.71,45.85
69029090,1689969.84,44722.03000000001
69031011,83352.29000000001,6821.780000000001
69031012,7.5,0
69031019,89890.09,11059.37
69031020,261.49,0
69031030,26800.33,1634.37
69031040,1019853.48,2159.05
69031090,2256.7,351.99
69032010,6822.059999999999,151.87
69032020,114251.68,6440.919999999999
69032030,35072.42,1219.71
69032090,27609.1,2158.43
69039000,0,0
69039011,201.64,0
69039012,32840.6,12.26
69039019,311.61,17.06
69039091,10177.93,580.4699999999999
69039099,23838.72,1248.77
69040000,0,0
69041000,102701807.6,4177982.400000001
69041001,0,0
69049000,7260331.7,332839.87
69051000,33102060.01,1955987.1
69053020,0,0
69053090,0,0
69059000,1157841.03,39943.22
69060000,4163363.93,22706.66
69071000,367.39,0
69072100,209966387.36,13567652.13
69072200,81321600.16000001,6626061.449999999
69072300,9705280.73,742566.4299999999
69073000,871921.2100000001,49845.57
69074000,3200141.92,209873.69
69079000,250448.07,1003.57
69081000,21098.29,5257.320000000002
69089000,358661.52,11427.44
69091100,282074.8,2295.65
69091210,2088.93,34.31
69091220,1120,13.13
69091230,127491.58,1962.26
69091290,896306.85,75670.21999999999
69091910,1067,142.89
69091920,95,0
69091930,12183.66,3.68
69091990,659598.62,67406.72000000002
69099000,788606.7300000001,126843.72
69101000,1284021.35,67433.60999999999
69101100,0,0
69101900,0,0
69109000,37297040.41,3089511.22
69109100,0,0
69109900,0,0
69109901,0,0
69109955,0,0
69110090,0,0
69111010,1420305.55,159731.45
69111090,2616479.77,253115.6
69119000,154345.02,10337.37
69120000,2644765.229999999,231331.82
69131000,680287.16,30987.83
69139000,3217397.14,187452.96
69141000,438942.63,21052.1
69149000,2913399.39,121404.99
69149099,0,0
69170010,0,0
69325874,0,0
69332211,0,0
69332222,0,0
69365478,0,0
69369865,0,0
69494448,0,0
69851234,0,0
69856664,0,0
69875514,0,0
69996332,0,0
69998866,0,0
69999887,0,0
70000000,0,0
70000014,0,0
70000463,0,0
70010000,206512.78,414.6
70019005,0,0
70019008,0,0
70020233,0,0
70021000,45057.25,1453.3
70022000,253529.75,466.01
70023100,106966.75,155.88
70023200,8636.66,210.77
70023900,65528.12,1201.81
70031200,298004.63,31173.61
70031900,1412592.07,9550.61
70032000,125898.38,2259.97
70032900,0,0
70033000,190919.78,1767.45
70042000,68560.59,518.37
70049000,368428.37,4592.340000000001
70051000,1044788.54,43079.4
70052100,4150808.220000001,151441.97
70052900,8525154.920000002,207637.05
70052920,0,0
70053000,96546.19,377.02
70060000,963126.8499999999,44719.81
70061900,0,0
70071000,0,0
70071100,24291348.8,652551.07
70071101,0,0
70071700,0,0
70071900,56757055.55999999,4309639.680999999
70072100,10989300.18,167595.77
70072200,0,0
70072900,6827273.909999999,431584.68
70080000,601233.64,76471.56
70090790,0,0
70091000,7391985.659999999,219742.96
70099100,4385076.120000001,153864.99
70099200,3425710.58,192477.79
70101000,46087.86,1151.53
70102000,34770.05,6546.620000000003
70106270,0,0
70109011,239213.02,30351.38
70109012,121265.36,4237.76
70109021,166961.64,19817.76
70109022,164536.51,13750.81
70109090,141569.08,6053.52
70109110,710.0999999999999,0
70111010,37349.34,1003.59
70111021,68054.51000000001,328.3
70111029,38501.21000000001,358.05
70111090,90235.48999999999,2544.11
70112000,74,4.21
70119000,18451.93,545.6899999999999
70120000,523,7.31
70123860,0,0
70124900,0,0
70131000,43727.66,1860.67
70132200,507746.83,36326.87
70132800,1190418.62,102757.84
70132900,520,0
70133210,199,0
70133300,175165.83,18874.01
70133700,840820.9700000001,69996.80999999998
70133900,213.28,32.71
70134100,257752.48,18863.96
70134210,70169.72,2994.66
70134290,559878.01,28968.27
70134900,1711582.15,142789.9
70134990,0,0
70137300,0,0
70139110,906133.8500000001,42372.08
70139190,1022185.85,43994.87000000001
70139900,3390644.79,151220.3
70140000,553175.45,18080.85
70149000,0,0
70150000,0,0
70151010,3328.55,1.45
70151091,17752.09,817.03
70151092,9815,0
70159010,29712.23,3522.46
70159020,125336.89,12030.11000000001
70159030,2724.6,0
70159090,77342.98,48.9
70161000,279430.37,14092.69
70169000,340387.6,14148.62
70169300,0,0
70171000,128051.76,1735.57
70172000,81676.68000000001,5371.380000000001
70179000,1282032.11,168740.54
70181010,14195.99,138.11
70181020,6412.709999999995,54.18
70181090,5154.58,0
70181500,0,0
70182000,67743,11199.09
70182900,0,0
70189000,4487.73,219.45
70191100,45376.34,3949.48
70191210,220642.5,6004.559999999999
70191260,0,0
70191290,680418.46,51781.93
70191300,49482.45,5553.19
70191400,117101.47,13008.97
70191500,187458.19,26686.21
70191900,621211.8300000001,45396.77
70193000,0,0
70193100,45358.57999999999,4561.35
70193900,62727.55,2427.97
70194000,4490.69,15.59
70195100,4582.29,748.4300000000001
70195210,268,0
70195290,20317.38,583.53
70195900,16776.1,595.71
70196100,14177.62,1543.42
70196200,40259.73,1823.99
70196300,76214.59,10202.07
70196400,101333.87,8195.52
70196500,121764.53,19814.75
70196600,63495.9,4944.050000000001
70196900,137754.29,8334.909999999998
70197100,6787.25,1674.73
70197200,23078.32,532.25
70197310,47288.34,200.37
70197390,100809.85,18021.5
70198000,1747008.77,371485.33
70199000,2361469.02,184304.67
70199010,580,0
70199090,40230.94,2899.76
70199300,0,0
70200010,17244.62,1994.07
70200070,0,0
70200090,1418569.8,58014.03
70202010,0,0
70410000,0,0
70511000,0,0
70530050,0,0
70610000,0,0
70634519,0,0
70890000,0,0
70960000,0,0
70990578,0,0
71011000,61682.94,0
71012100,128.7,27.86
71012200,4588.809999999999,11.6
71021000,284.29,65.96000000000001
71022100,971,134.64
71022900,717.1500000000001,62.55
71023900,77929.03,1223.27
71031000,98111.47,2869.22
71039100,55331.36,897.73
71039900,189006.1,5007.43
71042900,1246.15,0
71049900,2427.77,0
71051000,2606.92,358.67
71059000,84763.78,2554.62
71061000,5309,0
71069100,9513.88,1159.4
71069210,316994.79,2797.22
71069220,11140.32,1443.46
71069290,94432.79999999999,14988.56
71070000,11354.19,53.58
71081100,6856.93,93.05
71081210,145,0
71081290,118646.68,1065.35
71081310,54579.30000000001,769.4200000000002
71081390,84728.77000000002,11844.71
71082000,1468.24,0
71090000,12500.08,499.4199999999999
71101100,3158.47,642.02
71101910,8280.58,845.11
71101990,2842.01,411.45
71102100,2746.25,0
71102900,1374.14,0.47
71103900,69.4,0
71106100,0,0
71110000,556649.1199999999,4945.889999999999
71121000,292.51,64.47
71122000,84,0
71123010,36.3,7.7
71123020,280,0
71123090,847.9,0
71129100,1262204.02,3721.43
71129200,3578.94,59.41
71129900,6415.190000000001,521.59
71131100,2207380.43,189207.4
71131900,57738449.14000002,10577787.3
71132000,1049877.5,21767.02
71141100,91017.09000000001,499.29
71141900,1444564.79,147645.95
71142000,207013.4,742.85
71144100,0,0
71151000,35453.66,165.38
71159000,43643.95,228.32
71160000,0,0
71161000,8949.83,1653.97
71162010,96.5,0.44
71162020,2318,0
71162090,808890.7,29639.57
71170020,0,0
71170090,0,0
71171090,0,0
71171100,31966.35,4071.04
71171900,1744876.4,156070.47
71179000,1292578.69,66056.23999999999
71181010,250,0
71181090,5707.809999999999,25
71181400,0,0
71181500,0,0
71182400,0,0
71189000,1264595.01,106916.29
71236578,0,0
71290100,0,0
71331900,0,0
71333999,0,0
71349000,0,0
71381500,0,0
71410000,0,0
71420000,0,0
71610000,0,0
71616210,0,0
71691000,0,0
71719000,0,0
71808080,0,0
71812000,0,0
72000000,0,0
72002090,0,0
72011000,1211371.3,113104.3
72011200,0,0
72012000,219929.48,6775.4
72015000,142134.19,17536.84999999999
72021100,50176.91,28.14
72021900,141975.9,13163.02
72022100,837.95,0
72022900,150562.08,5999.030000000001
72023000,5088.000000000001,0
72023100,0,0
72024100,10874.26,1651.55
72024900,44059.03,504.55
72025000,30.4,1.11
72026000,11119.58,343.01
72027000,195.55,13.77
72028000,121.8,0
72029100,2041.8,288.3
72029200,2102.74,234.94
72029300,225.75,0
72029910,5368.24,0.89
72029990,19309.41,1365.34
72031000,33414.63,2341.55
72032900,0,0
72039000,1212610.44,46018.9
72041000,2768703.68,92901.23
72042000,0,0
72042100,964569.01,106803.89
72042900,6103269.819999999,357235.26
72043000,8790917.4,223502.8199999999
72043600,0,0
72044100,1099736.8,74845.84000000001
72044900,3829729.06,180039.45
72045000,386870.9,249.58
72051000,91967.7,12594.54
72052100,139743,15791.98
72052910,865.8000000000001,89.53
72052920,1458.3,0
72052990,54210.41999999999,2201.4
72061000,799703.0200000001,18559.86
72062000,0,0
72065400,0,0
72069000,1777122.72,72904.18000000001
72071110,813423.6899999998,43757.28000000001
72071190,144266.03,10299.86
72071200,110128.64,19726.46
72071900,212876.78,21866.9
72072000,2242417.34,163821.0899999999
72072100,0,0
72075011,0,0
72079000,0,0
72079900,0,0
72081000,283099.86,17574.95
72082300,0,0
72082500,453233.67,65879.07999999999
72082610,49980.29000000001,1831.54
72082690,225941.04,13721.57
72082710,34006.68,0
72082790,104296.09,12642.7
72083200,0,0
72083610,15426.49,1678.41
72083690,195388.49,25459.18
72083700,703633.3099999999,109295.69
72083810,174501.86,1311.47
72083890,412526.49,96096.96
72083910,98779.98,18982.59
72083990,1407545.14,315374.6200000001
72084000,4628316.050000001,867512.9000000001
72085100,16069348.32,2076160
72085200,43691424.11000001,5756245.300000001
72085300,27853686.53999999,4768545.370000001
72085400,34988006.56,6025595.06
72085800,0,0
72089000,4076396.29,603671.78
72091500,236999.89,47146.82
72091600,1432780.99,192141.29
72091700,618350.51,85708.80999999998
72091800,5724.52,815.7899999999998
72092500,821627.3700000002,30897.56
72092600,11365463.01,1806068.41
72092700,4150244.639999999,555819.8800000001
72092800,323803.2,57966.89
72099000,1993920.32,277999.87
72101090,0,0
72101100,14559.14,803.36
72101200,207795.52,20593.73
72102000,46,2.68
72103000,0,0
72103010,1706761.04,268600.7000000001
72103090,1401970.07,77482.02000000003
72103900,0,0
72104100,0,0
72104110,144093.4000000001,27440.9
72104190,371093.04,53816.47000000001
72104910,18197474.75,2788057.720000001
72104990,771900.1000000001,99249.03000000001
72105000,20022,2098.93
72106100,36839544.68000001,5915977.840000001
72106919,49133.65,756.19
72106990,1643792.08,275148.6800000001
72107010,1423864.82,232394.9
72107020,139185.48,13969.72
72109000,113794.56,20039.2
72111300,380804.81,19337.52
72111400,1418511.51,152281.91
72111900,1458798.62,205049.61
72112090,0,0
72112300,138041.89,16107.96
72112910,9048.960000000001,9.920000000000002
72112920,17835.2,2952.13
72116190,0,0
72119010,15457.91,2086.55
72119090,28135.32,1447.81
72121000,83711.43999999999,3597.37
72121090,0,0
72122000,0,0
72122010,1309781.39,165429.32
72122090,123389.6,15003.8
72123000,4146524.62,895461.1799999999
72124010,78729.82,7770.700000000001
72124021,244.8,0
72124029,3002824.17,285420.58
72125010,172072.07,465.4599999999999
72125090,172888.63,26027.64
72126000,92146.26,9002.08
72126110,0,0
72131000,40791702.12,6264349.35
72132000,388028.88,33841.60000000001
72133100,0,0
72139110,3648.19,90.17999999999999
72139190,272383.55,45287.42
72139910,12656.47,1921.97
72139990,94578.75,786.21
72140000,0,0
72141000,0,0
72141010,740726.5900000001,86424.02999999998
72141090,653900.7400000001,51630.15000000002
72142000,274730958.0599999,39222037.74999999
72142200,0,0
72142880,0,0
72143000,684747.3400000001,47735.44
72144200,0,0
72145485,0,0
72149090,0,0
72149100,22568228.08,2727694.25
72149900,0,0
72149910,33465838.4,4552421.75
72149990,13368410.26,1738220.07
72151000,2504659.86,317476.58
72151900,0,0
72152100,0,0
72155000,24971470.51,2807189.09
72155500,0,0
72159010,29048.62,3638.670000000001
72159090,1645192.560000001,152929.21
72161000,15643199.68,2417097.57
72161009,0,0
72162100,67007749.55,10215500.49
72162110,0,0
72162200,894401.5599999999,114700.87
72163100,20773718.31,3016140.09
72163200,29908520.32,5502761.739999999
72163300,3039406.7,573968.89
72164010,1785502.56,313101.0300000001
72164090,1003548.24,126659.55
72165000,21908384.06999999,3812994.22
72166100,0,0
72166110,160571172.86,25907669.995
72166190,48488264.44000001,8098006.270000001
72166910,3773170.140000001,511615.83
72166990,11907283.18,1395045.39
72169100,148277619.49,24412913.22
72169900,16868324.1,2355351.97
72169910,0,0
72170090,0,0
72171011,8717.630000000001,230.73
72171019,58742530.19000001,10086731.72
72171090,16967909.16,2072791.85
72171290,0,0
72172010,45964698.03,5698141.310000001
72172090,192925188.7,20410815.03
72173010,127882.22,4598.940000000001
72173090,2173730.68,302184.96
72174910,0,0
72177109,0,0
72179000,860483.0700000001,110939.01
72180022,0,0
72181000,556270.5,45251.19
72181400,0,0
72181500,0,0
72181600,0,0
72182100,0,0
72182900,0,0
72189001,0,0
72189100,53879.4,1127.89
72189900,1435511.61,139996.96
72190000,0,0
72191100,21881.9,808.98
72191200,97694.29999999999,6374.56
72191300,35753.56,2063.15
72191400,180772.85,14285.96
72192090,0,0
72192100,96991.23000000001,327.41
72192200,1240997.39,135459.93
72192300,1506252.2,185518.98
72192400,96750.79000000001,9540.480000000001
72193100,68493.54000000001,7070.26
72193200,1172032,145288.1
72193300,5885538.42,786081.1799999999
72193400,1812345.85,234626.53
72193500,379031.1299999999,78594.51
72199010,445.87,76.97
72199090,263420.92,6087.059999999999
72201000,0,0
72201100,20693.6,3455.43
72201210,42913.10000000001,4491.33
72201220,5764.68,416.47
72201290,105110.13,1341.72
72202010,14962.39,961.1300000000001
72202090,393423.6299999999,43433.51
72209000,258446.68,22404.07
72210000,216009.82,5.779999999999999
72210002,0,0
72217209,0,0
72220000,0,0
72221100,291320.02,28833.51000000001
72221910,525742.3699999999,87700.65
72221990,74848.74,3047.29
72222000,804147.2600000001,96955.62
72223000,137266.77,6533.96
72224010,18295.43,1180.9
72224090,1317866.23,124287.24
72230000,4054959.95,639698.34
72231000,0,0
72239300,0,0
72241000,9146.49,230.21
72249000,80005.81,5878.339999999999
72249100,0,0
72251100,47895.48,5.29
72251900,598.09,0
72252000,11,2.19
72253000,101238.27,14549.73
72254020,2067.06,0
72254090,2872952.68,404723.31
72255010,3503.07,69.07000000000001
72255090,24013.39,1216.56
72258555,0,0
72259100,45883.97,11939.16
72259200,22880.36,0
72259910,6517.52,248.53
72259990,124866.29,17535.42
72261100,116333,23640.56
72261900,10267.41,648.9
72262010,8980.24,1469.34
72262090,17348.76,112.64
72269090,0,0
72269100,148456.32,20764.71
72269200,22365.4,2683
72269900,75687.95,4210.16
72271000,7225.95,476.47
72272000,1888.3,24.63
72279000,17961.19,2744.71
72281010,10432.99,292.08
72281090,72091.18000000001,2375.84
72282000,12426.2,1809.55
72283000,1220198.15,128526.36
72284000,1177875.71,19003.2
72285000,1802269.02,265276.7399999999
72286000,89372.87,1288.04
72287000,933412.79,130459.64
72288000,11939.25,393.63
72292000,8202321.69,1098894.09
72299000,758554.55,71910.09000000001
72300000,0,0
72350000,0,0
72354555,0,0
72369000,0,0
72415855,0,0
72419910,0,0
72452555,0,0
72454855,0,0
72455555,0,0
72455855,0,0
72456955,0,0
72458555,0,0
72458595,0,0
72465555,0,0
72485555,0,0
72500000,0,0
72515222,0,0
72525555,0,0
72541587,0,0
72542255,0,0
72542555,0,0
72544585,0,0
72545222,0,0
72545555,0,0
72545585,0,0
72545854,0,0
72545855,0,0
72545856,0,0
72545888,0,0
72547450,0,0
72548445,0,0
72548450,0,0
72548454,0,0
72548474,0,0
72548555,0,0
72548570,0,0
72548574,0,0
72548575,0,0
72548745,0,0
72548755,0,0
72564585,0,0
72565455,0,0
72565658,0,0
72565754,0,0
72565852,0,0
72565855,0,0
72565856,0,0
72565857,0,0
72565858,0,0
72565859,0,0
72568555,0,0
72569585,0,0
72569857,0,0
72584100,0,0
72584552,0,0
72584720,0,0
72584755,0,0
72584758,0,0
72584778,0,0
72585745,0,0
72587400,0,0
72587450,0,0
72587500,0,0
72650000,0,0
72685400,0,0
72685740,0,0
72690900,0,0
72985000,0,0
72985400,0,0
73000000,0,0
73008300,0,0
73011000,1886146.31,74253.54000000001
73011920,0,0
73011990,0,0
73011999,0,0
73012000,1324278.39,30689.78
73012200,0,0
73017192,0,0
73021010,752615.78,40404.63
73021090,1867764.74,127584.86
73022000,160,0
73023000,181152.56,14615.07
73024000,73421.77,2657.93
73029000,469330.53,39472.51
73030000,4749965.360000001,162316.71
73031920,0,0
73036000,0,0
73040000,0,0
73041010,401.17,75.62
73041090,37284,0
73041100,2855094.76,75450.32
73041900,1484584.62,162830.17
73041920,0,0
73042200,182973.5,1745.54
73042310,85427.04999999999,2984.77
73042390,293176.89,5446.92
73042400,165668.21,3907.97
73042910,234712.43,18630.31
73042920,773,204.79
73042931,59919.67999999999,11539.89
73042939,276436.41,27688.31
73042990,795399.37,84345.25
73043010,0,0
73043110,2903103.27,284739.89
73043190,2141947,349303.7000000001
73043910,3428225.19,376678.8700000001
73043920,1899401.13,155721.19
73043990,260150.34,20919.42
73044110,33622.97,402
73044190,346344.48,52347.34
73044900,99813.95999999999,12628.64
73045111,15671.4,18.7
73045119,154375.95,26599.87
73045190,71028.91,2024.04
73045910,40490.41,4244.400000000001
73045911,90,0
73045919,678.3,0
73045990,147713.81,19295.52
73048400,0,0
73049011,162429.13,14497.37
73049019,34786.65,3104.880000000001
73049090,2801595.49,77201.86
73051100,30697.41,1272.87
73051200,82368.98,17742.39
73051900,91523.91,820.4300000000001
73052000,597528.3899999999,1072.85
73053100,1069649.94,33734.24000000001
73053900,104272.21,15644
73059000,25321.75,715.8199999999999
73061000,215.46,43.8
73061100,383258.59,15770.85
73061900,1223253.1,151650.86
73062100,969119.54,434.6
73062900,12557446.57,1776417.6
73063000,98253568.78999999,15005524.63
73063100,0,0
73064000,24619240.04,3658096.79
73065000,1960922.49,232554.63
73066000,123133.54,23731.87
73066100,79847990.27000003,13887539.85
73066110,0,0
73066600,0,0
73066900,1815770.74,214056.9299999999
73066990,0,0
73069010,3848913.37,467204.4500000001
73069020,289623.51,15665.3
73069090,17541577.75,2469805.790000001
73070000,0,0
73070090,0,0
73070990,0,0
73071000,0,0
73071010,0,0
73071100,11528715.54,936905.48
73071620,0,0
73071790,0,0
73071820,0,0
73071900,0,0
73071902,0,0
73071903,0,0
73071910,5343041.090000001,377744.1699999999
73071911,0,0
73071919,0,0
73071920,57060505.97000001,3479714.59
73071922,0,0
73071930,0,0
73071970,0,0
73071990,12571777.73,860520.44
73072100,486649,44617.00999999999
73072200,2312855.060000001,263540.2
73072300,963429.97,134851.19
73072900,2318680.82,232857.41
73072990,0,0
73073090,0,0
73074110,0,0
73077290,0,0
73077306,0,0
73077900,0,0
73077920,0,0
73079000,0,0
73079010,0,0
73079090,0,0
73079100,2918600.74,264724.65
73079120,0,0
73079200,20933585.74,2099192.9
73079300,2444957.5,155638.65
73079900,17443171.39,1917797.36
73079990,0,0
73080000,0,0
73080900,0,0
73081000,1208610.39,92069.31999999999
73081090,0,0
73081920,0,0
73082000,13059968.37,1115560.26
73083000,47139695.13,3273760.83
73083030,0,0
73084000,62943882.61999999,8761736.3
73088300,0,0
73089000,0,0
73089001,0,0
73089006,0,0
73089007,0,0
73089010,221603353.66,25642608.89000001
73089012,0,0
73089090,420888489.58,64864600.07999999
73089100,0,0
73089200,0,0
73090000,0,0
73090010,175259082.34,20011435.97
73090020,247084.85,23805.41
73090090,46476522.69,3812223.3
73091910,0,0
73091920,0,0
73098010,0,0
73099010,0,0
73099200,0,0
73100000,0,0
73100100,0,0
73101000,152450.03,11.28
73101010,702486.7799999999,3509.44
73101090,3879991.870000001,244341.06
73101099,0,0
73102110,612636.9500000001,3370.690000000001
73102190,2541149.72,187539.72
73102910,407817.98,6444.86
73102920,106653.3,542.76
73102990,4773733.100000001,315003.28
73102999,0,0
73109000,0,0
73110000,5041301.129999999,307259.8299999999
73110563,0,0
73110568,0,0
73115000,0,0
73118150,0,0
73120000,0,0
73121010,515310.6900000001,53954.98
73121090,25563664.26,2443422.8
73121500,0,0
73121900,0,0
73122000,0,0
73129000,713582.5700000001,76402.87
73129090,0,0
73130000,43459380.27,4039644.46
73130099,0,0
73132090,0,0
73133000,0,0
73140000,0,0
73140200,0,0
73141000,0,0
73141010,0,0
73141100,0,0
73141200,2697153.76,117408.6
73141300,417,0
73141400,3436255.54,111217.34
73141900,2652441.94,219781.72
73142000,92289585.57,13409925.95
73143100,10422889.88,635740.8800000001
73143200,0,0
73143900,16395423.28,1936885.95
73144100,30730502.98,2250894.11
73144104,0,0
73144200,2688770.52,112823.79
73144900,1814649.89,53401.81999999999
73145000,2285476.85,89171.18
73148210,0,0
73149100,0,0
73151100,28014090.29,2887175.28
73151110,52044.33,6429.919999999999
73151121,0,0
73151190,7089585.47,1022325.82
73151200,0,0
73151210,78852207.55000001,7054185.73
73151290,5305311.28,663879.67
73151400,0,0
73151500,0,0
73151600,0,0
73151800,0,0
73151900,10449248.31,1300047.72
73152000,12527.03,151.26
73158000,0,0
73158100,295898.41,28829.61
73158200,13658018.79,939433.7549999999
73158900,985704.5799999998,118145.33
73159000,799409.0099999999,112518.34
73159990,0,0
73160000,146694.82,14203.02
73161000,0,0
73161500,0,0
73161600,0,0
73161800,0,0
73161900,0,0
73162400,0,0
73166100,0,0
73168200,0,0
73169090,0,0
73170000,0,0
73170001,0,0
73170004,0,0
73170009,0,0
73170010,108396.22,5866.199999999999
73170020,3226701.68,300859.62
73170022,0,0
73170030,29615.57,2425.79
73170090,22786219.96,1830106.99
73170200,0,0
73170900,0,0
73171500,0,0
73171600,0,0
73171920,0,0
73172200,0,0
73174090,0,0
73178150,0,0
73180000,0,0
73180090,0,0
73181000,0,0
73181100,625470.8699999999,23680.03000000001
73181115,0,0
73181150,0,0
73181160,0,0
73181200,12586994.22,449475.7799999999
73181210,0,0
73181220,0,0
73181290,0,0
73181300,1303664.22,87145.7
73181313,0,0
73181400,19276836.54,1831500.35
73181490,0,0
73181500,241256144.05,19095508.31
73181510,0,0
73181520,0,0
73181522,0,0
73181541,0,0
73181550,0,0
73181580,0,0
73181590,0,0
73181599,0,0
73181600,83638315.41000001,7797391.760000002
73181608,0,0
73181800,0,0
73181900,23616327.44,1742498.92
73182000,0,0
73182100,11313472.59,990913.0299999999
73182200,46185598.9,3907371.270000001
73182220,0,0
73182300,3266154.55,313583.85
73182399,0,0
73182400,17025173.74,1745900.64
73182500,0,0
73182600,0,0
73182800,0,0
73182900,107545587.52,11075985.28
73182909,0,0
73182920,0,0
73182990,0,0
73182999,0,0
73183000,0,0
73183300,0,0
73184100,0,0
73184200,0,0
73184600,0,0
73185000,0,0
73185100,0,0
73185150,0,0
73186000,0,0
73187300,0,0
73187500,0,0
73188200,0,0
73188220,0,0
73188240,0,0
73189000,0,0
73189090,0,0
73189150,0,0
73189200,0,0
73189290,0,0
73189800,0,0
73190090,0,0
73191000,104.79,4.960000000000001
73191500,0,0
73191900,0,0
73192200,0,0
73192800,0,0
73192900,0,0
73193000,121,0
73194000,20638.21,1191.89
73199000,82276.98000000001,8576.349999999999
73200000,0,0
73200100,0,0
73201000,44435602.48,1028379.47
73201001,0,0
73201010,0,0
73201900,0,0
73202000,0,0
73202010,23586172.92,1991024.88
73202013,0,0
73202090,3497346.69,238522.88
73207192,0,0
73209000,14426878.91,1037328.43
73209090,0,0
73209099,0,0
73210000,0,0
73211100,12801110.79,1498411.68
73211200,70203.34,4727.54
73211900,2047185.28,206615.86
73218100,452089.91,21605.67
73218200,209208.29,8370.95
73218300,61.25,0
73218900,4026165.47,323113.91
73219000,1521458.86,95845.35
73220209,0,0
73221100,387327.65,3447.57
73221900,200388.92,9290.649999999998
73229010,271215.42,22164.92000000001
73229090,227360.87,242.78
73230000,0,0
73231000,2288577.679999999,238455.57
73237900,0,0
73239000,0,0
73239090,0,0
73239100,441483.7900000001,25569.96
73239200,904567.3100000002,121543.34
73239300,11834102.1,809364.7800000001
73239400,2884329.689999999,132378.19
73239900,2136034.23,157247.18
73241000,10225596.48,834054.6599999999
73242100,30920.84999999999,157.85
73242900,142081.24,8041.199999999999
73249000,1887478.14,147673.58
73251000,8058557.350000001,625994.8300000001
73251012,0,0
73254101,0,0
73254125,0,0
73259000,0,0
73259090,0,0
73259100,321612.51,6641.449999999999
73259910,7608297.189999999,309905.95
73259941,0,0
73259990,9869882.680000002,298352.6199999999
73260000,0,0
73260900,0,0
73261000,0,0
73261100,66152.17,461.91
73261900,49538538.08999999,5132833.070000001
73261999,0,0
73262000,13884890.11,1222780.03
73266090,0,0
73266900,0,0
73266909,0,0
73268090,0,0
73269000,419685.21,2495.11
73269010,58367.31,2633.930000000001
73269019,0,0
73269020,8745.01,53.59
73269090,151189577.88,14456625.25
73269100,0,0
73269290,0,0
73269900,0,0
73269909,0,0
73282100,0,0
73282500,0,0
73282900,0,0
73289000,0,0
73289910,0,0
73291000,0,0
73292090,0,0
73299090,0,0
73326909,0,0
73443920,0,0
73444567,0,0
73450005,0,0
73481500,0,0
73482400,0,0
73565555,0,0
73569090,0,0
73618220,0,0
73622000,0,0
73626900,0,0
73629090,0,0
73630629,0,0
73658200,0,0
73671100,0,0
73699090,0,0
73710090,0,0
73711990,0,0
73809010,0,0
73811500,0,0
73815000,0,0
73842000,0,0
73881500,0,0
73903100,0,0
73917410,0,0
73991285,0,0
73999999,0,0
74000000,0,0
74010000,17095.61,106.74
74019000,0,0
74020000,8267.8,137.36
74022110,0,0
74031200,11450.87,40.58
74031300,794.05,0
74031900,169309.94,18051.06
74032100,190142.31,28533.12000000001
74032200,750922.59,86611.76000000001
74032900,34086.59999999999,2430.72
74040000,182559.45,12040.8
74042100,0,0
74042920,0,0
74050000,3406.28,35.07
74052900,0,0
74061000,4203.35,3.28
74062000,3591.639999999999,0
74064000,0,0
74071010,5072346.180000001,407315.43
74071021,4020,98
74071029,81689.52,5691.61
74071100,0,0
74072110,719594.51,61595.48
74072120,46367.79,6861.570000000001
74072910,809945.21,46819.33670000001
74072921,2099316.98,161006.91
74072929,343591.32,29188.46999999999
74081100,378832.48,52473.48
74081900,821829.29,79357.06999999999
74082100,197529.9600000001,12531.54
74082200,1195.55,0
74082912,2678.26,0
74082913,280.8,0
74082919,9795.11,1452.9
74082990,6125.62,344.24
74091100,3113.5,0
74091900,13740.74,2656.89
74092100,10284.98,1594.79
74092900,61700.28999999999,2894.94
74093100,3000,0
74093111,17855.3,0
74093119,1290.96,0
74093190,354300.69,5.37
74093900,41686.64,4102.209999999999
74094010,332,31.49
74094090,110,0
74099000,38012.59,0
74099112,0,0
74101112,873.6,0
74101113,5.98,1.38
74101119,230,0
74101190,20812.78,4079.99
74101200,450.5,55.09
74102110,20549.84,2113.61
74102120,34.99,0
74102130,23385.2,274.78
74102190,2764.66,0
74102200,47.1,0
74111010,5170795.08,378527.16
74111090,637862.03,70830.22000000002
74112000,0,0
74112110,45595.73,4590.630000000001
74112190,142120.38,15612.75999999999
74112200,0,0
74112210,8696.41,630.46
74112290,10177.24,32.98
74112910,5304.63,407.59
74112990,64392.36000000001,7045.75
74120000,0,0
74120200,0,0
74121000,537048.5799999998,48561.04
74122000,12862097.72,831753.3000000002
74122020,0,0
74122200,0,0
74122900,0,0
74130000,17604369.86,1617509.47
74140000,0,0
74141800,0,0
74141900,0,0
74142000,130,0
74143000,0,0
74143300,0,0
74150000,0,0
74151000,126056.57,4120.14
74152000,0,0
74152100,2063547.74,179811.11
74152900,4342185.9,503420.66
74153100,746.4300000000001,10.65
74153200,3607.849999999999,452.2300000000002
74153300,2028392.32,82259.90999999999
74153900,393287.16,21975.61
74169300,0,0
74170000,2,0.53
74170100,0,0
74181000,688185.18,64860.42000000002
74181100,153.92,3.97
74181900,1964.1,0
74182000,9895847.090000002,849380.52
74182300,0,0
74192000,183510.56,21286.23
74198010,28571.45,1388.99
74198020,8860.900000000001,482.77
74198030,42827.87,474.76
74198040,193.72,13.4
74198090,1270784.53,183908.84
74199100,8852.310000000001,659.35
74199900,593.81,27.02
74199920,379,0
74199930,14367.19,2294.74
74199990,18908.92,2231.63
74212200,0,0
74219999,0,0
74232649,0,0
74252522,0,0
74254156,0,0
74269090,0,0
74329000,0,0
74351800,0,0
74391200,0,0
74465447,0,0
74564564,0,0
74589352,0,0
74659800,0,0
74824000,0,0
74833090,0,0
75011000,567.06,42.86
75012000,2051.78,0
75021010,364,3
75021090,3579,755.2099999999999
75022000,78761.84,15953.3
75030000,20.82,0
75043000,0,0
75051110,1239.57,112.27
75051121,43.2,0
75051129,952.3,0
75051210,3138.39,337.61
75052100,10454.44,72.08000000000001
75052210,6572.899999999999,0
75052290,1607.81,2.54
75061000,22340,0
75062000,400,0
75071100,1381.34,29.94
75071200,2266.92,454.06
75072000,123862.21,7789.09
75079000,0,0
75081000,59335.99,10745.37
75089010,99498.28,10843.33
75089090,217178,8686.71
75090000,0,0
75131900,0,0
75151000,0,0
75152900,0,0
75181500,0,0
75206035,0,0
75239000,0,0
75269090,0,0
75365090,0,0
75412654,0,0
75481452,0,0
75698759,0,0
75859636,0,0
76000000,0,0
76011000,254138.4,2617.26
76012000,192026.29,13347.42
76020000,515992.31,23765.9
76031000,360,0
76032000,207.6,0
76041000,0,0
76041010,818126.98,17126.54
76041020,0,0
76041021,671165.58,41048.43000000001
76041029,1673308.86,67648.14000000001
76042021,0,0
76042100,14601449.15,1145515.22
76042900,0,0
76042911,150553.76,5553.64
76042919,1664359.54,124658.17
76042920,30433845.27,2125503.37
76045920,0,0
76047608,0,0
76047920,0,0
76049000,0,0
76051110,10883.1,237.28
76051190,7617.63,310.75
76051910,21786.15,2411.34
76051990,50817.71000000001,263.23
76052110,8213.8,141.53
76052190,14239.52,515.44
76052910,20692.98,1195.71
76052990,112786.63,9563.710000000001
76060000,0,0
76061110,73844.64,2176.33
76061190,2629093.36,194490.48
76061210,120133.74,8342.800000000001
76061220,14676.54,1012.71
76061230,12580.07,0
76061290,4385106.049999999,225004.46
76066100,0,0
76069100,12692.69,936.1000000000001
76069200,669471.23,8002.099999999999
76071000,0,0
76071100,199.66,1.92
76071110,2882165.459999999,407737.6999999999
76071120,973.66,0
76071190,2009279.12,228130.2899999999
76071900,0,0
76071910,294362.24,62412.63000000001
76071990,5114410.51,617178.2599999998
76072000,1207870.54,136503.65
76079090,0,0
76079900,0,0
76081000,156812.71,10675.85
76082000,390.47,2.89
76082010,183831.57,12998.67
76082090,1313867.78,76608.89
76089010,0,0
76090000,17545238.8,1359787.88
76090900,0,0
76099000,0,0
76100000,0,0
76100900,0,0
76101000,117824377.06,7829492.640000001
76109000,8970425.18,411556.59
76109090,0,0
76110000,411106.65,14312.11
76120000,0,0
76121000,170123.38,11202.07
76129011,120177.56,0
76129012,855630.24,33062.74
76129019,380088.17,27517.98
76129090,645306.7200000002,45095.04
76130000,169505.14,18295.3
76141010,17878818.84,2094361.52
76141090,242726.69,31213.11
76149010,4381552.88,785857.9299999999
76149090,434191.0600000001,19731.72
76151000,8310817.690000001,1063398.78
76151100,179.72,4.49
76151900,26109.31,1568.58
76152000,809718.2100000002,59764.35
76158200,0,0
76159000,0,0
76161000,5929401.92,401456.1699999999
76161010,0,0
76161600,0,0
76161900,0,0
76165000,0,0
76166100,0,0
76166190,0,0
76169000,0,0
76169090,0,0
76169100,3155404.38,252822.7
76169900,17793388.49,1469609.909999999
76169990,0,0
76171990,0,0
76181500,0,0
76181600,0,0
76199900,0,0
76220000,0,0
76224340,0,0
76239090,0,0
76261900,0,0
76269090,0,0
76299090,0,0
76410359,0,0
76458555,0,0
76520000,0,0
76543212,0,0
76544223,0,0
76554555,0,0
76584585,0,0
76760000,0,0
76761000,0,0
76876567,0,0
76990000,0,0
77101932,0,0
77181600,0,0
77536690,0,0
77655600,0,0
77696093,0,0
77777777,0,0
77889910,0,0
78000000,0,0
78011011,23246.94,2615.09
78011019,19916.41,62.13999999999999
78011090,39207.15000000001,1105.08
78019100,20488.7,435.25
78019900,20866.25,153.8
78020000,42030.81,445.66
78030000,18,0
78039000,0,0
78041100,10,0
78041900,51045.86,5901.42
78042000,75,6.24
78060000,455,6.57
78060010,121255.67,11420.84
78060020,39373.97,777.09
78060090,134486.91,6017.85
78083000,0,0
78083010,0,0
78083019,0,0
78089010,0,0
78089490,0,0
78112011,0,0
78122300,0,0
78131500,0,0
78132100,0,0
78161000,0,0
78170020,0,0
78181000,0,0
78181100,0,0
78181400,0,0
78181500,0,0
78181600,0,0
78182000,0,0
78182100,0,0
78182200,0,0
78182300,0,0
78182900,0,0
78200147,0,0
78249500,0,0
78251000,0,0
78422018,0,0
78451245,0,0
78451249,0,0
78451275,0,0
78451278,0,0
78451287,0,0
78451878,0,0
78452127,0,0
78452178,0,0
78452181,0,0
78452187,0,0
78452248,0,0
78457812,0,0
78457845,0,0
78457889,0,0
78475457,0,0
78500000,0,0
78502750,0,0
78512457,0,0
78529401,0,0
78552635,0,0
78594111,0,0
78887665,0,0
78894512,0,0
78910000,0,0
78910382,0,0
78910401,0,0
78911071,0,0
78911140,0,0
78911141,0,0
78911170,0,0
78911171,0,0
78911491,0,0
78912000,0,0
78912246,0,0
78915042,0,0
78916451,0,0
78919880,0,0
78921468,0,0
78921834,0,0
78921836,0,0
78922016,0,0
78922613,0,0
78928408,0,0
78933902,0,0
78937320,0,0
78939461,0,0
78956161,0,0
78960010,0,0
78960062,0,0
78961100,0,0
78962328,0,0
78965200,0,0
78965412,0,0
78966332,0,0
78966608,0,0
78966890,0,0
78968215,0,0
78970472,0,0
78972559,0,0
78975172,0,0
78976133,0,0
78977075,0,0
78978013,0,0
78978276,0,0
78980119,0,0
78980260,0,0
78980269,0,0
78980392,0,0
78980439,0,0
78980709,0,0
78981130,0,0
78981295,0,0
78981645,0,0
78981870,0,0
78982248,0,0
78983574,0,0
78983786,0,0
78984232,0,0
78984413,0,0
78984884,0,0
78984897,0,0
78985435,0,0
78985472,0,0
78985662,0,0
78985899,0,0
78986210,0,0
78986312,0,0
78986545,0,0
78987376,0,0
78988800,0,0
78989110,0,0
78989113,0,0
78989136,0,0
78989154,0,0
78989319,0,0
78989376,0,0
78989582,0,0
78990525,0,0
78990747,0,0
78990854,0,0
78990954,0,0
78991922,0,0
78992717,0,0
78994680,0,0
78995995,0,0
78997100,0,0
78997614,0,0
78998080,0,0
78998122,0,0
78998823,0,0
79000000,0,0
79011019,0,0
79011111,157899.39,39065.05
79011119,88410.9,16940.58
79011199,22085.87,65.21
79011210,3028.9,606.68
79011290,36.8,0
79012010,55612.24,2422.13
79012090,48343.39999999999,217.42
79020000,13813,2240.3
79031000,347,0
79039000,306380.53,45961.12
79040000,142555.67,9739.25
79050000,2204020.79,102256.44
79060000,400,38.65
79070000,22794,144.11
79070010,648962.85,65940.43000000001
79070090,2096727.54,179260.4999999999
79070099,0,0
79071920,0,0
79078990,0,0
79079900,0,0
79081476,0,0
79083509,0,0
79089010,0,0
79090090,0,0
79181900,0,0
79191000,0,0
79199000,0,0
79244600,0,0
79252588,0,0
79269090,0,0
79552233,0,0
79632541,0,0
79847338,0,0
79870000,0,0
80000000,0,0
80008299,0,0
80011000,230995.2200000001,12072.44
80012000,324578.86,35997.67999999999
80020000,120.2,0
80023100,0,0
80024000,0,0
80029990,0,0
80030000,380158.71,38324.73000000001
80030090,0,0
80039000,0,0
80042000,0,0
80042100,0,0
80063700,0,0
80070010,3296.89,112.12
80070020,2456.26,10.21
80070030,1624.68,0
80070090,124383.79,5378.860000000001
80075011,0,0
80075090,0,0
80088000,0,0
80100100,0,0
80111000,0,0
80111100,0,0
80119000,0,0
80149039,0,0
80169090,0,0
80193200,0,0
80208900,0,0
80219999,0,0
80232010,0,0
80261029,0,0
80262090,0,0
80300000,0,0
80328981,0,0
80336900,0,0
80422110,0,0
80469300,0,0
80520000,0,0
80536610,0,0
80540000,0,0
80611029,0,0
80620000,0,0
80645100,0,0
80701000,0,0
80711000,0,0
80783090,0,0
80802222,0,0
80808080,0,0
80812000,0,0
80818011,0,0
80818019,0,0
80818094,0,0
80818095,0,0
80819090,0,0
80821010,0,0
80822010,0,0
80836090,0,0
80851220,0,0
80879990,0,0
80899990,0,0
81001000,0,0
81001010,0,0
81011000,2820.68,27.73999999999999
81019400,3369.82,455.01
81019600,39455.53,3474.99
81019700,229749.95,24662.57
81019910,28636.26000000001,4619.379999999999
81019990,84370.73000000001,5383.87
81021000,11,0
81023000,0,0
81029400,7770,0
81029500,32561.9,12.97
81029600,17729.55,528.88
81029700,90474.5,202.48
81029900,57798,0
81032000,3550,0
81033000,540,0
81034000,0,0
81039100,18647.47,306.59
81039900,700,0
81039901,0,0
81040000,0,0
81041100,3785.58,163.89
81041900,17795,0
81042000,114,0
81043000,110,0
81049000,99524.95999999996,1233.33
81052010,3110.08,606.996
81052021,1057.79,18.36
81052029,9457.22,0
81052090,17,3.63
81059010,92829.69,15742.25
81059090,15924.05,17.01
81061000,18,0
81069000,451.41,57.64
81082000,2.4,0
81086075,0,0
81089000,56729.75,10733.4
81091000,84.8,0
81092100,40.4,0
81092900,4928.309999999999,0.29
81093100,570.8,0
81093900,55423.05,6600
81099100,17733.05,0
81099900,17644.8,0
81099999,0,0
81101010,140,0
81101991,0,0
81102000,295,0
81109000,14744.87,2977.42
81110010,1038.67,10.9
81110020,142396.8,17074.43
81110090,9133.650000000001,578.0799999999999
81118020,0,0
81119000,0,0
81121200,202.97,0
81121300,2372,450.6799999999999
81121900,306.51,36.56
81122010,2850,0
81122023,0,0
81122110,3700,0
81122120,55,0
81122200,859.8,0.9
81122900,24006.69,4635.4
81123900,270,0
81125100,5957,0
81125200,6686339,5700
81125900,79,0
81126100,29159.94,0
81126900,370.2,18.43
81129000,0,0
81129200,2432.62,6.300000000000001
81129900,423,0
81130010,45234.29,1497.41
81130090,55779.50999999999,1514.66
81131900,0,0
81139190,0,0
81144464,0,0
81149190,0,0
81208000,0,0
81212100,0,0
81212300,0,0
81212990,0,0
81213100,0,0
81213990,0,0
81219999,0,0
81242990,0,0
81248229,0,0
81309090,0,0
81313110,0,0
81314929,0,0
81329000,0,0
81513110,0,0
81524251,0,0
81545655,0,0
81623478,0,0
81701932,0,0
81709010,0,0
81733041,0,0
81811000,0,0
81818019,0,0
81818020,0,0
81818021,0,0
81818092,0,0
81818099,0,0
81821010,0,0
81821090,0,0
81822356,0,0
81824000,0,0
81831090,0,0
81833010,0,0
81833320,0,0
81834090,0,0
81848019,0,0
81851454,0,0
81873789,0,0
82003996,0,0
82004110,0,0
82005590,0,0
82008704,0,0
82011000,2654126.379999999,203209.0399999999
82011100,0,0
82011910,0,0
82012000,2056.05,285.88
82012900,0,0
82013000,6284475.909999998,445952.63
82013030,0,0
82014000,2812984.33,184653.98
82015000,2288979.35,188735.47
82016000,382361.8199999999,29272.32
82018000,0,0
82019000,12001631.65,830673.27
82019090,0,0
82019900,0,0
82021000,1912520.3,152634.84
82021010,0,0
82022000,1365430.16,112513.06
82023100,1588950.07,129604.65
82023400,0,0
82023900,1130788.87,84489.82
82024000,13563532.8,1377724.06
82025900,0,0
82029100,2642272.86,222246.43
82029900,0,0
82029910,6121.87,66.48
82029990,1459638.64,123857.39
82031000,0,0
82031010,9059766.129999999,834565.75
82031090,125420.67,9285.44
82031119,0,0
82032000,0,0
82032010,10833996.12,988545.7499999998
82032020,0,0
82032090,1996495.13,205525.69
82033000,146120.37,9195.32
82033010,0,0
82034000,193336.62,13389.86
82040000,0,0
82041000,0,0
82041100,24144532.86000001,2329336.78
82041110,0,0
82041200,5376235.99,479780.4299999999
82041400,0,0
82042000,12941894.22,1239701.67
82042015,0,0
82042119,0,0
82042200,0,0
82044000,0,0
82044200,0,0
82049000,0,0
82050900,0,0
82051000,792956.5100000002,54205.22
82051010,0,0
82051100,0,0
82052000,3390719.96,300724.23
82052010,0,0
82052020,0,0
82053000,2578787.449999999,168663.4900000001
82054000,5697666.869999999,467749.9399999999
82055100,898839.0299999998,74811.44
82055200,0,0
82055400,0,0
82055900,14726783.99,1296504.15
82055920,0,0
82055990,0,0
82056000,142451.16,15250.05
82057000,2949632.120000001,298352.28
82057200,0,0
82059000,200249.12,17099.11
82060000,3368011.77,316120
82060100,0,0
82061032,0,0
82070020,0,0
82071000,0,0
82071090,0,0
82071300,49015.88,7973.25
82071900,26202.03999999999,2219.7
82071910,257534.28,16215.5
82071990,97600.07,6838.27
82072000,3020.39,32.43
82073000,1047897.02,57984.59999999999
82073011,0,0
82074000,0,0
82074010,2187919.43,145499.68
82074020,357351.6100000001,34582.59
82074100,0,0
82075000,0,0
82075010,0,0
82075011,14595874.26,1101576.22
82075014,0,0
82075019,924426.3600000002,64826.47000000001
82075051,0,0
82075090,846581.4900000002,56310.22000000002
82075811,0,0
82075919,0,0
82075990,0,0
82076000,102169.14,13282.62
82077010,221442.01,7622.500000000001
82077011,0,0
82077020,124797.29,7698.780000000001
82077090,302848.48,13402.91
82078000,1200070.17,628.11
82078501,0,0
82079000,5669976.510000001,442570.24
82079090,0,0
82079500,0,0
82081000,95910.54000000001,3455.59
82081010,0,0
82081020,0,0
82082000,650682.22,64983.81
82082100,0,0
82083000,170443.49,10447.24
82084000,96614942.69999999,13013932.3
82088000,0,0
82088400,0,0
82089000,2318479.45,205946.8
82089010,0,0
82089990,0,0
82090011,868547.9400000001,31235.08
82090019,58594.26000000001,1538.19
82090090,474623.6,1638.14
82091010,0,0
82095011,0,0
82098900,0,0
82099100,0,0
82100009,0,0
82100010,193509.43,16837.49
82100052,0,0
82100090,386169.12,33767.31999999999
82111000,343967.02,40868.63
82111900,0,0
82119000,0,0
82119100,1287681.65,83883.32999999999
82119210,1947790.83,164060.2899999999
82119220,91103.73,4043.97
82119290,310703.78,31312.5
82119300,0,0
82119310,307708.8,10522.66
82119320,1281763.26,105719.3
82119390,330973.12,24110.99
82119399,0,0
82119400,440522.3099999999,27787.08
82119500,40656.01,1351.34
82119910,0,0
82121010,33459.53,1847.89
82121020,469273.5600000002,40030.18
82122010,217743.6900000001,17898.75
82122011,0,0
82122019,0,0
82122020,13206.5,170.76
82122029,0,0
82123000,0,0
82129000,14584.45,818.6299999999999
82130000,2128831.919999999,108865.48
82130090,0,0
82132213,0,0
82133000,0,0
82141000,137404.77,7548.829999999999
82142000,122184.73,7783.2
82145963,0,0
82149000,0,0
82149010,18266.15,1370.26
82149090,1541779.4,135283.92
82151000,186220.9,14153.69
82152000,2046000.75,272765.0900000001
82152020,0,0
82152922,0,0
82159100,242698.4699999999,18702.56
82159900,0,0
82159910,2747466.23,245618.16
82159990,326619.23,28727.12999999999
82160000,0,0
82171200,0,0
82199999,0,0
82205011,0,0
82212990,0,0
82213100,0,0
82214000,0,0
82219999,0,0
82248111,0,0
82248221,0,0
82248229,0,0
82249090,0,0
82319390,0,0
82329000,0,0
82332110,0,0
82339090,0,0
82381000,0,0
82392990,0,0
82411000,0,0
82425000,0,0
82454000,0,0
82455585,0,0
82473698,0,0
82491523,0,0
82501400,0,0
82566385,0,0
82599721,0,0
82707501,0,0
82720900,0,0
82799900,0,0
82805200,0,0
82810013,0,0
82821010,0,0
82833029,0,0
82840000,0,0
82841090,0,0
82842010,0,0
82842090,0,0
82892461,0,0
82995580,0,0
83010000,0,0
83011000,6269821.15,652217.2099999997
83011100,0,0
83011400,0,0
83012000,6379062.809999999,142044.62
83012022,0,0
83012060,0,0
83013000,496466.65,9710.2
83014000,12056106.7,751654.48
83014400,0,0
83015000,1166942.16,77258.84
83015210,0,0
83016000,1552597.449999999,97714.52
83017000,939963.2400000002,49783.00000000001
83020000,0,0
83021000,19865297.66,1465939.09
83021010,0,0
83021100,0,0
83021400,0,0
83021900,0,0
83022000,4256438.09,474241.4199999999
83022010,0,0
83022100,0,0
83022200,0,0
83022300,0,0
83023000,9449962.97,298284.16
83023900,0,0
83024000,0,0
83024100,5067840.069999999,261179.3999999999
83024200,5884481.649999999,543326.1200000001
83024300,0,0
83024900,8005425.199999999,929865.33
83025000,4075782.799999999,492439.7
83026000,509993.2899999999,33611.67
83028000,0,0
83030000,1051698.21,23623.65
83031010,0,0
83035614,0,0
83040000,163701.13,7246.98
83041000,0,0
83051000,456002.9800000001,34564.36
83051245,0,0
83052000,4253330.52,586079.8299999998
83053000,0,0
83059000,442480.1200000001,294748.71
83061000,286527.13,1576.04
83062000,0,0
83062100,852268.8600000001,22861.22
83062102,0,0
83062699,0,0
83062900,1227493.57,58705.44
83063000,599647.3399999999,20915.1
83063002,0,0
83071000,45190.99,67.08
83071010,72976.01,115.07
83071090,1034687.78,75737.68999999999
83073000,0,0
83073300,0,0
83075011,0,0
83079000,1574893.26,104186.12
83081000,73514.16999999998,4689.699999999999
83082000,3360626.379999999,414516.1199999999
83089002,0,0
83089010,584957.0800000001,49882.66999999998
83089017,0,0
83089020,497.04,2.43
83089090,573194.7100000001,81398.90000000001
83089990,0,0
83091000,61263.35,958.5999999999999
83099000,637945.5200000001,54842.59999999999
83099900,0,0
83100000,7985205.519999997,104736.09
83104000,0,0
83110000,0,0
83111000,39362920.68,3348456.517999999
83111300,0,0
83112000,897172.35,67403.40999999999
83113000,289367.5,11035.52
83114000,0,0
83119000,354887.47,20989.78
83133020,0,0
83137090,0,0
83139190,0,0
83158300,0,0
83181500,0,0
83181600,0,0
83181900,0,0
83182200,0,0
83182400,0,0
83182900,0,0
83186525,0,0
83189010,0,0
83201000,0,0
83214569,0,0
83214789,0,0
83214929,0,0
83230000,0,0
83233000,0,0
83251402,0,0
83259990,0,0
83283300,0,0
83310000,0,0
83311090,0,0
83312000,0,0
83339090,0,0
83364100,0,0
83365090,0,0
83366100,0,0
83366990,0,0
83527962,0,0
83551620,0,0
83562179,0,0
83661000,0,0
83669900,0,0
83680000,0,0
83821010,0,0
83831020,0,0
83832910,0,0
83834090,0,0
83839000,0,0
83849000,0,0
83918624,0,0
83924900,0,0
83925116,0,0
83957379,0,0
84000000,0,0
84001200,0,0
84005680,0,0
84009111,0,0
84009120,0,0
84009190,0,0
84011000,79407.42,4009.01
84011400,0,0
84012000,1215490.16,253246.11
84013000,8988.75,124.13
84013919,0,0
84014000,40822.04,4027.3
84015290,0,0
84016999,0,0
84017000,0,0
84018800,0,0
84019039,0,0
84019090,0,0
84021100,59725.19,11919.83
84021200,1113961.43,37258.78
84021900,25092785.09,1648063.44
84022000,3296087.3,399124.73
84022010,0,0
84023000,0,0
84024000,0,0
84026931,0,0
84029000,8486989.75,801067.17
84029039,0,0
84031010,329572.64,9246.15
84031090,112790.62,3001.64
84033029,0,0
84035000,0,0
84039000,28785.14,128.37
84039090,0,0
84041000,0,0
84041010,1789196.4,176060.48
84041020,23826,0
84041100,0,0
84041200,0,0
84042000,487144.17,57162.34
84043809,0,0
84044010,0,0
84044021,0,0
84044030,0,0
84044090,0,0
84049010,7605.34,721.8
84049090,217917.11,1037.02
84049999,0,0
84050600,0,0
84051000,2307774.85,162544.14
84052169,0,0
84052565,0,0
84054000,0,0
84054100,0,0
84059000,76323.62000000002,67.37
84059999,0,0
84060040,0,0
84061000,46206.78,326.26
84062511,0,0
84068100,286283.13,7984.82
84068200,40498.5,238.8
84069001,0,0
84069010,0,0
84069011,595800.94,12033.69
84069019,188423.35,5936.199999999998
84069020,0,0
84069021,288791.38,5428.66
84069029,118744.8,897.73
84069090,118199.62,1289.8
84069116,0,0
84069909,0,0
84069999,0,0
84071000,12445354.06,432465.0699999999
84072110,235387.82,15438.86
84072190,16127709.87,2097844.19
84072910,19107.2,555.6399999999999
84072990,1726818.22,273777.37
84073000,0,0
84073110,25626.47,436.92
84073190,90435.98999999999,194.53
84073200,361117.53,13810.73
84073310,2269.53,1.83
84073390,518304.55,21561.4
84073410,12413.53,396.7
84073490,4097877.4,112448.29
84079000,12200530.04,200015.66
84079090,0,0
84079990,0,0
84080808,0,0
84081010,255369.71,634.1800000000001
84081090,2259219.4,115886.53
84082000,0,0
84082010,639121.77,17557.82
84082020,3205424.880000001,120324.56
84082030,2131917.52,146678
84082090,25715148.1,785531.47
84082999,0,0
84083090,0,0
84083302,0,0
84084090,0,0
84085090,0,0
84088000,0,0
84089000,0,0
84089010,450629.24,60465.19
84089090,19716842.43,2089621.2
84089190,0,0
84089482,0,0
84089990,0,0
84090000,0,0
84090116,0,0
84090190,0,0
84090900,0,0
84091000,19652424.19,743509.4799999999
84092099,0,0
84093003,0,0
84095989,0,0
84098114,0,0
84098118,0,0
84099000,0,0
84099069,0,0
84099100,0,0
84099101,0,0
84099103,0,0
84099111,1983874.49,41846.19
84099112,12847594.6,397222.8
84099113,3844476.11,216516.8
84099114,3562598.78,61399.86
84099115,788332.7300000001,28779.01000000001
84099116,4526261.8,79437.05000000003
84099117,1220374.82,23366.01
84099118,1027166.57,21378.64999999999
84099120,6478365.370000001,207475.5
84099130,2488114.32,68658.6
84099140,951946.1000000001,19311.97
84099160,0,0
84099190,23752062.4,504199.46
84099191,0,0
84099199,0,0
84099300,0,0
84099699,0,0
84099900,0,0
84099905,0,0
84099906,0,0
84099908,0,0
84099911,70833.46,15845.65
84099912,17248677.29,804869.3999999998
84099913,164784.9,11024.77
84099914,22903047.38,661362.7
84099915,4724127.97,167869.43
84099916,12374.46,412.34
84099917,3156852.359999999,81641.45
84099920,57600.22,565.96
84099921,80081.06999999999,1742.67
84099923,0,0
84099929,51117319.32,1792593.66
84099930,13569459.78,417258.46
84099940,0,0
84099941,119522.15,3645.8
84099944,0,0
84099949,4654237.950000001,161793.01
84099950,0,0
84099951,396600.46,3797.39
84099955,0,0
84099959,31547947.88,1119768.95
84099960,0,0
84099961,14361882.51,493304.81
84099968,0,0
84099969,100591341.91,2738988.66
84099971,52686.88,1431.71
84099979,9461528.079999998,292835.89
84099984,0,0
84099989,0,0
84099990,635593.11,63447.23
84099991,216002.32,6855.5
84099996,0,0
84099999,107189566.42,3314178.51
84101100,810717.83,36534.16
84101200,46519.1,0
84101300,20705,344.87
84103300,0,0
84109000,300786.99,17302.63
84111000,0,0
84111100,2098.99,0
84111200,12232.45,0
84112100,1684458.28,58056.47
84112200,8523.6,0
84113030,0,0
84113990,0,0
84114000,0,0
84114110,0,0
84114578,0,0
84115010,0,0
84116090,0,0
84118100,41178.23,6247.549999999999
84118200,19941.65,1149.38
84119000,0,0
84119020,0,0
84119100,12473406.47,489508.7299999999
84119900,747279.88,28688.08000000001
84120000,0,0
84120936,0,0
84121000,96839.38,2869.17
84121010,0,0
84121990,0,0
84122000,0,0
84122010,0,0
84122011,0,0
84122090,0,0
84122100,0,0
84122110,48253972.92999999,2220171.49
84122190,13896456.27,489992.9799999999
84122199,0,0
84122300,0,0
84122490,0,0
84122800,0,0
84122900,57026963.46,4785921.689999999
84122990,0,0
84123000,0,0
84123110,7081585.25,352390.7999999999
84123190,816486.3,75847.64
84123900,136659.73,6490.280000000001
84125014,0,0
84125200,0,0
84125417,0,0
84125698,0,0
84126011,0,0
84126019,0,0
84127489,0,0
84128000,1204851.31,59856.35999999999
84128080,0,0
84128090,0,0
84129000,0,0
84129010,5788,338.99
84129020,360170.85,32282.58
84129080,22422021.42,2603829.910000001
84129090,10887447.64,1042179.15
84129999,0,0
84130100,0,0
84130110,0,0
84130190,0,0
84131070,0,0
84131090,0,0
84131100,2894097.1,251350.57
84131900,1940871.11,128694.56
84131999,0,0
84132000,4013821.319999999,410220.9400000001
84132020,0,0
84132490,0,0
84133000,0,0
84133002,0,0
84133010,13672386.45,449924.21
84133020,44653181.27000001,1452411.73
84133023,0,0
84133029,0,0
84133030,50409585.56,1428113.75
84133080,0,0
84133090,68154721.81,1836875.42
84133190,0,0
84133309,0,0
84134000,439733.91,160370.59
84134050,0,0
84134190,0,0
84134929,0,0
84135010,19089554.12,2592733.08
84135090,6569031.93,620802.7000000001
84136001,0,0
84136011,99629249.64999998,10661446.62
84136019,12667141.63,439722.6500000001
84136090,6584932.460000001,633362.44
84137010,86830021.68,7107216.699999999
84137080,21847686.32999999,2006230.59
84137090,88345584.35000001,9662070.899999999
84137110,0,0
84138100,43339561.88,3355014.08
84138200,1160029.6,175534.68
84139020,0,0
84139049,0,0
84139090,0,0
84139091,0,0
84139100,188251.28,27691.53
84139110,105420.94,5499.41
84139120,0,0
84139190,162585574.64,7682494.579999999
84139191,0,0
84139199,0,0
84139200,898313.9700000001,109960.81
84139390,0,0
84139490,0,0
84140090,0,0
84141000,3089149.13,258548.91
84141011,0,0
84141220,0,0
84142000,496264.8600000001,40092.63999999999
84143011,1435470.89,75745.86999999998
84143019,7318929.58,1617334.28
84143031,0,0
84143090,0,0
84143091,36595580.71000002,2329750.929999999
84143099,1063628,116289.79
84144010,476434.05,37394.12
84144020,688288.31,83771.42
84144090,261954.62,5555.790000000001
84144464,0,0
84145100,0,0
84145110,454084.9099999999,39169.09999999999
84145120,428749.65,25249.49
84145190,1241080.75,160352.93
84145690,0,0
84145900,0,0
84145910,570131.98,35079.21000000001
84145990,109672506.48,11027567.77
84146000,9219413.34,707853.2800000001
84146017,0,0
84146028,0,0
84146033,0,0
84146290,0,0
84147000,171905.6,11007.17
84148010,0,0
84148011,20467291.05999999,2063121.05
84148012,6649408.44,700316.82
84148013,245871.58,32534.89
84148019,23270764.73,1107300.23
84148020,0,0
84148021,41360475.15,945707.1300000001
84148022,204087.67,3366.41
84148029,1098210.11,95805.51000000001
84148031,4934764.54,91372.31000000001
84148032,1976052.11,265622.95
84148033,38472.56,3153.19
84148038,134922.52,2264.79
84148039,151270.21,3763.02
84148090,6316387.18,448155.5599999999
84149000,0,0
84149003,0,0
84149004,0,0
84149010,1157641.75,104754.48
84149019,0,0
84149020,31044847.32,3451053.77
84149030,0,0
84149031,1388429.49,35876.44
84149032,909199.34,27465.36
84149033,2200162.97,89499.37999999999
84149034,1122901.99,25702.95
84149039,23830368.68,480828.5700000001
84149040,459680.04,51310.89000000001
84149090,0,0
84149190,0,0
84149390,0,0
84149490,0,0
84151010,37900,0
84151011,107197500.85,18056940.27
84151019,2153835.66,275735.58
84151090,350791.95,8879.66
84151900,0,0
84152000,0,0
84152010,3176656.69,323189.89
84152090,638237.7699999999,26887.2
84152100,0,0
84153900,0,0
84158110,108406.1,19206.33
84158190,6151207.309999999,1013903.98
84158210,398157.53,56181.18000000001
84158290,4762329.37,663251.27
84158300,406185.25,61742.60000000001
84159000,96465.29999999999,8235.98
84159010,13974426.45,2620615.78
84159020,21035820.26,3771359.26
84159090,18188915.97,1507917.84
84159099,0,0
84161000,212208.55,12971.75
84162010,1401361.13,36660.2
84162090,10474566.77,929907.2200000001
84162501,0,0
84163000,45286587.61,3298316.430000001
84163010,0,0
84163090,0,0
84169000,3065989.120000001,583221.5700000001
84169090,0,0
84169190,0,0
84169300,0,0
84169990,0,0
84171000,0,0
84171010,730919.03,344.73
84171020,5035.1,63.37
84171090,11516.9,48.8
84171810,0,0
84171900,0,0
84172000,1530910.44,135213.24
84178010,20454.86,327.38
84178020,280,0
84178031,0,0
84178090,3287639.48,118441.47
84179000,349335.2,44015.22
84181000,36044958.71999999,4790562.994999999
84182100,5670441.699999999,711683.1399999999
84182900,316096.22,6882.96
84183000,8577966.139999999,1215247.91
84184000,4050368.89,574824.83
84185010,1136798.96,152310.1
84185090,11871175.52,1664786.62
84186100,6602505.68,404354.1800000001
84186110,1617,0
84186910,273376.87,20081.2
84186920,7959006.710000001,1075251.5
84186931,4874062.97,279871.85
84186932,809757.8200000001,107961.28
84186940,11330917.67,1483393.28
84186990,2400,630
84186991,148750.32,251.72
84186999,126629418.5,12745955.76
84188019,0,0
84188090,0,0
84188095,0,0
84189100,242868.9,4638.37
84189900,7598041.360000001,630920.2000000001
84191010,0,0
84191100,2743745.849999999,217552.81
84191200,11428419.12,445684.17
84191900,236436.79,4135.87
84191910,539998.5800000001,16366.74
84192000,8716,1893.35
84193031,0,0
84193100,49564.9,11.67
84193200,16780,1498.38
84193300,1782453.93,22673.63
84193400,386470921.34,16859737.76
84193500,11855.34,685.6
84193900,14701272.17,2235761.59
84194010,40040.34,3206.01
84194020,306382.96,11813.08
84194090,828449.6099999999,112973.46
84195010,3160140.84,201066.45
84195021,9570158.63,990787.54
84195022,53990.64999999999,1336.73
84195029,402855.8,46707.23
84195090,10510405.75,762139.08
84196000,656018.49,54391.12
84198110,304162.75,19003.57
84198190,6429226.73,594961.0799999998
84198911,4463.34,21.1
84198919,556852.11,27617.34
84198920,915171.6499999999,66687.81999999999
84198930,771474.37,73143.34
84198940,2468567.77,232726.19
84198990,0,0
84198991,4725200.31,355960.3900000001
84198999,4550956.189999999,323152.58
84199010,516399.03,18839.2
84199016,0,0
84199020,78684.12999999999,6086.720000000001
84199031,60069.59,1264.85
84199039,5119692.04,864010.68
84199040,354849.76,56957.82
84199090,14337427.66,1333008.94
84199190,0,0
84199300,0,0
84199999,0,0
84201000,0,0
84201010,55668.28,4874
84201090,461138.39,15750.33
84207090,0,0
84209090,0,0
84209100,319954.47,3616.440000000001
84209900,11878.12,104.32
84210000,0,0
84210920,0,0
84211010,0,0
84211090,0,0
84211110,8184.559999999999,444.36
84211170,0,0
84211190,723219.6599999999,95689.74
84211210,266267.38,28289.11000000001
84211230,0,0
84211290,85219.26,2799.72
84211300,0,0
84211399,0,0
84211910,71640.4,5265.309999999999
84211990,498456.3599999999,70841.13
84211999,0,0
84212090,0,0
84212100,43158866.57,4006958.53
84212110,0,0
84212200,147093.76,16752.19
84212209,0,0
84212299,0,0
84212300,239582423.3600001,7890298.31
84212302,0,0
84212303,0,0
84212306,0,0
84212330,0,0
84212399,0,0
84212490,0,0
84212591,0,0
84212800,0,0
84212900,0,0
84212911,2039.05,69.1
84212919,1264776.71,30924.9
84212920,144911.87,6477.830000000001
84212930,1353776.23,108479.09
84212990,137431949.93,12230470.59
84212992,0,0
84212999,0,0
84213000,0,0
84213090,0,0
84213100,47190333.09,1681177.14
84213200,1464838.94,125867.04
84213210,0,0
84213300,0,0
84213390,0,0
84213900,0,0
84213910,1522473,160715.66
84213920,135626.71,12120.36
84213930,46934.99,3309.68
84213990,74588866.77999999,6270160.059999999
84213999,0,0
84214200,0,0
84214929,0,0
84218100,0,0
84218221,0,0
84218300,0,0
84218539,0,0
84218890,0,0
84219000,0,0
84219090,0,0
84219110,19188.68,578.32
84219191,313593.86,11261.4
84219199,197450.29,16281.61
84219490,0,0
84219900,0,0
84219909,0,0
84219910,16722256.03,1717247.9
84219920,3176.43,269.01
84219990,58291.45999999999,6931.15
84219991,61181.4,4895.51
84219993,0,0
84219999,422259040.7299999,39330419.15000001
84221100,7539512.219999999,849922.61
84221900,178115.64,13793.83
84222000,2624197.38,282472.56
84222010,0,0
84222090,0,0
84222302,0,0
84223010,680625.63,50417.72
84223021,1809801.95,173471.96
84223022,1494.34,124.76
84223023,165889.91,0.11
84223029,3035617.51,149837.55
84223030,115115.48,13217.72
84224010,18572.15,1839.85
84224020,39077.6,367.9
84224030,5317.639999999999,286.54
84224090,22687321.59,2763939.49
84225001,0,0
84229000,0,0
84229010,96727.70000000001,4748.22
84229090,3654710.82,395034.0299999999
84230000,0,0
84230014,0,0
84231000,2486404.79,127769.41
84232000,2095045.61,19552.14
84232300,0,0
84233010,0,0
84233011,1771223.74,237697.98
84233019,2020380.85,150261.39
84233090,60240671.40000001,6277805.72
84234923,0,0
84236578,0,0
84238110,78567.08,7915.190000000001
84238190,1114311.72,109930.25
84238200,26330888.94,2425614.96
84238900,19009132.18,2402780.59
84239000,0,0
84239010,506608.07,11236.49
84239021,102933.53,10905.31
84239029,13704231.33,1806330.5
84239099,0,0
84239999,0,0
84240000,0,0
84240015,0,0
84240101,0,0
84241000,14025160.58,179836.19
84241900,0,0
84242000,3920169.22,406151.56
84242100,0,0
84242829,0,0
84242990,0,0
84243010,23104764.06,2223425.39
84243012,0,0
84243020,22537.44,231.94
84243030,151040.02,15.16
84243090,23326034.61,2156034.19
84243100,0,0
84244100,43222489.69000001,2744784.39
84244200,0,0
84244229,0,0
84244822,0,0
84244900,3222868493.21,157363289.12
84244909,0,0
84244990,0,0
84245000,0,0
84245121,0,0
84248000,0,0
84248111,121468.76,11254.77
84248119,873179.4500000001,18699.37
84248121,644066.3999999999,44416.84999999999
84248129,259220.6,15513.71
84248190,8182.85,77.23
84248199,0,0
84248220,0,0
84248221,2194463900.61,107958743.56
84248229,620963537.1899999,29273803.55
84248279,0,0
84248290,39785806.56,804923.7500000002
84248900,241.73,46.65000000000001
84248910,1969437.76,99354.2
84248920,10868.59,200.48
84248929,0,0
84248990,24419011.45000001,2880676.54
84249000,0,0
84249010,1185464.72,111627.8
84249030,0,0
84249072,0,0
84249090,346897531.96,35151733.51000001
84249190,0,0
84249900,0,0
84249999,0,0
84250021,0,0
84251021,0,0
84251100,1341177.75,43423.95
84251102,0,0
84251200,0,0
84251247,0,0
84251256,0,0
84251910,1699298.8,195805.61
84251990,162986.51,21154.27
84251999,0,0
84252000,1290,0
84253000,0,0
84253110,1729339.01,181969.99
84253190,198384.42,4760.93
84253910,1643955.44,185933.62
84253990,2427640.57,221069.92
84254100,394797.31,59845.69
84254101,0,0
84254200,8511800.500000002,707150.7799999999
84254910,1956304.6,162469.68
84254990,1256576.1,106958.65
84255499,0,0
84259090,0,0
84261100,1759992.75,138723.8
84261200,6803.18,1005.35
84261900,398106.12,9465.78
84262000,255709.6,15974.32
84262690,0,0
84263000,89169,0
84264110,65310.44,226.29
84264190,14014,371.7
84264910,395242.12,8733.65
84264990,427325,43.05
84269100,10849816.03,1429388.93
84269900,51038825.19,6999544.25
84271001,0,0
84271010,0,0
84271011,390106.78,58380.38
84271019,9456542.43,1544775.1
84271090,3157072.96,386771.83
84272010,376444.69,43806.95
84272090,86760263.94999999,11753241.93
84273300,0,0
84273330,0,0
84279000,10326117.38,1269953.79
84281000,42941190.71,3527855.45
84282010,3865071.26,292113.9399999999
84282090,8505974.74,761997.2899999999
84283100,3382316.77,663164.8500000001
84283200,128808115.28,8718216.96
84283300,55254726.74,5536649.91
84283910,70029604.61,6116431.98
84283920,1657186.68,166126.94
84283930,2494.24,0
84283990,46965769.03,2938457.99
84284000,231760.95,19917.42
84286000,2787006.13,316380.39
84287000,9169.869999999999,0
84289010,9924.31,17.87
84289020,595696.6799999999,77569.86
84289030,3529.28,128.8
84289090,2736236.53,241253.84
84290000,0,0
84291110,468946.79,5979.420000000001
84291190,64097168.5,6983707.41
84291910,18353.33,18.88
84291990,26633.4,41.55
84292010,138649.26,860.3299999999999
84292090,66583986.07,5934964.39
84292999,0,0
84293000,70312.98999999999,1685.14
84294000,15351762.53,984479.0200000001
84295111,661443.96,12119.12
84295119,39843255.18,3335668.41
84295121,600,0
84295129,252671.36,7371
84295191,521456,420.72
84295192,10105056.01,1334405.86
84295199,661500522.2,60376858.86000001
84295210,510280,0
84295211,540169.55,30248.64
84295212,6967775.91,800802.15
84295219,398579550.16,34920736.4
84295220,1564.34,0
84295290,534397.8,2832.5
84295900,177379227.68,15771398.65
84299020,0,0
84299090,0,0
84299999,0,0
84301000,359449.85,6482.72
84302000,1247.43,26.84
84303090,0,0
84303110,311.95,2.61
84303190,6181.65,0.12
84303910,140326,21326.96
84303990,16250,1480
84304110,33580.69,3311.56
84304120,2821208.01,407478.26
84304130,939350.77,140821.95
84304190,54907.09,2147.89
84304900,0,0
84304910,79680,11654.55
84304920,4171.51,598.51
84304990,191675.99,19042.94
84305000,1133331.51,52999.45
84306100,1341106.21,84966.24
84306911,573749.72,75600.73999999999
84306919,947299.34,76275.64
84306990,77521642.89999999,3925197.790000001
84307840,0,0
84308000,0,0
84309000,0,0
84309990,0,0
84310200,0,0
84311010,557637.01,35190.69
84311020,0,0
84311090,224747.49,19308.76
84312000,0,0
84312010,0,0
84312011,4173128.22,497882.13
84312019,489174.56,21859.26
84312090,1611208.11,154693.02
84312100,0,0
84313000,0,0
84313110,20665180.26,2587376.819999999
84313190,5942595.33,610312.5999999999
84313439,0,0
84313900,18372357.58,2347913.96
84314100,13609875.04,824976.8600000001
84314200,12498243.23,955103.5100000001
84314310,430937.65,63214.3
84314390,2570578.1,209712.8500000001
84314829,0,0
84314900,344,0
84314910,2708967.01,458709.6699999999
84314920,192675.63,29976.63
84314921,1233007.76,4947.9
84314922,14603064.42,750259.1
84314923,6594350.699999999,176743.46
84314929,107306377.27,4012753.029999999
84316011,0,0
84318100,0,0
84319090,0,0
84319200,0,0
84319300,0,0
84320000,0,0
84321000,56957853.67,3224003.819999999
84321010,0,0
84321852,0,0
84322100,268669314.6999999,15701016.07
84322800,0,0
84322900,215465162.99,13408117.47
84323000,0,0
84323010,185005.03,2066.03
84323090,4080.99,284.66
84323110,2433319818.11,115849497.64
84323190,713596003.08,43112087.84
84323900,0,0
84323910,371334714.63,22596951.59
84323990,8994555.88,341369.81
84324000,167676.84,7111.5
84324100,31928672.99,2050094.18
84324200,1301837541.8,68975992.97000001
84324390,0,0
84328000,394984422.61,24105259.69
84329000,1215250542.45,63343760.73999998
84329020,0,0
84329030,0,0
84329090,0,0
84329100,0,0
84329200,0,0
84329300,0,0
84329900,0,0
84330258,0,0
84331090,0,0
84331100,14348964.46,1088326.649999999
84331900,355994.95,9148.980000000001
84332000,0,0
84332010,20626496,1333428.06
84332020,0,0
84332090,203686169.09,11834931.02
84332900,0,0
84333000,21668345.84,1539733.86
84333010,0,0
84333029,0,0
84333090,0,0
84334000,41557804.78,2578245.09
84334090,0,0
84334900,0,0
84335000,0,0
84335100,5811790016.990001,264858457.25
84335200,79168308.44,3985650.64
84335300,79912346.5,6194207.83
84335911,150,14.03
84335919,664886935.0299997,79421660.23999998
84335990,2025173466.75,102366284.9
84336010,3523547.69,152821.71
84336021,7366171.69,50264.65
84336029,14527846.55,1032603.42
84336090,80649850.21,4756153.88
84339000,0,0
84339010,3188844.87,262776.2500000001
84339090,1233439116.83,35241121.402
84339091,0,0
84339900,0,0
84339990,0,0
84341000,85998155.05,6116161.720000001
84342010,14008318.07,1331358.01
84342090,2410052.29,196348.62
84348221,0,0
84349000,39074145.19000001,4502567.739999999
84349090,0,0
84351000,242658.47,32438
84355010,0,0
84359000,129385.76,2659.09
84360000,0,0
84361000,427530327.97,31477951.97
84362100,32382901.24,1307976.2
84362587,0,0
84362900,361090874.6199999,21806505.28
84363623,0,0
84364100,0,0
84364900,0,0
84365000,0,0
84365258,0,0
84365559,0,0
84365873,0,0
84365879,0,0
84365987,0,0
84366800,0,0
84368000,980694638.0400001,64929977.66999998
84369000,0,0
84369030,0,0
84369100,63475694.85000001,6350668.740000001
84369200,0,0
84369900,66321710.27999999,6613438.69
84370000,0,0
84371000,192966317.15,14361206.42
84378010,11797571.12,919485.27
84378090,7528901.17,499994.61
84379000,18427682,2246268.06
84380518,0,0
84381000,3218358.18,304776.7
84382011,3088.22,36.09
84382019,75457.63,9679.460000000001
84382090,292471.25,19019.38
84383000,54087,7941.65
84384000,572478.92,13579.36
84385000,6096205.83,585820.05
84385090,0,0
84386000,3616255.55,151695.58
84388010,618,79.56
84388020,1235.1,9.23
84388090,1620620.4,126290.85
84389000,1279939.67,146000.34
84390000,0,0
84390100,0,0
84391010,5383.09,15.31
84391020,963.9,25.29
84391030,412.12,53.11
84391090,7488.57,533.87
84392000,4800.12,7.19
84392910,0,0
84393010,10998.59,1809.23
84393020,2164,0
84393090,11688.16,625.44
84399100,13075.46,335.76
84399900,330,39.6
84399910,5521.34,0
84399990,1660.16,57.89
84401011,2463.02,0
84401019,962.85,0
84401020,252200,2375
84401090,20031.08,703.9300000000001
84406523,0,0
84409000,4834.36,644.09
84411010,8260.08,0
84411090,111585.16,6896.139999999999
84412000,16422,0
84413010,391738.69,34648.73
84413090,255271.65,602.89
84414000,30405.44,88.74
84414022,0,0
84414032,0,0
84414300,0,0
84418000,77309.79000000001,7159.45
84418097,0,0
84418099,0,0
84419000,9742.68,1653.75
84420330,0,0
84421010,0,0
84421545,0,0
84422090,0,0
84423000,120000,0
84423010,561990,5600
84423020,7218.75,110.6
84423090,270295.3,346.48
84423190,0,0
84424010,44482,0.28
84424020,10244,1112.09
84424090,111197.64,0
84425000,80465.13,6990.150000000001
84429090,0,0
84430090,0,0
84431110,77209.29999999999,41.66
84431111,0,0
84431190,3071.78,120.84
84431200,132648.65,6504.2
84431310,257.2,0
84431321,37,0
84431329,8057,15.08
84431390,332.5,0
84431500,700.92,0
84431600,568.64,52.09999999999999
84431710,247.26,61.28
84431790,1340.4,0
84431910,22353.5,334.3800000000001
84431990,757825.9400000001,110364.14
84432000,0,0
84433111,3942934.13,484970.86
84433112,4379.92,208.47
84433113,2536275.95,269406.91
84433114,15882.87,3141.19
84433115,230874.23,33195.41
84433119,7257.5,285.06
84433190,0,0
84433191,34862.64,7708.9
84433199,281502.66,34682.6
84433211,439,68.5
84433213,1892,295.19
84433221,3572.2,2.44
84433223,251837.96,23766.69
84433229,13628.63,0
84433231,327314.3900000001,26590.59
84433232,179095.64,2196.03
84433233,602420.97,67793.23999999999
84433234,15214.32,833.47
84433235,37247.78,2428.81
84433236,176459.85,28680.48
84433237,195.7,0
84433239,145451.17,11660.51
84433240,221488.37,20265.68
84433251,6270,0
84433252,269.74,16.97
84433259,7411.41,596.22
84433291,8465.37,93.74000000000001
84433299,992360.3099999999,108897.76
84433910,1904928.09,193998.32
84433921,9194.55,0
84433929,200,0
84433930,142,0
84433990,13977.79,529.61
84434010,170.89,44.05
84435046,0,0
84437092,0,0
84439000,0,0
84439110,728274.43,14500.86
84439190,0,0
84439191,3471.46,382.11
84439192,5795.870000000001,178.23
84439199,382455.53,28605.74
84439911,18248.04,3182.99
84439912,8810.95,277.05
84439913,288,0
84439919,5609.1,0
84439921,11532.79,0
84439922,69959.73,7881.48
84439923,2943295.55,338654.82
84439924,165,34.57
84439929,536745.57,59486.39000000001
84439931,134845.96,5561.95
84439932,266769.9300000001,17406.72
84439933,7264222.279999999,223979.33
84439939,244036.16,7054.93
84439941,63169.62,567.24
84439942,92345.38,15682.57
84439949,77988.06,9040.92
84439950,15862.68,740.46
84439960,55916.17,3811.81
84439970,76633.56,404.35
84439980,12506.91,16.47
84439990,113086.66,2309.6
84440010,224.85,2.77
84440020,171941.04,35190.84
84440090,6520.79,0
84443658,0,0
84444200,0,0
84444444,0,0
84444900,0,0
84448255,0,0
84449900,0,0
84451110,144,0
84451120,60,0
84451190,581.13,3.21
84451200,84420.49,12418.23
84451300,103.5,0
84451380,0,0
84451921,4410,0
84451922,44171351.49,1751006.92
84451923,482.38,11.66
84451924,103714.57,15056.43
84451925,4534.549999999999,66.38000000000001
84451929,600000,123900
84452000,3946.03,30.91
84453010,885,0
84454011,34634.16,0
84454012,2153.25,166.9
84454018,178.33,0
84454019,234,0
84454021,591.27,44.63
84454029,1081.57,21.38
84454031,3269.5,0
84454040,390.46,64.72999999999999
84454090,7570.280000000001,777.1099999999999
84456454,0,0
84459020,936.99,82.35
84459030,45.12,0
84459040,757.05,0
84459090,5428.149999999999,563.13
84461010,380.97,2.88
84462100,16468.4,2017.36
84462900,5354.27,488.1100000000005
84463010,7462.2,1775.82
84463020,1445,0
84463040,6844.94,115.56
84469000,0,0
84471100,810.99,108.92
84471200,2487.49,262.96
84472010,2423.51,11.67
84472030,78.98,14.58
84479000,0,0
84479020,172140.71,19289.15
84479090,8583.47,0
84481110,1667.5,59.06
84481190,73149.78999999998,56.68000000000001
84481900,3648336.6,385963.34
84482010,211.3,0
84482020,104631.85,4.61
84482030,409805.2,11206.06
84482090,90238.65999999997,0
84483100,436496.3,16414.18
84483211,14440.05,466.9299999999999
84483219,1825161.85,7039.160000000001
84483220,305298.37,25226.49
84483230,23724.63,745.03
84483240,54,13.66
84483290,5650696.580000001,486371.26
84483300,0,0
84483310,154433.37,338.44
84483390,190504.87,124.03
84483917,161.72,39.92
84483919,267,0.1
84483922,9364.05,0
84483923,1629,0
84483991,194.28,0
84483992,85.9,0
84483999,11689031.4,1578449.3
84484200,4334.49,494.15
84484920,1637.68,0
84484990,7587.81,348.92
84485110,419584.9,0
84485190,317461.95,5203.919999999999
84485910,1400.01,0
84485929,509,7.38
84485930,4507.95,332.55
84490010,373.8,0
84490020,24,0
84490080,206,0
84490099,3060.6,0
84501100,975997.3799999997,109806.15
84501200,1499906.7,4930.320000000001
84501900,2046807.67,281392.32
84502010,61680.37000000001,7986.799999999999
84502020,8346512.01,1277839.92
84502090,9757627.27,1144228.53
84509010,139380.42,4202.32
84509090,250881.15,6439.2
84509099,0,0
84510200,0,0
84511000,3376.55,9.68
84512100,577098.32,90408.56999999999
84512369,0,0
84512541,0,0
84512900,8342,0
84512910,4527.809999999999,277.4
84512990,1573165.93,162281.42
84513010,7606,255.85
84513091,462,0
84513099,34549.56,1793.89
84514010,379646.71,40969.15
84514021,388.09,11.83
84514029,604.4999999999999,10.2
84514090,300,0
84515010,8485.27,0
84515020,700,0
84515090,8389,52.92000000000001
84518000,1696313.7,76690.79000000001
84519000,0,0
84519010,30002.19,198.23
84519090,112530.57,2830.39
84520253,0,0
84520909,0,0
84521000,218314.48,29093.62
84521004,0,0
84521100,0,0
84521140,0,0
84521142,0,0
84521152,0,0
84521201,0,0
84521214,0,0
84521241,0,0
84521245,0,0
84522101,0,0
84522110,571.9,49.31
84522120,195374.19,6061.49
84522190,453348.2,2850.41
84522910,13231.11,1215.27
84522923,230.95,2.41
84522924,42653.11,2584.3
84522925,17620,0
84522929,533843.41,27374.54
84522990,366057.03,30896.15
84523000,62002.49999999999,3314.54
84525845,0,0
84526314,0,0
84526987,0,0
84529020,101998.55,1105.64
84529081,2418.61,3.77
84529089,22522.6,582.17
84529091,8636.83,180.17
84529093,2425.54,0
84529094,248,0
84529099,427193.56,27887.66
84531010,120,0
84531090,1534.58,0.85
84532000,116870.43,13527.29
84535090,0,0
84538000,4574.58,44.63
84539000,51789.45,1040.28
84540454,0,0
84541000,15085.11,477
84541321,0,0
84541542,0,0
84542010,13719.8,66.52
84542090,11331.52,932.9699999999998
84543010,8900,230.06
84543020,26500,2371.53
84543090,4214.5,102.66
84545656,0,0
84546546,0,0
84549090,5369.04,0
84551000,10388.62,20.34
84552032,0,0
84552110,294.03,0
84552141,0,0
84552147,0,0
84552190,4348.02,237.73
84552210,20144.8,1994.33
84552290,6412.2,0
84553000,0,0
84553010,384100.96,45389.53
84553020,842.4,5.02
84553090,40354.85,376.61
84554000,0,0
84555900,0,0
84557541,0,0
84558740,0,0
84559000,13961.18,2162.1
84561011,193105,23253.60000000001
84561090,320,0
84561111,570980.98,3511.71
84561119,149047.09,4594.01
84561190,18673.1,144.78
84561211,17248,69.75
84561219,246.4,0
84561290,87.94,0
84562010,87.94,0
84562090,80139.7,0
84563011,10,0
84563019,850,0
84563090,1050.24,0
84564000,328468.7600000001,25907
84564050,0,0
84565000,9127.72,2004.78
84565874,0,0
84568990,0,0
84569000,141890.35,19931.91
84569732,0,0
84571000,1058326.73,135157.04
84572010,670,0
84572090,41960.2,2326.04
84572999,0,0
84573090,151.98,0
84576365,0,0
84579610,0,0
84581110,54652.94,65.99000000000001
84581191,2871,256.84
84581199,785617.3999999999,84322.14
84581910,225,0
84581990,610808.78,76739.41
84585445,0,0
84585458,0,0
84585755,0,0
84586133,0,0
84587451,0,0
84589100,53758.31,0
84589900,2401378.62,326867.39
84591000,590158.8999999999,71160.98
84592110,32841.2,0
84592191,21830.76,190.22
84592199,9240,1150.31
84592900,1156389.56,149794.11
84592929,0,0
84593100,18172.55,0
84593900,111.76,0
84594100,2480,0
84594900,15891.9,15.46
84595100,36300.04,0
84595900,157.17,27.09
84596900,274320.13,33589.53999999999
84597000,203708.84,8982.53
84597623,0,0
84600000,0,0
84601200,3717.01,380.13
84601900,40998.17,0
84602200,65.6,0
84602300,39911.29,1720.93
84602400,4633,0
84602900,1910.88,270.64
84603100,3700,0
84603900,479385.78,49948.36
84604011,2697.06,15.72
84604091,2015,99.84
84604099,2880,0
84609011,21381.14,904.7600000000002
84609012,12373.07,1468.57
84609019,26558.31,2552.47
84609090,1083133.75,137050.3
84612010,1460,0
84612090,230920.1,747.24
84613090,3186.95,0
84614010,5365.889999999999,0
84614091,45366.89,7733.219999999999
84614099,178789.55,50.27999999999999
84615000,0,0
84615010,143559.23,15419.46
84615020,514697.38,39792.58
84615090,522886.2899999999,74229.35999999999
84618019,0,0
84619010,449.28,0
84619090,25961.34,1370.13
84620000,0,0
84621010,0,0
84621011,295,56.05
84621019,110.8,25.09
84621090,456.4,69.97
84621100,7116.77,149.47
84621900,30507.99,1844.97
84622200,11267.67,341.75
84622300,1558000,229937.79
84622400,304.99,0
84622500,5345.9,0
84622600,275422.44,0
84622900,1070013.77,125713.65
84623200,4336.29,638.27
84623300,238.77,0
84623900,57111.22,1547.04
84623910,4590.8,668.02
84623990,1550,397.05
84624100,720,0
84624200,15443.05,0
84624900,970951.38,69698.76
84625100,4534.18,0
84625900,2793.92,397.82
84626100,2618713.2,370106.47
84626200,34624.21,66.54
84626300,63116.73000000001,0
84626900,4076.04,17.52
84629000,123680.98,14766.88
84629111,31000,7650.030000000001
84629119,61148.73,6938.45
84629199,20681.86,2184.79
84629200,0,0
84629990,35,6.32
84631010,4975.53,645.68
84631090,211592.52,52465.67000000001
84632010,24773.99,3122
84632058,0,0
84632091,376245,3187.5
84632099,12969.9,1117.28
84633000,210503.23,13395.1
84633300,0,0
84639010,197.08,15.28
84639090,4014,128.85
84641000,293449.74,46086.85000000001
84642000,0,0
84642010,65529.86,2067.08
84642021,5120,81.84
84642029,9226.04,959.72
84642090,123509.99,6678.57
84646559,0,0
84649011,1289.44,0
84649019,18153,0
84649090,814267.92,90740.89
84651000,27158.1,2865.33
84652000,16444.55,0
84655922,0,0
84659110,413910.27,33775.9
84659120,975425.28,44549.62
84659190,564258.65,51979.74
84659200,0,0
84659201,0,0
84659211,166808.93,18478.7
84659219,448499.05,49384.82
84659290,178769.84,20543.81
84659310,231596.56,14579.87
84659390,405867.34,52715.57999999999
84659400,5228647.23,477449.7500000001
84659511,2629.21,364.25
84659591,360075.3399999999,29256.31
84659592,30,0
84659600,1679220.55,17822.35
84659900,12575485.6,1619514.26
84661000,1632718.01,179699.31
84661100,0,0
84662000,0,0
84662010,418024.54,5681.73
84662090,1424524.99,117564.58
84663000,135839.61,6788.95
84665152,0,0
84669100,335584.53,9147.440000000002
84669200,3812426.12,591828.5300000001
84669319,690185.1499999999,72420.94999999997
84669320,21268.7,884.36
84669330,267684.5,8786.400000000001
84669340,563721.5599999999,47426.92000000001
84669350,44093.55,5188.530000000001
84669360,308692.6200000001,4013.05
84669410,9318.720000000001,718.4100000000001
84669420,51360.09,4912.32
84669490,965348.53,100738.39
84671110,76810.64,5270.99
84671190,2868845.35,230732.59
84671900,1267477.9,114972.37
84672000,0,0
84672100,5031676.479999999,495717.63
84672200,3918006.87,369222.2200000001
84672220,0,0
84672900,0,0
84672910,162373.63,14784.4
84672991,11233.7,8.14
84672992,15929231.86,1422870.44
84672993,2543873.28,237995.6499999999
84672999,24934068.90000001,2259818.67
84675231,0,0
84677292,0,0
84677900,0,0
84677990,0,0
84678100,18448369.03,1461042.95
84678900,21921509.88,1709702.199999999
84679100,6843883.27,623165.2299999999
84679200,844024.26,37432.88
84679878,0,0
84679900,4907875.6,389438.1
84681000,1872808.7,205800.96
84681010,0,0
84682000,840715.6800000002,99279.34
84687125,0,0
84687687,0,0
84688010,1256,156.18
84688090,13021.96,365.09
84689000,0,0
84689010,1920698.26,178303.94
84689020,327583.31,6882.610000000001
84689090,59476.23,6739.950000000001
84698752,0,0
84698874,0,0
84699969,0,0
84701000,472997.21,33461.22
84701900,0,0
84702100,130444.42,14943.85
84702900,16011.13,578.2299999999999
84703000,533.98,0
84705010,69248.24999999997,2324.52
84705011,3397,0
84705090,8452.04,42.96
84709010,644.98,4.34
84709090,11291,0
84710653,0,0
84713011,143704.9,18491.24
84713012,11006340.55,1549971.29
84713019,30980908.01000001,6050426.870000001
84713090,198414.34,17391.63
84714100,27948312.36,3872751.079999999
84714190,1000333.36,193087.72
84714900,2306423.5,466322.2699999999
84714974,8.25,2.07
84714995,320,0
84715010,7992052.470000001,1635646.99
84715020,320585.95,110869.08
84715030,899.8,0
84715090,507620.4299999999,80564.05
84715211,0,0
84715653,0,0
84716012,34.68,0
84716052,3019094.549999999,203275.19
84716053,1064959.49,74677.81
84716054,39103.6,3547.94
84716059,435825.27,64906.13
84716061,27699.13,2999.3
84716062,4762630.82,789539.74
84716080,6595.54,393.06
84716090,261034.46,17240.22
84717010,2743330.89,135302.44
84717012,108741.1,2006.01
84717019,3829,0
84717020,115029.34,5947.740000000001
84717029,3038.1,0
84717030,25772.35,512.93
84717033,120,0
84717039,18,0
84717040,1203023.67,108625.74
84717090,172499.12,8015.92
84718000,2049726,272709.73
84718019,4185.16,0
84718090,190,0
84719011,37280.73,2891.21
84719012,1083535.55,62720.86
84719013,13510.04,2879.05
84719014,483843.11,49319.69
84719019,5643066.53,1075605.45
84719090,1153881.2,135544.37
84721000,368.5,7.11
84723010,4322.5,153.4700000000001
84723020,240600,13985.9
84723030,5000,0
84723090,23741.95,0
84729010,160733.6,3501.46
84729020,59370.22,58.16
84729021,111885.33,0
84729030,41237.25,1315.88
84729040,530170.26,30053.05
84729051,1135.9,0
84729059,4717.52,605.2399999999999
84729090,16.32,0
84729099,396643.69,49541.89999999999
84732100,4825.16,100.48
84732910,109937.3,472.66
84732920,328.08,0
84732990,7457.54,228.22
84733011,708914.78,22911.06
84733019,438299.06,31637.67
84733027,9090.3,0
84733029,1865,277.93
84733031,345324.93,8781.670000000002
84733032,30185.6,732.6400000000001
84733033,4473.75,0
84733034,3960.13,0
84733039,83608.06,7215.790000000001
84733041,1464488.47,182032.8
84733042,1415516.59,103174.26
84733043,2750.5,0
84733049,652773.1,38602.61
84733090,810542.3699999999,65137.38
84733092,10278.08,2.67
84733099,7353.68,752.89
84733301,0,0
84733304,0,0
84734010,188861.01,20079.21
84734070,1842.92,0
84734090,7416.65,46.06
84735010,175459.43,11470.97
84735034,1120.72,165.63
84735040,3606.5,137.17
84735050,944481.6,14306.96
84735090,55251.14,1140.38
84741000,12416834,1378461.19
84742010,61,0
84742090,790575.42,52972.53
84742100,0,0
84743100,6482547.160000001,806484.6100000001
84743200,484549.1299999999,18119.29
84743900,3555314.62,138352.87
84744900,0,0
84745692,0,0
84748010,6625.18,0
84748090,822357.62,84814.71
84749000,4047034.93,297934.58
84749090,0,0
84751000,8782.99,499.8399999999999
84752100,8024.12,41.3
84752910,2423,116.11
84752990,134598.41,0
84757590,0,0
84759000,386,0
84762100,37802.88,1340.95
84762900,3949.62,897.85
84763259,0,0
84768100,469.89,2.68
84768910,2602.36,137.33
84768990,86795.51000000001,60.72
84769000,3710.92,0
84771011,5513.75,254.36
84771019,9839.75,3.31
84771021,511.9,11.38
84771091,198,0
84771099,149.16,20.4
84772010,74461.14,8161.530000000001
84772090,999478.12,145341.32
84773010,1150,294.22
84773090,3317.25,1006.6
84774010,682.51,0
84774090,30477.73,2448.21
84775100,525029.53,46127.96
84775911,18638,1861.46
84775919,1035546.05,146802.72
84775990,72012.84999999999,9323.630000000003
84778010,106963.67,13866.01
84778090,1060890.24,131923.12
84779000,185836.71,9217.37
84781010,102310,1483.54
84781090,12323.85,351.41
84784578,0,0
84789000,7644.23,20.89
84789654,0,0
84790000,0,0
84791010,2564032.9,41022.79
84791090,1794540.76,132133.8
84792000,10256971.72,981547.22
84793000,14951.03,15.65
84794000,3984.33,198.64
84795000,379563.53,8.06
84796000,8414068.36,762347.79
84796325,0,0
84797900,24915.3,235.64
84797999,0,0
84798110,9503.57,381.9299999999999
84798190,30180.47,3665.12
84798210,7830232.859999999,529915.4099999999
84798290,3459339.87,362118.86
84798300,1861.1,430.11
84798911,1219639.13,251331.15
84798912,1030114.18,100015.31
84798921,80468.91999999998,317.44
84798922,4179.15,830.56
84798931,26480.59,978.2399999999999
84798932,597157.81,77673.54999999999
84798940,1018469768.08,24767738.86
84798991,61969.43,3133.45
84798992,6441.93,1000.34
84798999,67295872.05000001,6135352.2
84799010,34433.6,854.91
84799090,31281818.77,2395377.220000001
84799899,0,0
84799999,0,0
84801000,38593.28,2210.52
84802000,32696.07,370.72
84803000,440726.19,28430.45
84804100,17380.18,305.98
84804910,2520.1,3.86
84804990,21953.31,515.02
84805000,4737.04,107.63
84806000,907481.27,33963.03
84807100,594699.28,29012.78
84807900,5058.79,0
84807910,11817.38,0
84807990,55497.35,1484.58
84808011,0,0
84808019,0,0
84808090,0,0
84810000,0,0
84810011,0,0
84810900,0,0
84811000,33977205.94000001,1273265.26
84811010,0,0
84811092,0,0
84811099,0,0
84811100,0,0
84811130,0,0
84811300,0,0
84812000,0,0
84812010,924.3299999999999,7.2
84812011,1153075.65,93453.07999999999
84812019,7049110.51,527087.55
84812021,0,0
84812029,0,0
84812090,124991228.32,4582919.71
84812099,0,0
84812300,0,0
84812547,0,0
84812990,0,0
84813000,23760534.13,2001784.06
84813092,0,0
84814000,23628480.83,2120127.47
84814300,0,0
84815455,0,0
84816099,0,0
84818000,0,0
84818009,0,0
84818010,0,0
84818011,5700435.73,465502.97
84818012,0,0
84818019,47817772.53999998,3858959.14
84818021,9585294.3,569982.64
84818029,299373.66,17003.63
84818030,0,0
84818031,14188.94,97.52000000000001
84818039,213047.2100000001,26706.7
84818040,0,0
84818084,0,0
84818085,0,0
84818090,0,0
84818091,32991.54,180.45
84818092,59891400.31,2223393.93
84818093,14388656.56,990734.5800000001
84818094,940243.2,84987.54000000001
84818095,42267826.91,3393284.19
84818096,22427142.19,2288769.939999999
84818097,5735526.760000001,409865.64
84818099,51327777.83,3500493.22
84818119,0,0
84819000,0,0
84819010,16327274.59,1108172.9
84819011,0,0
84819021,0,0
84819039,0,0
84819085,0,0
84819090,62992362.57999999,5804732.449999999
84819092,0,0
84819093,0,0
84819095,0,0
84819099,0,0
84819110,0,0
84819119,0,0
84819420,0,0
84819900,0,0
84819990,0,0
84820000,0,0
84820010,0,0
84820100,0,0
84820109,0,0
84821000,0,0
84821010,363849484.77,27998425.77
84821019,0,0
84821020,0,0
84821090,66084373.87,5212260.04
84821099,0,0
84821400,0,0
84821500,0,0
84821510,0,0
84821999,0,0
84822000,0,0
84822010,118102778.68,8180733.32
84822030,0,0
84822090,30961481.80000001,2296626.46
84822100,0,0
84822109,0,0
84822110,0,0
84822119,0,0
84822209,0,0
84822210,0,0
84822300,0,0
84822323,0,0
84822400,0,0
84822900,0,0
84822910,0,0
84822911,0,0
84822990,0,0
84823000,19617712.29,1632224.39
84823010,0,0
84823020,0,0
84823300,0,0
84824000,18307691.04,1469489.47
84824010,0,0
84824822,0,0
84825000,0,0
84825010,21402813.34999999,1704363.66
84825090,8591761.999999998,564699.8500000001
84828000,7125866.519999999,446530.62
84828019,0,0
84828090,0,0
84828092,0,0
84828099,0,0
84829000,0,0
84829090,0,0
84829100,0,0
84829111,16293.31,329.34
84829119,923298.9200000003,36015.02
84829120,1969690.76,64958.38
84829130,159529.25,6888.530000000001
84829190,1310641.52,74478.19
84829501,0,0
84829900,39021.60000000001,2014.94
84829910,10023661.59,941049.6100000003
84829990,10293110.73,925495.7399999998
84830000,0,0
84831010,208612.44,1942.98
84831011,444930.08,8227.89
84831019,27472008.09,988386.0499999999
84831020,8371012.300000002,270885.1299999999
84831030,4470754.46,129125.81
84831040,246981.21,6532.190000000001
84831050,150594.2,3243.77
84831090,93001094.57,3094349.689999999
84831101,0,0
84832000,38584063.15000001,1622784.8
84832010,0,0
84832030,0,0
84832090,0,0
84832302,0,0
84832800,0,0
84832900,0,0
84833000,0,0
84833010,3811159.390000001,108023.83
84833019,0,0
84833020,91316.04000000001,8380.029999999997
84833021,161577.56,5242.51
84833025,0,0
84833029,55785792.85,1585959.18
84833030,0,0
84833050,0,0
84833090,45845511.31999999,1701138.18
84833309,0,0
84833320,0,0
84833329,0,0
84833900,0,0
84834000,0,0
84834010,98337059.26999998,4483424.81
84834090,112843450.43,3139344.18
84834709,0,0
84835000,0,0
84835009,0,0
84835010,71555994.59000003,2451400.46
84835090,54673732.26000001,1495519.63
84836000,0,0
84836011,4776747.75,163409.02
84836019,26232649.9,940768.46
84836046,0,0
84836090,33943670.33,2864426.23
84836301,0,0
84836900,0,0
84838092,0,0
84838413,0,0
84839000,154667015,12929097.24
84839030,0,0
84839090,0,0
84839100,0,0
84839190,0,0
84839900,0,0
84839999,0,0
84840000,0,0
84841000,20889748.95,1580431.56
84841010,0,0
84841390,0,0
84842000,37911699.65000001,2915020.08
84842010,0,0
84842020,0,0
84842300,0,0
84842306,0,0
84842400,0,0
84843000,0,0
84843029,0,0
84844100,0,0
84844200,0,0
84848000,0,0
84848019,0,0
84848092,0,0
84848094,0,0
84848095,0,0
84848099,0,0
84848229,0,0
84848484,0,0
84849000,49633371.12,3636876.73
84849003,0,0
84849090,0,0
84849099,0,0
84849999,0,0
84850550,0,0
84851000,15250.77,655.49
84851021,0,0
84852000,98683.71,10648.56
84852102,0,0
84852210,0,0
84852510,0,0
84852900,0,0
84853000,50200.92,2192.53
84854000,0,0
84854550,0,0
84855900,0,0
84856310,0,0
84858000,9451.39,382.92
84859000,42407.46,2758.75
84859001,0,0
84859990,0,0
84861000,5159.74,0
84862000,17411.9,3769.18
84863000,5158.76,0
84865090,0,0
84869000,129233.26,2045.440000000001
84870000,0,0
84871000,843990.34,78430.64000000001
84878092,0,0
84878999,0,0
84879000,26217373.46,3638741.65
84879090,0,0
84879900,0,0
84880000,0,0
84881000,0,0
84881010,0,0
84881600,0,0
84881620,0,0
84881680,0,0
84881809,0,0
84881930,0,0
84882000,0,0
84883019,0,0
84883090,0,0
84884900,0,0
84885090,0,0
84888000,0,0
84888220,0,0
84889300,0,0
84889990,0,0
84891300,0,0
84895090,0,0
84898999,0,0
84899114,0,0
84899900,0,0
84899990,0,0
84911400,0,0
84919090,0,0
84919099,0,0
84919190,0,0
84929910,0,0
84933020,0,0
84936011,0,0
84939090,0,0
84945373,0,0
84948020,0,0
84962000,0,0
84965844,0,0
84968100,0,0
84969011,0,0
84979000,0,0
84979900,0,0
84990000,0,0
84990099,0,0
84993000,0,0
84993030,0,0
84993099,0,0
84993300,0,0
84999090,0,0
84999114,0,0
84999190,0,0
84999914,0,0
84999966,0,0
84999990,0,0
84999999,0,0
85002233,0,0
85002300,0,0
85010301,0,0
85011011,894033.5,142260.8
85011019,15684273.82,584273.7599999998
85011021,64885.92,7094.91
85011029,1767361.66,23975.07
85011030,117349.45,4174.94
85011090,7630,0
85011610,0,0
85011900,0,0
85012000,388986.45,32776.31
85013110,45462663.35999999,4703427.89
85013120,3455221.91,118333.76
85013210,1976292.86,137500.63
85013220,41365316.87,1386264.49
85013310,112985.51,8276.119999999999
85013320,13520635.39,411975.98
85013411,6454.4,283.41
85013419,59946.6,6665.790000000001
85013420,7471759.42,83868.56000000001
85014011,957979.26,146240.76
85014019,8961794.770000001,1255352.89
85014021,4282,0
85014029,96956.65,9256.320000000002
85015000,0,0
85015110,6258843.2,834861.4600000001
85015120,55978.03,210.94
85015190,936696.47,113498.72
85015210,29380649.04,3929530.399999999
85015220,279683.25,8650.48
85015290,2335279.47,347635.76
85015310,8805062.41,1255713.05
85015320,22240,0
85015330,47397.3,652.5
85015390,140508.43,5001.740000000001
85016100,3514265.49,340734.63
85016200,4419241.92,282825.62
85016300,1280004.19,64568.73
85016400,204785,0
85017090,0,0
85017100,7116064.71,192444.42
85017210,215164410.24,12429129.1
85017290,320459421.44,17052031
85018000,3431204.23,224343.57
85021110,26104637.62,3694591.23
85021190,659388.65,2950.96
85021210,74366008.57,11746132.75
85021290,92843.6,18585
85021311,1931056.15,337934.69
85021319,46697708.65,7056528.35
85021390,1502446.29,261148.59
85022011,23696156.16,3714460.279999999
85022019,155137.9,0
85022090,82404.16,11355.01
85023100,73856,1.31
85023900,1854825.3,252439.08
85024010,144903.09,5435.38
85024090,335175.31,2718.11
85025900,0,0
85027250,0,0
85030010,834365.6400000001,52130.79000000001
85030090,11214193.58,1126891.12
85031000,0,0
85035000,0,0
85039000,0,0
85041000,1079195.58,65737.69
85041910,0,0
85042100,86979545.6,10143685.41
85042200,14012937.83,1808483.73
85042300,576290.14,32064.56
85042310,0,0
85043110,0,0
85043111,6765477.139999999,478191.49
85043119,4772233.640000001,482350.46
85043191,753700.37,52873.67
85043192,65213.58,125.8
85043199,601638.0100000001,14533.56
85043211,1053285.74,57808.7
85043219,525715.84,42259.82000000001
85043221,985997.32,54063.93
85043229,513278.09,42060.85
85043231,0,0
85043300,12613114.43,839539.86
85043400,2581166.1,256715.01
85044010,19512335.34,1693467.32
85044021,8544945.16,431074.8900000002
85044022,24487.91,244.01
85044029,3259693.99,212618.75
85044030,3671833.66,302681.61
85044040,14156154.06,1022835.47
85044050,22135714.74,2709423.269999999
85044060,314275.78,6511.99
85044085,0,0
85044090,11982692.38,1377603.76
85044095,0,0
85045000,3213377.05,232814.95
85045010,80260.37999999999,7262.350000000001
85045090,1114792.12,137111.44
85045901,0,0
85049010,56453.45,219.73
85049020,76151.92,3429.35
85049030,1047830.14,91593.06999999999
85049040,1566282.25,178744.34
85049090,872387.0299999999,68490.78
85051000,0,0
85051019,0,0
85051100,1159996.8,47208.89
85051910,107594.65,10668.94
85051988,0,0
85051990,166207.46,18847.61
85052000,0,0
85052010,89079.65,2764.280000000001
85052090,3795335.400000001,99795.49
85052092,0,0
85053090,0,0
85054000,0,0
85055100,0,0
85055900,0,0
85058855,0,0
85058900,0,0
85059010,1273613.15,177554.14
85059011,245977.79,46108.96
85059019,1048255.07,136784.48
85059080,3031232.38,402986.4000000001
85059090,6667977.97,945074.6900000002
85060000,0,0
85061000,0,0
85061010,36099.37999999999,2141.28
85061011,295144.4199999999,41679.68000000001
85061012,134671.89,20462.34
85061019,1395810.12,195950.56
85061020,591722.1499999999,62536.37999999998
85061030,109730.88,3465.7
85061031,329975.87,44410.8
85061032,122030.97,4854.679999999998
85061039,111395.09,7148.149999999999
85061729,0,0
85061910,0,0
85063010,50873.62000000001,2223.2
85063090,24412.4,262.8200000000001
85064010,13025.19,490.1800000000001
85064090,11672.87,144.03
85065010,1128532.58,87775.53000000001
85065090,592608.62,31955.01
85066010,61834.69,6289.789999999998
85066090,13155.27,693.7300000000001
85068010,29204.41,430.49
85068090,302249.29,7063.08
85069000,45675.09,908.96
85069021,0,0
85070000,0,0
85070190,0,0
85071000,263990.6,978.98
85071009,0,0
85071010,4477155.609999999,68506.03000000001
85071019,0,0
85071020,0,0
85071030,0,0
85071090,186066130.2399999,3350703.44
85071099,0,0
85072000,0,0
85072010,14863363.48,796895.3400000001
85072090,641436.36,28942.82
85073011,327318.48,21505.65
85073019,296856.1799999999,8313.66
85073090,19858.2,397.19
85074000,107,11.49
85075000,4174.76,321.28
85075010,216602.98,31314.53
85075011,0,0
85075019,0,0
85075020,27458.89,3171.67
85075090,264393.75,7835.36
85076000,25972295.75,3984870.34
85077100,0,0
85078000,1511519.34,113267.98
85079000,0,0
85079001,0,0
85079010,29476.18,348.77
85079020,82263.59999999999,8765.68
85079090,509148.6399999999,45165.69000000001
85081000,455,0
85081100,3468371.940000001,347574.94
85081900,1276326.9,110660.91
85082000,392,110.74
85082919,0,0
85086000,469119.62,13228.66
85087000,353471.06,15187.63
85088092,553.6800000000001,100.25
85089080,0,0
85090000,0,0
85090320,0,0
85091000,107.7,8.07
85094010,2037097.94,264207.99
85094020,899163.95,117382.11
85094030,249896.93,4190.37
85094040,264765.77,14769.29
85094050,936617.66,122965.34
85094090,1005956.37,102612.47
85094099,0,0
85098010,120660.63,11007.68
85098090,5967595.88,164623.6
85099000,300854.79,20497.16
85099010,0,0
85101000,157391.79,9630.969999999998
85101010,0,0
85102000,813045.6199999999,71437.80000000002
85102324,0,0
85103000,76865.09999999999,6621.199999999999
85109000,0,0
85109011,77402.5,1163.19
85109019,16286.36,171.79
85109020,28110.83,1725.39
85109070,0,0
85109090,242098.17,18204.24
85110000,0,0
85110100,0,0
85111000,10370426.88,330963.81
85111003,0,0
85111015,0,0
85111900,0,0
85112000,0,0
85112010,1629248.85,58592.32
85112090,500280.35,16533.91
85113002,0,0
85113010,679777.83,11827.01
85113020,4679008.04,118456.81
85113050,0,0
85113090,0,0
85114000,27599585.29,560226.2300000001
85114011,0,0
85114020,0,0
85114100,0,0
85115000,0,0
85115010,27731240.93,690118.6799999999
85115090,296804.32,4917.440000000001
85116000,0,0
85117627,0,0
85118000,0,0
85118010,536690.4600000001,14259.61
85118011,0,0
85118020,2665405.56,25212.77
85118030,110562.24,1485.04
85118090,2706348.629999999,84975.47
85119000,39592977.44000001,440696.97
85119065,0,0
85119090,0,0
85119099,0,0
85119100,0,0
85121000,201185.16,3727.940000000001
85122000,0,0
85122001,0,0
85122009,0,0
85122010,0,0
85122011,50262449.82999999,1272080.51
85122019,3342963.17,72299.05000000002
85122020,0,0
85122021,5365367.78,127994.6
85122022,13355766.59,308947.45
85122023,7781331.620000001,251718.26
85122029,7132759.159999998,208439.67
85122032,0,0
85122090,0,0
85122300,0,0
85122900,0,0
85123000,2457136.11,64937.28999999999
85124010,923324,19242.66
85124020,11918.11,610.5400000000001
85124090,733,120.13
85124789,0,0
85129000,10524035,229178.83
85130000,0,0
85131000,0,0
85131010,2748694.87,311092.4700000001
85131090,822956.1900000001,91516.08
85131900,0,0
85135090,0,0
85138100,0,0
85139000,90807.09999999999,1492.25
85139190,0,0
85141010,39541.67,2701.8
85141100,30193.8,3725.56
85141211,0,0
85141900,606968.47,54284.93999999999
85142011,134747.84,7310.749999999998
85142019,47212,0
85142020,198419.4200000001,0
85142511,0,0
85143019,231,0
85143090,38150.51,6230.68
85143100,114013.86,275.0799999999999
85143200,1846.52,0
85143900,116023.58,20178.61
85144000,98373.18000000001,16101.49
85144022,0,0
85144300,0,0
85145910,0,0
85145990,0,0
85147812,0,0
85149000,53031.39,3144.93
85149200,0,0
85151000,0,0
85151011,0,0
85151100,644741.4500000002,68984.34
85151900,62018.97,2277.74
85152011,0,0
85152022,0,0
85152100,20404.04,1237.82
85152900,50777.28,434.09
85153000,0,0
85153100,4305,0
85153110,12390,0
85153190,2358346.34,300309.54
85153900,11983439.36,1569120.15
85154545,0,0
85155000,0,0
85155010,0,0
85158010,583061.6799999999,50863.79
85158090,1806287.54,196289.92
85159000,4359784.569999999,567227.02
85159910,0,0
85161000,11257776.64,1034926.68
85161001,0,0
85161010,0,0
85162100,108253.48,2007.19
85162900,436673.6900000001,24772.73
85163100,779927.3700000001,82644.95000000001
85163200,573479.1100000001,57869.38000000001
85163300,157657.1,11606.52
85164000,1059633.68,128383.74
85165000,7103566.180000001,909563.06
85165010,0,0
85165500,0,0
85166000,18436456.27,2126713.5925
85167100,2905971.86,422788.0800000001
85167200,153357.67,17020.78
85167910,971069.31,93482.04
85167920,883410.8899999997,109857.17
85167990,3493759.33,317130.2
85167999,0,0
85168010,1407541.83,118085.97
85168090,1810624.87,75406.62000000001
85169000,394974.72,19019.13
85170000,0,0
85171010,0,0
85171090,0,0
85171100,1365862.21,30009
85171211,205682.37,461.6399999999999
85171219,31871.6,0
85171221,3508.5,0
85171222,330,0
85171229,1257.79,0
85171231,90856.82,120.18
85171232,90325.7,0
85171239,4440.1,0
85171241,2938.99,212.68
85171252,0,0
85171290,213143.64,5309.400000000001
85171300,79836423.87000003,9897420.2
85171321,0,0
85171410,3377919.18,112191.7
85171431,1087473.83,34928.53000000001
85171432,69834.18000000001,3325
85171439,168162.52,6309.99
85171441,12638.91,3.19
85171449,53342.44,95.78
85171490,14744088.06,1398809.8
85171810,26923.63,435.97
85171820,240,0
85171830,181523.04,10387.97
85171890,289084.88,12606.29
85171891,8975,0
85171899,9257.64,806.21
85171999,1298,0
85173013,10288.19,0
85173062,900,0
85175021,820,87.64
85175022,581,88.11
85175029,800,0
85175241,0,0
85176111,815,0
85176119,300,0
85176130,1066547.98,58524.36
85176141,154812.01,2018.09
85176142,18162.64,0
85176143,4097.01,0
85176149,234199.94,8831.58
85176191,8562.83,0
85176192,272330.03,9697.33
85176199,4428191.88,321332.41
85176200,0,0
85176211,130,0
85176214,24067.74,2092.09
85176215,57534.47,2595.64
85176219,1051.5,0
85176221,4385.13,0
85176222,2007,0
85176223,1600,0
85176229,207951.86,8153.040000000001
85176231,4141.5,0
85176233,4750,0
85176234,4292236.319999999,269375.11
85176239,3466263,274288.98
85176240,0,0
85176241,36733518.93000001,7480579.240000001
85176248,2608.18,168.76
85176249,1276588.15,92546.42
85176251,173324.2,11619.43
85176252,15060.07,94.19
85176253,2965.7,21.16
85176254,516844.28,18965.2
85176255,1066379.46,111854.63
85176256,1492596.44,67210.03
85176259,4373459.140000001,203639.46
85176261,1098.52,0
85176262,6988879.389999999,215198.08
85176264,208987.03,22536.35
85176265,440326.83,10208.86
85176270,0,0
85176271,6600,0
85176272,1261727.37,138233.18
85176273,95460.20999999999,3294.86
85176277,13065137.51,1956538.35
85176278,2969,56.4
85176279,1162325.42,107257.78
85176291,2059130.33,230534.67
85176292,280,0
85176294,8166695.799999999,1210245.67
85176295,1760,334.4
85176296,789700.9700000001,37968.35999999999
85176299,1278405.36,205185.3799999999
85176900,283735.83,47917.72
85177000,0,0
85177010,40074.93,3775.98
85177020,0,0
85177021,86278.77,8.14
85177029,87233.90000000001,1711.18
85177091,54212.49,178.74
85177092,334.15,0.28
85177099,64344.45,4272.45
85177110,410132.77,22686.56
85177190,2175582.83,198191.74
85177900,3187127.15,203893.33
85178010,39.5,0
85179010,727.5,0
85179092,1650,0
85179099,222,0
85181000,653.95,0
85181010,13432.34,272.89
85181090,946381.79,53853.7
85182100,3317661.05,156579.29
85182110,0,0
85182200,9975296.940000001,856016.7700000003
85182209,0,0
85182900,746.1,0
85182910,170,0
85182990,1369647.7,68620.19
85183000,4359477.95,375860.84
85184000,1985654.9,79467.74
85185000,2056326.38,122261.1
85189000,0,0
85189010,152057.21,2246.32
85189090,232267.87,6450.349999999999
85190000,0,0
85190785,0,0
85192000,4085.85,210.99
85192019,0,0
85193000,66053.92000000001,19721.43
85198100,0,0
85198110,4159.8,157.54
85198120,8586.3,0
85198190,316180.86,62971.94
85198900,59472.79,3573.83
85198999,0,0
85199300,12.5,0
85201968,0,0
85202111,0,0
85202512,0,0
85203658,0,0
85209000,0,0
85210000,0,0
85211010,195733.57,2111.52
85211081,12556.85,10.02
85211089,46758.71,292.31
85211090,34054.64,2168.94
85211510,0,0
85211900,0,0
85212011,0,0
85212020,0,0
85212100,0,0
85213100,0,0
85213647,0,0
85214620,0,0
85219000,6756280.599999999,261550.24
85219010,277045.39,1876.88
85219090,40489.04,5.779999999999999
85219999,0,0
85221000,11578.31,256.08
85222222,0,0
85225525,0,0
85229000,41308.74,527.88
85229010,1083.54,47.59999999999999
85229020,1706,0
85229030,21019.91,248.57
85229050,4.5,0
85229090,124,83.18
85230548,0,0
85231110,742,0
85232110,7147.5,0
85232120,10482.95,64.83
85232500,0,0
85232911,42914.21,859.9
85232919,31687.84,809.99
85232924,620,117.77
85232929,527.46,0
85232931,38,0
85232990,25664.33,229.15
85234110,204442.51,6592.900000000001
85234190,16410.29,78.72
85234910,21709.69,434.4
85234920,478992.31,74352.37000000001
85234990,588357.9,21073.55
85235100,3992.15,154.32
85235110,949983.4,55266.81999999999
85235190,1909331.09,78603.18999999999
85235200,17370.69,1538.23
85235210,1454543.88,215270.52
85235290,415500.6,16868.13
85235900,425847.15,16356.68
85235910,1040,0
85235990,4269.49,655.2
85236385,0,0
85236910,0,0
85237900,0,0
85238000,46033.32,8732.18
85239010,7714,0
85239090,11,0
85241025,0,0
85241100,378244.21,51962.94000000001
85241200,13268.73,0
85241900,3393.08,0
85243100,123.9,23.54
85244000,60,0
85247899,0,0
85249100,508275.7799999999,86671.18000000001
85249200,17136.86,0
85249900,13261.03,2.81
85249932,0,0
85251012,0,0
85251021,38,9.489999999999998
85251039,5970,0
85251990,0,0
85252019,2140,0
85252022,50,0
85252053,214,0
85252061,9597,0
85252072,29,0
85252221,0,0
85252222,0,0
85252522,0,0
85253020,180,0
85253145,0,0
85253333,0,0
85253629,0,0
85254000,4732.12,0
85254090,33225.99,0
85255011,30573.8,753.13
85255012,135,0
85255019,437765,7310.130000000001
85255021,5209.3,187.49
85255022,12815.18,161.07
85255023,30735.91,37.1
85255024,151731.35,2558.16
85255029,339995.5699999999,10482.9
85255222,0,0
85255240,0,0
85255255,0,0
85255555,0,0
85256010,390571.9,33879.07
85256020,58333.94,8880.369999999999
85256090,1198749.75,78988.09999999999
85256598,0,0
85258011,9167.64,0
85258012,15480.62,195.42
85258013,200026.43,3841.849999999999
85258014,3145.99,0
85258019,267704.06,5238.2
85258020,0,0
85258021,19045.85,0
85258022,6989.1,0
85258029,128754.81,9339.02
85258100,897592.74,78561.71
85258200,32318.72,2824.79
85258300,486169.0800000001,5411.360000000001
85258911,89803.17,847.1099999999998
85258912,264491.04,17628.23
85258913,12213453.84,419589.99
85258914,30140.71,1932.69
85258919,1789796.56,147601.22
85258921,14106.29,460.24
85258922,352319.92,13812.72
85258929,12575705.74,866153.83
85259990,0,0
85261000,726828.6499999999,57124.09999999999
85265874,0,0
85266910,0,0
85269090,0,0
85269100,64254093.06,7507305.88
85269200,3869812.12,368162.42
85269202,0,0
85270051,0,0
85271200,325408.83,3181.39
85271300,360450.47,12336.51
85271900,380242.23,38067.02
85271910,1482.73,0
85271990,4045.96,477.41
85272000,0,0
85272100,2025830.4,47255.39000000001
85272190,5442.52,1.29
85272900,496077.15,7610.86
85276279,0,0
85279090,2223.14,0
85279100,257597.88,32311.58
85279190,407.96,0
85279200,13789.79,0
85279910,1453287.07,45160.06
85279990,50531.79000000001,5743.63
85281290,83100,10105.4
85282190,12751.84,0
85282819,0,0
85284200,17776.25,29.55
85284210,504.8,0
85284921,2500,0
85284930,89203.93,1086.07
85284990,59581.75,4242.2
85285120,5195.120000000001,209.55
85285200,6286082.11,1019834.02
85285210,325,0
85285220,39858.93,1797.63
85285900,1402811.65,220635.97
85285920,12421.28,299.94
85286200,457697.1199999999,49702.55
85286910,1466145.59,101002.9
85286990,143403.97,10955.36
85287000,0,0
85287111,28580.73,720
85287119,799988.1699999998,31537.49
85287190,271069.6,26276.59
85287200,50871768.80999999,7480674.480000001
85287300,24224.55,923.67
85290119,0,0
85291011,47048.9,217.39
85291019,248963.5599999999,7441.129999999999
85291020,1422906.58,56548.2
85291040,0,0
85291090,11545433.98,795158.0800000001
85293190,0,0
85298900,0,0
85299011,183404.34,8689.25
85299012,60868.7,5678.06
85299019,1211626.08,78560.86000000002
85299020,1598018.38,115752.51
85299030,236730.06,19995.16
85299040,3733318.62,276894.92
85299050,152162.68,13913.02
85299090,700558.9100000001,61736.79
85299095,0,0
85299097,0,0
85299099,0,0
85299100,0,0
85300258,0,0
85301010,24340.74,29.2
85301090,217290.12,11621.5
85304100,0,0
85306990,0,0
85308010,6830.55,67.03999999999999
85308090,977806.6500000001,40661.78999999999
85309000,7460.43,139.99
85310000,0,0
85311000,0,0
85311010,1251475.77,19533.13
85311090,17499096.29,128043.91
85311200,0,0
85312000,4104056.94,279825.01
85313190,0,0
85318000,2216867.85,165289.31
85319000,512338.6400000001,35344.68
85319752,0,0
85321000,11255352.05,1468016.83
85322110,38,0
85322111,998.85,0
85322119,2470.8,0
85322120,56,0
85322190,62961.98,373.56
85322200,748299.61,58796.02
85322299,0,0
85322310,25483.84,1644.54
85322390,5827.83,769.0200000000001
85322410,32184.89,1034.75
85322420,1480,0
85322490,223.1,0
85322510,9881.26,1031.07
85322590,1069250.57,11274.48
85322910,157.6,0
85322990,60209.13,4684.02
85323010,9382,180.5
85323090,175181.63,12522.18
85329000,17682.27,788.26
85330000,0,0
85331000,38874.17,3294.49
85332110,240207.69,9656.339999999998
85332120,30037.47,2477.02
85332190,237771.6,21976.47
85332900,575672.8200000002,55291.9
85333110,3430543.87,505698.7599999999
85333190,42086.03999999999,579.21
85333910,4454143.82,613575.0299999999
85333990,33287.84,3530.51
85334011,565436.8200000001,75367
85334012,14852.62,2177.7
85334019,155774.88,22046.47
85334091,117484.53,10899.54
85334092,61654.66,10719.69
85334099,3193096.729999999,454599.3300000001
85336874,0,0
85339000,23497.76,974.83
85340000,4084.41,609.3199999999999
85340011,10208.47,821.96
85340012,1878.91,0
85340013,30822.52,3050.21
85340019,997577.31,134752.72
85340020,5829.14,331.02
85340031,8758.199999999997,1719.97
85340032,21320.68,3330.18
85340033,97517.93,7478.969999999999
85340039,102447.77,16988.85
85340040,1918.42,31.74
85340050,0,0
85340051,23942.98,21.08
85340059,234719.97,11215.21
85346000,0,0
85350000,0,0
85351000,6702269.64,526393.7699999999
85351010,0,0
85351031,0,0
85352100,8137934.01,701836
85352900,1427643.53,141480.89
85353000,0,0
85353011,1665,85
85353013,21966.69,1333.68
85353017,2222618.77,205990.83
85353018,1933905.09,250778.23
85353019,1331462.22,105587.93
85353023,12167.41,60.23
85353027,38594.17,3110.64
85353028,262644.56,685.4000000000001
85353029,334384.8,16838.14
85354010,8561193.17,695874.36
85354040,0,0
85354090,3467046.27,188700.37
85355090,0,0
85355900,0,0
85356100,0,0
85356910,0,0
85359000,645648.6,41014.42999999999
85359010,333295.47,43788.07000000001
85359090,16165801.62,1216815.27
85360000,0,0
85361000,8751000.31,691194.0599999999
85362000,43020116.84999999,3210358.75
85362011,0,0
85362683,0,0
85362990,0,0
85363000,82021.44000000002,6265.64
85363010,12531.62,257.46
85363090,4921489.25,326138.9400000001
85363091,0,0
85363900,0,0
85364000,0,0
85364001,0,0
85364090,0,0
85364100,23148017.99,874393.0099999999
85364110,0,0
85364900,58435917.62,4669105.53
85364990,0,0
85365000,0,0
85365001,0,0
85365010,93700.18999999999,5978.660000000001
85365020,25992.63,867.5899999999999
85365030,241703.47,6266.71
85365040,0,0
85365060,0,0
85365080,0,0
85365090,95350052.28,6233928.64
85365096,0,0
85365099,0,0
85365209,0,0
85366000,0,0
85366010,0,0
85366090,0,0
85366100,3177959.52,240979.74
85366309,0,0
85366310,0,0
85366410,0,0
85366690,0,0
85366691,0,0
85366900,0,0
85366910,16871543.23,1259022.09
85366940,0,0
85366980,0,0
85366990,4311273.24,256729.1
85367000,670291.45,22457.63
85368000,0,0
85369000,0,0
85369010,3271304.97,171902.97
85369020,30454.09,1008.08
85369030,217219.3499999999,12422.69
85369040,748486.4199999999,31727.02
85369050,1249805.37,37744.85999999999
85369052,0,0
85369060,92340.86000000002,3275.2
85369090,30842164.21,2675030.8
85369092,0,0
85369099,0,0
85369100,0,0
85369690,0,0
85369712,0,0
85369990,0,0
85370000,0,0
85371002,0,0
85371011,1842796.35,215800.65
85371019,12329669.18,1051813.31
85371020,21254566.32,2151195.830000001
85371030,14079935.39,984121.7500000001
85371090,55666103.44,6775489.39
85371091,0,0
85372000,871350.3300000001,271.04
85372010,32726.72,45.31
85372090,34975788.37,2533857.7
85381000,31049681.36,2901234.29
85382000,0,0
85384100,0,0
85384900,0,0
85386100,0,0
85388100,0,0
85389000,0,0
85389010,12881781.84,1295575.12
85389020,149817.72,1805.9
85389090,16072964.36,1504238.04
85389091,0,0
85389096,0,0
85390000,0,0
85391000,0,0
85391010,606179.6800000003,11297.11
85391090,602614.35,17359.31
85392000,0,0
85392010,0,0
85392090,0,0
85392100,0,0
85392110,8316567.41,203908.46
85392129,0,0
85392190,4947410.3,310857.71
85392200,650490.43,20083
85392299,0,0
85392900,0,0
85392910,3435333.36,177921.44
85392920,0,0
85392950,0,0
85392990,2712615.39,82231.64
85393100,148440.69,1539.37
85393101,0,0
85393111,134275.49,9509.060000000001
85393119,116673.57,5184.35
85393120,273331.43,8770.359999999999
85393131,2718.62,177.23
85393132,6681.090000000002,10.47
85393139,117271.17,989.2399999999999
85393200,17078.64,293.19
85393210,139607.18,2461.68
85393220,79600.09999999999,8317.789999999999
85393230,204953.55,16257.19
85393900,7932.83,140.05
85393911,29628.42,6197.45
85393912,1061.87,0
85393919,7618.65,219.79
85393990,50727.19,5168.4
85394100,233.2,0
85394110,47838.81,1048.09
85394190,97753.24,2294.94
85394900,1340844.02,164895.6
85395000,565993.2000000001,19926.31
85395040,0,0
85395090,0,0
85395100,4964078.300000001,254990.01
85395200,24531521.93,1548976.58
85395260,0,0
85395299,0,0
85395500,0,0
85396910,0,0
85399000,0,0
85399010,141872.8,4380.950000000001
85399020,47409.81,5949.52
85399090,308404.96,7624.24
85399500,0,0
85401100,5773.03,182.88
85401200,17397.4,3486.5
85401990,0,0
85402011,8465.16,0
85402019,27933.37,13.4
85402020,2578.77,0
85402090,974.02,0
85404000,3629.95,50.34
85406010,434.58,0
85406090,18712.32,0
85407100,10606.34,114.56
85407900,39307.9,187.78
85408100,25295,10.01
85408910,9771.51,6.44
85408990,113231.38,2907.98
85409110,1304,0
85409120,774.8100000000001,25.47
85409130,36493.81,211.89
85409140,138293.99,6047.44
85409190,54,0
85409900,15923.31,45.19
85411000,0,0
85411011,46424.61,689.13
85411012,24982.4,575.9300000000001
85411019,241533.39,14637.82
85411021,1628.51,1.66
85411022,3975.56,63.05
85411029,36123.17,1984.85
85411031,3906.47,163.38
85411032,8139.3,145.59
85411039,1570.88,0.76
85411091,19774.27,1164.71
85411092,36005.99000000001,5253.01
85411099,216518.43,16091.22
85411214,0,0
85412110,29658.26,2278.16
85412120,8818.5,337.98
85412191,1633.1,0
85412199,79733.06999999999,2058.76
85412360,0,0
85412910,22524.09,332.63
85412920,318823.82,8790.7
85413011,2324.66,51.49
85413019,74611.62,13253.55
85413021,138.96,0
85413029,1477976.61,203451.9100000001
85414011,1619.54,66.27000000000001
85414016,749.73,0
85414017,1708,0
85414019,2550,0
85414021,73821.76000000001,57.74
85414022,18222.83,657.1099999999999
85414029,12397.37,875.59
85414031,59.9,0
85414032,821726.2299999999,136354.67
85414042,0,0
85414111,111619.25,3038.95
85414112,50821.92,0
85414121,1645563.49,285418.09
85414122,457243.4699999999,15801.47
85414124,51115.99,4856.84
85414210,60875.64,4846.7
85414220,341118.86,2424.66
85414290,121890.37,16733.3
85414300,31188461.95,2049812.949999999
85414900,162043.34,22473.96
85415010,350,0
85415020,3983,838.47
85415100,198997.61,13355.03
85415900,50045.86,10433.19
85416010,952.77,69.34
85416090,22362.82,2386.38
85419010,298978.88,298.19
85419020,3554.4,87
85419090,47893.33,3755.64
85421323,556.3,0
85421412,0,0
85421544,0,0
85421999,200,0
85422125,159.8,9.59
85422920,0,0
85423010,23311,0
85423110,76557.33,3268.84
85423120,672863.2899999999,85087.84
85423168,0,0
85423190,3305006.06,306947.3
85423210,44897.81,5524.249999999999
85423221,81363.14,2000.95
85423229,25335.02,3171.62
85423232,0,0
85423291,15145.3,862.8900000000001
85423299,9118.5,728.5
85423319,37842.69,1154.05
85423320,3122.33,54.71
85423390,25483.14,2069.12
85423619,0,0
85423900,0,0
85423911,2761.75,455.61
85423919,11947.2,2328.58
85423920,26251.32,18.99
85423931,61178.44,7904.610000000001
85423939,32397.77,4232.42
85423991,12277.69,166.38
85423999,302581.48,16803.82
85429000,28110.2,2290.1
85429010,476.92,0
85429020,215,0
85429099,0,0
85430000,0,0
85430111,0,0
85431000,145031.05,3039.27
85431900,422,0
85432000,15842487.83,2221455.83
85433000,14594,0
85433010,8145.93,407.29
85433090,725881.95,33623.16
85434000,51119.82,6374.530000000002
85437011,1276.43,10.08
85437012,10562.61,18.44
85437013,83389.78,208.8
85437014,7288.28,18.66
85437015,2779.83,149.99
85437019,576490.07,27996.16
85437020,1648881.04,11708.13
85437031,600,0
85437032,242.5,44.53
85437033,32267.46,44.31
85437034,4205.88,0
85437035,24165.5,1609.74
85437036,157831.27,6259.41
85437039,670203.7899999999,42346.63999999998
85437040,208403.88,4096.64
85437050,134628.86,0
85437091,5908.47,721.36
85437092,13575897.87,1297521.67
85437099,48175951.06,6994074.489999999
85438933,3580,0
85438999,712.45,0
85439010,443014.74,71146.16
85439090,1203359.95,80114.32999999999
85440000,0,0
85440005,0,0
85440200,0,0
85440900,0,0
85441100,22192086.81,1252990.66
85441200,0,0
85441900,0,0
85441910,682916.8800000001,39436.99
85441911,249282.83,25038.54
85441919,142121.98,3024.92
85441990,1348121.73,108031.53
85442000,10614721.74,479609.0400000001
85443000,99200502.47999999,4472506.859999999
85444000,0,0
85444090,0,0
85444100,964.32,33.01
85444200,53723585.63,5168473.470000001
85444220,0,0
85444228,0,0
85444300,0,0
85444333,0,0
85444420,0,0
85444444,0,0
85444490,0,0
85444800,0,0
85444900,410041622.1300001,37509194.58000001
85444901,0,0
85444990,0,0
85445100,100.4,2.83
85445900,21882.48,217.73
85445902,0,0
85446000,11025906.45,1216329.07
85447000,0,0
85447010,1545808.21,51833.79
85447020,46810.89999999999,2160.650000000001
85447030,45733.12,1145.49
85447090,703990.6200000001,34599.99000000001
85449000,0,0
85449001,0,0
85449900,0,0
85451100,43575.23,1935.62
85451910,139679.39,13068.83
85451920,163048.8700000001,4446.58
85451990,654588.5,55535.56999999999
85452000,2864939.87,127229.49
85452125,0,0
85452440,0,0
85453900,0,0
85454040,0,0
85455455,0,0
85455854,0,0
85456544,0,0
85458544,0,0
85458555,0,0
85458569,0,0
85458854,0,0
85458962,0,0
85458965,0,0
85459000,0,0
85459004,0,0
85459010,2223.96,122.12
85459020,25848.69,880.87
85459030,99595.57,1548.159999999999
85459090,72108.72,3096.27
85461000,174960.52,3833.43
85462000,5668617.64,490533.6899999999
85462110,0,0
85465567,0,0
85469000,12182513.67,980335.0100000001
85470990,0,0
85471000,4269998.529999999,496517.08
85471208,0,0
85471236,0,0
85472000,4949,30.64
85472010,47469.05,2230.3
85472090,3684256.860000001,184131.33
85475090,0,0
85478522,0,0
85479000,2186724.48,141267.89
85479652,0,0
85480010,9375.17,276.35
85480090,79589.3,6364.57
85481010,4189.38,214.24
85481090,52442.8,6269.79
85489000,3897.65,9.08
85489010,202.5,0
85489090,11568.54,0
85491100,323605.08,9647.750000000002
85491200,15974.14,1221.53
85491300,9799.46,6.42
85491400,11603.92,653.98
85491900,963204.23,569.46
85492100,35710.38,36.68
85492900,10849,270
85493100,752.44,0
85493900,13300.2,61.2
85499100,6646.570000000001,6.04
85499400,0,0
85499900,63329.24000000001,38.25
85503690,0,0
85504405,0,0
85505090,0,0
85522222,0,0
85550221,0,0
85552999,0,0
85566644,0,0
85569000,0,0
85585820,0,0
85603600,0,0
85607000,0,0
85607020,0,0
85621470,0,0
85623658,0,0
85631445,0,0
85632158,0,0
85632400,0,0
85632558,0,0
85636598,0,0
85636958,0,0
85646555,0,0
85650990,0,0
85669090,0,0
85684900,0,0
85692110,0,0
85693222,0,0
85693332,0,0
85698569,0,0
85708800,0,0
85708990,0,0
85717010,0,0
85733011,0,0
85773020,0,0
85784457,0,0
85790000,0,0
85818092,0,0
85818095,0,0
85821000,0,0
85821010,0,0
85822010,0,0
85832090,0,0
85833010,0,0
85834090,0,0
85835010,0,0
85836509,0,0
85839000,0,0
85844200,0,0
85853929,0,0
85858030,0,0
85861000,0,0
85862252,0,0
85863421,0,0
85877853,0,0
85890099,0,0
85899090,0,0
85900000,0,0
85913100,0,0
85961233,0,0
85963322,0,0
85965090,0,0
85966352,0,0
85967852,0,0
85969090,0,0
85970628,0,0
85995023,0,0
85999020,0,0
86011000,173760.68,541.9699999999999
86012000,2539.37,12.72
86014000,0,0
86021000,19325.87,554.35
86029000,538786.91,9.42
86031000,12182.5,61.95
86039000,4504.139999999999,9.979999999999999
86040000,3000,0
86040010,6341.42,0
86040090,75479.43,224.52
86061000,317488.46,20
86061030,0,0
86063000,2079.88,439.23
86069200,70,0
86069900,205464.4,0
86071110,6139,0
86071120,2193.7,0
86071910,269.62,36.62
86071911,66841.42000000001,1161.54
86071919,53102.43000000001,6.45
86071990,85092.86,2847.13
86072100,122239.75,5585.550000000001
86072900,36268.23,2204.79
86073000,1127745.92,74482.69999999998
86079100,850087.98,7288.210000000001
86079900,34034.48999999999,417.86
86080011,422220,2476.07
86080012,391315.21,23998.65
86080090,283937.81,31940.39
86088000,0,0
86089412,0,0
86090000,49482423.58,6755720.029999999
86100000,0,0
86161000,0,0
86360000,0,0
86362000,0,0
86365090,0,0
86366100,0,0
86366910,0,0
86369090,0,0
86462000,0,0
86492100,0,0
86512439,0,0
86542569,0,0
86561413,0,0
86720861,0,0
86819100,0,0
86859555,0,0
86970888,0,0
87000888,0,0
87002999,0,0
87005500,0,0
87008291,0,0
87008309,0,0
87008800,0,0
87008990,0,0
87008999,0,0
87009900,0,0
87011000,43694603.93,469477.39
87012000,1237558.52,30448.44
87012100,788139818.5100001,81092478.32000001
87012200,2105350,14606.45
87012300,141725.45,600
87012900,3478728.93,32999.58
87013000,6105108.34,198758.97
87016000,0,0
87018291,0,0
87018990,0,0
87019000,473050,0
87019010,26367.5,0
87019090,4457996.16,75533.81
87019100,8443501.52,220776.94
87019200,35141915.92,1759776.76
87019300,916707269.5700002,35780401.12
87019410,2295505.6,70612.37
87019490,892579496.7900001,31480829.10999999
87019510,10805677.39,623081.17
87019590,4433642284.639999,194999474.68
87020000,0,0
87021000,38161815.72,3922096.24
87022000,2258,0
87022999,0,0
87023000,130273.37,95
87024010,1368,0
87024090,17090.4,155.59
87029000,991820.0199999998,7110.06
87029090,19.5,0
87029200,0,0
87029999,0,0
87030000,0,0
87030900,0,0
87031000,670157.94,19399.01
87032100,159861328.46,6630403.85
87032210,212556211.53,9791597.829999998
87032290,17769821.28,1440208.95
87032310,478754776.13,6594002.760000002
87032390,44655506.8,3616928.44
87032410,162383687.09,2055822.56
87032490,14164485.29,704540.48
87033019,0,0
87033090,0,0
87033110,759074.19,11724.24
87033190,530763,86.34
87033210,17798519.93,1216721.3
87033283,0,0
87033290,50622050.31999999,7198503.409999999
87033310,128687990.24,3999775.21
87033390,348544245.66,7953398.920000002
87034000,85511953.44999999,2889522.67
87035000,13032756.79,321425.75
87036000,204758854.66,14484437.4
87037000,6409137.039999999,452564.29
87037090,0,0
87038000,29270298.32,1487067.33
87039000,14444846.98,66058.06000000001
87040000,0,0
87041000,960,0
87041010,434498.5,5382.459999999999
87041090,8784348.729999999,348904.65
87041900,0,0
87042110,92161129.04,9563399.14
87042120,1257893.62,24415.9
87042130,1095450,60784.7
87042190,2312386067.33,144342940.63
87042210,132334742.15,13739508.65
87042220,2081436.84,204199.94
87042230,1939733.95,344680.88
87042290,163209331.15,21486847.93
87042310,448603329.6199999,51846318.88000001
87042320,5428570,653369.19
87042330,1224359,195814.04
87042340,200020,700
87042390,2893825.56,256253.47
87043110,15344014.15,195939.78
87043120,2347121.66,451408.07
87043130,2919.52,32.65000000000001
87043190,674114128.98,61028929.79999998
87043210,2026823.44,29189.21
87043220,4431258.43,315977.39
87043290,5716159.37,263989.5
87044000,0,0
87044100,4164.58,0
87044200,343905.09,40800
87044300,4422558,530520
87045100,5673575.720000001,249386.4
87045200,1495955.59,0
87046000,1982588.12,157907.99
87049000,6097748.97,301923.1
87049200,0,0
87049990,0,0
87051010,13538,0
87051019,0,0
87051020,3109618.82,21723.69
87051030,5279.54,73.03999999999999
87051090,1976785.1,66971.74
87051190,0,0
87052000,2594.57,0
87053000,127452,20693.32
87054000,700517.8,48930
87055080,0,0
87055099,0,0
87056397,0,0
87059010,2849542.18,109050.61
87059090,1852411,214460.52
87060010,6002376.060000001,654052.91
87060020,398246,48950.65
87060090,114294.18,747.5
87062999,0,0
87063019,0,0
87063110,0,0
87068000,0,0
87069090,0,0
87069990,0,0
87070000,0,0
87071000,3177307.45,266024.29
87071090,0,0
87071920,0,0
87072999,0,0
87073090,0,0
87075099,0,0
87076000,0,0
87077090,0,0
87078000,0,0
87079000,0,0
87079001,0,0
87079010,2624465.63,69453.63
87079090,38823172.37,4387369.97
87079092,0,0
87079099,0,0
87079990,0,0
87080000,0,0
87080100,0,0
87080309,0,0
87080808,0,0
87080900,0,0
87080919,0,0
87080949,0,0
87080990,0,0
87080999,0,0
87081000,19948146.14,563035.4800000001
87081010,0,0
87082000,0,0
87082010,0,0
87082090,0,0
87082099,0,0
87082100,959434.9099999999,33352.05
87082200,3590319.67,78657.03
87082229,0,0
87082293,0,0
87082299,0,0
87082300,0,0
87082414,0,0
87082799,0,0
87082891,0,0
87082900,0,0
87082909,0,0
87082910,0,0
87082911,4010422.7,145443.99
87082912,5957441.48,145576.21
87082913,594031.8800000001,19171.56
87082914,2433073.38,64893.92000000002
87082919,33910479.51,968552.0899999999
87082922,0,0
87082990,0,0
87082991,8222518.140000001,194096.35
87082992,2735048.82,65033.28999999999
87082993,4591269.010000001,104967.3
87082994,804784.6399999999,15672.24
87082995,18012.85,411.56
87082998,0,0
87082999,99189444.22000001,2462568.98
87083000,0,0
87083001,0,0
87083009,0,0
87083010,0,0
87083011,7376578.81,207972.86
87083014,0,0
87083015,0,0
87083019,28830808.40000001,666280.8800000002
87083070,0,0
87083090,141768782.76,3189404.64
87083093,0,0
87083099,0,0
87083110,802.9000000000001,25.67
87083190,10570.65,338.13
87083900,79777.64,4824.900000000001
87083919,0,0
87083990,0,0
87083999,0,0
87084000,0,0
87084010,16113.6,47.62
87084011,272652.86,3835.69
87084019,7891272.869999999,192434.54
87084080,8316889.710000001,224789.54
87084090,132949931.84,3882379.8
87084099,0,0
87084777,0,0
87084990,0,0
87085000,0,0
87085009,0,0
87085010,33746.36,0
87085011,6482294.21,189411.96
87085012,3028849.2,103980.87
87085019,10397476.33,465385.29
87085032,0,0
87085050,0,0
87085080,7427396.78,174060.76
87085090,79122.65,1904.57
87085091,4256087.819999999,131993.53
87085099,130614262.18,2889917.42
87085990,0,0
87086010,3501,410.49
87086090,27162.7,1634.6
87086200,0,0
87087000,0,0
87087010,10309605.97,312893.76
87087019,0,0
87087090,22885477.63,775845.9400000001
87087099,0,0
87087990,0,0
87087999,0,0
87088000,114047871.68,2473798.51
87088001,0,0
87088011,0,0
87088080,0,0
87088090,0,0
87088099,0,0
87088390,0,0
87088800,0,0
87088880,0,0
87088890,0,0
87088990,0,0
87088999,0,0
87089000,0,0
87089039,0,0
87089089,0,0
87089090,0,0
87089099,0,0
87089100,68472059.93,1240798.58
87089103,0,0
87089200,22170878.2,676488.1400000001
87089290,0,0
87089291,0,0
87089300,202557012.55,5207370.29
87089330,0,0
87089400,0,0
87089411,1651391.709999999,40265.83
87089412,20992166.84,503528.0700000001
87089413,452965.42,7039.62
87089422,0,0
87089480,0,0
87089481,913824.18,32369.06000000001
87089482,7758502.879999999,190353.74
87089483,13278049.19,249248.87
87089490,25068534.58,629178.8899999999
87089491,2816.37,178.52
87089492,30257.97,1133.21
87089493,21925,262.8
87089510,364655.17,5419.669999999999
87089521,69994.62,182.61
87089522,100435.42,1780.67
87089529,775372.97,15404.41
87089844,0,0
87089900,240482.91,7626.29
87089901,0,0
87089906,0,0
87089909,0,0
87089910,2649952.26,66549.51
87089929,0,0
87089930,0,0
87089970,0,0
87089980,0,0
87089990,548519047.16,14209579.17
87089993,0,0
87089996,0,0
87089999,0,0
87090000,0,0
87091100,2600197.03,203690.38
87091900,2852190.68,355333.55
87092999,0,0
87093019,0,0
87093090,0,0
87093900,0,0
87094090,0,0
87095099,0,0
87098890,0,0
87098900,0,0
87099000,1209889.92,51267.29000000001
87099114,0,0
87099190,0,0
87099200,0,0
87099300,0,0
87099890,0,0
87099899,0,0
87099900,0,0
87099915,0,0
87099989,0,0
87099990,0,0
87099999,0,0
87100000,300959.2,1850.33
87100011,0,0
87108990,0,0
87111000,500909.0399999999,7245.450000000001
87112010,5532550.71,17253
87112020,47563279.45999999,517453.5399999999
87112090,894434.05,25127.67
87113000,23821721.74,183519.09
87114000,1208762.3,5506.9
87115000,17104096.63,119969.03
87116000,5436568.63,312713.55
87116909,0,0
87119000,713500.29,47679.61
87120010,7294860.279999998,670901.0700000001
87120090,170613.87,439.92
87120100,0,0
87122022,0,0
87129090,0,0
87131000,928234.52,2904.56
87139000,569093.1000000001,4599.18
87139090,0,0
87140000,0,0
87141000,30526798.64,525632.8600000002
87141010,0,0
87141100,2427.44,246.52
87141300,0,0
87141900,58971.94,123.74
87141990,0,0
87142000,453921.39,1475.77
87144990,0,0
87149000,0,0
87149090,0,0
87149100,623008.1399999999,20383.96
87149200,371323.55,5474.130000000001
87149300,320,0
87149310,65012.3,1458.74
87149311,33527.61,64.37
87149319,47509.62,722.1800000000001
87149320,83618.47,2536.33
87149410,149812.33,2042.02
87149490,344460.0000000001,12970.83
87149499,0,0
87149500,63418.75999999999,4207.72
87149600,26765.73,1826.02
87149611,11982.75,513.98
87149612,11298.78,46.5
87149619,21081.21,577.14
87149690,340558.57,950.1300000000001
87149900,84,0
87149910,2297204.37,140698.17
87149920,3344.94,5.82
87149990,998616.4400000001,45869.38999999998
87150000,624642.46,43193.33
87151000,0,0
87161000,1711796.2,284052.43
87162000,291080361.36,19447966.4
87163100,10021337.1,1204001.21
87163900,428277148.71,66078973.27
87164000,10685352.32,1029680.32
87168000,9149261.110000001,1139771.45
87168001,0,0
87168080,0,0
87169000,0,0
87169010,1510197.18,63986.15
87169090,107337974.12,8251415.619999999
87169099,0,0
87179090,0,0
87183900,0,0
87189090,0,0
87189200,0,0
87189910,0,0
87189990,0,0
87190009,0,0
87199090,0,0
87202598,0,0
87212300,0,0
87213990,0,0
87219999,0,0
87256993,0,0
87314920,0,0
87329000,0,0
87329890,0,0
87354693,0,0
87383019,0,0
87388694,0,0
87410000,0,0
87421900,0,0
87421999,0,0
87450400,0,0
87455625,0,0
87456321,0,0
87459687,0,0
87469090,0,0
87515600,0,0
87524178,0,0
87530000,0,0
87540400,0,0
87559900,0,0
87650000,0,0
87652311,0,0
87653214,0,0
87654321,0,0
87654345,0,0
87689100,0,0
87708990,0,0
87785080,0,0
87789900,0,0
87808709,0,0
87808990,0,0
87809000,0,0
87809020,0,0
87809100,0,0
87809808,0,0
87809990,0,0
87812090,0,0
87818099,0,0
87822090,0,0
87823000,0,0
87829999,0,0
87833029,0,0
87833090,0,0
87849000,0,0
87850950,0,0
87870829,0,0
87871000,0,0
87879000,0,0
87882999,0,0
87887876,0,0
87888000,0,0
87888990,0,0
87889922,0,0
87889990,0,0
87890090,0,0
87899900,0,0
87899990,0,0
87907190,0,0
87907654,0,0
87909900,0,0
87914514,0,0
87954321,0,0
87986789,0,0
87988909,0,0
87989900,0,0
87990055,0,0
87990099,0,0
87995500,0,0
88010000,25233.63,3.8
88012000,0,0
88019000,14,0
88021100,70426749.85999998,7286725.189999999
88021210,57878895.73,4670398.17
88021290,2179688.83,15651.85
88022010,167098782.47,8917562.979999999
88022021,117472567.4,11941820.47
88022022,137460.31,396.34
88022090,214564.8,0
88023010,20087480.59,2160868.53
88023021,86555154.95,8606496.209999999
88023029,112203314.35,10922015.18
88023031,56907614.55,6123259.380000001
88023039,127998769.31,13772654.6
88023090,628495.62,24051.44
88024010,130000,0
88024090,5,0.85
88031000,502452.03,16454.48
88032000,59428.28999999999,2830
88033000,1207859.94,38201.18000000001
88039000,5575.9,0
88040000,171104.08,6330.35
88042119,0,0
88051000,2259.61,205.37
88052900,8074.96,0
88060922,0,0
88060944,0,0
88061000,1500,0
88062100,95618.84,25456.5
88062200,6026475.56,1010341.8
88062300,317676.52,164.4
88062400,10646743.84,1152976.04
88062900,23188.95,0
88069200,274791.73,17449.45
88069400,2073420.46,227846.55
88069900,19097.47,1147.28
88071000,13784553.23,666653.7000000001
88072000,13197328.55,516135.5100000001
88073000,38307148.46,1408625.83
88079000,6056278.290000002,699607.58
88083000,0,0
88213000,0,0
88231456,0,0
88244900,0,0
88340015,0,0
88340016,0,0
88340018,0,0
88345021,0,0
88345520,0,0
88345821,0,0
88347782,0,0
88348990,0,0
88349656,0,0
88350020,0,0
88369500,0,0
88369520,0,0
88369647,0,0
88369652,0,0
88369901,0,0
88409919,0,0
88421230,0,0
88444220,0,0
88507109,0,0
88526597,0,0
88536385,0,0
88566358,0,0
88569665,0,0
88620041,0,0
88635269,0,0
88639665,0,0
88653665,0,0
88714167,0,0
88740012,0,0
88778888,0,0
88800488,0,0
88818011,0,0
88841000,0,0
88861525,0,0
88869685,0,0
88888888,0,0
89000000,0,0
89000201,0,0
89000500,0,0
89002010,0,0
89004070,0,0
89009937,0,0
89011000,10568,324.41
89012000,26901.83,6255.76
89013000,53825,42.36
89019000,1278635.04,214577.33
89020010,157675.17,122.8
89020090,2916407.56,365866.43
89022010,0,0
89031000,660,0
89031100,48600.58,393.9
89031200,17044.59,686.53
89031900,257300.13,86297.34
89032100,996,0
89033100,3049780.47,580813.37
89033200,17953412.35,4924069.79
89039200,63300,971.25
89039300,23131323.74,5246906.559999999
89039900,13246108.27,3294452.78
89040000,9385.400000000001,689.11
89051000,157471.92,6861.85
89052000,108458,657.1800000000001
89059000,80587.39,8575.47
89061000,202.46,0
89069000,2281059.89,145773.98
89071000,578127.27,19524.13
89076543,0,0
89078999,0,0
89079000,5403721.739999999,557594.92
89080000,568549.9199999999,65501.8
89081000,0,0
89082999,0,0
89089089,0,0
89089900,0,0
89089990,0,0
89089999,0,0
89099037,0,0
89099190,0,0
89099990,0,0
89104007,0,0
89131700,0,0
89173100,0,0
89173900,0,0
89174090,0,0
89199090,0,0
89201707,0,0
89204562,0,0
89249090,0,0
89263000,0,0
89269090,0,0
89291000,0,0
89305200,0,0
89333322,0,0
89339090,0,0
89395000,0,0
89406389,0,0
89421999,0,0
89446425,0,0
89456723,0,0
89457812,0,0
89482101,0,0
89526589,0,0
89559090,0,0
89600010,0,0
89630014,0,0
89633223,0,0
89650009,0,0
89652314,0,0
89675210,0,0
89736500,0,0
89745110,0,0
89745620,0,0
89745900,0,0
89752263,0,0
89765434,0,0
89784578,0,0
89794152,0,0
89794849,0,0
89874562,0,0
89898989,0,0
89904578,0,0
89909987,0,0
89966522,0,0
90000430,0,0
90011011,79286.89,153.71
90011019,7118.65,157.65
90011020,161634.19,16595.79
90012000,3346.06,29.34
90013000,686898.9,79344.23000000001
90014000,124782.97,4763.67
90015000,8003517.949999997,303113.8600000001
90019010,543158.8400000001,92308.25000000001
90019090,13253.44,294.23
90021110,20177,0
90021111,141914.11,5064.93
90021119,6993.64,13.89
90021120,55684.85000000001,227.76
90021190,117105.46,22540.88
90021900,9473.589999999998,1941.92
90022000,0,0
90022010,11925.15,723.78
90022090,94182.68,2329.13
90024901,0,0
90029000,14324.84,550.16
90029010,2458.8,0
90029090,275753.3,1530.04
90031100,1396194.43,67357.79000000001
90031900,0,0
90031910,952812.6500000001,35629.6
90031990,185574.53,5715.41
90034090,0,0
90035000,0,0
90039000,0,0
90039090,33932.43,193.25
90040000,0,0
90041000,3718183.409999999,299215.5299999999
90043010,0,0
90049010,55818.25999999999,3615.47
90049020,6764463.330000001,914077.66
90049030,0,0
90049090,179828.96,12419.95
90049202,0,0
90051000,183268.01,8458.98
90051190,0,0
90051990,0,0
90054010,0,0
90058000,91288.97,2622.42
90059010,212.54,0
90059090,10689.89,41.2
90061000,25,7.06
90063000,39624.97,49.84999999999999
90064000,270896.5600000001,17768.68
90065100,134,0
90065310,25991.4,39.58
90065320,293.15,0
90065921,25,7.06
90065940,797.36,0
90065959,33227.22,39.1
90066100,10297.43,0
90066200,14129.5,2317.27
90066900,52032.55,10982.72
90069110,922.5799999999999,10
90069190,64114.20999999999,1841.81
90069900,73892.72,800.54
90071000,286903.7500000001,13762.5
90072020,1016.47,0
90072090,9364.67,128.46
90079100,214251.57,2064.16
90079200,217833.53,7666.04
90085000,16961.94,614.8299999999999
90089000,272050.22,18157.23
90101010,91098.57,116.91
90101020,5058.599999999999,243.94
90101090,5900,0
90105010,18615.04,82.6
90105020,852.5,33.32
90105090,7963.31,45.04
90106000,449878.97,24380.38
90109010,3768.48,698.77
90109090,45709.35,0
90111000,42556.95,3451.85
90111100,0,0
90112010,4552.06,1094.52
90112020,26948.67,5137.21
90112030,6000,0
90118010,118641.16,13312.51
90118090,43692.97,3820.01
90119010,32147.52,4607.59
90119090,3174.69,18.35
90121000,0,0
90121010,11468.99,486.18
90121090,1542.06,2.46
90129010,49879.45999999999,102.66
90131010,390029.6799999999,13395.06
90131090,193026.13,3574.15
90132000,100661.43,2370.7
90132030,0,0
90138000,240257.2,10183.43
90138010,6768,987.88
90138090,3851.28,354
90139000,24881.52,544.78
90141000,27421.8,3471.48
90142010,418972.74,12259.45
90142020,837903.74,45099.54
90142030,87961.41,2461.33
90142060,0,0
90142080,0,0
90142090,4261883.41,183799.91
90148010,3224091.3,395120.39
90148090,3296810.310000001,524226.26
90149000,3082396.77,165025.0000000001
90149020,0,0
90151000,104832.49,12715.69
90152010,76422.92,9167.98
90152090,453542.8599999999,45655.37
90153000,995021.4,140130.87
90158010,499,0
90158090,3518737.55,448730.03
90159010,33,0
90159090,793792.7200000001,105105.05
90160010,83995.84000000001,8490.33
90160090,367588.43,18935.56
90162029,0,0
90171010,15042.34,619.5999999999999
90171090,6482.21,20.04
90172000,533790.84,54650.17000000001
90172006,0,0
90173010,50709.39,4602.389999999999
90173020,936480.0599999999,75583.2
90173090,126036.61,7016.94
90173929,0,0
90178010,1509416.64,126644.3
90178090,2801365.26,90236.60999999999
90179000,0,0
90179010,229.7,21.38
90179090,8656.75,263.51
90181100,13473.25,1282.37
90181210,1704522.47,258473.39
90181290,748300.23,67021.20000000001
90181300,1602.95,0
90181410,515,7.3
90181420,1497,0
90181490,2425,0
90181910,344492.91,22264.32
90181920,119.8,0
90181930,29,2.68
90181980,1463517.13,271797.83
90181990,445984.66,55880.45
90182010,308934.75,51011.19
90182020,159.21,17.31
90182090,805751.46,167744.57
90183100,0,0
90183110,0,0
90183111,534877.78,46719.17999999999
90183119,3015476.48,263252.67
90183190,4196552.18,526458.27
90183211,18876.41999999999,2431.0562
90183212,19100.91,1007.91
90183213,411.5,17.85
90183219,2607657.91,215564.19
90183220,70727.97,11244.49
90183910,3324037.84,458542.83
90183921,3454945.9,578332.4800000001
90183922,778074.88,118869.78
90183923,680.11,55.64
90183924,7265.700000000001,968.3499999999999
90183925,112973.18,18348.05
90183926,65615.13,4781.25
90183929,9089503.249999998,1336239.6125
90183930,34314.5,907.12
90183990,150.8,5.539999999999999
90183991,1960.5,31.56
90183999,1629510.13,233780.13
90184100,138988.15,16658.151
90184911,14624.59,1156.011
90184912,2052.97,131.27
90184919,90736.23,11030.34
90184920,39287.63,2832.09
90184940,64392.59,11733.82
90184991,142914.8,24553.03
90184999,724551.1399999999,90973.10319999998
90185010,1835.34,36.56999999999999
90185090,601270.4700000001,85437.08999999997
90189000,0,0
90189010,188910.66,23533.66999999999
90189021,351125.17,35108.88
90189029,246839.21,41100.52419999999
90189031,4892.190000000001,0
90189039,204.56,15.21
90189050,3183.55,0
90189061,3968.5,11.43
90189069,193808.21,17586.97
90189091,2334.64,0
90189092,2662.17,150.01
90189093,2648.18,250.29
90189094,198765.92,49385.28
90189095,260086.44,16582.61
90189096,153081.59,7048.74
90189099,4085658.43,564942.22
90191000,7189350.859999999,887853.2599999998
90192010,509908.44,59736.41000000002
90192020,116225.47,11909.34
90192030,26955.53,906.8499999999999
90192040,9188.16,447.89
90192090,2764404.74,298366.2699999999
90193119,0,0
90200000,0,0
90200010,7292992.829999998,1098145.34
90200090,515603.63,77808.44999999998
90200110,0,0
90205900,0,0
90210100,0,0
90211010,4731091.3,25424.95
90211020,1218815.68,33319.02
90211091,1635422.26,30512.44
90211099,299350.54,18040.41
90212110,195755.86,11515.199
90212190,21810.67,1103.27
90212900,210833.85,27424.99
90213011,6,1.59
90213019,1685.35,0
90213110,357919.88,0
90213190,261360.28,166.63
90213911,58158.08000000001,164.2
90213919,1201257.92,2937.52
90213920,899122.25,83841.23999999998
90213930,617.71,0
90213940,705.8199999999999,86.73
90213980,2228308.99,16860.65
90213991,463500.62,453.26
90213999,122218.38,1033.41
90214000,11465695.58,58336.32999999999
90215000,80641,3339.43
90219011,108925,9934.5
90219012,291894.04,7564.889999999999
90219013,380,0
90219019,53806.84,4058.57
90219080,8587494.559999999,2772.7
90219081,154,0
90219089,5,0
90219091,40969.89,1986.89
90219092,673709.3200000002,5492.259999999997
90219099,370347.9400000001,27953.31
90221200,4745,17.55
90221311,67261.6,12724.26
90221319,99.8,0
90221390,33992.03,4355.24
90221411,685584.87,162784.76
90221412,345,25.53
90221413,9868,0
90221419,10100,0
90221490,7713.849999999999,0
90221991,2774.28,0
90222110,2025.25,219.2
90222120,1144.99,0
90222190,8876.060000000001,426.57
90222910,91.22,0
90222990,1958,0
90223000,38.2,0
90229010,6384,0
90229080,88.58,4.65
90229091,519626.9999999999,103178.36
90229099,5045.639999999999,86.01
90230000,46293.14,4195.87
90235240,0,0
90241010,51152.93,0
90241020,2049.94,43.8
90241090,37379.98,2349.66
90248011,1927.5,0
90248019,465.16,36.62
90248021,1435,0
90248029,650.48,88.57000000000001
90248090,8987.74,88.77
90249000,16208.83,611.9
90251110,1970.2,5.48
90251111,3870.36,335.35
90251119,348079.51,74923.34000000001
90251190,15499.19,1099.32
90251191,58735.77,9072.56
90251199,235016.28,11220.82
90251910,119617.79,9435.339999999998
90251990,6708113.110000001,642994.36
90258000,3139015.49,265199.27
90259000,0,0
90259010,626654.37,68242.48000000001
90259090,1095936.88,39601.77
90260520,0,0
90261001,0,0
90261010,0,0
90261011,2009822.19,134166.31
90261019,12668331.36,1344497.75
90261020,1113.02,3.06
90261021,329996.22,10281.87
90261024,0,0
90261026,0,0
90261029,21267321.01,1615621.84
90262001,0,0
90262010,6049696.249999999,474126.77
90262040,0,0
90262090,31782616.50999999,2640320.180000001
90262990,0,0
90268000,3981736.97,533149.3500000001
90269010,2263309.98,152871.09
90269020,520913.1299999998,55383.91000000002
90269090,3305464.019999999,283814.25
90271000,4723049.050000001,392514.2
90271661,0,0
90272019,30,0
90272029,2420.58,0
90273011,119.85,0
90273019,126,0
90273020,109000.83,5784.659999999999
90274100,0,0
90275010,153160.76,7154.599999999999
90275020,208307.62,14558.1
90275030,149006.46,14512.16
90275040,4110,0
90275050,35841.9,3068.86
90275090,476226.77,29026.34
90278014,3346.3,597.91
90278099,77642.05,0
90278100,579.04,81.79
90278911,646.4300000000001,41.2
90278912,1569.78,0
90278913,1318.95,47.48999999999999
90278914,380767.18,36316.14
90278920,157683.1,10429.64
90278991,1848.18,138.69
90278999,11136136.79,1714229.93
90279091,275.82,0
90279093,32966.07000000001,4979.289999999999
90279099,1078761.73,105403.44
90281011,236572.22,1436.79
90281019,125110.06,13121.45
90281090,32071.45,4104.96
90282010,6337782.060000001,712824.38
90282020,662484.01,107195.98
90283011,159451.37,18229.01
90283019,14857.76,1238.98
90283021,111526.8,8632.56
90283029,39524.63,2146.7
90283031,134627.83,15620.19
90283039,21925.95,2980.26
90283070,0,0
90283090,17299.43,552.1500000000001
90289010,19201.6,95.06
90289090,1123416.23,165367.53
90291010,6101646.680000001,515599.4200000001
90291090,1289207.78,118694.29
90292010,8773128.75,268417.77
90292020,8285.43,297.02
90292101,0,0
90299010,2637623.580000001,58805.24
90299090,230301.97,12959.77
90299990,0,0
90300900,0,0
90301010,2557.13,46.58
90301090,10806.33,2383.42
90301630,0,0
90302010,7843.280000000001,252.3
90302029,72885.02,77.15
90302030,1.66,0.4
90303100,1731479.07,155228.43
90303200,73135.99999999999,6079.179999999999
90303311,782931.32,75645.40000000001
90303319,466220.97,41476.49000000001
90303321,19724.49,628.24
90303329,724157.1399999999,57039.75
90303390,1754622.81,39590.75999999999
90303910,58830.25999999999,3374.09
90303911,1059.12,169.03
90303919,159.17,13.85
90303929,268.4,0
90303990,558356.7799999999,30173.37999999999
90304010,65,2.37
90304020,299.09,16.61
90304090,88839.78,4011.559999999999
90308210,32185.59,1.84
90308290,1491.46,67.52000000000001
90308410,52258.8,2.59
90308420,2035.77,0
90308490,68079.81999999999,12118.35
90308910,104352.2,12710.77
90308920,23900,0
90308930,105484.14,11800.28
90308940,6857.309999999999,548.6800000000001
90308990,456463.67,40325.66
90309010,1457.96,90.61
90309090,128486.88,9604.1
90311000,191750.05,11477.73
90312010,12545.86,112.56
90312090,406240.02,10303.61
90312400,0,0
90313250,0,0
90313432,0,0
90314100,7281,0
90314920,30623.85,198.35
90314990,3998809.140000001,422777.9099999999
90315803,0,0
90318011,44130.46,1937.54
90318019,0,0
90318020,39858.96,2566.3
90318030,28071.69,5060.54
90318040,186107.04,7992.639999999999
90318050,2049,0
90318060,16176420.65,1505704.09
90318090,64.52,0
90318091,353237.71,35632.21
90318099,74219332.35,10140905.96
90319010,99019.62999999998,1823.12
90319090,1969048.37,307492.7699999999
90321000,0,0
90321010,2096461.609999999,87824.08000000003
90321090,8219198.579999999,683169.1599999999
90321099,0,0
90322000,6253459.460000001,598455.2999999999
90328100,1538326.4,83609.26999999999
90328910,0,0
90328911,39109697.65,3185994.14
90328919,406004.16,18736.46
90328920,0,0
90328921,1420908.47,45195.62
90328922,162826.27,623.1700000000001
90328923,4464137.65,119127.74
90328924,324766.39,12193.18
90328925,14461046.57,684468.06
90328929,16813802.71,509081.5900000001
90328930,41094.93,1400
90328981,6509495.110000001,665236.4
90328982,15838620.25,1848694.95
90328983,3563935.08,410552.01
90328984,243662.59,20001.79
90328989,49989794.56999999,5472444.169999999
90328990,37364709.86,4074497.379999999
90329010,7591877.39,1197288.46
90329091,178146.99,7738.820000000001
90329099,3995111.79,556172.9800000001
90330000,2512582.02,450531.49
90332101,0,0
90375012,0,0
90398990,0,0
90412000,0,0
90531000,0,0
90570371,0,0
90640000,0,0
90831099,0,0
90879065,0,0
90880099,0,0
90920000,0,0
90930000,0,0
90999909,0,0
91001010,0,0
91011100,1921921.72,387108.22
91011900,244736.4,14820.64
91012100,4827464.75,1105295.3
91012900,92417.73999999999,22514.8
91019100,1496.4,0
91019900,878.5600000000001,0
91021110,4479700.22,989953.0399999997
91021190,2093795.75,418155.01
91021210,28554.15,1687.85
91021220,167469.4,17651.1
91021290,45602.33,107.44
91021900,72366.27,2999.64
91022100,20252066.68,4423820.02
91022900,930986.5900000001,178654.18
91029100,43208.01,185.35
91029900,22839.51,183.1
91031000,49044.17,135.25
91039000,20431.56,314.34
91040000,247452.26,3210.02
91051100,9854.27,142.58
91051900,5580.11,39.88
91052100,160955.25,7220.349999999999
91052900,69747.78,3144.47
91059100,37947.87,1602.34
91059900,105088.24,22382.31
91061000,971822.59,73700.93999999999
91069000,211147.89,12443.16
91070010,1418494.9,122462.12
91070090,217365.83,23404.48
91081110,8894.029999999999,83.21000000000001
91081190,4536.88,0
91081900,6799.990000000001,7.85
91082000,911.8199999999999,132.47
91089000,48,9.91
91091000,12263.24,4.4
91091900,5500,0
91099000,41285.09,331.61
91101110,1607.88,0
91101190,1081.8,0
91101200,7405.37,0
91101900,5353.15,0
91109000,1036.2,35.05
91111000,5932.48,0
91112010,830,0
91112090,1236.89,184.68
91118000,11288.3,22.55
91119010,3570.33,66.61
91119090,79290.39,10546.77
91122000,20779.14,15.62
91129000,292.69,22.92
91131000,14205.64,2064.29
91132000,56066.08,8051.199999999999
91139000,235189.02,12240.15
91141000,13885.36,134.7
91143000,43253.33,11807.17
91143070,0,0
91144000,3607.96,423.92
91149000,396221.52,42167.49000000001
91149010,16461.35,409.36
91149020,180,0
91149030,2000,0
91149050,536.53,79.17999999999999
91149060,2378.48,109.84
91149070,60941.73999999999,316.64
91172000,0,0
91200801,0,0
91205101,0,0
91216299,0,0
92009200,0,0
92011000,331964.23,17113.53
92012000,409856.5799999999,27951.08
92019000,700.7,10.46
92021000,26410.7,1389.85
92029000,452338.39,50623.62
92049400,0,0
92051000,30109.46,1381.39
92059000,95305.09,5102.719999999999
92060000,162564.68,9603.169999999998
92071010,63865.69,4369.8
92071090,523116.04,37364.37999999999
92073010,0,0
92075011,0,0
92079010,219156.7499999999,10150.13
92079090,167287.04,16130.12
92081000,216740.77,14817.3
92089000,56448.98,2814.55
92093000,68287.5,2811.68
92099090,0,0
92099100,28486.9,115.65
92099200,29015.87,1367.63
92099400,135382.8,11327.49
92099900,131730.77,8210.45
92208000,0,0
92250430,0,0
92262010,0,0
92262090,0,0
92511000,0,0
92635800,0,0
92848444,0,0
93000000,0,0
93002101,0,0
93011000,8458.55,492.2400000000001
93012000,2421.24,98.2
93014000,0,0
93016000,0,0
93019000,828551.09,51627.32
93020000,3084478.67,117116.1
93030000,0,0
93031000,144541.3,19653.99
93032000,1235251.92,72853.65999999999
93032900,0,0
93033000,2054712.45,99418.87000000001
93034090,0,0
93039000,3303.67,254.59
93039010,6846.15,703.15
93039090,117975.12,5.94
93040000,332461.8,43721.54999999999
93040010,12816.77,4.68
93040090,1598695.99,90448.42
93051000,103280.71,5131.92
93052000,93474.48000000001,1215.55
93059100,58897.87,2746.36
93059900,119324.64,2402.42
93061000,1637.8,194.67
93062100,53239.98,7453.090000000001
93062110,57796.06,8305.27
93062120,5755.049999999999,41.63
93062130,5192,0
93062190,2947792.14,277636.33
93062900,249504.32,17267.7
93063000,9769231.450000001,785836.8999999998
93069000,9758.8,1516.45
93069010,427.56,28.28
93069020,463.3100000000001,0
93069090,16418.55,303.39
93070000,51237.56,4670.03
93100000,0,0
93173900,0,0
93181600,0,0
93191020,0,0
93241000,0,0
93251000,0,0
93254112,0,0
93328727,0,0
93329612,0,0
93391762,0,0
93402903,0,0
93630000,0,0
94000000,0,0
94001200,0,0
94003500,0,0
94003909,0,0
94004290,0,0
94011010,13125.87,863.4300000000001
94011090,353534.09,4643.549999999999
94011610,0,0
94012000,15174967.41,505023.35
94013000,0,0
94013010,34237.06,2014.19
94013090,256556.88,6040.7
94013100,404095.74,14661.85
94013900,8406729.97,871350.79
94014010,5050,1023.75
94014090,628.9499999999999,0
94014100,450363.87,44798.39999999999
94014900,48661.59,3607.22
94015200,32070,5441.38
94015300,116802.39,0
94015900,857461.98,86384.45
94016100,86948167.91000003,5831690.119999997
94016900,6301119.759999998,411352.7500000001
94016999,0,0
94017100,17095492.07,1330083.81
94017102,0,0
94017900,9543727.009999996,919495.1800000002
94018000,6505113.059999999,726227.2899999998
94019010,3421.43,411.98
94019090,130283.68,11061.1
94019100,179399.49,2615.26
94019900,7293964.739999998,629669.2799999999
94021000,648842.27,27353.62
94024010,0,0
94029010,66595.85,9695.41
94029020,413310.39,39597.21
94029090,785339.76,17146.9
94031000,11992723.62,587900.81
94031100,0,0
94032000,1317553.45,68128.67000000001
94032010,3689157.11,551957.74
94032090,22874692.37,1879468.1
94033000,48675697.07000001,971625.7500000002
94033300,0,0
94034000,69694916.77000001,4654327.11
94035000,48806407.23999999,3353835.11
94036000,144592283.56,8589968.88
94036100,0,0
94037000,5909601.130000001,629511.4800000001
94038000,3288.99,0
94038100,36480,0
94038200,116913.18,5859.97
94038300,218822.28,5615.2
94038900,8674558.370000001,442246.8699999999
94039000,0,0
94039010,147337.38,3301.29
94039090,1324242.16,20233.67
94039100,7799814.770000002,1017661.91
94039900,15201402.35,1122348.95
94040000,0,0
94041000,5089437.080000001,409980.7200000001
94042000,0,0
94042100,13573807.31,1574789.65
94042900,31731754.54,2451204.76
94043000,208161.17,2188.559999999999
94044000,2095301.39,205990.38
94044300,0,0
94049000,9082460.229999999,813634.65
94049200,0,0
94051000,0,0
94051006,0,0
94051010,45032.38,35.19
94051034,0,0
94051090,0,0
94051091,17171.78,90.99
94051092,51937.83,2662.04
94051093,1560529.33,131269.82
94051099,537208.3199999998,31928.27000000001
94051110,498636.6199999999,17011.74
94051190,46303818.95,3182868.81
94051199,0,0
94051910,61341.56,4050.97
94051990,11284685.67,508535.8
94052000,188162.39,5130.48
94052100,949978.3499999999,34772.28000000001
94052900,2374478.939999999,92036.37000000001
94053000,23752.09,549.85
94053100,412508.4400000001,13122.34
94053401,0,0
94053900,97735.30000000002,6426.459999999998
94054010,382020.3200000001,27410.95
94054050,0,0
94054090,535867.3099999998,39556.35000000001
94054100,2828226.27,234614.99
94054200,26663690.69,2156663.7
94054900,6699915.84,462982.5300000001
94055000,2527094.61,101880.85
94055090,0,0
94055100,0,0
94056000,12973.14,142.56
94056100,308839.09,16134.45
94056900,246119.94,1745.14
94059100,462998.6299999999,16681.75
94059200,854259.8,42420.62
94059900,2709014.260000001,134154.01
94060000,0,0
94060010,518,0
94060091,1786.49,0
94060092,35810.74,1877.93
94060099,22788.3,3784.8
94061000,0,0
94061010,233528.03,1250.18
94061090,263522.78,2988.75
94062000,2181909.78,297083.2
94062100,0,0
94069010,64167532.13,3388872.87
94069020,64010948.33,5142385.87
94069090,4838982.15,519300.1
94069999,0,0
94091990,0,0
94099111,0,0
94099190,0,0
94099915,0,0
94099917,0,0
94099999,0,0
94131090,0,0
94139190,0,0
94183000,0,0
94219899,0,0
94242900,0,0
94251000,0,0
94314929,0,0
94329000,0,0
94339090,0,0
94355862,0,0
94360000,0,0
94368562,0,0
94439933,0,0
94509677,0,0
94510012,0,0
94523628,0,0
94526314,0,0
94768944,0,0
94877600,0,0
94942000,0,0
95000000,0,0
95010000,973.9399999999999,11.9
95021010,372.63,7.91
95029100,40,0
95029990,0,0
95030000,0,0
95030009,0,0
95030010,3557076.92,460657.73
95030021,102796.8,7153.410000000001
95030022,748167.24,62224.79
95030029,45969.68,1023.18
95030031,406621.1900000001,20579.3
95030039,396718.7100000001,23487.02
95030040,57131.81,1082.11
95030050,254198.6299999999,20617.51
95030060,820038.56,69373.45999999998
95030070,110098.47,7801.98
95030080,645909.51,24873.58
95030090,0,0
95030091,86144.69999999998,4281.96
95030097,653880.98,35748.66
95030098,268020.69,5541.299999999999
95030099,4477040.099999999,479166.41
95031000,359.99,0
95039000,11130.4,0
95039090,142.31,13.59
95039099,0,0
95039900,0,0
95042000,990287.9399999998,25658.92
95043000,42430.16,1255.44
95044000,147845.3700000001,13979.85
95045000,2371583.79,242863.86
95049000,5680,0
95049010,64053.94,0
95049090,249921.27,9358.99
95051000,2216072.12,86713.60000000003
95052900,0,0
95059000,1019202.45,29016.055
95059900,0,0
95061100,47238.94,8824.109999999999
95061200,1856.01,0
95061900,176498.38,158.71
95062100,161449.32,11450
95062900,404448.66,21186.67
95063100,45825.31,0
95063200,88644.28,4026.38
95063900,31797.79,484.04
95064000,250578.55,18521.05
95065100,406750.4600000001,20116.51
95065900,620617.5299999999,33421.05
95066100,174740.84,15570.95
95066200,578651.2000000001,51405.45
95066900,121170.29,4588.63
95067000,88804.31,4191.360000000001
95069100,16462618.18,2111528.14
95069900,5413999.390000001,157206.3499999999
95070000,0,0
95071000,1146728.77,63111.45
95071090,0,0
95072000,392721.99,20538.33
95073000,1318651.4,76418.26999999999
95079000,1585000.74,69785.39000000003
95081000,3466.16,44.67
95082000,0,0
95082110,14450,0
95082190,3114.9,0
95082210,1859,0
95082290,147284.76,156.89
95082300,2356,0
95082400,432.35,0
95082500,8480.24,1160.61
95082600,6780,0
95082900,548933.64,86431.57999999999
95083000,179.9,0
95084000,28160.93,0
95089010,80,0
95089023,2080,0
95089049,23016,0
95089050,6186,0
95089090,2998.78,0
95159000,0,0
95159500,0,0
95167990,0,0
95222222,0,0
95243687,0,0
95265874,0,0
95345298,0,0
95352000,0,0
95365090,0,0
95365247,0,0
95365278,0,0
95366910,0,0
95366990,0,0
95368547,0,0
95368590,0,0
95392110,0,0
95393100,0,0
95626984,0,0
95631458,0,0
95635874,0,0
95635894,0,0
95636585,0,0
95639657,0,0
96003100,0,0
96003409,0,0
96011000,2932.83,77.72
96019000,220940.4,18494.27
96020000,0,0
96020010,9717.99,443.75
96020020,80797.94,1211.45
96020090,398349.03,10448.13
96030000,0,0
96030001,0,0
96030200,0,0
96030900,0,0
96031000,2965124.479999999,280160.3
96031011,0,0
96032100,768805.2800000001,16107.1773
96032900,414822.76,31760.52
96032999,0,0
96033000,286176.4,28822.76
96033900,0,0
96034000,0,0
96034002,0,0
96034010,5385443.790000001,704033.13
96034019,0,0
96034090,3805498.07,447415.6200000001
96035000,11611542.43,1340573.33
96039000,12233423.61000001,1523702.93
96039090,0,0
96039099,0,0
96040000,4311845.850000001,254790.62
96042900,0,0
96042920,0,0
96044000,0,0
96048000,0,0
96050000,22769.81,527.24
96059000,0,0
96061000,27312.36,540.29
96062000,0,0
96062100,16963.72,720.4
96062200,14068.51,163.72
96062900,477860.62,21557.69
96063000,12655.04,138.21
96064010,0,0
96071100,21275.92,560.6
96071900,122429.07,1179.78
96072000,22925.88,2284.26
96081000,2424638.78,137503.6
96082000,1949547.58,143100.38
96082002,0,0
96083000,252392.78,26044.72
96084000,77959.96999999999,5480.080000000001
96085000,5912.76,168.37
96086000,30844.05,3077.16
96089100,1302.17,47.92
96089981,984.65,55.23999999999999
96089989,118455.3,692.35
96089990,18857.29,989.7299999999999
96090000,0,0
96091000,800035.9599999996,1000042942.52
96091001,0,0
96092000,29697.04,1931.47
96099000,1066449.79,165933.52
96100000,461146.53,25485.04
96110000,561499.5,47361.72000000001
96121000,1204500.9,156010.2
96121011,10342.44,11.78
96121012,1098.94,1.14
96121019,5661.199999999999,135.44
96121090,20166.35,992.3900000000001
96122000,25018.03,1621.36
96131000,332594.27,65767.92000000001
96132000,9391.25,444.7500000000001
96138000,166489.96,11371.81
96139000,133136.97,6097.65
96140000,14529.3,51.23999999999999
96142000,1.7,0
96151000,0,0
96151100,99431.15,3216.31
96151900,128742.54,7552.169999999999
96159000,384872.27,21386.95
96161000,35496.48,3046.420000000001
96162000,79180.87000000001,6081.35
96170000,0,0
96170010,7400053.240000001,956675.2100000001
96170020,307576.49,59987.61
96180000,34169.37,304.96
96190000,3819837.169999998,342465.33
96199000,0,0
96200000,1086262.98,34108.17
96261029,0,0
96269090,0,0
96309000,0,0
96321545,0,0
96352555,0,0
96353535,0,0
96358974,0,0
96400000,0,0
96541825,0,0
96587412,0,0
96801000,0,0
96801200,0,0
96820000,0,0
96856565,0,0
96887744,0,0
96969335,0,0
97010000,0,0
97011000,289929.4,3947.029999999999
97012100,2772513.63,112402.1099999999
97012200,74204.33,405.81
97012900,280969.33,7670.34
97019000,21633.42,1039.31
97019100,6695297.459999999,433106.56
97019200,32547.5,2.37
97019900,2744541.89,191151.22
97020000,10916.47,0
97021000,14221.77,0
97029000,141018.32,4528.299999999999
97030000,48079.49,68.23
97031000,105167,1030.17
97039000,4545257.329999999,431213.77
97040000,38353.75,746.65
97050000,5817.95,2.83
97051000,40571.09,630.13
97052100,1271.42,5.48
97052900,4919.55,41.2
97053100,8259.19,0
97053900,30591.52,561.72
97060000,181221.22,12754.34
97061000,3558771.92,6108.38
97069000,12272341.63,1125332.32
97082999,0,0
97083011,0,0
97083090,0,0
97088000,0,0
97089100,0,0
97089990,0,0
97089999,0,0
97141000,0,0
97169090,0,0
97170010,0,0
97236547,0,0
97885757,0,0
98026082,0,0
98034010,0,0
98052615,0,0
98072030,0,0
98078990,0,0
98081000,0,0
98082000,0,0
98101010,0,0
98183910,0,0
98256375,0,0
98445875,0,0
98456310,0,0
98484654,0,0
98541090,0,0
98545554,0,0
98552154,0,0
98565214,0,0
98567845,0,0
98635265,0,0
98648563,0,0
98655556,0,0
98708990,0,0
98760000,0,0
98769000,0,0
98895656,0,0
98988895,0,0
98989889,0,0
99000000,0,0
99000040,0,0
99000167,0,0
99000183,0,0
99000233,0,0
99000262,0,0
99000277,0,0
99000304,0,0
99000324,0,0
99000354,0,0
99000360,0,0
99000362,0,0
99000367,0,0
99000524,0,0
99000539,0,0
99000553,0,0
99000559,0,0
99000564,0,0
99000586,0,0
99000591,0,0
99000601,0,0
99000635,0,0
99000642,0,0
99000644,0,0
99000648,0,0
99000668,0,0
99000678,0,0
99000687,0,0
99000715,0,0
99000726,0,0
99000729,0,0
99000736,0,0
99000737,0,0
99000738,0,0
99000743,0,0
99000751,0,0
99000784,0,0
99017809,0,0
99173900,0,0
99601245,0,0
99635358,0,0
99668855,0,0
99886000,0,0
99900000,0,0
99900043,0,0
99900053,0,0
99900180,0,0
99910000,0,0
99928365,0,0
99980101,0,0
99990000,0,0
99997101,0,0
99998888,0,0
99999000,0,0
99999900,0,0
99999990,0,0
99999991,0,0
99999998,0,0
99999999,0,0
