ncm,valor_produtos_servicos,tributos_nfe
00000000,0,0
00000001,0,0
00000002,0,0
00000003,0,0
00000004,0,0
00000005,0,0
00000006,0,0
00000007,0,0
00000008,0,0
00000009,0,0
00000010,0,0
00000018,0,0
00000019,0,0
00000020,0,0
00000021,0,0
00000022,0,0
00000035,0,0
00000038,0,0
00000039,0,0
00000044,0,0
00000048,0,0
00000060,0,0
00000068,0,0
00000069,0,0
00000070,0,0
00000072,0,0
00000073,0,0
00000075,0,0
00000084,0,0
00000085,0,0
00000087,0,0
00000090,0,0
00000096,0,0
00000098,0,0
00000099,0,0
00000100,0,0
00000102,0,0
00000226,0,0
00000704,0,0
00000705,0,0
00000706,0,0
00000732,0,0
00000736,0,0
00001199,0,0
00001404,0,0
00001507,0,0
00001902,0,0
00003050,0,0
00003141,0,0
00004516,0,0
00004604,0,0
00006206,0,0
00006908,0,0
00008000,0,0
00008311,0,0
00008403,0,0
00008923,0,0
00009088,0,0
00009876,0,0
00009879,0,0
00010021,0,0
00012321,0,0
00012345,0,0
00012802,0,0
00014424,0,0
00020013,0,0
00020304,0,0
00022255,0,0
00023336,0,0
00024941,0,0
00025283,0,0
00025524,0,0
00030121,0,0
00061044,0,0
00062044,0,0
00071320,0,0
00080620,0,0
00085017,0,0
00095750,0,0
00097507,0,0
00099991,0,0
00101112,0,0
00110814,0,0
00120201,0,0
00123456,0,0
00125474,0,0
00133402,0,0
00155366,0,0
00160413,0,0
00190190,0,0
00199900,0,0
00209001,0,0
00210201,0,0
00220210,0,0
00220600,0,0
00229000,0,0
00250100,0,0
00255887,0,0
00264211,0,0
00300450,0,0
00312700,0,0
00320820,0,0
00321490,0,0
00324900,0,0
00350610,0,0
00350691,0,0
00360439,0,0
00380891,0,0
00381400,0,0
00382440,0,0
00392410,0,0
00401502,0,0
00423100,0,0
00600411,0,0
00600413,0,0
00610000,0,0
00618781,0,0
00620342,0,0
00620590,0,0
00621600,0,0
00630790,0,0
00643896,0,0
00660191,0,0
00680520,0,0
00680530,0,0
00703101,0,0
00713331,0,0
00730840,0,0
00731815,0,0
00731816,0,0
00732399,0,0
00805896,0,0
00809855,0,0
00820750,0,0
00830710,0,0
00840999,0,0
00841934,0,0
00846593,0,0
00848180,0,0
00848210,0,0
00848340,0,0
00851310,0,0
00853990,0,0
00870200,0,0
00870321,0,0
00870830,0,0
00870899,0,0
00888008,0,0
01000000,0,0
01000158,0,0
01002281,0,0
01002900,0,0
01005000,0,0
01007875,0,0
01010101,0,0
01011010,1951154.9,11069.87
01011090,1420160.79,12440.96
01011100,3425.7,32.46
01011900,11309.39,735.6300000000001
01012000,1832,0
01012010,0,0
01012011,0,0
01012020,0,0
01012021,0,0
01012100,26417118.9,12930436.79
01012900,182340177.34,803378.9400000002
01013000,3657931.17,80899.38999999998
01019000,22951502.67,692699.57
01019010,60,0
01019090,64478.25,36.25
01019900,0,0
01020090,0,0
01020300,0,0
01021010,304269.19,0
01021090,320.49,0
01022110,342710415.49,554355.06
01022190,6811685984.11,17539630.6358
01022911,1326831595.84,2923067.05
01022919,4648616416.200003,9755418.450000003
01022990,19873976173.41999,31642691.43600001
01023110,1950363.22,5462.949999999999
01023190,49733049.42,54668.8
01023911,2455609.43,98.94
01023919,18713444.99,21397.71
01023990,33926711.05,41907.24
01029000,19559681573.51999,20044038.454
01029019,24471.16,0
01029090,123259548.7,1168636.42
01031000,91760297.65,5556251.670000001
01039100,125142472.1,1625974.28
01039200,151513973.44,2135691.74
01041003,0,0
01041011,2211019.87,2772.32
01041019,8120923.570000002,3130.21
01041090,9516649.15,19399.43
01042010,7798571.69,138592.63
01042090,3367654.81,7728.09
01050099,0,0
01051110,433362495.05,12813879.76
01051190,435745600.65,4326093.771000001
01051200,64456.34,1493.7
01051300,56638.84,41.89
01051400,25352.64,127.03
01051500,38960.06,197.46
01051900,6343.22,0
01054070,0,0
01059400,70468470.97,880330.6699999999
01059900,136393387.76,951231.7399999999
01060508,0,0
01061000,0,0
01061100,485794.83,3472.67
01061200,211942.55,983.7600000000001
01061300,84120.9,1844.6
01061400,5613,10.95
01061900,8259399.15,1738.79
01062000,16523.2,0
01063000,0,0
01063100,1600586.83,264.47
01063200,38007.6,4781.68
01063310,14143.42,11.49
01063390,3806106.11,154755.73
01063900,24485548.51,80874.26
01064100,13978.4,16.1
01064900,2590778.49,17021.95
01068045,0,0
01069000,50299935.59,37920.85
01069010,0,0
01071200,0,0
01071400,0,0
01075000,0,0
01100034,0,0
01131000,0,0
01201049,0,0
01253610,0,0
01254554,0,0
01352962,0,0
01403100,0,0
01482556,0,0
01511900,0,0
01693005,0,0
01703200,0,0
01842055,0,0
01901200,0,0
02010210,0,0
02010990,0,0
02011000,10897443.34,192297.03
02011300,0,0
02011900,0,0
02012010,10593025.61,144881.45
02012020,7750014.970000001,203642.46
02012090,62690397.19,165675.07
02012092,0,0
02012093,0,0
02012096,0,0
02012100,0,0
02013000,61306645.96,1410222.36
02020000,0,0
02021000,921785.39,6687.45
02022010,2474890.21,34530.03999999999
02022020,602723.27,18822.98
02022090,4286777.21,69817
02023000,19732921.77,686842.1200000001
02030605,0,0
02031000,0,0
02031100,6944408.23,70716.16
02031200,2366504.06,24153.37
02031900,6545064.270000001,113059.31
02031999,0,0
02032100,682492.3699999999,13970.45
02032200,955104.5800000002,36228.92000000001
02032900,10741990.77,226377.18
02041000,32540.09,1095.82
02042100,26528.62,1092.22
02042200,143401.68,3859.12
02042300,18071.48,224.2
02043000,18055.08,1169.74
02044100,3298.4,0
02044200,173671.59,3624.01
02044300,197543.8300000001,5919.030000000001
02045000,89160.57,3017.5
02050000,1541803.45,16405.71
02059000,0,0
02061000,3653887.96,3191.66
02062100,33646.52,1253.76
02062200,2351841.2,4489.33
02062910,834536.7699999999,12918.87
02062990,1037954.14,18138.18
02063000,916286.9700000001,11604.37
02064100,78342.57,2.77
02064900,307831.9,7298.820000000002
02068000,70845.77000000002,211.99
02069000,554.21,22.57
02069090,0,0
02070000,0,0
02070020,0,0
02071100,2760795.03,36686.8
02071200,2848923.849999999,67419.01000000001
02071210,3285450.279999999,91468.45999999999
02071220,723417.18,9427.189999999999
02071300,3754758.429999999,42680.49000000001
02071400,36545763.23000002,616845.13
02072400,49743.88,337.17
02072500,227495.7399999999,7368.610000000001
02072600,9016.71,0
02072700,233667.64,1391.16
02074100,4384.73,12.03
02074200,36106.81,263.07
02074300,18616.35,130.51
02074400,4082.25,1.83
02074500,33246.41,541.32
02075200,42773.39999999999,47.19
02075400,9406.34,0
02075500,295151.54,0
02076000,9310.47,170.37
02081000,714.5799999999999,39.72
02083000,344.14,0
02084000,788.15,0
02085000,1622.58,77.21000000000001
02086000,1070.09,37.24
02089000,40515.25,373.4399999999999
02091011,108623.87,3912.13
02091019,26360.42,18.77
02091021,180760.32,13197.12
02091029,1324318.63,52491.94999999999
02099000,8445.27,186.65
02101000,0,0
02101100,280301.06,6090.2
02101200,4060032.24,124508.19
02101900,4324851.81,108427.22
02102000,31601753.49,296597.0200000001
02109100,7874.309999999999,841.64
02109200,241.95,7.98
02109300,86.6,8.879999999999999
02109900,11008.73,0
02109911,34762.95000000001,1335.76
02109919,307203.75,284.5700000000001
02109920,10579.3,0
02109930,398.98,1.95
02109940,1572.26,0
02109990,284824.08,904.35
02120700,0,0
02122000,0,0
02145962,0,0
02165444,0,0
02169010,0,0
02201100,0,0
02203000,0,0
02259265,0,0
02309909,0,0
02348987,0,0
02365986,0,0
02369875,0,0
02410213,0,0
02587744,0,0
02636859,0,0
02710193,0,0
02804400,0,0
02844852,0,0
02896402,0,0
02985023,0,0
02985309,0,0
03011000,37880.68,266.75
03011110,2172.08,274.33
03011190,2652832.47,40695.34
03011900,94254.87000000001,11154.46
03019110,2002796.76,0
03019190,106660.78,5119.01
03019210,90,0
03019290,32493.25,2.49
03019310,123300,0
03019390,41139.5,0
03019410,211.94,0.41
03019490,2025.2,0
03019510,725.25,0
03019590,732.6,0
03019911,18122479.63,1477966.47
03019912,358500,0
03019919,5138598.840000001,2868.14
03019990,874698.75,1766.4
03019991,9706294.43,351195.4
03019992,4994,0
03019999,6109791.24,79719.98000000001
03021100,207503.92,4207.48
03021300,122399.5,7992.209999999999
03021400,63387.25999999999,5716.200000000002
03021900,757595.9100000001,6150.170000000001
03022200,41.08,0
03022300,2188.48,53.78
03022400,34917.5,341.67
03022900,406764.49,5222.446
03023100,7807.63,912
03023200,10072.34,837.52
03023300,20975.9,552.11
03023400,898.97,96.47999999999999
03023500,78.4,12.9
03023600,284.67,0
03023900,101791.87,14500.8
03024000,27206.88,228.75
03024100,18,0
03024210,83.45,0
03024290,69272.74,239.38
03024300,63199.42,17.04
03024400,5610,0
03024500,2062.75,0
03024600,14,0
03024700,349202.69,41904.3
03024910,22451.41,117.02
03024990,1422685.98,36648.43
03025100,3850.49,87.19999999999999
03025200,614.79,104.52
03025300,56117.23999999998,0
03025400,1043.24,88.71
03025500,114.22,0
03025600,426.21,3.88
03025900,14447.21,10.34
03026942,2133379.18,10140
03026943,10000,0
03026945,8250,0
03026953,5087.99,0
03026954,13125.8,7.9
03026990,62257.96,0
03027100,3466289.43,9329.04
03027290,15488.17,130.63
03027300,3575.28,0
03027400,1280,217.6
03027900,4264.79,41.06
03028100,20018.46,27.88
03028200,143,0
03028400,435.87,0
03028910,478,17.44
03028922,1148.45,0
03028923,2120,0
03028924,335.18,0
03028931,57.65,0
03028932,214129.64,4871.66
03028933,865107.32,1469.49
03028934,5768.9,0
03028935,550.63,25.83
03028937,1486271.64,0
03028938,3845.81,133.1
03028941,4527.36,20.13
03028942,15626.76,1071.04
03028943,217711.12,296.71
03028944,5839563.310000001,10080.48
03028945,38707.96,110.23
03028990,1360940.46,9351.66
03029100,4376.8,0
03029110,402527.13,4401
03029190,62702.63,0
03029200,528.88,3.65
03029900,2060666.08,519.62
03031035,0,0
03031100,25953.94,173.45
03031200,592.5999999999999,51.98
03031300,14112.19,604.84
03031900,90172.21999999999,233.46
03032300,48568.66,6687.589999999998
03032410,205.42,0
03032490,1255.95,51.27
03032500,35,0
03032600,75,0
03032900,62534.75999999998,589.13
03033100,149,13.78
03033200,25859.14,0
03033300,571.3,108.94
03033400,199.74,8.44
03033900,43541.14,799.46
03034100,45.8,0
03034200,12909.3,0
03034300,56649.58,156113.27
03034400,915.59,0
03034500,150,0
03034600,2661.34,243.29
03034900,35135.83,146.53
03035100,39852.10000000001,0
03035200,750,0
03035300,209453.68,14249.77
03035400,324038.44,440116.76
03035500,4580,17190
03035700,199,0
03035910,8.99,0
03035990,179506.83,1592.54
03036219,1730,0
03036300,130407.55,19215.45
03036400,9200,0
03036500,6677.659999999998,1119.01
03036700,155.97,0
03036800,97.31,0
03036990,11081,14.54
03037500,54.5,7.690000000000001
03037952,4080.73,489.69
03037953,22400,0
03037990,13100,0
03038111,446.89,75.97
03038114,5219.57,386.05
03038119,189147.5,5928.889999999999
03038190,1754.92,283.52
03038200,239.78,0
03038311,345,0
03038312,206,0
03038319,4177.6,736.25
03038329,36258.11,25.71
03038400,570,0
03038910,89271.76000000001,1601.38
03038920,291244.92,0
03038933,13601.78,2800.14
03038943,560.78,28.2
03038945,55467.7,151.38
03038946,18.9,0
03038951,49379.73,69.93
03038952,1028669.08,3522.479999999999
03038953,152955.24,10854.28
03038954,57.86,0
03038955,1062.19,15.16
03038956,18301.43,160.71
03038961,22111.85,1124.73
03038962,1185.1,148.68
03038963,566614.88,6.48
03038964,759436.92,34501.88
03038965,17152.59,61.02
03038990,1010600.63,44008.90000000001
03039110,157.8,0
03039190,219275.4100000001,0
03039200,32.5,0
03039920,524.49,60.42
03039990,87684.62,816.55
03042090,1561.93,85.61
03042930,130.62,0
03043100,551491.97,74751.61
03043210,111.28,0
03043290,158730.71,7653.260000000001
03043300,83.6,16.76
03043900,120131.08,1149.9
03044100,35010.05000000001,3096.330000000001
03044200,1350,230.42
03044300,511.02,0
03044400,39360,6966
03044600,7806.650000000001,742.63
03044700,207.8,16.84
03044800,250,0
03044920,75.84,0
03044990,15700.7,706.3300000000002
03045100,62226.23,1725.89
03045200,831.3499999999999,8.76
03045300,41867.79,400.82
03045400,1271.61,0
03045600,80.4,0
03045900,5327.15,543.48
03046100,1119797.37,103290.59
03046210,398,0
03046290,162235.94,25336.28000000001
03046900,6625.59,56.76
03047100,2553.3,461.4200000000001
03047200,1954.400000000001,0
03047300,2704.77,172.37
03047400,72924.73000000001,9002.48
03047500,4660.61,612
03047900,698.49,92
03048100,146460.84,18177.79
03048200,611.28,45.77
03048300,124075.47,523.75
03048600,394.8,0
03048700,858.98,10.62
03048890,22757.91999999999,92.95999999999998
03048990,211507.4300000001,12680.44
03049100,874.5,0
03049211,209,0
03049212,227.3,0
03049219,1177.1,0
03049222,6682,1247.62
03049229,1167.62,116.8
03049300,27570.97,2309.35
03049400,6203.039999999998,468.0700000000001
03049500,9805.930000000002,1473.35
03049600,3760.2,809.9
03049700,3855.5,0
03049900,722691.5599999999,22088.5
03052000,1115.72,135.75
03052010,216.84,0
03052090,335828.64,2170.16
03053100,5985,0
03053210,3084.07,402.82
03053220,1587.66,421.12
03053230,29.9,0
03053290,503409.69,101.56
03053900,113778.1,645.67
03053990,18,0
03054100,9086.64,333.22
03054200,612,0
03054400,3747.89,435.9999999999999
03054910,1225.81,31.33
03054920,37.99,0
03054990,258.25,48.68
03055100,84895.16,9497.04
03055200,1148.96,0
03055310,2837.74,676.8199999999999
03055390,4331.040000000001,88.84
03055400,125.54,25.04
03055900,19463.13,103.12
03055905,0,0
03056200,63193.92999999999,5915.499999999999
03056300,197,0
03056400,160,0
03056910,3438.82,547.6
03056990,38581.18000000001,2138.78
03057100,705,0
03057200,6121.160000000002,0
03057900,10477.54,1777.52
03061110,92468.84,3.14
03061190,9908.3,368.43
03061200,486961.15,58170.78999999999
03061300,11671.8,1139.74
03061400,3116.71,628.63
03061610,4554.799999999999,872.35
03061690,23320.37999999999,4475.669999999999
03061710,137004.3,12815.56
03061790,287814.1,45011.7
03061910,2522.5,68.96
03061990,1735215.36,72659.61
03062100,4,0.68
03063100,938.16,0
03063300,12,0
03063600,293436.11,19308.14
03063910,4.99,0
03063990,26922.46,104.3
03069300,1180,0
03069500,210611.72,3584.56
03069910,3850,0
03069990,14563.64,710.7699999999999
03071100,1452.5,115.29
03071200,29.85,0
03071900,3755.2,0
03072100,48882.86,346.55
03072200,86699.7,2761.47
03072900,21452.78,320.03
03073100,113.8,18.87
03073200,4626.01,57.25
03073900,2751.19,594.9499999999999
03074200,6143,16.54
03074310,533854.5800000001,320779.28
03074320,1845.47,479.16
03074900,101273.28,344.66
03074919,45400,0
03075100,4916.23,32.46
03075200,89288.45999999999,36894.08
03075900,27942.88,218.43
03076000,39.28,0
03077100,126,20.74
03077200,109.95,0
03077900,862,0
03078100,1456.52,19.99
03078200,128.9,0
03078300,115.6,0
03079100,1558,0
03079200,554.4100000000001,0
03079900,3789.99,270.06
03081100,1335.11,0
03081900,81930.71,1533.73
03082100,31.8,0
03082900,21710,3.75
03089000,9037.68,0
03091000,50109.20999999996,11.67
03099000,121276.82,317.67
03105600,0,0
03201402,0,0
03214900,0,0
03216548,0,0
03230015,0,0
03232323,0,0
03303330,0,0
03380000,0,0
03402500,0,0
03402903,0,0
03409203,0,0
03433100,0,0
03506190,0,0
03654123,0,0
03808419,0,0
03917490,0,0
03923211,0,0
03923219,0,0
03923900,0,0
03926906,0,0
04006200,0,0
04009390,0,0
04011010,880476.6700000002,18272.93
04011090,374491.28,41492.5
04011210,0,0
04011400,0,0
04012010,10290925.11,344537.24
04012090,1036296.78,8090.080000000001
04013010,8019.46,0
04013020,0,0
04013021,592.4599999999999,10.22
04013029,367.9499999999999,0
04014010,316722.44,291.0500000000001
04014021,105823.96,9696.79
04014029,58330.73000000001,4787.02
04015010,5335003.279999997,4.18
04015021,2231047.589999998,282204.1800000001
04015029,795201.09,107514.99
04016699,0,0
04017000,0,0
04021010,29471.24999999999,1516.92
04021090,277330.05,10483.09
04022110,5482794.299999999,417449.46
04022120,99876.89000000001,5165.080000000001
04022130,121703.88,10586.56
04022910,109933.63,6899.799999999998
04022920,13764.38,1194.82
04022930,102469.79,7787.370000000001
04029100,19539.69999999999,973.12
04029900,3890186.479999996,459345.73
04029990,0,0
04031000,9766.08,413.0399999999999
04032000,1243289.149999999,47079.54
04039000,722974.7699999996,33920.22
04040013,0,0
04041000,18597504.01,2430037
04049000,5993850.6,1203435.19
04051000,1353999.129999998,36968.65
04051900,0,0
04052000,4009.119999999996,650.1500000000002
04059010,45298,725.88
04059090,14756.25999999999,970.8000000000001
04061000,0,0
04061010,9077569.830000004,395691.04
04061090,2203956.809999996,85778.18000000002
04062000,552705.13,29944.85999999999
04063000,223584.11,7786.979999999999
04064000,83388.04000000001,8211.699999999999
04069000,0,0
04069010,493070.1200000001,27041.94
04069011,0,0
04069020,673800.7300000001,38562.08
04069021,0,0
04069030,148287.76,5564.719999999999
04069090,497251.6300000001,26978.98
04070011,9243.080000000002,0
04070090,9288.35,5.04
04071100,209111084.1,8085506.08
04071900,642712.5499999999,3872.76
04072100,74842637.39,166498.99
04072900,7352102.63,87891.76000000001
04079000,8477158.34,101872.08
04081100,7210.809999999999,1070.98
04081900,27884.73,475.51
04089100,584116.38,5310.299999999999
04089900,1598625.31,41206.12999999998
04090000,484224.38,17797.97
04091010,0,0
04096010,0,0
04100000,9908.37,7.16
04101000,15241.31,1110.92
04109000,57694.43999999999,3293.74
04240618,0,0
04248121,0,0
04414000,0,0
04421230,0,0
04479990,0,0
04602000,0,0
04779099,0,0
05010000,15870.85,0
05021011,2333.68,30.5
05021019,7334.289999999999,210.52
05021090,4611.56,0
05029010,407.38,0
05029020,51.94,0
05032015,0,0
05032900,0,0
05040010,0,0
05040011,2603260921.119999,1308491.54
05040012,1171533.75,2247.48
05040013,73316.76999999999,5916.049999999999
05040019,4734.04,209.28
05040090,90369.48999999998,11379.46
05051000,209.62,0
05059000,583736.2,53319.34
05061000,29281.55,1611.39
05069000,3352683.23,18591.06
05070000,0,0
05079000,196031.31,7127.73
05080000,240261.37,2507.88
05100010,5586.98,0
05100090,2612254.79,243074.4599999998
05111000,231303661.07,723047.2200000002
05119110,2212.75,0
05119190,3032742.03,191149.29
05119910,71900233.28,234335.19
05119920,56774614.44,31861
05119930,2613.09,0
05119990,6,0.8300000000000001
05119991,4584.9,16.39
05119999,15402076.6,136818.05
05154145,0,0
05187481,0,0
05405060,0,0
05471230,0,0
05607509,0,0
06010001,0,0
06011000,1577789.95,2970.36
06012000,33496862.53,261292.79
06020989,0,0
06021000,5865135.160000004,23869.07
06022000,19385347.1,110337.16
06022200,0,0
06022902,0,0
06023000,2476053.79,361.14
06024000,20071.23,625.1999999999998
06028990,0,0
06029010,119394.92,52.48999999999999
06029020,0,0
06029021,55427244.96000001,46233.07
06029029,47516178.11,437912.09
06029069,0,0
06029081,138753807.56,1463878.69
06029082,3582920.92,46573.62
06029083,30548104.65000001,169527.17
06029089,94671887.18,888187.0700000001
06029090,89663689.93,852039
06031000,4141.96,0
06031100,491495.6799999999,9072.859999999999
06031200,24815.96,407.2599999999999
06031300,126536.29,3687.63
06031400,56997.99,649.1099999999999
06031500,26061.22,806.65
06031900,2042837.25,11239.23
06039000,1881228.14,12319.2
06040000,0,0
06041000,10,0
06042000,162176.58,2455.21
06049000,1560411.73,7468.139999999999
06049100,1368,0
06109100,0,0
06170000,0,0
06205900,0,0
06377024,0,0
06505901,0,0
06805000,0,0
06914900,0,0
06934090,0,0
07000000,0,0
07010000,0,0
07011000,78385198.89000002,1452200.42
07019000,132269017.85,677022.3500000002
07020000,24182307.66,117087.93
07021400,0,0
07024000,0,0
07031001,0,0
07031010,0,0
07031011,27982323.11,8341.27
07031019,16238288.98,591501.74
07031021,1905.82,0
07031029,78214.53,100.54
07032000,0,0
07032010,31390669.28,2837234.09
07032090,187675243,2999704.78
07033070,0,0
07039010,225279.23,9406.129999999997
07039090,5298112,51838.32
07040000,0,0
07041000,11231651.71,6153.759999999998
07041001,0,0
07042000,52559.82,0.28
07042100,0,0
07049000,9996150.31,19743
07049002,0,0
07049003,0,0
07050190,0,0
07051000,0,0
07051100,755880.9799999995,5763.15
07051900,4907198.599999996,10308.01
07052100,1362434.04,49327.01000000001
07052900,266829.35,251.33
07060000,0,0
07061000,57659878.28000002,39025.92
07069000,7510698.739999999,7684.25
07070000,4499726.239999999,4389.969999999999
07081000,131557.51,313.84
07082000,62922.75,1785.69
07082999,0,0
07089000,1686567.07,7380.85
07089001,0,0
07089493,0,0
07089990,0,0
07091000,503.03,0
07092000,19787.05,702.08
07093000,203046.87,1365.44
07094000,24947.92,27.07
07095100,10075.52,124.92
07095200,6478.370000000001,1.03
07095300,158.91,0
07095400,275.56,19.98
07095500,2317.78,0
07095600,8216,1294.38
07095900,2557371.67,689.17
07096000,3167862.689999999,12234.55
07096004,0,0
07096007,0,0
07097000,35673.47,54.04000000000001
07099000,6447.219999999999,0
07099011,95.64,0
07099090,10891.9,0
07099100,17180.85,51.89
07099200,30112.76,216.95
07099300,12704712.74,13421.44
07099600,0,0
07099909,0,0
07099911,16800863.32,346799.28
07099919,2471865.95,13589.95
07099990,4341855.989999998,24195.08
07101000,30322713.63000001,318592.33
07101220,0,0
07102100,45724.53,953.8900000000001
07102200,3395.829999999999,3.21
07102900,73945.81999999996,19.49
07103000,2565.4,32.62
07104000,3469067.78,84.22999999999999
07108000,626712.38,6543.369999999999
07109000,737585.2,1245.89
07112010,2216.1,153.36
07112020,1021.26,0
07112090,1696.52,122.62
07114000,149995.27,707.33
07115100,1702.690000000001,260.3899999999999
07115900,14877.63,1480.79
07119000,88481.50000000003,4359.450000000001
07121000,0,0
07122000,8360636.12,38307.72999999999
07123100,17391.28,267.8100000000001
07123200,408.32,19.03
07123300,207.99,0
07123400,3725.78,151.07
07123900,229251,1938.19
07129010,263477.4,16122.28
07129090,10655999.13,48068.05
07131010,2280332.14,33274.58
07131090,125479.31,1512.89
07132010,15581.94,2802.72
07132090,56842.01000000001,6360.970000000001
07133000,0,0
07133110,1528716.6,1998.86
07133119,0,0
07133190,2158182.45,85356.36
07133210,1112746.63,952.76
07133290,1882768.68,9606.35
07133300,0,0
07133311,26266525.22,548953.21
07133313,0,0
07133319,14733456.39,301064.52
07133320,0,0
07133321,35775624.23999999,634408.9400000001
07133329,3511873.64,53879.96000000001
07133390,0,0
07133391,130275527.27,2481677.94
07133392,0,0
07133399,83804109.31,3583854.39
07133410,1463.16,0
07133490,780.75,0
07133510,563764.05,5466.49
07133590,13917647.5,587547.68
07133910,5024523.310000001,14383.06
07133990,9882631.949999997,31456.83
07134010,17,2.04
07134090,152642.99,21165.3
07135010,378.75,0.42
07135090,137267.01,16252.94
07136010,470049.82,5577.790000000001
07136090,194689.11,5.08
07139010,71599.22,3073.71
07139090,3928692.57,151481.67
07141000,4806542.739999999,63889.10999999997
07141004,0,0
07142000,9793208.549999999,85360.69999999998
07142001,0,0
07143000,3101358.51,225.75
07144000,2436.16,0.29
07145000,18702.46,0
07149000,2252440.13,3607.93
07161000,0,0
07200000,0,0
07308900,0,0
07318000,0,0
07320000,0,0
07378199,0,0
07833399,0,0
07891103,0,0
07907000,0,0
08000000,0,0
08010900,0,0
08011100,1043797.12,152717.58
08011110,2664.37,117.62
08011190,905.26,57.75
08011200,20403.33,542.63
08011900,608468.5,10885.47
08012100,20979.94,2243.72
08012200,88753.20999999999,12442.46
08013100,9339.149999999996,615.9400000000002
08013200,194047.11,22397.6
08021100,2635.900000000001,221.33
08021200,32479.99000000001,4118.32
08021201,0,0
08022100,893.0899999999999,119.22
08022200,1399.81,109.84
08023100,55036.94,9648.53
08023200,76884.9,12479.85
08024100,7393.969999999999,701
08024200,1470.57,113.92
08025100,6284.269999999999,533.15
08025200,13096.42,552.92
08026100,1846.15,30.35999999999999
08026200,5721.3,250.03
08027000,224.03,0
08029000,3004.99,14.83
08029100,25563.38,2260.679999999999
08029200,2374.58,222.95
08029900,9167.57,644.4499999999998
08030000,40055.02999999998,8.98
08031000,5294470.049999999,79991.89000000004
08039000,6868854.8,79312.88000000002
08041010,45639.22000000001,466.9
08041020,46329.89,2616.569999999999
08042010,13670.46,1023.42
08042020,2644.96,188.21
08043000,5278834.47,2721.57
08043001,0,0
08044000,10439799.88,11728.92
08045010,126703.14,348.9700000000001
08045020,5247014.480000001,1381.42
08045030,17168.2,26.87
08051000,52991452.27999999,224723.21
08052000,4245.599999999999,0.73
08052019,0,0
08052100,3751840.04,1907.67
08052200,3678.63,83.49
08052900,1299262.31,28.16
08053000,1304.08,0
08053020,0,0
08054000,1818.17,0
08055000,6985755.779999999,3736.87
08059000,3497514.629999999,762.9499999999999
08060000,0,0
08061000,1389644.759999998,103255.72
08061010,0,0
08062000,281810.05,40039.52
08071000,0,0
08071100,11928037.33,9523.99
08071900,1533417.709999999,72890.69000000005
08072000,9801730.530000001,13643.77
08081000,3596956.349999999,238244.12
08082010,2344.34,0
08082020,2169.38,200.67
08083000,2669333.67,32797.97999999999
08083019,0,0
08084000,229925.6,23.78
08091000,24849.82,286.88
08092100,2688.88,71.58000000000001
08092900,18385.28,517.7900000000001
08093010,513674.24,26183.55
08093020,74484.33999999998,6174.360000000002
08094000,681661.2000000001,32725.09000000001
08099999,0,0
08101000,22511678.81,41315.17
08102000,9505.449999999995,296.1300000000001
08103000,13.21,0
08104000,64920.96,899.9600000000002
08105000,245441.9,7820.48
08107000,1050640.12,1320.51
08109000,7542.24,26.3
08109001,0,0
08109011,51586.08,7
08109012,7002.95,18.71
08109013,1202.93,49.97
08109014,139744.16,369.6899999999999
08109015,676318.71,1018.85
08109016,586878.4199999999,199.64
08109017,180349.65,22221.17
08109090,618277.86,1562.19
08111000,256188.31,924.9000000000002
08112000,8975.14,113.6
08119000,708579.2800000001,24823.37
08121000,7781.029999999999,205.6800000000001
08129000,52550.23000000001,616.1399999999999
08131000,63932.54000000001,9452.810000000005
08132010,50679.62,6947.809999999998
08132020,74358.16000000002,10936.81
08133000,53450.13,1173.839999999999
08134010,3929.140000000002,152.33
08134090,26611.45999999999,2495.159999999999
08135000,114878.66,10428.7
08140000,404906.65,401.5
08194686,0,0
08201400,0,0
08205590,0,0
08213000,0,0
08232010,0,0
08253285,0,0
08317280,0,0
08409912,0,0
08413302,0,0
08414801,0,0
08424812,0,0
08424821,0,0
08432900,0,0
08467119,0,0
08481801,0,0
08482090,0,0
08503090,0,0
08507109,0,0
08511900,0,0
08515010,0,0
08517624,0,0
08544900,0,0
08708000,0,0
08708800,0,0
08708990,0,0
08749200,0,0
08789200,0,0
08859630,0,0
08925613,0,0
08990000,0,0
08990021,0,0
08990040,0,0
08990055,0,0
08990099,0,0
08999000,0,0
08999200,0,0
08999900,0,0
08999990,0,0
08999999,0,0
09011110,43101755.25,53644.24
09011190,1254269.64,68198
09011200,124495.28,7603.2
09012000,0,0
09012100,31446522.25000001,976946.1599999998
09012200,314655.55,29908.51
09019000,1740681.76,102776.4
09021000,171655.83,15340.77
09022000,13926.64,1417.520000000001
09023000,30295.84,2057.63
09024000,2670.47,87.86000000000001
09030000,0,0
09030010,122633.87,9486.179999999998
09030090,1941328.059999998,158221.65
09041000,0,0
09041100,609473.22,23092.00000000001
09041200,384061.33,75019.85
09042000,518.0400000000001,0
09042100,224482.18,46200.26000000001
09042200,102805.96,21341.29
09051000,55247.60000000001,1938.29
09052000,3379.2,560.28
09061000,33.75,0
09061100,81821.63,17038.83
09061900,164660.24,3067.61
09062000,133750.99,24344.33
09070000,459.39,73.25
09071000,91682.29000000001,19647.89999999999
09072000,9841.349999999999,1699.26
09081000,12,1.71
09081100,12054.19,2651.64
09081200,18367.5,4195.439999999999
09082100,34.90000000000001,8.81
09083100,225.04,46.74
09083200,3605.86,29.09
09090290,0,0
09092000,1043.23,208.79
09092100,89038.24000000002,4297.089999999999
09092200,11709.52,1933.37
09093000,1081.18,225.1300000000001
09093100,52946.15999999999,5104.769999999999
09093200,49096.06999999999,10286.16
09096110,123241.15,13603.59
09096120,12220.13,1883.52
09096190,17385.26,1128.45
09096210,6311.8,1104.49
09096220,127.46,27.24000000000001
09096290,42199.91000000001,3753.74
09101000,19.09,0
09101100,489807.54,1418.76
09101200,21348.6,1859.62
09102000,291437.08,46477.11999999999
09103000,90219.32000000002,17718.35
09104000,11.95,2.15
09109100,30356.42,3935.439999999999
09109900,320390.9,38869.34
09135802,0,0
09164856,0,0
09179528,0,0
09194070,0,0
09194080,0,0
09358980,0,0
09385089,0,0
09401690,0,0
09512798,0,0
09529850,0,0
09603100,0,0
09603900,0,0
10000000,0,0
10000001,0,0
10000011,0,0
10003167,0,0
10007900,0,0
10007901,0,0
10011010,66813.82,155.47
10011090,190800,0
10011100,221640906.82,575513.52
10011900,21268266.11,32632.26
10012011,0,0
10016000,0,0
10019000,0,0
10019010,136.8,35.92
10019100,75786919.11,244870.31
10019900,70500751.79,226977.41
10020010,49.5,13
10021000,10641359.96,104125.58
10021002,0,0
10021144,0,0
10025486,0,0
10029000,1429453.61,24003.88
10029646,0,0
10030091,7,0.26
10030098,210,0
10030722,0,0
10031000,39469526.43999999,19899.07
10039010,2362777.279999999,35007.74999999998
10039080,3061378.72,8566.55
10039090,3517617.57,80804.12
10040010,2440,0
10040090,1258.7,0
10041000,43344363.64,252426.11
10045916,0,0
10049000,58307297.50999999,464191.6099999999
10049020,0,0
10051000,10584046853.78,52671728.89
10051500,0,0
10052000,0,0
10052920,0,0
10058000,0,0
10059002,0,0
10059010,8496751641.940001,209330911.5371
10059090,147908761.29,2648284.9
10061000,0,0
10061010,309413333.28,2110057.14
10061091,752625.8099999999,3487.969999999999
10061092,54390914.15000001,461247.59
10062000,0,0
10062010,1448578.95,38000.31999999999
10062020,3341892.99,180952.95
10063011,6637302.33,238981.1899999999
10063019,1001945.11,16612.32
10063021,53760153.86000001,2034130.150000001
10063029,2076822.53,92115.71999999999
10063110,0,0
10063121,0,0
10064000,4503031.36,330971.96
10070010,2154542.09,18586.66
10070090,5721920.27,166604.78
10071000,463498662.9499999,9563653.59
10079000,1403835157.77,25759317.0732
10079999,0,0
10081010,9223625.26,72501.07
10081090,1117122.59,48957.96
10082010,64640,8925
10082090,247,0
10082110,227010530.88,8543373.796399998
10082190,3693039.6,131888.76
10082900,103941.37,43.93999999999999
10082910,184710063.68,9628087.4
10082990,4106184.86,217698.07
10083010,3300.46,674.3399999999999
10083090,153091.09,16588.31
10084010,103492.8,0
10084090,6152.350000000001,13.66
10085010,548197.6799999999,0
10085090,84706.2,6747.190000000001
10086010,2070658.85,7418.24
10086090,6702219.880000002,33958.89
10089010,15660308.68,75232.22
10089090,54079246.03999998,859252.9500000001
10092110,0,0
10092190,0,0
10099100,0,0
10101010,0,0
10102010,0,0
10103300,0,0
10105110,0,0
10115761,0,0
10119200,0,0
10119900,0,0
10120008,0,0
10129000,0,0
10131900,0,0
10133399,0,0
10137000,0,0
10151900,0,0
10153589,0,0
10169300,0,0
10169990,0,0
10201245,0,0
10203020,0,0
10203040,0,0
10250000,0,0
10301100,0,0
10301210,0,0
10301310,0,0
10302000,0,0
10354649,0,0
10401199,0,0
10482582,0,0
10516320,0,0
10590010,0,0
10601900,0,0
10689999,0,0
10699000,0,0
10788152,0,0
10850928,0,0
10853549,0,0
10853949,0,0
10905990,0,0
10925028,0,0
10958305,0,0
10987654,0,0
11001100,0,0
11010010,27317585.33000001,370410.94
11010020,237836.8,2307.15
11020200,0,0
11022000,9111160.979999999,422701.2799999999
11022102,0,0
11029000,3116751.279999999,113456.83
11031100,764428.48,4979.000000000002
11031300,36253194.16999999,1423935.75
11031900,1199193.25,9795.619999999999
11032000,564571.5599999999,13866.65
11039021,0,0
11041200,17684595.27,149844.42
11041900,18145208.21999999,666703.9613999998
11042200,3427475.91,18633.57
11042300,281922316.7099999,6028204.470000001
11042301,0,0
11042399,0,0
11042900,1154879.28,4663.749999999999
11043000,70237696.87,8796564.909999998
11051000,43576.84,5718.899999999998
11052000,82107.35999999999,4443.42
11061000,20747.02999999999,706.5600000000002
11062000,6298645.27,339852.33
11062001,0,0
11062011,0,0
11063000,17379.89,2555.88
11071010,185103.27,17771.48
11071020,215615.08,8464.289999999999
11072010,7985.969999999999,801.54
11072020,104079.7,11321.86
11081100,1367.41,150.21
11081200,4180817.76,302704.34
11081300,13579.1,115.87
11081400,3712708.439999999,618081.3100000002
11081900,302577.92,37989.26
11082000,24447.4,2252.76
11082015,0,0
11088190,0,0
11090000,108890.18,297.04
11100012,0,0
11101110,0,0
11111111,0,0
11111115,0,0
11112222,0,0
11112223,0,0
11116000,0,0
11122233,0,0
11123555,0,0
11172131,0,0
11190195,0,0
11211211,0,0
11221212,0,0
11222550,0,0
11222552,0,0
11223334,0,0
11223344,0,0
11384438,0,0
11390104,0,0
11501100,0,0
11801210,0,0
11801220,0,0
11803300,0,0
12000210,0,0
12001001,0,0
12001310,0,0
12001392,0,0
12001520,0,0
12010000,0,0
12010010,29769798.68000001,47995.38
12010100,0,0
12011000,15040911951.68,78487622.7
12011100,0,0
12012000,0,0
12019000,1419579382.35,27623670.5449
12020991,0,0
12021000,36,0
12021900,0,0
12022090,106.25,0
12023000,118187163.15,1417859.64
12024100,10105328.31,741123.8400000001
12024200,7468785.239999999,171027.2
12029090,0,0
12030000,2680736.63,571.35
12040010,1836093.62,1372.71
12040090,208257.52,5661.23
12050010,137084.77,7910.63
12050090,900,108
12051010,17401863.37,17337.82
12051090,1888836.4,48030.71
12059010,7566315.61,4395.46
12059090,270130.15,2689.18
12060010,17307032.27,150927.12
12060090,1051599.22,38285.21000000001
12071010,122.02,12.1
12071090,20977503.55,2143896.75
12072100,1052409360.45,9496388.4
12072900,535301404.84,28571336.675
12073010,4398458.93,30864.96
12073090,8307.97,0
12074000,0,0
12074010,22812195.03,99622.1
12074090,16296603,1211474
12075010,1249.78,32.45
12075090,1011985.69,917.4499999999999
12076010,200,0
12076090,18649.27,2033.36
12077010,3804427.92,107017.42
12077090,384.1,34.2
12079110,103395,0
12079190,20,10
12079910,13729074.97,70125.75
12079990,30591763.03,124258.31
12081000,404576235.7400001,7350364
12089000,3646049.88,86260.36
12089011,0,0
12091000,198841.31,1629.39
12092000,0,0
12092100,1569258.98,12054.98
12092200,4179754.03,10048.69
12092300,1038894.25,3262.11
12092400,28201567.35,272773.72
12092500,31679979.91,67984.12
12092900,1428603170.29,12948253.78
12093000,11752031.84,189840.24
12094900,0,0
12099100,282671671.61,2249168.67
12099900,50300902.12999999,470800.49
12101000,4071019.44,54295.85999999999
12102010,79997.56000000001,35.51
12102020,15700.43,0
12112000,2511.4,22.19
12113000,49846.2,1801.49
12114000,469689,343.4400000000001
12115000,162164.54,128.13
12116000,24391.01,227.2700000000001
12119010,194089.35,41996.06
12119090,3616002.12,109349.23
12122100,1809080.58,287890.66
12122900,251897.02,4055.07
12129100,35952.12,512.77
12129200,2571230.05,102.02
12129300,54840960.03,143375.97
12129400,445.5,15
12129900,280.13,0
12129910,4075.26,170.16
12129990,3917997.169999999,705.14
12130000,70995499.81,5582904.989999999
12130600,0,0
12131415,0,0
12140000,0,0
12141000,3129971.1,18601.15
12149000,338959983.89,1077831.26
12153543,0,0
12154541,0,0
12155000,0,0
12165465,0,0
12180090,0,0
12199900,0,0
12209000,0,0
12211252,0,0
12281375,0,0
12312312,0,0
12333333,0,0
12341234,0,0
12345600,0,0
12345645,0,0
12345670,0,0
12345678,0,0
12345682,0,0
12345687,0,0
12345789,0,0
12346789,0,0
12352000,0,0
12358051,0,0
12365400,0,0
12454845,0,0
12456789,0,0
12457845,0,0
12457858,0,0
12458205,0,0
12510111,0,0
12541025,0,0
12542101,0,0
12586748,0,0
12587496,0,0
12587930,0,0
12589999,0,0
12630550,0,0
12790000,0,0
12849700,0,0
12871817,0,0
13000200,0,0
13012000,12147.8,838.56
13019000,11585.54,8.88
13019010,112865.4,20245.54
13019090,2959104.85,19885.55999999999
13021100,51,0
13021110,71960.07999999999,3668.88
13021190,310270.49,10433.24
13021200,947.15,47.84
13021300,227961.88,224.43
13021400,437.3,1.67
13021910,14036.66,73.44999999999999
13021920,17477.35,0
13021930,121.26,0
13021940,105.22,0
13021950,6,0
13021960,2521.4,967.21
13021991,912.9200000000001,24.55
13021999,2859876.06,130256.09
13022010,37869.8,0
13022090,21946.73,93.75999999999999
13023100,140308.75,10334.62
13023211,24161.12,4197.060000000001
13023219,1851.43,1342.34
13023220,291800.11,37585.1
13023910,36321.23,2502.3
13023990,311674.09,8927.090000000002
13024000,0,0
13049900,0,0
13050441,0,0
13063000,0,0
13099010,0,0
13143900,0,0
13181500,0,0
13182100,0,0
13269090,0,0
13300000,0,0
13345679,0,0
13911063,0,0
14011000,2442425.11,12087.54
14012000,5904.809999999999,332.86
14019000,77316.04,469.8800000000001
14029090,0,0
14039000,363.36,0
14042010,104306.93,384.8599999999999
14042090,7017425.14,142867.66
14049000,3,0
14049010,43221577.6,40292.29
14049090,7147686.189999999,51278.8
14067741,0,0
14098258,0,0
14273000,0,0
14400490,0,0
14454474,0,0
14525452,0,0
14551714,0,0
14554657,0,0
14563254,0,0
14565824,0,0
14589632,0,0
14789305,0,0
14789630,0,0
14968600,0,0
15011000,615972.86,48215.57999999999
15012000,568578.45,53318.79
15019000,5949877.58,492403.8300000001
15020000,0,0
15020011,48.9,0
15021010,0,0
15021011,5922343.08,506855.3499999998
15021012,25247.54,0
15021019,11403.43,1904.04
15021090,168136.49,68.30000000000001
15029000,561618.46,1976.19
15030000,687670.7,62126.26
15041011,1431,0
15041019,26104.98,45.27999999999999
15041090,604,5.78
15042000,183816.78,6842.070000000001
15043000,77.97,0
15050010,2794.11,239.61
15050090,440,0
15060000,14322786.45,1400679.53
15071000,216661279.56,20917574.5
15079010,23035.85,691.7800000000001
15079011,28132549.96000002,469150.2300000001
15079019,3456016.79,212409.76
15079029,0,0
15079090,10039690.49,637974.43
15081000,5380.190000000001,26
15089000,177.25,0
15091000,42157.05999999998,2859.09
15092000,2099314.879999999,94579.79
15093000,74540.12,1212.68
15094000,45793.30999999999,7005.339999999998
15099010,91168.77,1866.03
15099090,478940.22,14986.61
15100000,1210.92,134.29
15101000,4232.84,0
15109000,1268.99,34.02
15111000,776529.03,139868.5
15112090,0,0
15118020,0,0
15119000,955269.0099999999,1320.01
15121110,14419.24,216.13
15121120,291.26,56.95
15121911,249618,5367.44
15121919,40805.91,1725.86
15121920,716.48,15.65
15122100,4318536.2,154397.58
15122305,0,0
15122910,1618848.69,270950.37
15122990,1533980.72,45280.53999999999
15131100,16400.18,959.7199999999999
15131900,147637.3,7124
15132110,222.5,0
15132119,738518.5399999999,12310.78
15132120,109535.28,11.18
15132911,91.69999999999999,4.8
15132919,149053.24,578.1600000000001
15132920,3164.21,331.62
15141910,72533.87000000001,859.76
15141990,2000.29,0
15149100,100,0
15149910,122.64,0
15149990,29.68,0
15151100,35689.03000000001,1897.88
15151900,41939.20999999999,1432.02
15152100,3893666.959999999,360075.66
15152910,501776.5699999999,12655.57
15152990,51431.85,1502.07
15153000,764468.93,72248.82999999999
15155000,7538.01,548.6
15156000,252989.11,34.95
15159010,6576.87,28.56
15159021,574.6300000000001,6.89
15159022,5340.34,307.7
15159090,422817.11,13545.18
15160090,0,0
15161000,24255410.6,2243782.75
15162000,2786570.31,275700.99
15163000,523.27,144.67
15170000,0,0
15171000,6785334.009999997,301316.41
15179010,166871.2199999999,10617.29
15179090,462802.87,14977.52
15180000,194,0
15180010,226501.6,2821.579999999999
15180090,14690330.51,494217.6800000001
15190090,0,0
15200010,122265.34,19308.85
15200020,40110.31000000001,1495.35
15211000,369280.35,2420.86
15219011,24245.76,1421.1
15219019,20572.74,1791.44
15219090,12446.7,25.89
15220000,1078605.35,28165.56
15252525,0,0
15321561,0,0
15426945,0,0
15454443,0,0
15478547,0,0
15484626,0,0
15486245,0,0
15498451,0,0
15523364,0,0
15810090,0,0
15842385,0,0
15963247,0,0
15987566,0,0
16000000,0,0
16002410,0,0
16010000,36630336.81000002,3704342.57
16011000,0,0
16021000,436630.65,47561.76000000001
16022000,344197.45,367.85
16023100,117305.69,9103.88
16023200,1620.77,1.79
16023210,68980.87,2516.14
16023220,294690.1800000001,19472.44
16023230,542419.3200000001,52285.25000000001
16023290,150592.18,12170.54
16023900,84334.53,887.0799999999999
16024100,868388.61,65507.03999999999
16024200,58977.16,8287.1
16024900,2519422.709999999,296175.32
16024922,0,0
16024999,0,0
16025000,48844981.52000002,300911.85
16026304,0,0
16029000,722494.66,48755.26
16030000,1994.33,46.63
16041100,1248.56,50.14
16041200,174.07,5.57
16041210,0,0
16041310,1797888.28,188246.3
16041390,5922.31,79.71000000000001
16041410,161931.71,14722.15
16041430,3271.070000000001,159.2
16041500,3941.47,605.9
16041600,27511.92,2576.99
16041700,59.9,0
16041800,842.8699999999999,45.51
16041900,2099.09,174.54
16042010,167550.74,17411.97
16042020,8301.319999999996,1064.54
16042030,40635.03999999999,4135.21
16042090,79531.27,4285.040000000001
16043100,5422.82,558
16051000,2162.4,30.96
16052900,71724.38,344.78
16053000,560.6,360
16054000,4075.17,135.35
16055100,1269.98,0
16055200,3941.5,0
16055300,143.38,5.62
16055400,571.22,19.16
16055500,2924.08,26.09
16055700,21420,340
16055900,232.4,3.04
16056100,139.96,0
16056200,1806,0
16056300,105.23,0
16056900,3319.74,472.27
16100000,0,0
16101900,0,0
16251704,0,0
16420000,0,0
16440000,0,0
16720000,0,0
16730100,0,0
16843210,0,0
17011000,0,0
17011100,11512.28,63.72000000000001
17011200,103846.07,2414.23
17011300,2606813.46,16386.87
17011400,11054277.97,948827.7599999999
17013000,0,0
17018300,0,0
17019000,0,0
17019100,45627.00999999999,2609.7
17019900,44507838.65000001,2561871.92
17021100,8703.91,209.86
17021900,76656.15000000001,1270.94
17022000,34321.52,971.85
17023011,70590.45,5953.08
17023019,126358.84,8589.77
17023020,10820.51,1430.38
17024010,931.01,20.4
17024020,3617.32,164.28
17025000,2983.5,119.35
17026010,15233.48,6.21
17026020,3775.46,240.49
17029000,969213.41,202037.68
17031000,6484145.950000001,877788.14
17031020,0,0
17039000,75316.4,7921.760000000004
17041000,283210.28,49629.26999999999
17044902,0,0
17049000,0,0
17049010,224743.2399999999,20373.8
17049020,1278094.309999997,211358.4
17049090,823271.9999999998,146905.19
17049099,0,0
17120000,0,0
17144100,0,0
17181500,0,0
17182100,0,0
17606119,0,0
17897047,0,0
17898040,0,0
18010000,131403.82,1766.73
18020000,787620.36,409.8799999999999
18031000,694.42,0
18032000,632,55.50000000000001
18040000,19931.59,368.18
18050000,66109.49,11841.86
18060000,0,0
18061000,211321.85,28353.57
18061010,0,0
18062000,63168.78999999999,7240.240000000001
18063000,0,0
18063110,522643.5400000001,41408.10000000001
18063120,126367.02,7823.020000000001
18063210,1197253.939999999,119059.52
18063220,106944.58,12036.7
18063810,0,0
18069000,6929800.31,769558.0700000001
18069090,0,0
18080199,0,0
18081000,0,0
18081029,0,0
18096000,0,0
18154879,0,0
18181000,0,0
18223888,0,0
18285124,0,0
18351582,0,0
18359591,0,0
18529895,0,0
18590349,0,0
18592581,0,0
18892000,0,0
18974510,0,0
19011010,772444.4299999999,30668.7
19011020,175826.12,4752.839999999999
19011030,114549.99,10329.23
19011090,1389954.18,27467.56
19011200,0,0
19012000,6423491.179999996,542558.21
19012001,0,0
19012010,1302.76,291.2999999999999
19012090,4594.48,552.8900000000001
19019010,5830.83,441.36
19019020,650858.27,70781.95000000001
19019090,3151741.779999997,430752.37
19020991,0,0
19021000,0,0
19021010,0,0
19021100,3792169.619999997,79005.52999999998
19021110,0,0
19021900,14712208.48000001,231790
19022000,2221885.39,33296.4
19022099,0,0
19023000,1855272.35,33568.23
19024000,73960.66999999998,4381.360000000001
19025000,0,0
19030000,607810.9000000001,58941.71
19035830,0,0
19035928,0,0
19041000,1024896.129999999,102436.12
19041099,0,0
19042000,596775.56,21227.17
19043000,27588.82000000001,4319.179999999999
19049000,4368902.77,33907.56
19049090,0,0
19050000,0,0
19050100,0,0
19051000,735866.02,976.5
19052000,112214.15,307.98
19052010,3621807.560000001,414804.9799999999
19052020,0,0
19052090,2583784.6,122222.35
19053004,0,0
19053010,1076.02,142.24
19053090,917.5,0
19053099,0,0
19053100,9370336.350000007,857154.4700000001
19053200,1939759.409999998,177472.58
19054000,456885.25,28453.4
19058090,0,0
19059000,72703.34,891.8300000000003
19059010,2904482.769999997,137817.3
19059020,1014121.63,74535.04000000002
19059090,22606237.59,814508.17
19059099,0,0
19059258,0,0
19069000,0,0
19080000,0,0
19084294,0,0
19090900,0,0
19091900,0,0
19099090,0,0
19111000,0,0
19174090,0,0
19191000,0,0
19385020,0,0
19531000,0,0
19582519,0,0
19808190,0,0
19850925,0,0
19959010,0,0
20000000,0,0
20000050,0,0
20011000,438376.2400000001,43447.48000000001
20012000,948.6,0
20019000,231053.67,19185.09
20020214,0,0
20021000,644408.45,54068.59
20029000,4311536.819999998,586205.9200000002
20029010,2421.11,383.2100000000001
20029022,0,0
20029090,268984.8200000001,25212.54
20031000,89893.15,19520.79
20039000,22070.02999999999,2394.67
20041000,1409660.47,101521.07
20049000,57761.48,3634.380000000001
20051000,46774.38000000001,4197.79
20052000,9615859.459999999,115478.11
20054000,362396.11,41849.36999999999
20055100,2709726.35,77582.72999999998
20055900,16111.27,402.08
20056000,10324.1,1135.28
20057000,1213918.349999999,140749.88
20058000,17284042.91,307124.64
20059000,63.5,0
20059100,294.12,16.91
20059900,425148.9600000001,53911.63999999999
20060000,4849808.170000001,715348.9299999999
20071000,493788.8599999999,28195.91
20075000,0,0
20079100,39566.49,4312.47
20079900,0,0
20079910,425049.04,44319.45499999999
20079921,71345.85,1064.49
20079922,702,24.02
20079923,48226.00999999999,1503.54
20079924,18465.21,1911.48
20079925,453232.69,138.2
20079926,513.52,12.95
20079927,71607.3,11.85
20079929,1230575.04,6542.57
20079969,0,0
20079990,1755869.469999999,124664.83
20081000,0,0
20081100,2375342.93,185548.22
20081900,474250.2700000001,44352.19
20082010,48901.69,3093.26
20082090,99442.19,6445.45
20083000,49411.27,4897.91
20084010,26.28,0
20084090,4319.440000000001,41.17
20085000,4881.389999999999,478.1200000000001
20086010,31849.62,3333.49
20086090,5917.690000000001,439.2
20087010,572686.61,67590.29
20087020,1737.34,79.46999999999998
20087090,49203.74999999999,5647.500000000001
20088000,19839.32,1577.05
20089000,0,0
20089100,686158.7699999998,74965.42
20089290,90,0
20089300,2068.86,29.43
20089710,99127.76000000001,1202.93
20089790,37483.87999999998,3656.560000000001
20089900,1142402.22,96341.90999999999
20091000,0,0
20091100,19174.17,1763.87
20091200,320715.6199999999,7869.51
20091900,518114.29,34624.77
20092023,0,0
20092100,2457.4,15.92
20092900,38.48999999999999,2.11
20093100,23376.01,3729.019999999999
20093900,12791.98,1316.87
20094000,87,8.89
20094100,1112.53,47.81
20094900,6709.79,164.41
20095000,18438.68,1637.640000000001
20096100,859930.3299999996,90010.31999999999
20096900,175429.56,16615.73
20097100,29279.73999999999,3111.159999999999
20097900,1226.64,233.48
20098000,5385.08,505.7
20098100,15106.03,1735.01
20098890,0,0
20098900,30584.4,2.93
20098910,98.93,0.41
20098911,2348.94,19.2
20098912,2919.07,17.31
20098913,86646.02000000002,635.12
20098919,9313.73,361.23
20098921,168375.3400000001,15983.17
20098922,3218.64,482.25
20098990,598236.0299999999,68973.91
20099000,231474.6,31231.12
20099010,0,0
20102000,0,0
20105040,0,0
20120100,0,0
20120101,0,0
20130000,0,0
20140014,0,0
20150040,0,0
20171001,0,0
20230000,0,0
20230032,0,0
20251325,0,0
20261100,0,0
20289019,0,0
20303901,0,0
20315647,0,0
20319000,0,0
20353100,0,0
20390210,0,0
20390840,0,0
20412231,0,0
20435011,0,0
20504020,0,0
20550003,0,0
20630000,0,0
20710010,0,0
20712000,0,0
20713000,0,0
20714000,0,0
20823762,0,0
21001163,0,0
21011110,1921385.23,34029.93999999999
21011111,0,0
21011190,2113545.089999999,3824.58
21011200,914975.1799999999,29496.87
21012010,98069.98999999999,8983.55
21012020,15594.61,1465.39
21013000,1483.89,107.26
21019000,0,0
21020000,0,0
21021000,103.5,0
21021010,4759.109999999998,694.22
21021090,5704901.81,774064.9599999998
21022000,11067903.21,833088.32
21023000,1864044.779999997,411408.24
21025400,0,0
21031010,131836.5,19246.15
21031090,109947.72,23695.62999999999
21032000,0,0
21032001,0,0
21032010,2238638.249999998,237606.22
21032090,350155.2,56177.7
21033002,0,0
21033010,118.71,8.86
21033021,183818.73,21992.09
21033029,32373.54,4606.419999999999
21039000,0,0
21039001,0,0
21039002,0,0
21039010,0,0
21039011,2259266.989999997,300720.2000000001
21039019,505569.21,78102.84000000003
21039020,0,0
21039021,5543789.749999999,671611.0999999999
21039029,557377.54,90097.3
21039091,566517.0800000001,52580.15
21039099,109350.86,18515.3
21041010,0,0
21041011,623694.3299999998,128931.25
21041019,223501.05,47767.18000000001
21041020,0,0
21041021,46349.05,7406.51
21041029,247377.82,1352.93
21042000,1637809.1,4032.809999999999
21050000,0,0
21050010,1051278.889999999,51985.34
21050090,267194.11,2799.73
21060929,0,0
21061000,33759862.64,6201712.93
21066909,0,0
21069000,0,0
21069001,0,0
21069005,0,0
21069009,0,0
21069010,8558509.520000009,1642938.47
21069011,0,0
21069020,0,0
21069021,46434.07000000001,8549.660000000002
21069026,0,0
21069029,23342432.10000001,232812.0300000001
21069030,15077837.47,1080916.57
21069040,11447.07,225.21
21069050,285497.48,56878.21000000001
21069060,183924.77,9573.119999999999
21069070,0,0
21069090,218381599.41,5556359.1086
21069091,0,0
21090040,0,0
21099010,0,0
21101931,0,0
21101932,0,0
21141010,0,0
21149000,0,0
21171000,0,0
21190000,0,0
21212121,0,0
21222333,0,0
21224454,0,0
21269090,0,0
21309190,0,0
21312236,0,0
21350412,0,0
21450201,0,0
21456757,0,0
21490070,0,0
21500035,0,0
21501011,0,0
21545645,0,0
21550000,0,0
21609029,0,0
21609030,0,0
21901314,0,0
21969090,0,0
22004499,0,0
22005826,0,0
22010000,0,0
22010002,0,0
22011000,9520326.530000001,155639.06
22011003,0,0
22011013,0,0
22011100,0,0
22014120,0,0
22019000,9743951.68,793989
22020900,0,0
22021000,16989305.89000002,343174.92
22021001,0,0
22021004,0,0
22022000,0,0
22022100,0,0
22022990,0,0
22029000,14174.23,390.3
22029001,0,0
22029090,0,0
22029100,453410.3699999999,4339.900000000001
22029900,3717945.039999994,162361.0216
22030000,33820460.18000001,743143.2200000001
22041000,0,0
22041010,3390868.970000001,393018.9300000001
22041090,1408074.66,151481.11
22041099,0,0
22042100,21093575.38,2646666.120000001
22042200,0,0
22042211,148396.33,13577.82
22042219,18885.26,59.79
22042220,1525.87,141.36
22042400,0,0
22042910,488295.3,25141.54
22042919,14,7
22042920,265.34,3.01
22043000,122697.3,15573.49
22049000,0,0
22051000,76450.26000000001,5671.610000000001
22052100,0,0
22057000,0,0
22059000,24419.81,404.05
22060010,189216.93,23246.24
22060090,894339.9899999999,97563.28000000001
22069000,0,0
22071000,96286.45,12825.74
22071099,0,0
22072000,0,0
22072010,3048.24,189.28
22072019,3502646.910000001,41022.9
22072020,115813.39,4310.86
22072090,0,0
22079900,0,0
22082000,65246.41999999999,7353.999999999999
22083000,0,0
22083010,19341.82,890.23
22083020,3680170.12,386814.03
22083090,37670.48,3111.72
22084000,1053211.57,102243.35
22084400,0,0
22085000,359612.44,35328.9
22086000,367621.3099999999,35618.05
22087000,430027.7,38195.7
22089000,1305389.07,93894.48999999998
22090000,1593055.529999997,244131.36
22099000,0,0
22101000,0,0
22110000,0,0
22145444,0,0
22150502,0,0
22158100,0,0
22220130,0,0
22222222,0,0
22235020,0,0
22251000,0,0
22351214,0,0
22358211,0,0
22368455,0,0
22456566,0,0
22541882,0,0
22553304,0,0
22588577,0,0
22654411,0,0
22700061,0,0
23002589,0,0
23009010,0,0
23011000,0,0
23011010,242219209.3,18016123.17
23011090,140249318.2,13117654.78
23012010,2987640.25,267870.1900000001
23012090,59470.2,4300.53
23013000,0,0
23019010,0,0
23021000,527267290.6800001,37709909.34
23021021,0,0
23022001,0,0
23022010,1475,85.34
23022090,91836.4,13593.58
23023010,161596855.21,13922815.24
23023090,9396248.770000001,374427.05
23024000,121346144.2,9549542.83
23025000,121796015.55,5807056.74
23029010,0,0
23030000,0,0
23031000,6874157.050000001,389008.4399999999
23032000,73461774.86,6950222.899999999
23033000,95787418.61,4633536.210000001
23033030,0,0
23039010,0,0
23040010,1945456953.84,58850658.49000001
23040090,3893475825.490001,125890569.32
23040091,0,0
23050000,42579618.03,4148735.379999999
23061000,898100486.5400002,28342348.16
23062000,7808.900000000001,524.13
23063010,11521973.16,313301.1
23063090,29740215.72,797058.6199999999
23064100,6110535.549999999,5764.82
23064900,93633.94,6.380000000000001
23065000,104574.03,308.8699999999999
23066000,3949181.39,283711.22
23069010,38187679.71,1325837.55
23069090,1111863314.21,14097768.07
23070000,2724.1,4.27
23080000,277429364.54,26253937.44000001
23081020,0,0
23090185,0,0
23090909,0,0
23091000,14823518.48,896135.0900000001
23091010,0,0
23093030,0,0
23099002,0,0
23099003,0,0
23099005,0,0
23099006,0,0
23099010,4272155873.590001,215244327.44
23099020,282252906.78,19407857.233
23099030,6237826.62,45275.34
23099040,5735561.109999999,493029.85
23099050,10710706.55,141930.13
23099060,733613.5699999998,29362.37
23099090,4919419376.52,319083795.891
23099100,0,0
23099290,0,0
23100000,0,0
23114455,0,0
23182900,0,0
23232323,0,0
23232333,0,0
23300000,0,0
23399030,0,0
23569810,0,0
23569846,0,0
23569874,0,0
23609901,0,0
23620120,0,0
23652145,0,0
23655456,0,0
23656556,0,0
23851935,0,0
23900910,0,0
23909010,0,0
24011000,0,0
24011010,728.3700000000001,7.48
24011020,18972.08000000001,1731.96
24011030,266.84,0
24011040,216,0
24011090,10324.93,28.37
24012010,103.22,0
24012020,24.76,0
24012030,180.5,100
24012090,111.38,20.9
24013000,496,0
24021000,222584.04,661.05
24022000,4419319.78,159062.22
24029000,8671.02,44.58
24031000,244,0
24031100,22201.68,1288.34
24031900,281527.48,12158.37
24039100,39983.56,2042.88
24039910,3651.260000000001,247
24039990,9851.470000000001,94.09
24041100,17101.5,239.84
24041200,93467.49,158.55
24048682,0,0
24049100,5760.649999999996,210.5300000000001
24049200,1629.42,207.91
24049900,1345.69,150.97
24089476,0,0
24101932,0,0
24102424,0,0
24150000,0,0
24212990,0,0
24252990,0,0
24420000,0,0
24452564,0,0
24897143,0,0
25000400,0,0
25005100,0,0
25010000,0,0
25010011,42286464.47000001,2928771.88
25010019,12528285.01,1532262.33
25010020,8052136.810000001,827230.97
25010079,0,0
25010090,37051853.3,3119865.92
25011000,0,0
25012000,0,0
25020000,68938.04,141.56
25021000,0,0
25030010,6677467.310000001,348450.48
25030080,0,0
25030090,393262177.27,9125079.899999997
25039090,0,0
25041000,50990478.34,9123431.619999997
25049000,250869.26,30859.06
25050000,0,0
25051000,69197821.8,2065729.249999999
25051390,0,0
25054000,0,0
25059000,108376881.32,5235940.349999999
25059001,0,0
25059002,0,0
25059003,0,0
25059099,0,0
25059900,0,0
25061000,1381998.2,16990.11
25061200,0,0
25062000,4415853.4,133982.07
25069190,0,0
25070000,0,0
25070010,21384713.59,3196800.91
25070090,4156332.13,375701.4699999999
25081000,8680012.459999999,745019.68
25083000,406995.48,51590.7
25084010,28414.72,746.6600000000001
25084090,430112.6099999999,28944.54
25086000,4021,37.27
25087000,176278.32,10004.493
25089000,0,0
25090000,133152.12,7578.780000000001
25090090,0,0
25099000,0,0
25101010,45865701.54,1151907.45
25101090,35694762.98,817194.2000000002
25101249,0,0
25102010,108473837.19,2876343.66
25102090,58636108.04,2098352.6
25106137,0,0
25111000,5474.639999999999,169.89
25120000,79367056.38000001,3230757.779999999
25123648,0,0
25130000,0,0
25131000,241212.83,18705.80999999999
25131100,750,0
25132000,34032.62,2599.71
25132500,0,0
25140000,2178579.78,45983.98000000001
25141000,0,0
25144444,0,0
25146985,0,0
25151100,513289.1,4829.550000000001
25151210,3111403.6,78013.58
25151220,4724247.83,335025.86
25152000,2399501.78,78093.97
25161100,2395359.41,90027.25000000003
25161200,7340065.759999999,190718.89
25162000,799532.0400000002,18398.05
25169000,6784480.609999999,401092.1699999999
25171000,340723265.59,22729588.3613
25171002,0,0
25171004,0,0
25171090,0,0
25171099,0,0
25172000,500030.21,19813.42
25173000,460.57,0
25174100,368014.02,1224.93
25174900,276435931.54,4243935.989999999
25181000,2647524041.6,17627287.17000001
25182000,486543649.15,4910354.220000001
25183000,3707,454.2900000000001
25191000,82258627.58,43054.67000000001
25199010,2570.16,33.99
25199090,21568513.37,689658.49
25201011,5350905.840000002,191482.77
25201019,69058435.24999999,1947060.48
25201020,58,7.16
25202000,0,0
25202010,419315.75,77525.69
25202090,692365151.8199998,9476512.919999998
25210000,1141797350.11,9641682.3
25221000,58390338.77,2625779.29
25222000,15627328.42,1236912.29
25223000,17311412.36,1124696.88
25231000,484736.3400000001,4229.209999999999
25232100,1658560.62,55151.62
25232901,0,0
25232910,542535842.2199999,37637528.52990001
25232911,0,0
25232990,31921617.46,1445283.1
25233000,142890.49,1764.08
25233910,0,0
25236788,0,0
25239000,45862.12,1612.4
25239010,0,0
25239100,0,0
25241000,2522.8,0
25249000,739.1999999999999,13.6
25251000,159.99,0
25252000,283884.1299999999,44043.67999999998
25253000,329557.1,95.36000000000001
25261000,16959.89,470.84
25262000,2099794.34,246119.51
25280000,108805425.21,4107167.77
25291000,55363.55,4800.97
25292100,358.61,60.69
25292200,1608.54,0
25301010,657.57,0
25301090,3096416.120000001,100509.28
25302000,885963.62,15049.01
25309010,21627.6,0
25309020,1302387.17,74807.81000000003
25309030,6433.7,153.64
25309040,61202.66,647.5899999999999
25309090,186116783.28,1418874.59
25320101,0,0
25325200,0,0
25410200,0,0
25412005,0,0
25412010,0,0
25416631,0,0
25544125,0,0
25548985,0,0
25595959,0,0
25600045,0,0
25619842,0,0
25632010,0,0
25632563,0,0
25698741,0,0
25698744,0,0
25700210,0,0
25808025,0,0
25845669,0,0
25865410,0,0
25870000,0,0
25912090,0,0
25934000,0,0
25990314,0,0
26011100,153965.88,1888.43
26011210,446927.5,150.6
26011290,1086395.02,38241.51
26012000,589.7,0
26020010,164058.7,62.91
26020090,3098,170.86
26030010,593339.8,54874.01999999999
26030090,2402.61,0
26040000,376.63,0
26050000,43662,0
26060011,39477.5,0
26060012,27551.4,4458.150000000001
26060090,8636.05,88.86000000000001
26070000,970.5799999999999,111.23
26080010,22.5,0.39
26080090,5515271.81,687242.4900000001
26082000,0,0
26090000,190,0
26100090,876.37,9.82
26121000,460.45,0
26131090,21.48,0
26140090,782.75,0
26151020,67103.53,0
26161000,178.9,0
26169000,2035,0
26171000,56879.9,335.05
26179000,116409.86,7194.43
26180000,133248.26,6501.359999999999
26190000,62193.54,4382.23
26201100,1117437.29,86256.13999999998
26201900,8424.69,45.01
26202100,970.02,4.1
26202900,1026,0
26203000,276.09,26.84
26204000,1107199.29,233.51
26209100,40,2.92
26209990,445611.7,90472.93000000001
26211000,18.5,0
26219010,224781.48,26121.58
26219090,1399171.96,102884.14
26289011,0,0
26323122,0,0
27000000,0,0
27001992,0,0
27010193,0,0
27011100,28373.96,4095.16
27011200,3606.13,541.8
27011249,0,0
27011900,576,20.23
27011932,0,0
27012000,67346.32,183.25
27021000,2235212.23,54154.21999999999
27030000,11390925.68,901145.8400000001
27032310,0,0
27040011,10,0
27040012,12743,1298.17
27040090,6232.440000000001,9.93
27050000,179979.19,6788.17
27052221,0,0
27060000,338051.26,39421.52
27071000,16008.37,1046.25
27072000,37347.55,6079
27073000,3102.36,579.57
27074000,224.34,42.51000000000001
27075000,147289,3424.51
27075010,56727.39,4345.63
27075090,1067426.11,142475.37
27079100,28234.34,0
27079900,319.76,67.97
27079910,178.91,0
27079990,713729.2200000002,121648.55
27081000,7879.940000000001,821.7400000000001
27082000,166.6,30.29
27090000,0,0
27090010,371018.36,15277.26
27090090,35884.87,2028.77
27100000,0,0
27100002,0,0
27100011,21.66,4.470000000000001
27100029,264.5,27.97
27100031,91.80000000000001,10.92
27100032,0,0
27100039,1209.98,0
27100041,1730,0
27100042,152,3.74
27100049,8134.67,1635.83
27100060,0,0
27100061,20389.48,1240.05
27100062,83523.06000000001,86.97
27100092,949.72,6.290000000000001
27100093,17222,2000.6
27100099,49006.36,72.7
27100132,0,0
27100193,0,0
27100932,0,0
27101093,0,0
27101110,82.25,7.09
27101129,351.8,37.79
27101130,3704.9,194.08
27101149,4846.05,0.56
27101151,17,0
27101159,483219.4199999999,2247.39
27101190,915.3999999999999,88.81
27101193,0,0
27101210,90637.82,892.4100000000001
27101221,13521.33,748.43
27101229,1743627.13,351466.7799999999
27101230,3063118.15,434361.5600000001
27101241,42889.19000000001,52.7
27101249,930374.7999999999,118457.69
27101260,49576.98,4865.12
27101280,0,0
27101290,389683.9,43577.54
27101492,0,0
27101900,0,0
27101910,0,0
27101912,0,0
27101918,0,0
27101919,2071447.49,129186.83
27101920,0,0
27101923,0,0
27101929,5285311.710000001,46349.52999999999
27101930,0,0
27101931,16374062.61,892618.73
27101932,1753306431.799999,142210214.4950001
27101934,0,0
27101982,0,0
27101989,0,0
27101990,0,0
27101991,1222052.24,115220.75
27101992,14349117.5,1377261.96
27101993,660151.8099999999,13742.42
27101994,6306.74,0
27101999,38496309.8,2244337.18
27102000,3755894.720000001,225925.22
27102090,0,0
27102359,0,0
27103219,0,0
27103932,0,0
27109100,98081.49,7070.589999999998
27109320,0,0
27109900,1245403.01,62521.27
27111210,12364.16,149.82
27111290,9590.41,154.83
27111300,302665.23,22590.24
27111400,3586.8,150.34
27111921,0,0
27111990,465803.94,2290.29
27112910,31621.9,882.4300000000001
27119320,0,0
27121000,282308.53,23609.03
27122000,17213.81,2759.35
27129000,572790.23,57562.12999999999
27131100,26119.99,0
27131200,382.32,0
27132000,4074846.9,810832.39
27139000,17455.27,181.47
27141000,380871.0499999999,54725.59
27149000,761685.69,108292.38
27150000,28713788.06000001,3584110.709999999
27155000,0,0
27160000,10428615.34,1566669.49
27171002,0,0
27182199,0,0
27193232,0,0
27951352,0,0
28011000,962861.1999999998,63988.9
28012010,29170.32,180
28012090,496751.32,42029.4
28012100,0,0
28013000,1023.01,1.24
28020000,561660.07,11182.69
28030011,81942.6,48.29
28030019,4518.52,273.21
28030090,32805.64,1593.97
28035394,0,0
28036000,0,0
28041000,1193235.92,28052.81
28042100,3828331.879999999,314957.27
28042900,0,0
28042910,11470.4,1099.15
28042990,3807306.12,298543.8300000001
28043000,12603520.27,282162.5100000001
28044000,6712361.48,514279.5
28045000,11538.92,154.33
28046100,3601.93,659.75
28046900,221366.62,32701.7
28047010,49.7,12.2
28047020,7.6,0.17
28047030,438.7,43.09
28048000,11015.15,742.52
28049000,4259.68,67.78
28051100,180679.45,477.36
28051200,32483.05,1631.79
28051920,1598,271.65
28051990,67786.66,1100.62
28053010,19868.73,117.99
28053090,32146.61,14.35
28054000,1700,297.5
28061000,0,0
28061010,42218.55999999999,3874.25
28061020,433766.4400000001,42919.32
28062000,9427.14,1295.07
28070010,294969.69,8832.449999999999
28080010,481761.08,48736.42
28080020,10150.19,140.88
28081000,0,0
28089000,0,0
28089011,0,0
28091000,1341.38,0
28092011,416713.9,24064.91
28092019,3428610.5,246051.24
28092020,95578.8,1630.07
28092030,18446.87,152.24
28092090,15965.9,96.86
28094384,0,0
28100010,16441426.52,925128.28
28100090,2219894.82,94624.3
28110110,0,0
28111100,177449.44,3205.780000000001
28111200,853.5,0
28111910,83624.66,4526.49
28111920,15977,152.96
28111930,1189,13
28111940,42509.46,5843.110000000001
28111990,396015.05,47328.38
28112100,576998.0499999999,58434.51999999999
28112140,0,0
28112210,733273.53,37729.37
28112220,9696.41,1742.59
28112230,45515.89,3833.3
28112290,364130.2499999999,2449.46
28112910,216,0
28112990,233461.1,31957.28
28121021,66,20
28121100,94,17.71
28121300,4.5,0
28121500,701.1,0
28121600,51,0
28121911,40,7.6
28121919,3584.06,34.58
28122010,0,0
28129000,7189,0
28131000,30,15
28139090,2100.7,79.08
28139190,0,0
28141000,368858.39,21424.6
28142000,19478.73,124.53
28151100,1964465.969999999,326747.3500000002
28151200,3323979.8,354108.1200000001
28152000,1073606.44,51567.85000000001
28153000,8946.460000000001,178.35
28161010,81686,6886.11
28161020,3300,0
28164090,16,3.62
28170010,12916768.8,1508866.39
28181010,4466.67,0
28181090,1214380.09,938.1800000000001
28182010,3275.25,25.02
28182090,9772.130000000001,424.91
28183000,1377.99,125.88
28190000,0,0
28191000,1706.98,0
28209010,2332854.28,154610.21
28210111,0,0
28211011,328875.52,21487.36
28211019,3365.360000000001,36.09
28211020,3240,0
28211030,54083.68999999999,2772.92
28211090,79,45
28212000,12.5,0
28219090,0,0
28220010,16152.6,1254.27
28220090,1002,14
28230010,150,0
28230090,11052.6,0
28241000,25270.25,270.04
28249010,37302.89999999999,2445.37
28249090,4908,352.89
28251010,425,14.2
28251020,182.3,0
28252020,30,0
28253090,2969.48,0
28254090,90,0
28255090,122889.5,126.5
28256010,1449,0
28257090,157615,26736.76
28259010,450,0
28259090,20497.72,3991.35
28261200,14422.51,0
28261920,300,0
28261990,1165.05,117.26
28263000,2140.48,85.56
28269010,149,0
28269020,1251.8,46.31
28269090,1599,0
28271000,229988.36,34470.71999999999
28272010,166391.11,17793.58
28272090,4200406.739999999,248415.28
28273110,82688.07,7649.45
28273190,14793862.15,1525766.36
28273200,1508008.4,266361.1
28273300,10,0
28273500,135140,16200
28273910,341968.7600000001,44541.01
28273950,107.5,3.82
28273970,6,0
28273995,1588943.49,42751.73
28273996,271928.52,10156.16
28273997,547.98,44.21
28273998,931976.24,81234.13
28273999,1715445.86,71255.95000000001
28274919,114936.06,8377.419999999998
28274921,1111816.25,152796.04
28274929,269.09,68.67
28275100,9953.25,1359.31
28275900,44065.94,233.1
28276011,595.8000000000001,0
28276012,113908.59,20868.91
28276019,35200,2104.88
28276021,3550,0
28276029,109850,0
28281000,538127.5,69649.27
28283011,0,0
28289001,0,0
28289011,12166983.23,1372582.71
28289019,638689.84,50829.88
28289020,1984981.06,210903.4500000001
28289090,39987.02,5880.209999999999
28289110,0,0
28291100,3634.48,474.1900000000001
28291910,155.78,25.42
28291990,2124.2,11.05
28299011,29.52,4.26
28299012,2.99,0
28299019,285.15,0
28299022,132,0
28299031,70576.84,7339.169999999999
28299032,483213.51,48487.04
28299039,511,0
28299050,12,0
28301010,23.97,0
28309011,178005.18,29819.98
28309013,14146.22,0
28309014,22.9,0
28309016,2338.8,0
28309019,7177.52,7.72
28309020,216995,23736.41
28311011,1455.78,7.5
28311019,191.99,39.38
28311029,4688.91,949.5400000000001
28321010,360373.74,22555.52
28321090,555867.71,4863.67
28322000,22693.75,1039.36
28323010,1111355.73,54469.70999999999
28323020,29320.05,5013.4
28323090,340382.89,4414.279999999999
28331110,190596,6457.05
28331190,1776.27,11.42
28331900,1528235.03,107404.27
28332100,20731932.95,1257015.86
28332200,1063613.04,126685.25
28332400,2111438.49,200668.58
28332510,372655.8199999999,27751.07
28332520,18680716.85,1680018.22
28332600,49321.43,5469.62
28332710,3600,172.8
28332790,157210.62,4569.55
28332940,295908.5,25716.53
28332950,413,44.88
28332960,12740,0
28332970,8625517,549441.74
28332990,33357713.47000001,2620938.910000001
28333000,8018.140000000001,588.3
28334010,3271.84,433.87
28334020,1304.94,204.9
28334090,50567.07,119.2
28341010,136659.81,4517.31
28341090,116122.74,3916.42
28342110,20,0
28342190,353387.09,9858.75
28342910,3647.89,112.28
28342930,7224.33,1064.48
28342990,9550158.36,800078.83
28351011,8861.8,907.7
28351019,10337.46,0
28351021,46.1,0
28351029,2189125.49,162139.42
28352200,24975.33,139.7
28352400,309062.92,21958
28352500,86303269.2,9250001.280000001
28352600,14302575.92,915548.85
28352910,61744.77,1.67
28352920,185,0
28352930,1255619.29,4110.83
28352960,1558,4.21
28352980,3213,112.18
28352990,1967435.9,76665.68
28353110,220640.07,13229.47
28353190,7272.22,719.53
28353910,61532.93,8015.329999999998
28353930,3613.57,681.1200000000001
28353943,0,0
28353990,60352.84,5149.04
28359485,0,0
28360010,0,0
28361000,14.95,0
28362010,801891.1599999999,68409.81
28362020,0,0
28362090,20657.74,1375.28
28363000,33648205.91,3506926.14
28364000,2284143.19,257673.5
28365000,25042877.79,1336189.39
28366090,3203.8,0
28369200,19622.8,605.2
28369911,216.5,0
28369912,430,430
28369913,9949.62,2053.34
28369919,337779.72,12717.2
28369920,14236.47,1437.69
28371912,3398,0
28371915,5580,0
28371919,64053,0
28372011,18873.18,70
28372012,37799.8,0
28372019,11223.35,0
28372021,16,8
28372022,3945.36,61.27000000000001
28372023,919,0
28372029,1860.9,25.2
28391000,0,0
28391100,35772.76,3343.97
28391900,184334.79,9549.2
28399010,45040.2,1856.14
28399020,186576.03,8318.109999999999
28399040,97.87,2.44
28399050,94944.63,9318.489999999998
28399090,740972.19,33195.12
28401100,121210,8556.95
28401900,9122805.629999999,741913.1
28402000,26687370.58,1997676.42
28403000,304710.21,25910.03
28409913,0,0
28411030,253.6,0
28413000,24214.21,1208.24
28415011,1570,0
28415014,840,103.62
28415015,199.8,0
28415019,5500,0
28415020,780,0
28416100,20758.63,2789.92
28416920,1811.3,12.91
28417010,160,0
28417020,9328090.6,459159.53
28417090,1172105.73,88548.34
28418010,18500,0
28418020,88,0
28418090,35,0
28419011,63,0
28419013,22413.08,5.9
28419015,35,5.95
28419021,32,6.92
28419022,67800,0
28419029,2932.29,0
28419030,288,0
28419041,65,11.05
28419050,171.46,2.95
28419060,128.4,0.12
28419070,7400.31,1346.07
28419080,0,0
28419081,45133.45,9232.64
28419082,280,0
28419089,17656.9,0
28419090,40538.56,215.99
28421000,753,0
28421010,48420.27,3745.01
28421090,14604.73,1198.06
28429000,1654766.43,78891.04
28431000,452776.94,25494.49
28432100,153028.19,16883.38
28432990,722936.92,42678.94
28433010,24050,0
28433090,168623.82,0
28439011,101725.33,1990.69
28439019,359.28,8.280000000000001
28439030,26823.67,0
28439090,8400.6,31.2
28441000,159.35,0
28442000,3351.04,0
28444030,830,0
28444090,121.06,0
28444100,2160,0
28444200,2930,0
28444310,696,0
28444330,708,0
28444390,6320,1569.68
28445000,7978.82,30
28451000,98051.76,353.85
28452000,199275.84,32847.04
28454000,20,0
28459000,17453.78,23.47
28461010,2380.08,36.72
28461090,5095.280000000001,3.1
28469020,51300,35
28469030,41500,0
28469090,21.04,3.4
28470000,1689692.64,205961.73
28491000,491632.6799999999,50118.50000000001
28492000,38654.39,341.42
28499010,4068548.94,174130.29
28499090,6966.02,1122.04
28500010,19671.65,196.8
28500020,388,0
28500090,1342.9,0
28500901,0,0
28510039,660.27,140.13
28521011,80001.27999999998,277.96
28521019,721,135.01
28521021,2414,378.36
28521022,337.9,0
28521029,1433551.57,40041.87
28528539,0,0
28529000,745491.6199999999,6523.15
28530000,0,0
28530090,9008.57,393.0500000000001
28539011,11982.01,50.34
28539013,400,0
28539019,108865.9,10971.18
28539020,169872.79,0
28539090,439188.76,55106.11
28769837,0,0
28972156,0,0
29011000,277488.82,41436.94000000001
29012100,82233.8,2591.12
29012200,291519.9,30846.6
29012300,14476.57,402.3200000000001
29012410,1099,0
29012420,1222.58,33.73
29012900,6746450.440000001,791281.7300000001
29012901,0,0
29019090,0,0
29020922,0,0
29021000,0,0
29021100,1801711.55,261658.75
29021910,2998268.64,44177.22
29021990,924.1800000000001,22.16
29022000,1378,0
29022990,0,0
29023000,17810.31,4099.789999999999
29024100,33,0
29024300,418.85,0
29024400,168737.79,11018.56
29025000,4261.84,65.05
29027000,198,0
29029020,79814.84000000001,15243.15
29029030,140,0
29029090,297376.9200000001,33744.93
29031110,88792.51,29.63
29031200,50814.01000000001,3510.65
29031300,11961.89,1539.11
29031400,19894,3916.03
29031500,52081.02,70.83000000000001
29031600,88.9,0
29031910,65827.23,1.85
29031920,22770.57,220.34
29031990,953527.29,53839.89999999998
29032100,620,0
29032200,23095.33,3568.76
29032300,56853.12,3624.699999999998
29032900,4715.219999999999,203.42
29032910,4133.020000000002,483.6200000000001
29032990,146610.41,9097.62
29033011,28483.17,0
29033100,38462.02000000002,3424.699999999999
29033911,723956.63,10814.39
29033912,2646,0
29033919,2684.98,240.06
29034100,104317.66,894.9299999999998
29034200,68298.42,8109.960000000001
29034300,184,0
29034400,840.7299999999999,0
29034510,8568333.73,448258.33
29034520,17582.16,122.67
29034600,2622.490000000001,1.08
29034610,0,0
29034700,593.41,18.64
29034800,1266.8,0
29034900,15255.47,694.46
29034911,300,0
29034915,2576,0
29034919,1051.5,110.11
29035100,424.04,0
29035910,96442.03000000001,920.51
29035990,91922.22000000002,74.61
29036200,6358.469999999999,0.31
29036920,529.61,14.36
29036990,77268.85,14320.12
29037100,1932842.53,203326.1
29037200,2464.64,4.38
29037300,1789806.05,110358.77
29037400,200,0
29037500,212.42,74.38
29037600,120,0
29037711,220,0
29037712,10131.86000000001,1720.86
29037713,125,0
29037721,3670.39,34.99
29037722,740,0
29037724,1630,0
29037733,640,0
29037734,253,0
29037735,34.8,0
29037790,396.5,8.75
29037800,153.24,4.55
29037911,1015.25,0
29037912,1502.4,0
29037919,8777.94000000001,1717.4
29037939,252.34,4.33
29037990,632.7800000000001,119.45
29038110,9849.9,1401.81
29038210,1780,0
29038220,117.72,22.43
29038300,10922.24,3.9
29038910,252.01,18
29038990,1585.21,23.17
29039110,3130,0
29039130,4810.94,721.1800000000002
29039220,26526.34,0
29039911,4468.6,0
29039915,23.6,4.51
29039919,2261.5,0
29039931,250,0
29039939,1130,0
29039990,125336.55,88.68
29041011,14679.36,9.25
29041012,544,45.40000000000001
29041019,747.1,0
29041020,12733179.1,497219.2699999999
29041040,68.34,0
29041051,18.46,4.81
29041053,120,0
29042010,45875.12,11198.27
29042020,14.7,0
29042041,7799.81,0.12
29042052,94290.11,85.25999999999999
29042070,190,0
29042090,136.8,0
29043100,2118.89,25.98
29049013,849,3
29049014,570,0
29049015,4695.9,0
29049100,655,0
29049911,15349.9,6.44
29049912,10487.44,24.02
29049913,10363.4,15.77
29049914,680,0
29049916,28073.08,35.38
29049919,2388,130.65
29049929,1899.62,2.58
29049990,6394.5,0
29051100,349174.53,19911.41
29051210,6171.210000000001,1006.85
29051220,533691.8899999999,81858.95
29051300,10830.75,2307.29
29051410,3087.96,218.33
29051420,99.43,0
29051430,99.83,15.3
29051600,141,0
29051710,3183,785.4900000000001
29051720,1388.65,13.11
29051730,240.13,1.31
29051911,3780.97,201.95
29051912,446.63,35.40000000000001
29051919,9883.019999999999,1249.93
29051923,35,0
29051929,22399.38,4549.5
29051991,2470,0
29051992,657.85,0
29051993,205,4.82
29051994,20.8,3.95
29051995,20544.84,209.37
29051996,262.95,35.44
29051999,4193.38,62.57000000000001
29052210,15,15
29052290,7663.25,0
29052910,9017.4,332.38
29052990,19101.4,326.52
29053100,425460.93,47099.80000000002
29053200,887734.32,130400.05
29053910,4229,0
29053930,24904.5,113.81
29053990,20036.4,3503.95
29054100,6913.73,0
29054300,164.9,2.49
29054400,1670.4,1.28
29054500,51967.52,5148.02
29054900,1732396.29,148605.31
29055100,7.96,0
29055990,56829.86999999999,3850.099999999999
29061100,5359.79,73.24999999999999
29061200,30,0
29061300,18499.5,4150
29061910,148,0
29061920,59.52,1.57
29061940,7.49,1.42
29061950,123626.44,6733.37
29062100,346.26,5.33
29062910,5339.32,5.23
29062990,28119.71000000001,5047.559999999998
29069029,0,0
29071100,59529.02,362.98
29071200,4863.190000000001,287.48
29071590,10,10
29071910,448751.48,45798.69
29071920,18.9,4.23
29071990,16,0
29072100,12322.99,2289.69
29072200,5474.17,12.58
29072300,24905.98,6573.3
29072900,20606.35,836.05
29081911,128.2,1.85
29081912,1560,0
29081913,93.73,33.06
29081914,278,0
29081915,30,0
29081916,22,0
29081921,13425.15,0.12
29085035,0,0
29085338,0,0
29085935,0,0
29089200,243.5,0
29089913,22912.78,0
29089919,565,309.41
29089921,173.62,6.390000000000001
29089930,212,0
29089990,1260,0
29090000,0,0
29091100,9739.98,1076.11
29091910,425.6,0
29091990,138654.83,901.38
29093011,1432,0
29093019,4925.15,19.83
29093023,258,0
29093029,462462.51,12957.44
29094100,34245.13,2.18
29094310,67030.22,460.71
29094411,8822.560000000001,1803.64
29094412,7340.620000000002,0
29094419,1158.64,147.07
29094429,2100,76.65
29094922,144,24.14
29094929,964.06,21.8
29094931,55,0
29094939,7817.92,800.8299999999999
29094941,2541.2,20.34
29094949,459.72,37.96
29094950,76804,16160.79
29094990,940,0
29095012,46026.63,7413.77
29095013,2429.5,0
29095019,179.51,0
29095090,389.88,6.29
29096011,431.4,0.15
29096013,15.06,0
29096019,11329.01,584.2200000000001
29096020,12128.45,917.5799999999999
29096090,155298.94,5894.19
29101000,1214.26,2.44
29101249,0,0
29101990,0,0
29103000,110340.74,12852.65
29109090,10269.04,1303.26
29110010,31,2.03
29110090,931.27,0.24
29121100,4290413.740000001,545600.13
29121200,59679.38,1290.41
29121912,1917.47,90.10999999999999
29121919,40.54,40.54
29121922,2939.27,46.74
29121999,52844.45,13452.62
29122920,77,0
29122990,442,68
29124100,53,0
29124910,206,0
29124920,885,0
29124930,298.62,7.5
29124941,115,0
29124949,2588.2,0
29124990,320,320
29125000,177.71,19.03
29126000,569131.31,77714.04000000001
29141100,14185.96,312.85
29141200,43092.49,1360.24
29141300,16390,1300.27
29141910,8730.7,0
29141921,3226.5,20.99
29141929,2124.66,69.30999999999997
29141990,20598.4,3328.66
29142210,157.5,14.57
29142920,27907.76,3.72
29142990,1513.79,213.58
29143100,212.34,26.22
29143990,792.5400000000001,16.01
29144010,1541.15,46.69
29144091,756,0
29144099,55039.63,260.63
29145020,1124032.12,300.22
29146100,336,12.18
29146200,4402.74,216.56
29146920,164,0
29146990,2366.92,152.61
29147029,2079.89,27.79
29147911,19853.23,501.59
29147919,568,0
29147921,291.98,66.24000000000001
29147929,481,0
29147990,5407.84,0
29151100,214687.52,9936.5
29151210,1139093.52,129694.1
29151290,77061.34,1518.21
29151310,123.22,11.39
29151390,568051.77,20296.48
29152100,163892.48,808.73
29152910,51192.56,12593.21
29152990,381755.3,36554.01
29153100,45146,0
29153200,34,0
29153300,3717.2,159.26
29153600,3433.32,119.22
29153910,164.6,0
29153921,411,0
29153929,171816.77,26730.11
29153932,8971.18,1915.149999999999
29153939,4168.12,269.87
29153942,28,2.59
29153955,30,0
29153994,106,0
29153999,360,0
29154020,32,0
29154090,3610,546.08
29155010,38684462.16,2331893.599999999
29155020,250552.77,28448.51000000001
29156011,268804.79,10688.9
29156019,668294.0899999999,62903.07999999999
29156029,220,0
29157019,194.5,7.79
29157031,26.8,4.17
29157039,2263.51,7.28
29157040,552,0
29159010,44,0
29159022,63,0
29159023,50,0
29159024,312.1,0
29159029,809871.6199999999,32316.82999999999
29159031,4374.02,744.55
29159033,48,11.67
29159041,5578.02,820.9199999999998
29159042,3323,463.9299999999999
29159049,10454.99,244.2
29159050,14506.94,286.87
29159060,2887585.22,283807.61
29159090,229336.5,10742.28
29161110,3058.05,214.95
29161120,319.75,0
29161210,18.95,1.75
29161240,595,0
29161410,102556.72,14876.24
29161420,264,0
29161490,1029.9,360.9
29161511,1188.47,201.59
29161519,98560.07999999999,19218.95
29161520,1219030.13,88556.82999999999
29161911,192103.4,42096.56
29161919,2819.96,24.04
29161922,870,0
29161990,70004.77,2433.33
29162011,403.14,30.36
29162014,6194.15,64.83
29162015,447755.3099999999,1008.4
29162019,579.5,0
29163110,18496.82,2402.990000000001
29163121,150256.01,33736.88
29163129,60036.06,11298.25
29163132,1750.25,12.49
29163210,3230.81,231.55
29163910,12025.6,518.1999999999999
29163920,9755,0
29163930,19.99,0
29163990,248492.88,1927.98
29171110,71365.69,6109.85
29171220,482754.16,19998.83
29171323,14003.59,364.09
29171329,10433.64,372.0699999999999
29171400,50,0
29171930,1225047.22,101043.92
29172000,0.75,0.04
29173300,213,0
29173400,71.38,7.99
29173700,24,0
29173911,26831.29,627.3499999999999
29173919,791.06,38.83
29173939,262656.12,3558.850000000001
29173990,255.02,14.45
29174090,0,0
29181100,285219.09,23046.45
29181200,169,13.3
29181310,658.82,11.99
29181400,1693746.73,233801.1
29181500,193987.01,18812.24
29181610,29558.15,2371.41
29181690,1957,10.82
29181929,1717.06,40.79
29181930,793.4,0
29181941,21,3.5
29181942,5000,0
29181943,15,0
29181990,206962.87,30964.82
29182110,95212.01,22866.82
29182120,16.65,0
29182211,100184.23,1567.88
29182219,192.25,0
29182300,1683,229.23
29182910,266.04,0
29182922,9244,1358.09
29182923,71364.88,7171.63
29182929,2205,444.09
29182950,11918.9,209.25
29182990,150,29.51
29183010,2355.88,26.14
29183031,185,0
29183033,23.96,0
29183039,1,0
29183040,200,0
29189093,18526,0
29189100,7674.690000000001,282.45
29189912,1111.49,7
29189930,392,0
29189950,600,0
29189991,14524.35,17.62
29189993,54.11,0
29189994,595,11.9
29189999,2990.2,0
29191000,188.9,0
29199020,78.9,8.399999999999999
29199040,109160.62,2858.23
29199050,71,0
29199060,12,12
29199090,40,3
29201120,1614.1,0
29201910,231.1,12.31
29201920,283.18,26.19
29201990,450,0
29202990,23089.39,343.18
29209013,60,20
29209029,195.22,6.659999999999999
29209032,206.25,19.07
29209039,318.27,0
29209049,57.69,14.5
29209059,7918.679999999999,570.0100000000001
29209090,1239.69,0
29211111,9126.46,12.43
29211121,15,15
29211122,41351.11,0.62
29211129,489,52.08
29211139,3160.2,42.34
29211200,9625,0
29211913,91.53,19.81
29211919,92.3,4.27
29211949,1206,0
29211992,45.6,0
29211999,9820.33,169.34
29212100,5491.389999999999,248.62
29212200,231.83,0
29212910,14.54,3
29212920,12664.06,2459.81
29212990,1919.45,195.57
29213011,14237.5,2940.12
29213019,40653.55,2636.96
29213090,7886.42,1634.64
29214100,3143.309999999999,369.71
29214211,1874.22,59.05
29214221,685,0
29214229,808.04,1.54
29214231,1766.41,0
29214239,410,49.3
29214241,2500,0
29214249,20,0
29214290,61.2,2.24
29214311,4352.330000000001,590.0199999999998
29214319,66427.04000000001,0
29214321,462.79,37.13
29214323,197.8,0
29214329,12628.24,0
29214422,8853,11
29214500,21244.15,10.24
29214650,71.88,0
29214690,570,570
29214921,781.06,0
29214922,576,0
29214931,24,0
29214990,47185.13,134.6
29215111,1491.99,0
29215139,2414,216.85
29215190,69346,2938.26
29215911,707.36,27.49
29215919,16317.55,3.7
29215921,80,0
29215929,261,0
29215931,206,76
29215939,20,1.85
29215990,11150.7,815.7500000000001
29221100,269749.1,40165.11
29221200,12,0
29221400,265.51,69.69999999999999
29221500,7387.5,16.33
29221800,16497,0
29221911,120,0
29221912,12315.56,0
29221913,74685.77,6176.77
29221919,1067.65,5.25
29221921,265.83,26.82
29221931,359.8,0
29221939,2607.9,0
29221941,62.51,0
29221951,70.36,5.1
29221959,85544.26,0
29221979,190.37,6.49
29221981,129.71,0
29221989,3061,0
29221991,11438.52,0.09000000000000001
29221992,60,5.55
29221993,2124.2,51.77
29221996,17.5,0
29221999,510.4,36.55
29222919,13895.29,0
29222990,134.04,12.4
29223921,432,0
29224110,32037713.33,2660968.07
29224190,99892567.97999999,10814647.84
29224220,130646.79,25948.02
29224910,149732.2,9635.400000000001
29224920,6479367.23,230379.87
29224940,6943,0
29224951,140,0
29224959,1263.41,0
29224961,71.39,0
29224962,944,0
29224963,18,0
29224964,3235,3353.08
29224990,23123367.04,1624204.45
29225019,145,0
29225029,212168.5,0
29225039,529.6,11.09
29225099,43411378.98999999,1355542.24
29229000,0,0
29231000,939686.77,27438.72
29232000,827265.3500000001,51170.95
29233000,329.99,0
29239010,3898139.99,15483.25
29239020,778.0800000000002,143.45
29239030,424.42,45.53
29239040,960.4,43.8
29239050,314402.83,48637.36000000001
29239090,990417.47,63901.11
29241911,6589,0.04
29241919,522.25,136.69
29241922,3070.96,365.47
29241931,2017.64,0
29241939,5967.26,304.67
29241992,32.7,0
29241993,717.5899999999999,32.4
29241994,13713.48,2764.97
29241999,7991.400000000001,977.2399999999999
29242119,46,0
29242120,1014830.33,101627.18
29242190,44656,0
29242912,3140,0
29242913,9,0
29242914,4022.69,50.7
29242915,1800.76,0
29242919,26,0
29242931,222,12.16
29242932,10541.7,251.8699999999999
29242939,1831.67,0
29242943,20,3.6
29242946,4611.19,141.75
29242949,81477.32,0
29242952,831.0899999999999,130.19
29242959,622.95,0
29242962,15,2.85
29242963,34.5,0
29242969,146,0
29242992,281815.68,273.6
29242993,20984.6,6.87
29242994,3830,0
29242995,4591.27,66.4
29242996,2113.78,16.8
29242999,4960.09,573.41
29251100,27717.33,5400.4
29251910,220,220
29251990,156921.88,706.8000000000001
29252100,1248341.34,16566.17
29252900,0,0
29252911,377,0
29252919,412111.64,19061.59
29252923,24363.11,4183.03
29252929,964360.79,68367.86000000002
29252930,13794.75,54.39
29252950,174199.56,19333.39
29252990,107868.79,11245.44
29259090,0,0
29261000,60.35,0.57
29262000,27534.2,3.89
29263020,213,213
29264000,92.9,0
29269011,68.97,0
29269021,1145.18,0
29269022,72935,0
29269023,2148178.14,2414.23
29269024,87312.81,16673.91
29269026,351078.38,16933.9
29269029,137.9,0
29269090,0,0
29269091,173,0
29269093,8292.4,0
29269095,2350799.7,5583.789999999999
29269096,216.95,42.02
29269099,16881.25,80.31
29270010,29.5,0
29270029,486978.75,32689.87
29280019,248.38,0
29280030,3397.4,0
29280042,2341.23,103.19
29280090,132.9,0
29291010,176644.77,23417.41
29291021,54578.77,2310.02
29291029,83991.5,9627.77
29291030,205183.9,9577.69
29291090,281913.7099999999,44290.16
29299012,2231.7,0
29299019,305.89,0
29299021,1302,0
29299029,772.0400000000001,0
29299090,22375.57,2593.44
29301000,5531.280000000001,25.73
29302011,130,0
29302012,121828.34,0
29302021,1765.06,70.22
29302022,469215.99,76890.17000000001
29302024,225,0
29302029,10318.3,0
29303011,388,0
29303012,3550,0
29303019,1028.82,101.05
29303021,57308.54,0
29303029,7947.71,49.81
29304010,11957895.55,442746.9699999999
29304090,83832227.16,2712128.83
29306000,29384.85,0
29308020,365,0
29309011,14695.24,1697.29
29309012,1096.78,14.79
29309013,70,0
29309019,194417.41,37485.79
29309022,863196.02,0
29309023,553.22,15.24
29309029,98.6,0
29309031,239222.3499999999,9245.380000000001
29309032,444,0
29309033,131,0
29309034,22134536.48,2257561.48
29309035,5167159.9,8029.8
29309039,21495.58,141.79
29309041,52603.78999999999,2777.38
29309043,2151.7,0
29309049,83.7,14.22
29309052,20,0
29309059,162.99,5.3
29309061,1646807.89,466.53
29309069,9.24,0
29309072,3031.11,0
29309079,1332,23.7
29309084,74388.07,646.91
29309085,57006.32,7.69
29309086,32169.55,308.01
29309087,7851.3,0.29
29309088,3148,0
29309089,76,0
29309091,1704.6,67.53
29309095,82.9,34.9
29309097,6009.75,0.36
29309099,8731.460000000001,515.86
29310029,49,0
29310035,624292,3005.76
29310039,420,0
29310090,1104.7,0
29311000,6524.650000000001,1033.94
29313500,950,0
29313912,2208.2,185
29313999,219.29,15.91
29314100,15939.5,0
29314400,1368,14.13
29314500,1571984,346206.59
29314600,503,0
29314800,463.1,74.86
29314914,7620.33,182.05
29314915,30000,0
29314916,95,0
29314990,12727.58,1368.19
29315300,14242.1,0
29315400,440,0
29315911,22.2,0
29315912,450,0
29315999,37594.58,988.84
29319021,120,0
29319029,32813.2,1448.54
29319032,341164,0
29319035,12887.46,95.46
29319045,69.6,30
29319049,125.89,29.79
29319052,2336,2.04
29319059,649.3000000000001,127.85
29319069,2046,328.1800000000001
29319090,14856.28,726.77
29321100,13668.4,1269.35
29321200,889.2,200
29321310,140.79,0
29321400,77,0
29321910,19.6,0
29321950,322,15
29321990,115541.74,10094.91
29322000,398849.6200000001,15307.2
29322930,40,0
29322931,1164,0
29322932,7500.6,0
29322990,35.88,0
29329100,45,0
29329200,62369.7,674.58
29329300,30,0
29329400,61.96,0
29329600,1719.13,0
29329911,4555270.37,234562.34
29329912,740,0
29329913,50.2,0
29329921,2547.8,19.35
29329922,18,1.17
29329992,88267.56,24.48
29329994,15998.98,0
29329999,136004.21,946.87
29331111,68897.56,3611.8
29331112,78,6.300000000000001
29331119,23910.6,2325.77
29331120,2104.82,0
29331911,251.75,0
29331919,1139.65,2.01
29331990,26078.71,0
29332121,3248.099999999999,112.76
29332129,1188.16,70.76
29332190,34.13,0
29332911,91.45,0
29332912,250,0
29332919,18.51,0
29332929,2059,412.41
29332930,2240,0
29332991,206.17,0
29332993,27.22,0
29332994,9338.89,9.2
29332995,9911.35,18.69
29332999,52686.82,430.1
29333120,335199.5,31004.09
29333200,197.5,0
29333319,607.3,0
29333322,218865.23,2039.55
29333329,20,0
29333349,49.2,0
29333352,550.9300000000001,0
29333359,80,60
29333372,70,0
29333379,1584.09,21.08
29333381,735,0
29333382,32,0
29333389,842463.4,91861.27999999998
29333392,12,0
29333393,230,0
29333400,433.8099999999999,75.25
29333663,0,0
29333913,3317.99,0
29333914,86.4,5.5
29333915,1910.08,0
29333919,204989,0
29333921,262782.38,7477.02
29333922,504497.62,2534.17
29333923,26.98,0
29333924,500,0
29333925,24588.25,3.35
29333929,592593.8200000001,672
29333933,680,680
29333935,26516,0
29333937,630.8,0
29333939,18727.68,4531.129999999999
29333943,75850,0
29333946,18314.21,963.2599999999999
29333949,393.09,0
29333981,1365.82,69.9
29333983,56719.2,0
29333991,1083,170
29333992,16900,2644.85
29333993,1780.2,0
29333994,885.48,0
29333999,98338.43000000001,10349.61
29334110,336.72,0
29334913,20,1.9
29334919,75.6,0
29334930,18.6,0
29334990,8855.12,451.4900000000001
29335200,1386,34.56
29335323,47815.54,4423.549999999999
29335340,16459.04,55.76
29335350,892299.75,0
29335400,212.4,0
29335510,229,0
29335520,894.5999999999999,0
29335530,300,0
29335540,72,0
29335912,8759.35,1019.21
29335914,749.39,0
29335915,102955.75,2864.45
29335917,300,0
29335919,77076.81999999999,1321.26
29335932,16659.81,94.75999999999999
29335934,83.98,83.98
29335935,4600.43,187.46
29335939,3450,0
29335941,30664.35,658.78
29335944,189.08,0.5
29335945,87.38,0
29335949,9189.7,459.73
29335991,6826.83,7.85
29335992,6400.5,0
29335999,33178.55,7223.78
29336100,875.6700000000001,26.34
29336900,0,0
29336911,260398.8800000001,1553.15
29336912,216,0
29336913,1314565.45,14824.15
29336916,114.69,30.66
29336919,2272342.05,175128.9
29336923,84080,0
29336929,5550.32,764.3500000000001
29336991,57766,0
29336992,384.06,44.09
29336999,182670.83,1179.7
29337100,36335.55,47.87
29337910,1307.2,0
29337990,648412.4099999999,20425.16
29339085,40,0
29339111,7.8,0
29339113,7271.809999999999,103.1
29339119,10266.5,1711.39
29339122,356.5,0
29339129,209.9,0
29339132,20779.28,170.36
29339134,902,83.44
29339139,95,0
29339141,135,0
29339151,476,0
29339161,78.05000000000001,0
29339163,1092.9,0
29339172,15,0
29339179,948.25,118.79
29339189,21937.88,0
29339919,9455880.34,341891.4399999999
29339920,14279.31,48.7
29339934,2013.2,35.77
29339941,1666184.05,53735.00999999999
29339945,340,340
29339946,720.74,48.75
29339949,160,0
29339952,130,0
29339953,1263555.42,12251.02
29339954,14743.41,65.72
29339955,7985.5,164.59
29339956,24609.09,193.68
29339959,36582,0
29339969,86698,0
29339999,2278370.01,122616.29
29341090,1187.49,39.32
29342010,1387.5,0
29342020,10061.12,92.44000000000001
29342031,12580,0.1
29342032,6517.96,0.38
29342033,7434.7,0
29342034,6831.01,0
29342039,426.42,0
29342040,19973.75,0
29343030,420,0
29343090,1510.55,68.49000000000001
29349111,24,0
29349121,396,0
29349122,269.66,269.66
29349129,480,0
29349133,70,70
29349200,5311.6,0
29349911,5676.16,1143.19
29349912,44.12,0
29349919,615.9,74.93
29349922,502.77,23.84
29349923,1200,0
29349929,153,0
29349931,1225.35,66.81
29349934,6890.98,868.5600000000001
29349935,43722.6,0
29349939,803725.5699999998,38231.46000000001
29349944,3862,0
29349946,1739.01,18.25
29349949,335,0
29349951,127841.24,0
29349953,47375.84,407.12
29349954,546.5000000000001,89.59
29349992,452.84,6.590000000000001
29349999,1510390.82,28527.28
29350012,36000,3024
29350019,160,0
29350023,178,0
29350025,62.6,5.29
29351000,604.44,0
29352000,1745278.86,99228.35000000002
29359011,243.04,37.88
29359019,120902.98,3.4
29359023,201.02,0
29359024,6,0
29359094,10,0
29359099,25980.38,65.12
29361000,32,1.16
29362111,2006.48,210.94
29362112,198504.35,5572.38
29362113,1394.55,70.64000000000001
29362119,2868.28,395.57
29362190,69419.71,80.12
29362210,3651.28,599.57
29362220,34159.26,498.6
29362290,1159.64,0
29362310,174967.44,5051.639999999999
29362320,122.6,10
29362390,1562.48,0
29362410,331791.91,5989.61
29362490,11740.67,354.51
29362510,4848.1,428.5
29362520,28852.63,227.86
29362590,477,0
29362610,29384.64,291.01
29362630,684,0
29362690,15588.69,228.07
29362710,67116.45,5288.580000000001
29362720,220,0
29362790,682992.5399999998,48544.28999999999
29362811,1944.3,0
29362812,2200886.040000001,96482.96
29362819,2033,0
29362890,124761.04,10443.16
29362911,34024.9,379.88
29362919,10952.58,271.35
29362921,31340.33,784.93
29362929,5829.95,1.39
29362931,4145.190000000001,72.52000000000001
29362939,149.99,0
29362940,16432.27,774.72
29362951,32211.62,1155.85
29362952,67781.04000000001,5.55
29362953,51.5,4.76
29362959,6000,421.45
29362990,1542903.31,133435.15
29365000,0,0
29369000,1179316.2,26731.65
29371930,54.4,0
29371940,25,0
29371950,9933.05,365.41
29371990,204929.7,12535.65
29372120,765.5999999999999,0
29372130,970.2,34.55
29372140,2470.17,57.42
29372201,0,0
29372210,125340.96,997.0700000000002
29372221,1070.33,21.8
29372229,935,30
29372231,1371.3,0
29372239,15182.67,225.58
29372290,7644.7,22.09999999999999
29372310,68715.54999999999,7397.869999999998
29372321,66.5,0
29372331,970.5999999999999,0
29372341,60,60
29372342,96,0
29372349,47408.88,618.47
29372359,547,0
29372360,24,0.88
29372399,481470,30841.38
29372910,858.37,25.79
29372920,20960.95,103.7
29372931,101.5,17.25
29372940,1688.87,0
29372950,175,175
29372960,160.97,15.23
29372990,7222.31,455.5
29375000,17220.8,39.4
29379090,160652.4,12713.78
29379210,30,0
29379249,25.9,7.390000000000001
29389010,1869,356.28
29389020,1472.99,0
29389090,7408.870000000001,609.24
29391110,88.45,21.45
29391121,730.6,0
29391122,40.25,0
29391123,3439.5,0
29391162,63.82,0
29391169,491735.54,44342.94
29391182,112480,0
29391191,116.96,0
29391192,87.60000000000001,0
29391900,1380,0
29392000,796.2,47.45
29393010,17917.97,2019.53
29393020,802.55,1.31
29394200,22.2,0
29394520,400,0
29394900,10998.86,327.97
29395920,39.5,6.84
29396911,8.02,0
29396919,913,0
29396929,790,28.83
29396931,2425,0
29396949,5906.289999999999,60.59
29396952,5,0
29397111,60,0
29397290,1714.08,39.01
29397911,1406.39,3.7
29397919,1846.1,0.9500000000000001
29397931,660.51,0
29397939,285,0
29397990,2282.4,16.23
29398000,571.9,42.5
29399119,350,0
29399990,5034,0
29400012,522.29,0
29400013,16076.37,8.1
29400019,43909.62,175.18
29400022,75,0
29400023,1278,27.85
29400029,119.3,0
29400092,174.48,1.36
29400093,50,0
29400099,949247.2,32134.31
29410000,0,0
29411010,36.26,0
29411020,12225,372.3
29411031,13227.65,114.11
29411039,16571.1,1441.38
29411041,1162.8,0
29411042,2947.06,53.05
29411043,870.38,0
29411049,505.24,54.26000000000001
29411090,809583.26,5291.939999999998
29412010,132145.89,26067.84
29412090,10799.04,8.16
29413010,402,0
29413020,736001.51,4927.02
29413090,9325.86,27.72
29414011,2192.06,151.56
29414019,105,45
29419011,800,0
29419012,5520.8,25.96
29419013,168.32,0
29419021,287.8,0
29419029,12605.2,475.96
29419031,282.02,0
29419032,522.1,0
29419033,1174.51,0
29419037,12600,3166.51
29419039,31054.95,0
29419041,136344.17,41.62
29419043,23961.12,1105
29419049,2393.55,93.92000000000002
29419059,130411.5,1044.91
29419061,2084.98,11.58
29419069,32.15,7.94
29419071,182820.99,12197.07
29419072,150902.54,5931.06
29419073,388878.25,14172.65
29419083,1000,0
29419089,4602.87,623.28
29419092,7073.900000000001,258.21
29419099,85776.06999999998,1407.67
29420000,48864200.74999999,369829.98
29586201,0,0
29853100,0,0
29859476,0,0
30000019,0,0
30000632,0,0
30002499,0,0
30004508,0,0
30004600,0,0
30004909,0,0
30005467,0,0
30012010,37882.51,821.9100000000002
30012090,264957.3400000001,2307.54
30019010,615.51,11.89
30019020,10336.9,54.52999999999999
30019039,355005.24,239.48
30019061,0,0
30019090,30179.07,4260.190000000001
30021011,17992.91,238.08
30021012,20325.82,197.89
30021013,2182.92,0
30021014,240,0
30021016,5737.389999999999,2.92
30021019,1337.81,22.55
30021021,247,0
30021023,48,1.76
30021029,1420.65,3.6
30021032,240.5,0
30021037,80,0
30021038,377.5,0
30021211,1263220.29,10500.61
30021212,581713.9299999998,4453.19
30021214,6115,0
30021215,2790,1.35
30021216,310020.65,901.8199999999999
30021219,2026906.63,204153.98
30021221,1322.27,0
30021222,1242346.64,1044.65
30021223,30.72,0
30021224,300,0
30021229,20314488.64,2340243.23
30021231,1987.6,94.03
30021234,324,0
30021235,35488.36000000002,0
30021236,2945.97,103.33
30021239,575952.1900000001,964.5
30021300,11294.4,0
30021400,285123.11,602.9499999999999
30021510,1826.5,48.27
30021520,62099.28,7931.570000000002
30021590,1909325.4,230906.75
30021900,31999.95,1946.23
30022000,0,0
30022011,104,0
30022021,380,64.6
30022022,260,0
30022025,800,0
30022026,850,0
30022491,0,0
30022499,0,0
30023000,0,0
30023010,809296.31,2662.78
30023011,0,0
30023030,62453.53000000001,0
30023040,15906.37,1379.13
30023050,174449.23,668.4300000000002
30023060,149941.99,7245.34
30023062,0,0
30023070,15103.34,182.51
30023080,61527.15000000001,1577.74
30023090,4801964.21,31087.87
30023091,0,0
30024010,0,0
30024111,924555.8900000001,4235.47
30024112,230665.13,11.76
30024115,1685,0
30024116,300,28.91
30024117,1174,28.5
30024119,469802.01,1658.89
30024121,114011.32,3911.61
30024122,365.5,0
30024123,408,0
30024125,172714.17,16712
30024126,1240.5,0
30024127,24445.5,2181.45
30024129,248146.25,11817.43
30024210,25401407.35,126558.04
30024220,2600247.97,123240.64
30024230,1160724.92,4880.32
30024240,474813.6800000001,26795.94999999999
30024250,12470409.2,103971.81
30024260,22013675.03,159547.3
30024270,52280827.12,565012.38
30024280,24882990.11,330961.92
30024290,407565722.21,4636235.2901
30024900,0,0
30024910,745292.1799999999,45441.58
30024920,595480.3399999999,22876.39
30024991,28585774.66,1179411.8
30024992,2364740.390000001,215268.7199999999
30024993,139.8,0
30024994,29531.5,20
30024999,339580003.9199999,3208164.91
30025100,60538.29000000001,793.0999999999999
30025900,3582651.83,17538.29
30026023,0,0
30029000,604906781.6499997,5644238.289999998
30029010,362239.6,4.62
30029019,0,0
30029040,0,0
30029062,0,0
30029090,0,0
30029091,3122933.930000001,85383.13
30029092,643445.71,77213.48
30029099,29804697.04000001,452060.6399999998
30029190,0,0
30031011,160912.73,758.99
30031012,179403.4,2816.53
30031013,7754.259999999999,8.82
30031014,787.5,0
30031015,3632.099999999999,0
30031019,180032.11,1778.56
30031020,9455.1,2.16
30032011,921.68,39.33
30032019,294750.57,1.32
30032021,40,0
30032029,214699.86,2833.03
30032031,1379.34,12.24
30032032,51400,414.6
30032039,28560.4,196.28
30032041,525131.49,6289.779999999999
30032049,376.83,37.86
30032052,128827.71,1161.47
30032059,15909.34,470.94
30032061,2283716.49,8060.410000000002
30032062,87,0
30032063,120,0
30032069,56533.36,95.35
30032071,699.53,0
30032072,126.57,0
30032073,247.24,0
30032079,67311.87,2105.55
30032090,0,0
30032091,139,0
30032092,3454518.28,113833.35
30032094,2300,0
30032095,169.8,0
30032099,4743586.260000001,287852.79
30033090,0,0
30033100,4557.17,109.19
30033911,1608,15.87
30033913,657.65,103.41
30033915,20,3.8
30033917,70,0
30033921,17717.16,0
30033922,305744.15,3092.87
30033925,6926.949999999999,12.03
30033926,3635.14,0
30033927,1079.8,0
30033929,6306.349999999999,269.56
30033935,420,0
30033936,1100.39,139.63
30033939,1414.04,34.94
30033982,2155,366.35
30033991,546102.26,939.77
30033994,241.19,0
30033995,15.8,0
30033999,160609.14,2128.62
30034050,30,15
30034090,1514.6,0
30034200,1575,0
30034300,1786.32,0
30034562,0,0
30034910,105,0
30034920,388.6,0
30034930,88,17.15
30034950,2358.08,0
30034990,2158912.37,44478.33
30036000,69.9,0
30039011,4810.59,15.51
30039012,5851.56,4.42
30039013,3700.04,50.7
30039014,3714.26,8.02
30039015,2221.2,13.06
30039016,24802.5,130.03
30039019,843335.1599999999,4652.670000000001
30039021,120,0
30039023,129,0
30039024,8693.579999999998,0
30039029,682.13,0
30039031,6669.76,187.2
30039032,255.94,0
30039033,203467.33,5836.86
30039034,817466.6,5836.010000000001
30039035,4542.98,163.81
30039036,144.43,0
30039039,5649.409999999999,41.03
30039041,1246.3,30.31
30039042,654.86,2.26
30039043,935,0
30039045,25,0
30039046,104.7,0
30039047,4673.92,5.36
30039048,29,0
30039049,708935.21,2398.25
30039051,583.6800000000001,3.89
30039052,129.5,0
30039053,13949.73,119.64
30039054,379.91,15.3
30039055,16334.31,62.05999999999999
30039056,39585.45999999999,5594.239999999996
30039057,4677.74,58.47
30039058,181.36,2.64
30039059,34360.11,30.26
30039061,601.47,15.91
30039062,5898.890000000001,16.01
30039063,42.15,0
30039065,2792,0
30039066,51,0
30039067,46235.03000000001,456.55
30039069,1135837.81,20034.54
30039071,129.54,3.53
30039072,548.95,0.5900000000000001
30039073,364836.69,3422.08
30039074,49.79,0
30039075,35.46,0
30039076,13254.18,187.06
30039077,2331743.03,155950.68
30039078,10443.45,0
30039079,12850280.77,298974.28
30039081,6.5,0
30039082,1343248.39,4274.83
30039083,2681.09,7.42
30039084,16245.49,0
30039085,521.48,0
30039086,332.56,14.7
30039087,14632.72,908.34
30039088,109.21,0
30039089,21471.81,970.97
30039091,91095,9021.6
30039094,5406.900000000001,14.75
30039095,2025.36,76.42999999999999
30039096,5108.89,34.37
30039099,13162835.96,382558.8099999999
30039900,0,0
30041011,2336642.44,6268.059999999999
30041012,59181994.27,4352296.149999999
30041013,8462076.49,108778.38
30041014,618838.05,1831.74
30041015,2287041.51,24399.92
30041019,18964040.75,152800.61
30041020,5916936.490000001,59050.27
30042011,36525.14999999999,234.34
30042019,37380050.78000001,2844620.92
30042021,2983.97,752.8999999999999
30042029,74859736.22,4615861.66
30042031,23821.12999999999,82.29
30042032,3748.96,103.75
30042039,37839.22,1206.55
30042041,11784309.53,1076943.3
30042049,67525.49000000002,1227.45
30042051,20224.32,0
30042052,2776785.03,11586.64
30042059,29782588.08,367083.26
30042061,2889325.64,33880.71
30042062,102,0
30042063,35,0
30042069,3283702.75,209625.2899999999
30042071,15.9,0
30042073,26293.23,1960.95
30042079,8311607.66,469039.02
30042090,0,0
30042091,8967.72,0
30042092,17485673.59,1774820.11
30042093,31,17
30042094,29,0
30042095,2401.23,0
30042099,101370106.63,6937782.886299999
30042299,0,0
30043100,63412.77,684.1099999999999
30043200,1178.97,7.430000000000001
30043210,5167501.83,43221.57
30043220,25654.39,668.16
30043290,9171624.04,98413.22
30043911,120406315.16,1774010.14
30043912,670480.8200000001,25105.41
30043913,39532.74000000001,678.38
30043915,60676100.81999999,491653.33
30043916,27483.79,4.19
30043917,6717578.910000001,61852.70999999998
30043918,105072.35,1699.62
30043919,90621.23,2586.440000000001
30043921,4234106.069999999,40842.75000000001
30043922,2612937.5,26463.94
30043925,314.54,0
30043926,1755.75,0
30043927,54331.06,1634.94
30043928,60.56,0
30043929,6724256.050000002,63648.13999999999
30043932,734.35,10.9
30043933,9339.39,133.33
30043934,22.5,0
30043936,8268.2,910.97
30043937,2048.02,51.86
30043939,94224962.41,856325.03
30043981,71744.06,769.04
30043990,15495.74,1201.98
30043991,8321420.639999999,100382.36
30043992,15172.73,0
30043994,18754.27,0
30043999,30832592.86,286866.85
30044020,20.55,0
30044030,392.5,10.09
30044040,281.52,0
30044090,76685.28,5575.81
30044100,38814.00999999999,1083.41
30044200,19522.76,14.4
30044240,0,0
30044300,454077.5,0
30044490,0,0
30044900,0,0
30044904,0,0
30044905,0,0
30044909,0,0
30044910,1683.2,0
30044920,122984.2,952.49
30044930,224,0
30044940,13693.83,857.95
30044950,2997.16,14.65
30044990,11945839.9,346889.7
30045000,0,0
30045010,13254.66,78.31
30045020,1540104.54,11450.28
30045030,6725020.94,43415.35
30045040,6058432.6,57623.82729999999
30045050,233190.8,1886.15
30045060,38963.38999999999,556.1
30045090,74938261.47,711477.0832999999
30046000,7099215.659999998,34926.88
30049000,0,0
30049002,0,0
30049006,0,0
30049009,0,0
30049011,181429.8,0
30049012,7635.020000000001,6.81
30049013,2300.23,28.08
30049014,1015,0
30049019,681811.72,10350.54
30049021,65046.57000000001,3398.91
30049022,1042.04,0
30049023,1134791.15,8141.72
30049024,5107937.630000002,33269.79
30049025,2371.8,0
30049026,34176.48,638.6700000000001
30049027,1149,40.85
30049028,1090.54,0
30049029,14387252.7,170053.78
30049031,150.69,0
30049032,205800.56,1040.24
30049033,72757.31999999998,185.7
30049034,20197.6,324.55
30049035,17412.61,0
30049036,19537.22999999999,212.44
30049037,2381842.21,18329.01
30049038,502.4,0
30049039,5483576.98,79463.07999999997
30049041,689145.1799999998,21451.11
30049042,27359.47,545.5500000000001
30049043,1093265.94,12989.26
30049044,472,0.44
30049045,374041.9299999999,17023.98
30049046,3410749.57,146181.3800000001
30049047,189919.92,3067.2
30049048,1591.64,19.2
30049049,5321825.139999999,63044.49999999999
30049050,0,0
30049051,18887.8,842.4
30049052,861.2099999999999,0
30049053,4713.89,284.59
30049054,17279.16,169.74
30049055,27145632.51,297376.48
30049057,1600.95,101.18
30049058,7396.290000000001,0.65
30049059,151222477.48,1142273.6
30049061,1584052.69,34152.77
30049062,69622222.67999999,4072954.040000001
30049063,11261605.91000001,204516.05
30049064,60218.44999999998,327.26
30049065,15320,221.89
30049066,77443.33000000002,1315.36
30049067,24929593.31,894248.77
30049068,689446.8699999998,619.9799999999999
30049069,46952807.23999999,703039.51
30049070,0,0
30049071,6522300.380000001,51795.71
30049072,2301439.87,92597.01
30049073,9982457.32,37190.82999999999
30049074,46864.98,345.2
30049075,4989.809999999999,196.5
30049076,248334.62,3279.98
30049077,64278.44,2967.5
30049078,293856.97,1323.47
30049079,37945356.92,859546.82
30049090,0,0
30049091,35454.44,22.09
30049092,60316.12999999999,973.3399999999999
30049093,4269.000000000001,253.4
30049094,25838.19,790.7500000000001
30049095,236241.9,689.8800000000001
30049096,3792418.560000001,27120.4
30049097,1083.11,0
30049098,808,0
30049099,92356367.33999999,2342988.83
30049329,0,0
30049909,0,0
30049990,0,0
30051010,30482.81000000001,302.29
30051020,71188.99,4151.72
30051030,133044,7235.940000000001
30051040,72.9,0
30051050,71467.68,6104.190000000001
30051090,539160.68,34130.76
30059000,0,0
30059011,1024.44,80.93
30059012,1779.77,59.73999999999999
30059019,71182.73000000001,5872.43
30059020,11243.59,684.6699999999998
30059090,2362677.41,160315.31
30061010,14779.12,1553.08
30061020,25315.12,702.56
30061090,3821618.650000001,42114.98
30062011,0,0
30063011,184.89,0
30063012,430,1.14
30063013,4650,0
30063015,495,0
30063016,215.63,7.56
30063017,75,0
30063018,4445.6,14.54
30063019,39055.02,361.8099999999999
30063021,12236.5,0
30063029,13381.66,556.53
30064011,385920.9600000001,27836.23
30064012,419874.6999999999,51121.26000000001
30064020,51479.08,625.33
30065000,28758.43,1855.81
30066000,964150.48,11405.8
30067000,245602.27,22342.16
30069110,70805.38,7121.830000000002
30069190,26361.96,3331.14
30069200,575.2800000000001,58.83000000000001
30069300,436089.1899999999,7176.139999999999
30079099,0,0
30081022,0,0
30082011,0,0
30082029,0,0
30089119,0,0
30089192,0,0
30089196,0,0
30089198,0,0
30089199,0,0
30089299,0,0
30089322,0,0
30089993,0,0
30089999,0,0
30140090,0,0
30172300,0,0
30173100,0,0
30174090,0,0
30190000,0,0
30191090,0,0
30194090,0,0
30201010,0,0
30201099,0,0
30203000,0,0
30235000,0,0
30239000,0,0
30241000,0,0
30249041,0,0
30269090,0,0
30310000,0,0
30318099,0,0
30350000,0,0
30401201,0,0
30422000,0,0
30541000,0,0
30859710,0,0
30980000,0,0
30989000,0,0
31009909,0,0
31010000,1702506129.13,25136470.859
31011000,0,0
31021000,0,0
31021010,4932263913.58,91438933.03
31021090,948272731.4999999,15053259.90999999
31022011,0,0
31022100,1958388592.05,32783838.78
31022910,2383818.2,18407.73
31022990,164822968.79,3137741.93
31023000,95308811.05000001,827438.74
31024000,271205259.72,6628781.39
31025011,57689089.73,1128234.76
31025019,5682498.54,29549.57
31025090,67875159.77000001,854072.6799999999
31026000,86849432.04,1751354.29
31028000,246591409.41,4484105.3
31029000,2279358987.11,35544490.11999999
31029090,0,0
31031010,23312537.91,711910.0499999998
31031030,6579610.670000001,130359.35
31031100,1404045551.15,43153267.37000001
31031900,3888448328.66,76727671.45
31039011,370719294.36,3661577.24
31039019,67023970.26000001,2012768.41
31039090,813175518.49,17834513.29
31040020,0,0
31042000,0,0
31042010,4708176029.150001,100819622.62
31042090,9587451840.240002,178291283.12
31043010,98242883.89,2295552.29
31043090,32474801.39,533461.6
31049010,151174.17,2524.68
31049090,903240380.26,17256847.92
31050000,0,0
31051000,959437831.91,23127557.18
31052000,20293728918.63,315184763.62
31053000,311531979.96,1650802.98
31053010,445120,8902.44
31053090,167565.78,2104.72
31054000,4986471519.16,86064938.87000002
31055100,486524097.77,11759828.27
31055900,6826305968.639999,126664616.16
31056000,2396163238.58,21251257
31059010,0,0
31059011,140510832.55,1447767.2
31059019,583468668.9899999,10244476.67
31059090,9233269919.23,140694788.49
31069010,0,0
31082013,0,0
31089199,0,0
31089999,0,0
31100012,0,0
31129090,0,0
31141020,0,0
31149000,0,0
31151900,0,0
31174090,0,0
31432665,0,0
31450000,0,0
31541453,0,0
31811500,0,0
31815000,0,0
31815002,0,0
31822007,0,0
32011000,16180.6,51.16
32012000,139750.96,24362.66000000001
32019011,3996.46,709.6500000000001
32019012,245.5,0.68
32019019,208758.47,3479.38
32019020,29748.36,1806.61
32019090,1472400.48,169881.53
32021000,70094.34,5913.179999999999
32022000,0,0
32029011,229.88,11.18
32029013,246,45.04
32029019,10693.94,283.62
32029021,45.05,5.69
32029029,1694.77,316.95
32029030,508.84,61.69
32030012,1899.54,0
32030013,140,70
32030019,1621691.8,81344.15
32030021,23923.1,194.2
32030029,26419.78,2193.61
32030030,160866.11,21650.32
32041010,0,0
32041100,3889935.04,625530.2800000001
32041210,108837.9000000001,8685.839999999998
32041220,5564.2,501.5500000000001
32041247,0,0
32041300,522766.71,54393.67999999999
32041400,10492.03,1037.25
32041510,479.3,1.46
32041520,28.02,2.600000000000001
32041530,486.2,0
32041590,13717.24,881.4799999999999
32041600,28238.72,1651.3
32041700,3911662.26,282254.9400000001
32041810,8543165.100000001,905534.5700000002
32041820,1699523.89,166520.65
32041830,71640.17999999998,3546.99
32041890,1085.14,77.72
32041912,11270,0
32041913,182.16,0
32041920,105372.77,6346.849999999999
32041930,14150.62,1863.19
32041990,338942.27,21516.83
32042011,410,0
32042019,642.14,31.19
32042090,5038.08,813.6299999999999
32049000,2319878.95,237308.89
32049039,0,0
32050000,9801.689999999999,530.6800000000002
32052011,0,0
32053003,0,0
32061010,0,0
32061110,63992.87,1178.26
32061111,708.3,0
32061119,1340.74,214.2
32061120,6674.610000000001,267.6
32061130,58457.99000000001,3491.68
32061910,5219617.54,705224.98
32061990,5255786.329999999,443868.9799999999
32062000,83412.06000000001,7468.45
32064100,39558.45,3343.800000000001
32064290,445.31,0
32064900,15.8,0
32064910,4791.5,0
32064990,1983421.7,174488.44
32065011,112,0
32065019,315,0
32065021,1803.5,151.12
32065029,19129.74,889.15
32071010,3772.59,319.13
32071090,14682.54,875.46
32072010,2611.99,101.03
32072091,540,0
32072099,20909.88,1393.34
32073000,148410.01,5029.759999999998
32074010,27816.99,195.14
32074090,110639.01,3317.010000000001
32075011,0,0
32080100,0,0
32081010,44781116.62999999,2270399.34
32081011,0,0
32081020,6470068.82,289468.92
32081030,8012.799999999999,512.23
32081090,0,0
32081101,0,0
32082000,0,0
32082010,23874.99000000001,92.58
32082011,5089785.970000002,219122.78
32082018,0,0
32082019,13749889.64000001,658062.1699999998
32082020,4185467.129999999,189383.67
32082030,91977.62,5524.72
32088019,0,0
32088901,0,0
32089000,0,0
32089010,67389694.53999999,3930107.61
32089011,0,0
32089021,201326.39,6342.659999999999
32089029,7404681.050000001,375346.5299999999
32089031,188250.29,17635.41
32089039,568539.0200000001,36830.85
32089100,0,0
32089219,0,0
32089299,0,0
32090000,0,0
32090010,0,0
32091000,0,0
32091001,0,0
32091010,187919438.7300002,9424486.1051
32091011,0,0
32091020,2861860.99,131834.85
32091101,0,0
32092019,0,0
32099011,281393.9300000001,27250.25
32099019,6191073.090000001,514521.17
32099020,156470.94,9994.62
32100010,1069357.28,13205.93
32100020,54342.55,970.96
32100030,48340.24999999999,758.6699999999998
32101000,0,0
32110000,67041.48,10741.41
32110100,0,0
32111104,0,0
32119390,0,0
32121000,14147.43,783.28
32121010,0,0
32129010,65676.59,64.53
32129090,1111442.55,94990.75000000001
32131000,160671.24,2290.54
32132123,0,0
32139000,55256.47,852.8
32140000,0,0
32140090,0,0
32141010,18318743.58,2451912.54
32141013,0,0
32141020,29748209.46,3478409.039999999
32141023,0,0
32141090,0,0
32141623,0,0
32141900,0,0
32142010,0,0
32144110,0,0
32144900,0,0
32149000,101190337.55,7806159.7586
32149001,0,0
32149090,0,0
32151100,1251687.3,134632.85
32151110,0,0
32151900,1384661.65,116334.0700000001
32154678,0,0
32155900,0,0
32159000,5382726.43,902805.78
32159100,0,0
32162100,0,0
32165498,0,0
32172300,0,0
32172900,0,0
32174090,0,0
32190000,0,0
32201099,0,0
32202019,0,0
32229000,0,0
32232190,0,0
32239000,0,0
32245000,0,0
32249000,0,0
32249041,0,0
32249049,0,0
32251000,0,0
32259090,0,0
32262000,0,0
32263000,0,0
32269090,0,0
32290000,0,0
32310000,0,0
32322332,0,0
32323232,0,0
32325666,0,0
32326633,0,0
32439000,0,0
32501201,0,0
32540000,0,0
32542010,0,0
32561090,0,0
32569563,0,0
32572050,0,0
32584559,0,0
32600010,0,0
32605000,0,0
32629008,0,0
32648600,0,0
32659863,0,0
32659877,0,0
32690900,0,0
32828106,0,0
32852085,0,0
32901010,0,0
32911390,0,0
32931000,0,0
32992811,0,0
33010000,0,0
33011210,36038.11,6020.559999999999
33011290,1066464.3,100291.28
33011300,30365.3,4385.690000000001
33011910,1353.11,9.399999999999999
33011990,38298.75000000001,4331.430000000001
33012010,0,0
33012400,80642.12000000001,9974.920000000002
33012510,891.36,0
33012520,1765.68,253.01
33012590,86057.54999999997,6610.200000000001
33012911,106898.62,961.5
33012912,414.4,7.800000000000001
33012914,1228.25,32.09
33012915,15507,0
33012916,61883.7,10754.64
33012917,1242.9,0
33012919,2360047.49,19859
33012921,126799.85,20163.8
33012922,11205.31,1745.21
33012990,1557341.23,251175.77
33013000,575.59,20.25
33014000,0,0
33019000,0,0
33019010,251393.06,7945.099999999999
33019020,691295.19,30576.94000000001
33019030,122195.28,4466.77
33019040,119267.9,9304.73
33019053,0,0
33021000,2083628.2,80818.99
33029011,295.46,8.36
33029019,666787.33,54904.38
33029090,1681.66,93.17
33029091,7686.109999999999,1135.92
33029099,425836.77,65473.37
33030010,1594951.6,57595.84999999999
33030020,2448511.02,99572.11
33033320,0,0
33041000,496715.27,40015.14999999999
33041700,0,0
33042010,377672.76,32195.12000000001
33042090,148075.54,4275.79
33043000,304509.9,13742.78
33049000,0,0
33049010,0,0
33049090,0,0
33049100,330326.23,21880.28
33049900,0,0
33049910,2768259.559999999,181118.33
33049990,7801260.129999999,618686.3999999999
33051000,3062866.389999998,150050.85
33052000,100291.52,1046.45
33053000,48728.68999999999,2283.97
33059000,4683423.079999997,223640.45
33059001,0,0
33061000,2079323.639999998,42329.44
33062000,193202.12,4623.219999999999
33069000,407685.05,15300.05
33069090,0,0
33071000,85434.43,4432.01
33071900,0,0
33072010,2870659.339999997,159923.73
33072090,743171.7600000001,60043.47
33073000,33052.46000000001,1673.35
33074000,0,0
33074100,37049.94,3033.25
33074800,0,0
33074900,4083686.390000001,392584.8399999999
33079000,5892225.400000001,375552.3699999999
33079900,0,0
33081020,0,0
33089419,0,0
33099190,0,0
33158200,0,0
33181500,0,0
33211135,0,0
33220099,0,0
33230000,0,0
33322211,0,0
33346300,0,0
33400189,0,0
33402903,0,0
33506919,0,0
33570000,0,0
33666352,0,0
33666622,0,0
33700183,0,0
33749000,0,0
33996655,0,0
34007019,0,0
34011000,0,0
34011110,207333.48,20834.24
34011190,4539288.289999994,169480.35
34011199,0,0
34011900,5589792.539999997,915722.0700000001
34011906,0,0
34011990,0,0
34012000,0,0
34012010,1315624.85,92278.62
34012090,4517307.269999999,391723.46
34013000,2650940.649999999,269752.3800000001
34013030,0,0
34020000,0,0
34020200,0,0
34020390,0,0
34021000,0,0
34021110,2408.44,475.72
34021120,27.6,4.930000000000001
34021130,169.9,0
34021140,412075.24,3683.96
34021190,245225.48,24604.77000000001
34021200,0,0
34021290,65122.16,4032.97
34021300,986769.02,34153.21
34021900,22608.72,1381.99
34022000,1526422.58,76901.78999999998
34022020,0,0
34022200,0,0
34022500,0,0
34022901,0,0
34023100,1663290.48,120537.417
34023910,138247.98,6167.190000000001
34023920,1146.22,128.91
34023930,99814.99999999999,18892.49999999999
34023990,5538553.279999999,593732.9099999999
34024110,1312.86,36.8
34024190,986345.74,46718.85
34024200,67971354.16,4665175.27
34024900,2243013.1,388033.48
34025000,38178565.15000004,3529250.04
34025002,0,0
34029002,0,0
34029003,0,0
34029011,51908644.19,4328561.309999999
34029019,27203123.23,1877120.15
34029020,103.8,0
34029021,113998.53,1860.54
34029022,106088.44,8081.440000000001
34029023,23697.25,2234.94
34029029,265370711.8,22220553.48
34029030,0,0
34029031,7246678.230000001,577378.72
34029032,0,0
34029039,57940689.05999999,4947102.334999999
34029090,33088173.33999999,2821121.72
34029639,0,0
34031110,4316.48,239.29
34031120,11131.1,82.31
34031190,342098.36,8856.560000000001
34031900,16065726.53,1411317.56
34039110,8471.11,246.25
34039120,6325.63,145.09
34039190,4190.96,88.7
34039900,4699839.859999999,359593.72
34041990,0,0
34042010,40801.32,3716.86
34042019,0,0
34042020,121160.55,15315.6
34042059,0,0
34042061,0,0
34049000,0,0
34049011,34428.96,2349.33
34049012,16861.47,1209.46
34049013,1867.87,274.88
34049014,7426.440000000001,0
34049019,64194.22,14982.7
34049021,36439.82,2374.13
34049022,189.59,15.14
34049029,170468.05,11777.09
34049037,0,0
34050000,0,0
34051000,253315.2,18076.28000000001
34052000,1427594.72,184305.23
34053000,2848362.54,328454.5999999999
34054000,854088.3199999995,167093.1900000001
34054700,0,0
34059000,1884579.39,461716.38
34060000,703594.0599999996,80331.22
34061000,0,0
34070010,62982.48,4581.099999999999
34070020,76448.29000000005,11289.4
34070090,29522.68,2183.75
34099900,0,0
34100012,0,0
34139190,0,0
34140090,0,0
34141010,0,0
34141020,0,0
34173900,0,0
34174090,0,0
34213990,0,0
34220000,0,0
34239040,0,0
34241000,0,0
34248119,0,0
34249000,0,0
34329000,0,0
34373839,0,0
34560000,0,0
34567000,0,0
34613600,0,0
34615287,0,0
34656565,0,0
34800000,0,0
34813000,0,0
35000000,0,0
35001090,0,0
35011000,704.4000000000001,5.600000000000001
35014010,0,0
35019011,8,0
35019019,367.22,11.89
35019020,30695.55,3238.520000000002
35021090,0,0
35021100,13771.38,1493.95
35021900,13450.13,393.89
35022000,53658.68000000001,4554.570000000002
35029010,855,48.95
35029090,4787.61,376.3100000000001
35030001,0,0
35030011,101.33,10.34
35030012,269.05,4.5
35030019,123550.33,9084.320000000002
35030090,2612.98,19.51
35031090,0,0
35032010,0,0
35040011,15305.97,2948.12
35040019,25113.63,3835.64
35040020,375253.82,22625.78
35040030,1572,5.07
35040090,46596.14,6210.040000000001
35051000,2842408.13,67623.21000000002
35052000,2577853.64,57598.65
35052099,0,0
35060190,0,0
35061000,0,0
35061010,2028750.329999999,226728.15
35061019,0,0
35061080,0,0
35061090,33067508.22999999,4270745.037999999
35061092,0,0
35061099,0,0
35061100,0,0
35061190,0,0
35061200,0,0
35061900,0,0
35066190,0,0
35069010,0,0
35069090,0,0
35069100,0,0
35069102,0,0
35069110,6104211.430000001,721891.5199999999
35069120,9505172.69,1148033.11
35069142,0,0
35069160,0,0
35069190,14114305.83,1901901.26
35069900,2637697.36,349815.2799999999
35069901,0,0
35071000,290516.77,52013.41
35079010,0,0
35079011,96676.2,3519.59
35079019,563840.0499999999,12280.52
35079022,1895.66,0
35079023,1374,0
35079026,4071.65,792.01
35079029,677715.68,57536.81
35079039,3030499.58,264424.98
35079041,147415.27,9039.689999999999
35079042,1017.17,0
35079049,132986745.99,8205740.54
35081090,0,0
35091090,0,0
35095011,0,0
35103602,0,0
35161090,0,0
35235190,0,0
35254100,0,0
35259090,0,0
35269090,0,0
35402020,0,0
35416575,0,0
35438732,0,0
35464663,0,0
35512061,0,0
35603400,0,0
35661090,0,0
35689823,0,0
35842575,0,0
35950000,0,0
35968574,0,0
36010000,165183.76,14049.84
36020000,22194.47,871.9700000000001
36022100,0,0
36030000,8235.6,2092.28
36030010,160,0
36030030,12381.5,731.3999999999999
36031000,18750.64,658.08
36032000,2421.28,0
36033000,222144.08,19789.35
36034000,349191.65,1911.64
36036000,17883.79,3189.849999999999
36039000,0,0
36041000,764404.8499999999,29090.73
36049010,12713.66,1461.48
36049090,214779.14,15446.57
36050000,371866.11,66854.72
36051090,0,0
36059190,0,0
36061000,49097.3,943.9900000000001
36061090,0,0
36061200,0,0
36069000,49567.68000000001,2367.76
36069110,0,0
36069190,0,0
36081029,0,0
36099000,0,0
36140090,0,0
36159000,0,0
36168148,0,0
36169090,0,0
36173900,0,0
36174090,0,0
36192000,0,0
36199010,0,0
36250034,0,0
36250127,0,0
36251000,0,0
36259090,0,0
36259874,0,0
36263000,0,0
36269090,0,0
36520120,0,0
36520320,0,0
36698989,0,0
36955656,0,0
36958632,0,0
36969090,0,0
36977879,0,0
36982471,0,0
36985214,0,0
36985221,0,0
36985623,0,0
36985625,0,0
36985698,0,0
36986332,0,0
36988771,0,0
36988855,0,0
36988877,0,0
36988885,0,0
36998877,0,0
36998885,0,0
36999777,0,0
37011010,41877.6,3096.89
37011021,16314.5,1791.83
37011029,16697.7,582.53
37012010,88059.56000000001,6743.809999999999
37012020,1190.05,247.87
37013010,264,56.45
37013021,98626.62,0
37013022,68630.85,4437.33
37013029,1393.36,217.81
37013031,157949.39,163.59
37013039,12013.1,29.34
37013040,1464.57,185.29
37013050,1538.25,0
37013090,7920,1346.4
37019100,6850,0
37019900,4102.11,239.73
37021010,9,0
37021020,1165.44,0
37023100,144.7,0
37023200,73550,1435
37023900,61.8,0
37024100,43,0
37024210,719.7,0
37024290,122.9,32.39
37024310,5574.35,0
37024320,242.25,55.58
37024390,75266.36,171.26
37024410,290,0
37024421,4010.9,0
37025300,1760,0
37025411,368.85,52.02
37025412,1537.3,151.05
37025419,250,0
37025491,1090,0
37025510,240,0
37029039,0,0
37029600,220.45,51.25
37031010,10994.07,0.18
37031021,95931.94,8572.31
37031029,310.31,71.97
37032000,8594.910000000002,304.15
37039010,2457.55,188.48
37039090,180146.69,14787.14
37040000,263452.63,12.48
37050010,5189.54,16.27
37050090,595.78,0
37059090,223,0
37061000,24.98,0
37069000,2781.55,23.2
37071000,506276.0699999999,5.46
37071920,0,0
37073020,0,0
37074900,0,0
37079010,10665.69,1008.03
37079021,213881.61,2853.71
37079029,11196.27,769.71
37079090,909.88,4.99
37082999,0,0
37089300,0,0
37140090,0,0
37173300,0,0
37173900,0,0
37174090,0,0
37182200,0,0
37193900,0,0
37194090,0,0
37480441,0,0
37507500,0,0
38000000,0,0
38000010,0,0
38008500,0,0
38009419,0,0
38011000,195769.72,6541.129999999999
38012010,24768.54,181.78
38012090,463445.12,2748.69
38013010,4442.809999999999,655.0500000000001
38013090,863797.5,38.44
38019000,183247.54,7186.09
38021000,356682.4,25026.25
38021010,0,0
38022000,0,0
38024994,0,0
38029010,7761.62,140.81
38029020,1570904.33,279871.3
38029030,1221.86,31.67
38029040,508596.24,28599.75
38029050,962,34.34
38029090,89368.64,7446.570000000001
38030090,130785.9,185.37
38039299,0,0
38039996,0,0
38040011,9657.6,0
38040012,44122.89999999999,48.09
38040020,589824.91,4254.94
38042069,0,0
38042211,0,0
38049059,0,0
38051000,28162.47,2455.15
38052000,48,9.02
38059010,1589.22,45.55
38059090,389941.0699999999,11838.37
38059995,0,0
38061000,7698.31,699.34
38061090,0,0
38062000,590.5799999999999,0
38063000,1528.42,21.87
38063200,0,0
38069011,452103.65,88601.18000000001
38069012,1978.36,202.5
38069019,93960,9766.67
38069090,49895.22000000002,8951.059999999998
38070000,2448926.49,111533.77
38080000,0,0
38080293,0,0
38081010,159789.46,1057.58
38081021,2520,0
38081022,389607.9400000001,1719.14
38081025,516.65,0
38081026,1248.2,32.92
38081027,20228.7,0
38081029,5252968.9,7062.889999999999
38081099,0,0
38082010,157867.5,0
38082019,0,0
38082023,9260,0
38082024,311017.4699999999,5703.67
38082029,1884622.88,0
38082209,0,0
38083010,1002249.51,9744
38083021,799216.1000000001,174.54
38083022,725464.01,0
38083023,11542.1,58.95
38083024,273960,3780
38083029,885267.0000000001,7647.11
38083031,295,77.42
38083059,33417.65,0
38083119,0,0
38083299,0,0
38083446,0,0
38083922,0,0
38084000,0,0
38084010,8284.909999999996,277.28
38084022,651.8199999999999,0
38084029,2059.09,213.81
38084419,0,0
38085010,37314.66,107.31
38085021,69,33
38085029,696419.4400000001,13081.8
38085200,1097941.45,1489.93
38085910,4809969.26,150260.64
38085921,228988.76,64.96000000000001
38085922,7065,0
38085923,10129705.89,8368.359999999999
38085924,538.3,122.59
38085925,636460.3700000001,11118.44
38085926,499276.9900000001,10453.62
38085929,257078419.4,1112243.52
38086100,4558521.49,60262.74999999999
38086210,75925883.06000003,146124.83
38086290,1580735671.21,4370462.659999999
38086910,11910454.67,17887.68
38086990,2225488027.57,7780247.200000002
38086999,0,0
38087029,0,0
38088119,0,0
38088324,0,0
38088919,0,0
38088999,0,0
38089000,0,0
38089010,683.8,0.5
38089021,59935.75,0
38089023,147131.37,315.36
38089024,13706.52,0
38089026,3676,221.46
38089029,488871.02,47357.85
38089099,0,0
38089109,0,0
38089110,100.5,8.7
38089111,16642028.40000001,789100.26
38089119,139757748.46,1486105.96
38089120,15422691.29,838097.7199999999
38089122,93,6.35
38089125,611.75,0
38089126,84,0
38089129,3462425.16,119287.18
38089185,0,0
38089187,0,0
38089191,1769449345.23,4406968.109999999
38089192,178444965.84,978088.1699999999
38089193,2255419.61,189166.14
38089194,7074442.62,4871.96
38089195,22057076.01,257739.34
38089196,19505559.43,170782.23
38089197,135989081.12,1087081.27
38089198,79154.01999999997,820.83
38089199,11516430070.35,44495746.69
38089211,1537747.99,48669.39
38089219,148605921.05,1144459.11
38089220,10609253.79,503615.05
38089222,9568,0
38089223,57350,0
38089229,2421017.12,2261.85
38089291,225718855.82,893781.3100000002
38089292,5145343.04,7038.580000000001
38089293,1728182950.07,6355962.040000002
38089294,4643357.260000001,16669.32
38089295,5745541.04,138280.32
38089296,30369210.19,133169.44
38089297,330075222.5,1407823.83
38089299,14187526425.72,48060187.36
38089311,558669.98,1.11
38089319,62879774.98000002,469432.8299999999
38089321,13255316.01,58595.08000000001
38089322,839789793.5499996,2756351.42
38089323,1266182713.32,4090920.2841
38089324,6102487509.88,26089523.00999999
38089325,81933717.28000002,148568.79
38089326,97058587.26999998,607751.39
38089327,340153000.21,1611858.93
38089328,5901498.56,43446.70999999999
38089329,8055323553.549999,24056439.41
38089331,15988.26,410.49
38089332,452451.92,3166.39
38089333,1859389.02,2142.51
38089341,91328.54999999999,0
38089349,548548.72,14517.51
38089350,0,0
38089351,220474.42,13.62
38089352,18364.48,60.38
38089358,0,0
38089359,682253913.19,2975765.95
38089394,0,0
38089399,0,0
38089400,0,0
38089410,1199.04,0
38089411,69768.13,9454.27
38089419,27775915.95000001,2289774.839999999
38089421,9994.570000000003,419.77
38089422,137954.84,1895.64
38089429,76815923.73,2951410.47
38089629,0,0
38089910,828.66,157.22
38089911,42984.7,0
38089919,10634628.5,408331.72
38089920,39700.37,32.21
38089921,8,0
38089923,346258,0
38089926,210,0
38089990,0,0
38089991,21698893.47,82058.6
38089992,4603035.590000001,3363.61
38089993,418586475.9800001,2490858.019999999
38089994,5718780.37,32850.3
38089995,523661889.5899999,3127994.48
38089996,12156505.34,705417.3800000001
38089999,1634888677.24,14010394.78
38091010,80099.26999999999,1633.37
38091090,106830.94,2420.420000000001
38093119,0,0
38098999,0,0
38099110,57081.67999999999,5999.619999999999
38099119,0,0
38099120,736.48,39.73999999999999
38099130,14607.75,0
38099140,0,0
38099141,246512.62,14082.04
38099149,506601.6000000001,60889.82000000002
38099190,7612785.749999996,466707.99
38099199,0,0
38099211,8075.119999999999,935.3600000000001
38099219,12343.1,30.07
38099290,56632.94,4707.62
38099299,0,0
38099311,4430.07,97.49
38099319,513977.61,451.8
38099390,214247.84,10458.8
38099999,0,0
38101010,1058576.9,93220.69999999998
38101020,425487.6899999999,26029.69
38109000,565976.8699999999,77586.38
38109001,0,0
38111100,1449.22,90.22
38111900,2210443.63,346610.1800000001
38111904,0,0
38112000,0,0
38112110,411956.37,54384.73
38112120,369266.8400000001,32456.19
38112130,36907.54,167.42
38112140,129055.19,13496.31
38112150,10645366.2,1962263.42
38112190,1331066.77,225202.99
38112910,1887.68,234.88
38112920,201577.21,17088.69999999999
38112990,447974.67,38317.25
38119010,7351204.52,703973.56
38119090,31900570.11,6341692.030000001
38121000,222398.97,285.89
38122000,217451.92,22350.46
38122150,0,0
38123012,182.53,7.300000000000001
38123021,5217.88,0
38123100,1658,0
38123911,280,0
38123919,4947.17,95.45000000000002
38123929,43316.85,4822.98
38130010,66015.49,3.9
38130020,1963.2,0
38130030,1500,54.75
38130090,943067.7000000001,29407.36
38140000,18893.14,321.71
38140010,281255.5999999999,18345.18
38140020,62740.03999999997,10707.75
38140030,7269.010000000001,264.4499999999999
38140090,34813009.94999999,4919585.15
38144009,0,0
38149000,0,0
38149941,0,0
38151100,69471.39,5472.710000000001
38151210,896458.31,51184.66
38151220,19630.75,121.26
38151290,112610.23,395.67
38151900,982547.8,96110.47000000002
38151910,44.4,0
38151920,1872.38,373.9299999999999
38151923,0,0
38151990,2237,0
38159010,25695.51,19.78
38159092,30.8,7.98
38159099,201667.3,23876.21
38160001,0,0
38160010,0,0
38160011,873728.7000000001,55372.48
38160012,1405277.24,29906.2
38160019,5567325.52,254426.9
38160021,7607,1514.23
38160029,13633.51,825.9500000000002
38160090,3200064.35,92770.27999999998
38160099,0,0
38170010,5203.4,319.2
38170020,20,0
38172300,0,0
38173900,0,0
38174090,0,0
38180000,0,0
38180010,2504.26,109.85
38180090,41141.16,7821.73
38183119,0,0
38190000,12028482.01,1706860.679999999
38190001,0,0
38200000,30119345.18,5609731.750000001
38200006,0,0
38209990,0,0
38210000,54384637.34,3638998.03
38220000,163.33,12.18
38220010,10353.02,0
38220090,38497.64,5956.859999999999
38221100,44296.84999999998,1755.63
38221200,172192.91,19280.18000000001
38221300,45107.18,5264.94
38221910,38100.76000000002,3375.77
38221920,43715.67,6196.91
38221930,3682436.06,12580.31
38221940,8720.89,12.23
38221990,926456.14,135976.15
38224000,0,0
38229000,5724090.01,274159.2899999999
38231100,4020.1,358.05
38231200,235745.56,44396.19
38231300,4835683.8,907939.31
38231910,230,0
38231990,6785966.810000001,748481.47
38237010,2715.85,3.64
38237020,11578,538.6899999999999
38237040,17392.66,0
38237090,417621.43,35295.06
38240000,0,0
38241000,34477.1,2205.57
38243000,234.97,8.25
38244000,11126268.44,1415191.49
38244500,0,0
38245000,40506478.37,2088814.5734
38246000,1571,0
38247190,12528.4,1138.52
38247810,19035.47,2963.01
38247890,15260.6,366.84
38247900,1843.2,66.88
38248110,5207.06,236.3
38248190,126963.22,10417.63
38248290,6787.02,8.03
38248400,16135.48,2140.75
38248600,457,37.75
38248700,349.2,89.34
38248800,20,5.25
38248810,24953.85,6560.450000000001
38248820,146.7,32.42
38248900,9551.59,1278.07
38249000,0,0
38249001,0,0
38249011,16311.44,27.3
38249029,11655.84,2104.13
38249031,31932.74,544.71
38249032,7048.82,164.87
38249033,1841,99.97
38249037,174,23.78
38249039,17908.33,1979.07
38249041,216059.52,17286.62
38249049,49198.45,837.0199999999999
38249051,1037.4,4.4
38249052,476.3,48.33
38249054,18335,0
38249071,139.4,0
38249075,90.55,0
38249077,6035011.42,122589.65
38249079,2469315.44,18332.41
38249089,59328.3,1208.79
38249090,239.28,3.66
38249100,610575.25,17068.94
38249200,246522.7,30708.11
38249911,516.4,9.03
38249914,2612.85,629.5600000000001
38249919,917605.3499999999,103831.77
38249921,193623.3,6390.28
38249923,328,0
38249924,83.2,4.97
38249925,115.84,16.93
38249929,8427917.12,777457.2799999998
38249931,3509568.12,400153.8700000001
38249932,726682.74,66500.08
38249933,1165.74,36.33
38249934,2094.97,439.88
38249935,56100.44,11921.35
38249936,2431.68,57.25999999999999
38249939,486966.9599999999,46363.32000000001
38249941,39059458.64000001,5163706.359999999
38249942,162,0
38249943,155.75,24.43
38249949,502225.85,64162.8
38249951,218631.88,95.6
38249952,29506260.73,6269455.659999999
38249953,21327.28,0
38249954,10558.99,0
38249959,35850.14999999999,6836.979999999998
38249971,10595.45,1883.56
38249972,5172.79,254.84
38249974,21435.5,338.33
38249975,46701.4,1778.86
38249976,52681.92999999999,4312.67
38249977,307416514.28,21859416.74
38249978,5606.29,129.01
38249979,305512172.27,25168407.36
38249981,43282.93,806.1299999999999
38249982,61046.19,0
38249983,182.27,0
38249984,11,0
38249985,50,0
38249986,343844.47,5982.91
38249987,752.0500000000001,0
38249988,32617.08,145.06
38249989,16541493.95,1539587.55
38251000,245418.46,669.2
38252000,70861.76999999997,2748.12
38253000,266,0
38253090,0,0
38254100,1913.65,417.95
38254900,310186.51,4662.87
38255000,43551.8,2131.79
38256100,24753,576.49
38256900,29060.28,4.69
38259000,303798.72,1680.73
38259090,0,0
38269090,0,0
38271110,279.42,17.34
38271190,10380.85,1872.73
38271300,615.89,56.97
38271400,42,2.19
38273110,13386.37,3329.03
38273190,47.2,6.49
38273210,5361.440000000001,1075.11
38273290,2512.5,142.45
38273900,43276.14,1313.34
38275100,26638.1,1578.52
38275900,114.75,0
38276100,597166.8199999998,128768.39
38276200,37.75,0
38276300,224993.88,34542.85
38276400,30296.85,6436.110000000001
38276500,24570.27,1285.09
38276800,2375,219.46
38276900,24761.48,979.02
38279000,63532.69999999998,11019.64
38299929,0,0
38342400,0,0
38392990,0,0
38402400,0,0
38424901,0,0
38549941,0,0
38587353,0,0
38700000,0,0
38742000,0,0
38755100,0,0
38899999,0,0
39010009,0,0
39011010,118147.19,2387.83
39011020,449176.48,72402.18
39011030,409054.65,72344.30000000002
39011091,37.76,9.83
39011092,3169.23,316.5
39012011,8462.15,728.54
39012019,213398.96,17419.97
39012021,1342.12,49.7
39012029,712005.6000000001,66468.40000000001
39013010,18321.94,357.0300000000001
39013090,9941.67,1205.08
39014000,25916.66,1358.9
39019010,21086.9,555.46
39019020,2253,0
39019030,7843.650000000001,68.91
39019040,3704.91,0
39019050,3731,76.94
39019090,798545.71,71831.23999999999
39020119,0,0
39021010,1277442.26,8235.78
39021020,2657881.07,560135.4
39021100,0,0
39021140,0,0
39022000,18133.78,3110.36
39022019,0,0
39023000,151026.4,15487.81
39029000,954212.92,11476.96
39029031,0,0
39029039,0,0
39029990,0,0
39031110,90274.43000000001,4908.289999999999
39031120,2874531.18,36398.16
39031900,3848183.75,446062.7599999999
39032000,514.78,0
39033010,1495.3,143.49
39033020,19496.38,97.21000000000001
39035019,0,0
39039020,709,158.55
39039090,8669798.880000003,848080.5399999996
39041010,471233.2500000001,10361.21
39041020,15039.97,1033.86
39041090,9064.2,631.0999999999999
39042100,23129.48,1623.02
39042200,188935.23,10550.3
39043000,12818.13,63.85
39044010,25,0
39044090,11080.17,1038.02
39045010,25515.84,0
39045090,320.9,0
39046110,331.5,0
39046190,24819.67,1660.54
39046990,256300.57,30860.53999999999
39049010,345,53.82
39049090,18565.45,236.37
39051000,0,0
39051200,5150.09,623.9200000000001
39051910,789.9,0
39051990,49242.83,9259.240000000002
39052100,10817690.49,682212.64
39052900,5330.099999999999,37.65000000000001
39053000,8642.68,823.89
39055029,0,0
39059000,0,0
39059190,186,38.79000000000001
39059990,8707.82,1334.46
39061000,266913.17,43793.79
39069000,0,0
39069011,103600.49,12526.06
39069012,60932.7,13183.13
39069019,1858828.53,225558.5699999999
39069021,40771.4,1039.72
39069022,1067.61,157.53
39069029,250395.59,22999.5
39069031,35,0
39069032,340396,22095.24
39069039,22728.69,4903.54
39069041,12099.4,89.65
39069042,96158.2,14316.17
39069043,78,0
39069044,61302.51,4942.62
39069045,157080.71,15823.64
39069047,828.79,1.75
39069048,168441.45,11138.56
39069049,979648.06,181284.38
39069090,0,0
39069120,0,0
39071010,112.25,15.66
39071020,320,0
39071039,42247.34,396.98
39071041,394.31,0
39071042,3841.83,0
39071049,52526.98,3888.27
39071091,526.26,10.18
39071099,588,132.9
39072039,17768.9,479.04
39072042,234,34.28
39072090,4768.5,879.5200000000002
39072100,3787.67,0
39072911,590.1,2.17
39072912,381.3,0
39072920,415.4,0
39072931,24080.5,0
39072939,159022.12,25942.78
39072941,126190.07,1891.33
39072949,1669.7,0
39072990,5030.1,760.3699999999999
39073011,275381.91,49273.82000000001
39073019,1136334.73,38150.44
39073021,2647.71,497.69
39073022,456387.6799999999,46196.66
39073029,197994.21,24324.12
39074010,1218.61,28.08
39074020,444,0
39074090,166705.46,204.96
39075010,65732.21,4077.79
39075090,143414.85,30302.53
39076100,114.99,8.870000000000001
39076900,1097838.03,174279.14
39077000,2458.35,0
39079100,1378660.07,170400.11
39079911,434332.91,7850.940000000001
39079912,4593.46,780.8900000000001
39079919,54416.57000000001,3883.97
39079991,17363.31,522.2499999999999
39079993,72.5,0
39079994,3910,0
39079995,1200,0
39079999,745905.36,85494.46999999997
39081011,3556.9,0
39081012,1499.4,133.41
39081013,4005.51,110.72
39081014,885303.3400000002,112169.89
39081019,19459.35,3198.6
39081021,168.58,8.530000000000001
39081022,3906.21,76.84000000000002
39081023,15909.6,343.98
39081024,9245.79,492.96
39081025,4182.6,105.33
39081026,365.93,25.28
39081029,366820.29,27569.19999999999
39089010,19974.94,57.86
39089020,2565.62,482.65
39089090,120057.66,16297.33
39089996,0,0
39090000,0,0
39091000,415429.8,69354.03
39091001,0,0
39091010,0,0
39092011,158,0
39092019,1158.8,3.52
39092029,6323.09,1230.32
39093100,235719.37,42540.73
39093900,122364.27,8270.380000000001
39094011,2015.22,31.98
39094019,935,125.12
39094091,470,0
39094099,3386.82,49.4
39095011,2118655.52,231496.52
39095012,20171.42,1518.41
39095019,2952845.56,318708.98
39095021,38514.04,854.8199999999999
39095025,0,0
39095029,1427063.5,153997.04
39100000,0,0
39100011,204750.4,23441.96
39100012,5261558.49,283803.39
39100013,333145.7399999999,16533.01
39100019,18308113.20999999,99693.03
39100020,40,1.31
39100021,622576.57,17559.53
39100029,134203.46,13640.32
39100030,202099.91,9603.94
39100090,2068788.060000001,214005.1599999999
39101010,0,0
39111010,20480.42,4201.17
39111020,52,0
39111021,486.2,0
39111029,1181.72,141.43
39112000,4901.71,167.99
39116200,0,0
39117409,0,0
39119000,0,0
39119011,3.2,0.29
39119014,1791.07,0
39119019,61174,6935.1
39119021,113,0
39119023,985.8,0
39119025,856,0
39119026,130,0
39119029,26469.5,2630.51
39121090,0,0
39121110,12206.61,21.19
39121120,30588.7,0
39121200,11208.16,154.71
39122021,14,0
39122029,270.4,54.20000000000001
39123000,0,0
39123110,0,0
39123111,519629.7600000001,72956.57
39123119,7217.85,891.2600000000001
39123121,38.4,10.73
39123129,377.53,0
39123910,7736.32,0
39123920,1200,0
39123990,195,0
39124090,0,0
39129010,106.32,0.65
39129020,205,0
39129031,326648.3,348.57
39129039,121573.77,5406.63
39129040,19.8,0
39129090,460.13,3.18
39131000,17072.44,2531.86
39139011,6168.81,22.57
39139012,52544.18,273.32
39139019,22537.72,844.6399999999999
39139020,348234.78,19838.73
39139030,44,0
39139040,500,0
39139060,268.74,0
39139090,49503.52,4922.23
39140011,12119.48,26.37
39140019,4517.28,276.51
39140090,78673.88,1052.93
39143240,0,0
39144090,0,0
39145610,0,0
39147090,0,0
39147409,0,0
39151000,376768.08,16421.51
39152000,4918945.26,453787.4500000001
39153000,140659.24,6353.72
39159000,7945573.4,600853.9400000001
39159001,0,0
39159900,0,0
39161000,1266528.04,208368.67
39162000,32311510.40000001,2968475.49
39162020,0,0
39162300,0,0
39169010,2571262.439999999,236854.06
39169044,0,0
39169090,7901096,561145.19
39169300,0,0
39170000,0,0
39170090,0,0
39170290,0,0
39170990,0,0
39171000,0,0
39171010,37464.60999999999,1559.58
39171021,3187.599999999999,399.78
39171029,92180.84999999999,4271.15
39171040,0,0
39171090,0,0
39171290,0,0
39171490,0,0
39171728,0,0
39171900,0,0
39172000,0,0
39172100,61114609.5,6771277.300000001
39172111,0,0
39172200,3101172.53,148176.66
39172220,0,0
39172229,0,0
39172290,6,0
39172300,138637006.72,10357484.47
39172317,0,0
39172333,0,0
39172600,0,0
39172900,18632818.99,2236368.109999999
39172999,0,0
39173000,0,0
39173100,15501312.25,1124455.073
39173101,0,0
39173199,0,0
39173200,0,0
39173210,966220.4399999997,54766.85999999999
39173221,1272.89,4.09
39173229,6467345.840000001,470699.35
39173230,180575.33,9024.96
39173240,2301528.9,193978.79
39173251,247292.78,1031.04
39173259,3680.699999999999,92.83000000000001
39173290,174090538.03,22478904.19
39173299,0,0
39173300,5053940.329999999,415847.93
39173900,70079306.72,5066338.689999999
39173919,0,0
39173920,0,0
39173999,0,0
39174000,5640.440000000001,439.2300000000002
39174001,0,0
39174010,756353.9699999999,30317.36
39174030,0,0
39174049,0,0
39174056,0,0
39174080,0,0
39174090,91154537.13999994,6585056.711999998
39174091,0,0
39174092,0,0
39174096,0,0
39174099,0,0
39174900,0,0
39174990,0,0
39175250,0,0
39176490,0,0
39177200,0,0
39177490,0,0
39179000,0,0
39179100,0,0
39179200,0,0
39179290,0,0
39179300,0,0
39181000,11137233.68,1153593.44
39182900,0,0
39183290,0,0
39189000,3922950.37,457187.49
39190000,0,0
39190120,0,0
39191000,188352.86,11094.5
39191010,6622051.7,1384800.67
39191019,0,0
39191020,7606283.130000002,534360.7600000001
39191090,2998642.28,165647.84
39192300,0,0
39193920,0,0
39194090,0,0
39199000,132251.88,10341.32
39199010,3116735.919999999,496402.3700000001
39199020,1486373.39,63106.92000000001
39199090,11538325.98,1094488.54
39199100,0,0
39199900,0,0
39199990,0,0
39201000,2106.25,519.71
39201010,2860686.27,664170.86
39201090,22,0
39201091,16612.66,874.99
39201099,323762294.21,85652728.60000001
39202011,72763.85,8998.949999999999
39202012,9126.380000000003,731.2299999999999
39202019,20299755.46,2053643.43
39202090,1366318.64,125703.76
39202990,0,0
39203000,1593772.69,76990.3
39204310,3418767.18,519670.0800000001
39204390,4097515.53,672032.57
39204690,0,0
39204900,2634624.290000001,267855.52
39205100,3523563.73,141297.93
39205900,544851.9,42486.44
39206100,1502226.42,72834.42000000001
39206211,82112.51999999999,0
39206219,245563.15,45821.68
39206291,151775.47,3008.53
39206299,6730481.770000001,1482349
39206300,3614.6,489.48
39206900,220364.9500000001,9920.82
39206909,0,0
39207100,9789.7,119.29
39207310,6126.620000000001,189.23
39207390,301.42,3.32
39207910,3961.8,71.68
39207990,49111.24000000001,2050.7
39209000,0,0
39209090,0,0
39209100,34562.74000000001,113.83
39209200,1379541,202703.3499999999
39209300,1749.44,1.07
39209400,30493.11,942.01
39209590,0,0
39209900,0,0
39209910,232963.8799999999,10159.64
39209920,2605071.96,545750.8099999999
39209930,1078.1,0.5900000000000001
39209940,22241.52,794.8800000000001
39209950,255.25,10.85
39209990,6746513.36,730170.5900000001
39209999,0,0
39210000,0,0
39211000,0,0
39211100,469690.71,3054.24
39211200,1365883.09,157315.82
39211300,198.8,0
39211310,23758.93,3452.43
39211390,1123065.38,156512.64
39211400,4106.61,649.4699999999999
39211900,5587237.61,513371.95
39211990,0,0
39213000,0,0
39219000,0,0
39219011,504674.17,30679.09
39219012,55185.9,3358.159999999999
39219013,11383.97,0
39219019,5981316.329999999,455007.5399999999
39219020,56804.93,1991
39219090,30972881.15,6458847.349999999
39220000,0,0
39221000,3302896.29,215853.74
39221100,0,0
39221110,0,0
39222000,7246135.950000001,644336.34
39222100,0,0
39222200,0,0
39226909,0,0
39229000,5161127.939999999,395062.35
39230000,0,0
39230900,0,0
39231000,13659.98,1487.86
39231010,727476.4500000001,3689.45
39231090,43395666.45,7050377.25
39231990,0,0
39232101,0,0
39232110,8395636.48,1007793.6
39232190,25604864.01,2835215.11
39232191,0,0
39232194,0,0
39232196,0,0
39232901,0,0
39232910,11727153.44,2467037.06
39232990,24252891.24,3458062.75
39233000,774898.93,33228.95
39233009,0,0
39233010,264408.1900000001,14640.04
39233090,15181702.22,2295441.08
39234000,1589823.42,177534.49
39234099,0,0
39234390,0,0
39235000,14807273.01,2395343.08
39239000,1607737.09,39693.02
39239010,801442.54,95489.7
39239032,0,0
39239090,25659217.84,4198596.920000001
39241000,15912187.40000001,1189472.17
39241010,0,0
39241100,0,0
39242190,0,0
39242910,0,0
39244900,0,0
39245000,0,0
39249000,35923075.48,4993105.82
39249090,0,0
39250000,0,0
39250900,0,0
39251000,312179268.7600001,33938940.76
39252000,26437873.2,2126340.25
39253000,1078284.29,17683.26
39254090,0,0
39255090,0,0
39255100,0,0
39259000,177743.44,18546.95
39259010,10749067.56,1052228.9
39259011,0,0
39259090,71983953.45,8420537.639999999
39259099,0,0
39259100,0,0
39260000,0,0
39260090,0,0
39261000,1252293.04,31636.54
39261010,0,0
39262000,5082438.599999999,690202.18
39262003,0,0
39263000,27741279.35,2861244.640000001
39263001,0,0
39263030,0,0
39264000,1578355.73,46628.84999999998
39269000,0,0
39269001,0,0
39269009,0,0
39269010,6042724.73,480033.79
39269012,0,0
39269021,1117349.89,124524.73
39269022,6174015.77,651208.31
39269024,0,0
39269030,34923.38,2243.12
39269040,2784296.97,346576.66
39269050,18409.34,626.02
39269060,0,0
39269061,541644.2,62145.67
39269069,3749150.370000001,385667.6099999999
39269080,0,0
39269090,269456925.0899999,51839384.2171
39269092,0,0
39269097,0,0
39269100,0,0
39269300,0,0
39269909,0,0
39272300,0,0
39289090,0,0
39291000,0,0
39299000,0,0
39299090,0,0
39390930,0,0
39401000,0,0
39401900,0,0
39451690,0,0
39581204,0,0
39629090,0,0
39689090,0,0
39690100,0,0
39699090,0,0
39714090,0,0
39717409,0,0
39733900,0,0
39740900,0,0
39773900,0,0
39781001,0,0
39804090,0,0
39824900,0,0
39923900,0,0
39999999,0,0
40000000,0,0
40004000,0,0
40005444,0,0
40006900,0,0
40008290,0,0
40009210,0,0
40009219,0,0
40009310,0,0
40010010,0,0
40011000,1422196.32,29290.75
40012100,65166.03,201.68
40012200,143518.85,9428.960000000001
40012910,1056.54,52.24999999999999
40012920,52805.5,1145.56
40012990,450527.97,14137.62
40012999,0,0
40013000,4943.22,276.79
40016930,0,0
40018000,0,0
40021110,182524.97,28602.59999999999
40021120,870780.8,55148.32
40021910,0,0
40021911,192332.83,7138.99
40021912,336.14,0
40021919,51082.09000000001,7260.619999999998
40021920,167248.44,16657.11
40022010,70668.20999999999,380.58
40022090,442,0
40022091,437.58,0.58
40022099,5667.83,57.48999999999999
40022110,0,0
40022900,0,0
40023100,147325.07,31184.5
40023190,0,0
40023900,414.68,6.970000000000001
40024100,2710.1,4.69
40024900,842.95,11.98
40025100,47083.27,803.2200000000001
40025900,25212.67,715.3199999999999
40026000,3224.75,92.38
40027000,14904.58,2138.22
40028000,1300.18,201.72
40029100,29165.08,206.4
40029910,3650.69,313.77
40029920,3509.36,28.21
40029930,19706.91,29.25
40029990,121851.74,10949.73
40030000,677383.2000000001,59433.38000000001
40031100,0,0
40031800,0,0
40032110,0,0
40033100,0,0
40034005,0,0
40040000,5781266.22,287775.96
40041290,0,0
40049020,0,0
40049099,0,0
40051000,0,0
40051010,120906.77,24888.5
40051090,418240.15,16805.82999999999
40052000,2039354.75,161218.49
40059110,1448.32,182.93
40059190,2559056.12,321498.6100000001
40059990,20228.19,551.75
40061000,2529453.35,407667.63
40061020,0,0
40063100,0,0
40069000,2944939.740000001,403923.1799999999
40070011,65712.58,3608.7
40070019,449390.47,39224.74000000001
40070020,168079.8,10193.08
40079990,0,0
40081000,0,0
40081100,487877.37,38594.32
40081199,0,0
40081900,1366341.76,142715.63
40081990,0,0
40082100,11055894.54,1227544.5
40082210,0,0
40082900,7448568,719283.0299999999
40082999,0,0
40083210,0,0
40088210,0,0
40089000,0,0
40091000,13064.62,1219.23
40091100,11024907.74,763916.89
40091110,0,0
40091190,0,0
40091209,0,0
40091210,186077.28,5703.110000000001
40091290,1107426.63,56940.35999999999
40091300,0,0
40091900,0,0
40092010,18298.87999999999,564.28
40092090,2914.18,0
40092100,0,0
40092110,71180043.15999998,3138434.909999999
40092190,18877111.06,667083.3699999999
40092210,10702790,588216.5900000001
40092290,8010239.859999999,611848.4999999999
40093000,6447.33,495.6999999999999
40093009,0,0
40093100,38567737.15000001,2046546.25
40093110,0,0
40093160,0,0
40093200,0,0
40093210,906685.6800000002,42576.9
40093290,7444654.989999998,269926.2
40094000,4812.98,0
40094100,4004660.939999999,213940.84
40094110,0,0
40094210,734914.85,47043.12
40094290,5496360.200000001,215349.27
40095010,125.66,20.17
40095090,2174.26,287.9
40096100,0,0
40100000,0,0
40100300,0,0
40101000,0,0
40101001,0,0
40101100,1870553.63,28071.79
40101200,70659406.65,10704317.62
40101300,385,24.65
40101616,0,0
40101900,72632657.81,10013701.37
40102000,0,0
40102100,1412.68,68.6
40102200,2507.34,99.07
40102300,50,8.5
40102400,900.6,0
40102900,7300.02,707.78
40103000,0,0
40103100,22469206.54,1760141.05
40103200,18600500.73,1234521.91
40103300,18616455.69,1546728.48
40103400,21063804.82,1720906.64
40103500,3951332.89,279167.47
40103600,3146058.089999999,198864.31
40103700,0,0
40103900,207154490.5,18048981.45
40105900,0,0
40109000,0,0
40109300,0,0
40110000,0,0
40111000,215636193.56,2876407.45
40111100,0,0
40111300,0,0
40111809,0,0
40112000,0,0
40112010,6953668.939999999,36144.48
40112090,578764834.67,14330937.14
40113000,6340880.880000001,230620.51
40113090,0,0
40113900,0,0
40114000,11957093.86,126445.95
40114300,0,0
40115000,255666.01,3006.32
40116100,2280309.51,48121.42
40116200,42611.05,5430.72
40116300,0,0
40116310,744.37,26.94
40116390,21740,0
40116910,10500,0
40116930,0,0
40117010,19000912.66,250499.47
40117090,509908138.6600001,9880549.459999999
40118010,254982.1,4637.88
40118020,47038.7,141.33
40118090,67355853.31,1371905.77
40119000,0,0
40119010,426606.2399999999,7542.309999999999
40119020,0,0
40119090,39167558.84,568525.24
40119210,195894.16,681.81
40119290,130986.06,346.75
40119300,237075.82,478.62
40119490,57516,961.1199999999999
40119910,3231122.34,85201.69999999998
40119990,310623.6,4078.6
40121000,256078.94,0
40121010,0,0
40121090,0,0
40121100,5717577.760000001,107226.85
40121200,7878522.710000001,432577.3799999998
40121300,174138,4186.8
40121900,5412301.96,179909.37
40122000,14583101.02,480606.05
40126895,0,0
40129000,0,0
40129010,3687226.51,157446.1
40129090,20878820.00999999,2041253.79
40129990,0,0
40130000,0,0
40131000,0,0
40131010,2575097.64,10669.93
40131090,21112808.44000001,220760.97
40131500,0,0
40132000,130528.43,2369.73
40133100,0,0
40133200,0,0
40133900,0,0
40135000,0,0
40138900,0,0
40139000,64781517.51,782788.07
40139090,0,0
40139300,0,0
40140000,0,0
40141000,45203.43999999999,2574.119999999999
40141010,0,0
40148090,0,0
40149010,59131.81999999999,1266.66
40149090,435147.1600000001,84373.81000000001
40151100,20915.29,775.8799999999999
40151200,1438145.78,137431.05
40151900,16602635.38,1878673.29
40151901,0,0
40152190,0,0
40155190,0,0
40159000,1326334.03,175055.57
40159090,0,0
40159300,0,0
40159990,0,0
40160090,0,0
40161010,19487128.01000001,598509.5
40161090,2317508.99,91144.26000000002
40161300,0,0
40161930,0,0
40163000,0,0
40163300,0,0
40163520,0,0
40163600,0,0
40163900,0,0
40163930,0,0
40164300,0,0
40166930,0,0
40166990,0,0
40167300,0,0
40168300,0,0
40169000,0,0
40169090,0,0
40169099,0,0
40169100,3449143.87,274820.8
40169200,168447.77,6672.940000000002
40169300,333594374.5700001,23294339.97000001
40169301,0,0
40169330,0,0
40169390,0,0
40169393,0,0
40169399,0,0
40169400,377916.97,22623.69
40169510,7808.17,1278.82
40169590,13443.22,618.28
40169600,0,0
40169900,0,0
40169904,0,0
40169910,92992.50999999998,5979.74
40169930,0,0
40169990,119202424.27,7566520.5
40169991,0,0
40169992,0,0
40169993,0,0
40169995,0,0
40169996,0,0
40169999,0,0
40170000,2783442.11,259775.3
40174090,0,0
40179990,0,0
40181809,0,0
40196200,0,0
40196300,0,0
40199300,0,0
40199990,0,0
40209000,0,0
40209999,0,0
40211000,0,0
40213000,0,0
40299200,0,0
40301070,0,0
40307010,0,0
40309000,0,0
40310000,0,0
40311070,0,0
40369300,0,0
40390000,0,0
40393100,0,0
40403900,0,0
40410310,0,0
40506040,0,0
40619300,0,0
40691300,0,0
40721000,0,0
40804000,0,0
40822100,0,0
40900000,0,0
40931090,0,0
40931600,0,0
41000000,0,0
41002900,0,0
41010000,0,0
41010010,0,0
41011000,560,0
41012000,894520.3,843.61
41012010,23863.82,5443.24
41015010,27796.23,4893.34
41015020,14075.04,1320.22
41016930,0,0
41019010,1964.84,187.16
41019020,7075.5,184.41
41021000,41689.18,5694.16
41022100,197.7,30.7
41022900,2058.1,280.69
41032000,5507.35,25.16
41033000,97829.28,861.0999999999998
41039000,341106.39,8845.210000000001
41041111,493781.48,18724.75
41041112,10214,0
41041113,25661.63,2043.22
41041114,2810.600000000001,661.19
41041119,12481.91,134.69
41041121,15554.34,2492.599999999999
41041123,14510.22,12.31
41041124,190960.26,4333.28
41041129,695.4,8.5
41041910,2312,235.72
41041920,268,0
41041930,526.5799999999999,24.77
41041940,19040.94,1834.87
41041990,181.63,14.2
41043102,0,0
41043120,312.5,43.51
41044110,3498,0
41044120,82057.78,638.9699999999999
41044130,20135.48,2001.37
41044910,1600,0
41044920,49278.41,388
41044990,195,44.17
41051029,14717.34,1927.11
41051090,1572.98,284.15
41053000,3735.52,474.0099999999999
41062121,122,0
41062129,177.06,9.94
41063110,200.23,0
41063190,6.3,1.31
41064000,1479.39,22.8
41069200,4338,448.48
41071110,49055.97,5260.439999999999
41071120,46006.23,788.29
41071190,3444,73.11000000000001
41071210,1663.52,166.19
41071220,879477.1299999999,55090.02
41071290,12505.5,912.7800000000002
41071910,548.72,0
41071920,306433.01,26343.18
41071990,5150,154.5
41079110,7650297.1,118.79
41079190,79.8,0
41079210,2491197.04,5126.59
41079910,15751603.43,21556.79
41079990,11298.8,1195.9
41084300,0,0
41090020,615,0
41092110,0,0
41100000,4010.13,35.2
41110000,5417,0
41114110,0,0
41114190,0,0
41120000,136053.59,76972.17000000001
41128010,0,0
41131010,89578.69,266.42
41131090,3126.9,128.73
41132000,3.45,0
41133000,260,0
41139000,9491.21,712.3199999999999
41141000,23565.13,2740.07
41142010,10320.84,654.27
41142020,8470.17,7.049999999999999
41151000,37725.02,3793.440000000001
41152000,31611.57999999999,2078.1
41169300,0,0
41170090,0,0
41390000,0,0
41469300,0,0
41526000,0,0
41551900,0,0
41564564,0,0
41693000,0,0
41699990,0,0
41700020,0,0
41700068,0,0
41810000,0,0
41942429,0,0
42000110,0,0
42001009,0,0
42010000,0,0
42010001,0,0
42010010,9298281.350000003,1029203.92
42010090,8637076.009999998,934323.7999999999
42010099,0,0
42011001,0,0
42012210,0,0
42020010,0,0
42020090,0,0
42021100,502514.9299999999,58135.82
42021210,3528343.180000001,338578.0900000001
42021220,1192152.63,84465.03
42021900,794644.7699999999,50145.89000000001
42022000,0,0
42022100,14383873.2,3248751.339999999
42022210,1933813.31,385011.7
42022220,3807203.37,638937.8
42022290,0,0
42022900,852740.17,70237.67000000001
42022990,0,0
42023100,1460796.59,197857.29
42023200,853224.9700000001,89389.82
42023900,191699.63,31874.55
42029000,0,0
42029100,885079.74,91363.10999999999
42029200,3898972.399999999,328244.12
42029900,599751.1699999999,18203.44
42030010,0,0
42030101,0,0
42031000,3637906.89,549868.9199999999
42032000,0,0
42032100,119964.82,8324.43
42032190,0,0
42032900,10759495.14,1432168.17
42032901,0,0
42032911,0,0
42033000,1619945.88,264917.89
42033099,0,0
42034000,559559.0999999999,48722.53
42039290,0,0
42040090,655.5,151.82
42041100,0,0
42041210,0,0
42050000,1413803.25,149241
42060000,9459.97,823.9
42061000,425.16,46.01
42069000,3.9,0
42100090,0,0
42101001,0,0
42103900,0,0
42122000,0,0
42129090,0,0
42209000,0,0
42220100,0,0
42256666,0,0
42512187,0,0
42600050,0,0
42823209,0,0
42910090,0,0
43011000,487.8,0
43013000,15,0
43018000,11642,131.25
43019000,30059.48,39.03999999999999
43021100,73300,0
43021910,440703.6900000001,16655.72
43021990,219709.81,11445.59
43022000,1664.37,79.88
43023000,356935.77,29505.81999999999
43030000,0,0
43031000,102708.27,15669.27999999999
43033000,0,0
43039000,929162.06,12267.85
43040000,2500.25,211.49
43043920,0,0
43045990,0,0
43103200,0,0
43109000,0,0
43130000,0,0
43131000,0,0
43146421,0,0
43169300,0,0
43181500,0,0
43195102,0,0
43269090,0,0
44001710,0,0
44011000,1786986.34,79726.65999999999
44011100,20913803.19,554910.0299999999
44011200,34902191.02999999,523055.8199999999
44012100,8577218.7,438759.64
44012200,55569721.89000001,2785876.899999999
44013000,737868.47,96999.16
44013100,21296202.75,2070463.44
44013200,467988.78,16209.64
44013900,68522961.39,1920426.57
44014000,3691405.27,100977.46
44014100,12089018.8,305423.93
44014900,4880436.23,55904.90999999999
44016930,0,0
44020000,3586.34,359.8099999999999
44021000,164942.06,2724.07
44022000,37971.14,1354.02
44029000,12995755.25,180495.82
44030100,0,0
44031000,2190041.26,15580.78
44031001,0,0
44031100,27799715.04,1930739.23
44031200,70174764.87000002,6125430.189999999
44032000,27203.93,0
44032100,514400.3099999999,13206.23
44032200,3285174.56,133149.66
44032300,127.9,13.11
44032400,900,0
44032500,29440.1,638.53
44032600,1064766.62,25405.06
44034100,208689.79,2967.4
44034200,74856.51,3434.04
44034900,6541118.410000001,115233.57
44034990,0,0
44038000,0,0
44039000,0,0
44039100,262761.08,233.14
44039300,28.5,0
44039400,30000,0
44039500,24753.5,956.3000000000001
44039600,73292.9,5948.38
44039700,566.2,0
44039800,111108747.51,4169863.4493
44039880,0,0
44039900,69054680.02,1387203.48
44041000,2125278.16,131930.71
44042000,7766345.909999999,157424
44044000,0,0
44050000,1713958.04,96834.25
44061100,18463.78,0
44061200,188887.97,3819.23
44069000,37831.3,0
44069100,833394.9600000001,0
44069200,1886529.540000001,18794.76
44070000,0,0
44071000,344519.67,4935.62
44071100,17083815.63,834372.0299999997
44071200,198099.8,13989.44
44071300,209774.59,678.63
44071400,431.15,0
44071900,9812420.769999998,166503.81
44072100,203051.33,10893.35
44072200,445511.52,5247.62
44072300,172516.12,9970.25
44072420,2100,0
44072490,142.4,0
44072500,104483.85,870.6199999999999
44072600,18281.16,0
44072700,344.29,0
44072800,1079.32,8.33
44072900,0,0
44072910,2454553.44,101833.84
44072920,715833.0999999999,26091.38
44072925,0,0
44072930,13529.6,1027.34
44072933,0,0
44072940,364633.47,6489.519999999999
44072949,0,0
44072950,10619.35,242.98
44072960,219.9,7.75
44072970,7279.5,1862.46
44072990,27421721.69,763663.1
44072998,0,0
44078990,0,0
44079100,156442.3799999999,6660.059999999999
44079200,31857.16,1431.9
44079290,0,0
44079300,225223.78,2558.09
44079400,79525.62,83.46
44079500,15142.95,51.39
44079600,1300,0
44079700,13162.73,211.85
44079900,0,0
44079902,0,0
44079903,0,0
44079910,608,0
44079920,1570087.24,39071.60000000001
44079930,101304.11,12515.24
44079950,650,0
44079960,114681.56,4079.13
44079970,151557.48,0.4
44079990,195493599.46,6506168.609999999
44081010,244220.08,11396.78
44081091,297084.83,3441.950000000001
44081099,947338.2,18859.49
44083110,2410.4,0
44083190,29847.33,139.94
44083910,455484.0699999999,586.97
44083920,21666,0
44083991,171227.27,1833.56
44083992,15.8,0
44083999,97124.37,3548.77
44089010,153484.81,9932.77
44089090,752253.3199999995,16354.44
44090000,0,0
44091000,1851683.290000001,30439.75
44092000,6466.589999999999,1296.58
44092100,910649.2799999999,128119.44
44092200,1634593.27,110740.74
44092900,5710915.66,288205.83
44099800,0,0
44101110,192461.69,2428.5
44101121,2114401.01,207439.2100000001
44101129,270530.46,12698.36
44101190,162820.04,7391.52
44101210,1303415.79,118739.1
44101290,12452.75,315.9
44101911,6347,46.65
44101919,95252.43000000001,17456.02
44101991,3900,0
44101992,381.74,4.819999999999999
44101999,5629.3,0
44109000,173995.5,1493.61
44111100,3500,595
44111140,0,0
44111149,0,0
44111210,261001.37,12583.95
44111290,661890.5100000001,26316.76
44111310,360161.3,42294.75999999999
44111391,3565864.67,281549.27
44111399,4571042.909999999,640504.1899999998
44111410,1130709.86,132994.1199999999
44111490,31098569.97,4662538.15
44111900,120769.13,0
44112900,148.72,0
44119100,2891.2,0
44119210,484427.73,33001.01
44119290,366734.81,33712.64
44119300,0,0
44119310,75081,0
44119390,174163.68,31603.17
44119490,7326.27,837.26
44119900,15964.66,0
44121000,872949.48,32378.3
44121300,5352,0
44121400,1903.04,74.02000000000001
44121900,490,1.11
44122900,355.69,73.96000000000001
44123100,2956604.899999999,373355.7800000001
44123200,11921.6,0
44123300,1751481.91,65261.78999999999
44123400,231550.91,31593.37000000001
44123900,15974992.5,1080883.37
44123990,0,0
44124100,350304.56,6498.980000000001
44124200,647,175.91
44124900,9905.4,540
44125100,4004,651.22
44125200,69518.8,1785.45
44129100,33998.69,5635.01
44129200,59309.38,1134.74
44129300,410.94,0
44129900,16096819.27,837614.47
44130000,13257682.26,212057.3199999999
44140000,59327.17000000001,4762.47
44140010,0,0
44141000,503061.8099999999,4171.66
44149000,510745.9,17183.8
44151000,10050117.74,543286.7399999999
44152000,20141933.92,1441276.6
44160010,175655.72,3933.7
44160090,157656.1,3070.55
44170000,0,0
44170001,0,0
44170010,608905.4300000002,69411.54000000001
44170020,67666.99,554.24
44170090,3175370.09,149279.9
44180000,0,0
44181000,20751.75,470.22
44181100,1652216.21,41184.09
44181900,761050.4299999999,31122.55
44182000,2449584.47,56070.94000000001
44182100,10140770.06,488834.1900000001
44182200,0,0
44182900,13442874.75,1177674.79
44183000,2035550.51,52757.55
44184000,1819590.91,129910.22
44185000,437842.1699999999,2070.300000000001
44186000,909134.81,110586.25
44187200,49006.88,0
44187300,24110.08,445.33
44187400,397938.05,18411.52
44187500,4777549.8,512696.03
44187900,3385365.15,102708.31
44188100,4087299.689999999,226098.97
44188200,59937.28,1260.99
44188300,146228.83,1141.69
44188900,760154.39,2747.62
44189000,405023.02,3739.81
44189099,0,0
44189100,171729.76,4679.22
44189200,209931.8,2227.11
44189900,3675820.91,205649.66
44189990,0,0
44190000,892742.8,3949.77
44191000,0,0
44191100,1857084.33,123233.48
44191200,325052.84,347.8299999999999
44191900,449432.0700000001,42170.72999999999
44192000,91603.90000000001,1748.59
44199000,843559.2200000001,56282.69
44201000,129733.94,2320.51
44201100,1415754.99,9498.179999999998
44201900,1144126.57,30313.35999999999
44203000,0,0
44209000,1558146.31,53586.20999999998
44210900,0,0
44211000,232188.67,11388.64
44212000,111870.28,584.7899999999997
44219000,473328.54,5457.359999999998
44219099,0,0
44219100,776773.71,43534.94
44219900,26609894.71,1690608.209999999
44219990,0,0
44310000,0,0
44391990,0,0
44444445,0,0
44658522,0,0
44701100,0,0
44709990,0,0
44729000,0,0
44920100,0,0
45000065,0,0
45011000,5950.929999999999,423.65
45019000,68398.8,28.26
45020000,7295.86,6.800000000000001
45031000,9731.63,915.7
45039000,35561.6,2392.39
45041000,36348.24000000001,2049.88
45049000,2690863.52,208445.02
45049001,0,0
45049090,0,0
45050000,0,0
45123000,0,0
45124578,0,0
45151900,0,0
45152000,0,0
45201646,0,0
45211000,0,0
45260000,0,0
45345456,0,0
45454545,0,0
45454578,0,0
45456456,0,0
45466544,0,0
45494946,0,0
45529632,0,0
45545451,0,0
45600000,0,0
45632178,0,0
45644134,0,0
45645646,0,0
45696546,0,0
45698712,0,0
45698732,0,0
45698756,0,0
45781245,0,0
45781278,0,0
45784578,0,0
45786213,0,0
45788922,0,0
45821000,0,0
45826932,0,0
45879000,0,0
45896000,0,0
45896325,0,0
45896587,0,0
45950000,0,0
46012100,28053.76,621.05
46012200,15342.5,1094.06
46012900,113447.23,3387.39
46019200,1210377.41,19470.32
46019300,22905.83,3363.91
46019400,20202.13,644.03
46019900,74670.22,4372.92
46021000,63.3,12.37
46021100,176684.8,13357.01
46021200,145070.6900000001,11679.12
46021900,692822.9199999999,62345.85000000001
46029000,491060.4799999999,22263.78
46090000,0,0
46100900,0,0
46161010,0,0
46166323,0,0
46169300,0,0
46169990,0,0
46300170,0,0
46565456,0,0
46582256,0,0
46596688,0,0
47010000,2844546.74,331349.58
47031100,69609.54,0
47032100,4387,0
47032190,231321.67,0.85
47032900,13938.21,0
47050000,1334.6,0
47061000,74934.45999999999,9161.36
47062000,386230.94,1838.56
47069100,1081366.25,20938.45
47069200,112742.31,210
47069300,119166.7,1614.56
47071000,1199660.5,12589.05
47072000,89694.5,0
47073000,87209.15000000001,4.1
47079000,3214553.14,33531.89
47634736,0,0
47893651,0,0
47896098,0,0
48002000,0,0
48010010,1559.98,0
48010020,1106.08,44.67
48010030,54725.00000000001,2042.37
48010090,824885.22,3367.61
48021000,127086.18,981.5399999999998
48021010,0,0
48022000,62,0
48022010,42059.28,5789.28
48022090,155143.98,1804.72
48022100,0,0
48024010,1120.4,5.7
48024090,161758.64,1616.65
48025100,330.6,0
48025220,5.4,0
48025230,740.8,15.49
48025310,208.5,0
48025410,2684,0
48025491,102004.78,25915.3
48025499,106603.56,3950.85
48025510,19890.44,621.1800000000001
48025591,5622.59,48.76000000000001
48025592,153542.9099999999,5388.79
48025599,842604.06,6232.240000000001
48025610,19004927.45,543791.2099999998
48025690,0,0
48025691,7045.509999999999,0.09000000000000001
48025692,91.49,8.129999999999999
48025693,67205.76999999999,1212.74
48025699,44682.52,265
48025710,13783.97,1726.8
48025791,319.12,0.17
48025792,1325.43,46.87
48025793,282511.71,9129.219999999998
48025799,80696.28,1513.17
48025810,56642.76,1495.02
48025891,7714.76,488.3799999999999
48025892,10448.02,133.02
48025899,43916.2,759.85
48026110,374,6.46
48026199,3211.2,0
48026210,22165.82,305.58
48026299,282.6,0
48026991,35752.6,0
48026992,338,0
48026999,14762.58,766.7200000000001
48030010,11880.51,1236.89
48030090,1540421.86,44316.87
48033090,0,0
48041100,214483.97,40726.15000000001
48041900,1096886.6,270033.52
48042100,175140.99,15040.59
48042900,633448.1,50964.71
48043110,88687.88,18141.48
48043190,272914.66,31528.25999999999
48043910,7623.16,69.83
48043990,636876.0700000001,78784.85
48044100,2860.78,50.56999999999999
48044200,7949.239999999999,50.9
48044900,24.5,1.16
48045100,4402.2,0
48045200,138.2,3.41
48045900,169,0
48045910,160,0
48045990,7818.68,74.76
48051100,6045.43,1223.24
48051200,993.59,51.82
48051900,1034377.86,125713.46
48052400,64202.84,2213.86
48052500,44244.59,5008.27
48053000,207701.88,12621.14
48054000,1303.62,0
48054010,12329.24,379.41
48054090,720569.17,21390.56
48055000,1839.8,0
48059100,4646694.81,428262.4399999998
48059210,27116.81,118.68
48059290,17304.06,100.76
48059300,20003.75,1578.82
48061000,348.5,0
48062000,82852.10999999999,3242.67
48063000,13530.64,1502.33
48064000,33074.56999999999,3580.359999999998
48070000,32510.21,294.22
48081000,17219523.07,2782907.98
48082000,278,57.41
48083000,34.5,0
48084000,7169.95,592.0999999999999
48089000,330913.5499999999,41430.97999999999
48090000,0,0
48092000,47679.45,32.07
48099000,37039.28,1660.2
48099190,0,0
48101100,1356.7,69.96
48101310,904.79,1.33
48101381,1725.69,229.9
48101382,16.6,0
48101389,9460.58,40.04
48101390,1215.72,0
48101391,1543,0
48101399,32948.58,28.66
48101410,5998.900000000001,29.37
48101481,235.5,0
48101489,968.57,62.25
48101490,25804.21,2070.55
48101910,3134.9,4.63
48101981,1455.22,0
48101989,44920.81,285.62
48101990,162.19,0
48101999,9846.67,34.99
48102210,298.8,25.03
48102290,13959.79,626.27
48102910,18958.4,142.29
48102990,52627.48000000001,6401.929999999999
48103110,85,0
48103190,47.06,1.12
48103210,275.37,4.17
48103290,63.8,0
48103910,39.11,0
48103990,3097.36,0
48109100,193.8,0
48109210,72.25,0
48109290,112226.47,10433.26
48109900,13.4,0
48109990,16569.52,650.8499999999999
48111010,36033.24,43.13
48111090,33915.56,4791.76
48111411,0,0
48112100,36,0
48112900,1544,189.22
48113112,195,0
48114000,301.71,57.05
48114100,0,0
48114110,7690466.470000001,979487.9500000001
48114111,0,0
48114190,1603803.73,102177.29
48114810,0,0
48114910,20215.74,861.4
48114990,33410.05,3966.14
48115110,8575.810000000001,889.7799999999999
48115121,120924.6,59.83
48115122,10131.8,3.05
48115123,23192.84,21.49
48115128,492.99,10.06
48115129,1432924.07,230845.04
48115130,230651.16,19053.15000000001
48115910,6073.73,11.23
48115921,3273.61,640.94
48115922,3024.61,254.64
48115923,32.97,1
48115929,121243.42,7594.68
48115930,6561.820000000001,966.58
48116010,833.28,18.32
48116090,229177.86,28055.23
48119000,1268.76,257.51
48119010,10319834.29,52515.35
48119090,607103.3900000001,51060.22000000002
48119201,0,0
48120000,3127841.45,135811.4
48131000,17903.53999999999,1200.11
48132000,779.28,40.09999999999999
48133000,0,0
48133010,0,0
48139000,1310.08,114.78
48139190,0,0
48142000,3103953.87,69365.81000000001
48149000,152026.46,1610.2
48161000,4.95,0
48162000,67541.12,1266.2
48169010,14576.46,47.97
48169090,7107.95,12.18
48171000,533250.42,11421.61
48172000,13708.38,32.73999999999999
48173000,46329.14,359.8399999999999
48180000,0,0
48181000,10303967.50000001,406199.6899999999
48181100,0,0
48182000,12820637.63,716512.4199999999
48183000,2341864.279999999,193742.6600000001
48184010,6747.820000000001,0
48184020,11.98,0
48184090,304.35,0
48185000,34991.1,317.14
48188100,0,0
48189000,624,0
48189010,30497.88,194.74
48189090,2170341.119999999,260612.23
48191000,291442922.87,79266418.08
48192000,3111868.55,491240.98
48193000,3573696.669999999,827055.89
48194000,1188444.67,149851.56
48195000,133595501.61,31359691.67
48196000,80571.99000000002,8296.94
48200000,0,0
48201000,1722279.68,23401.55
48202000,1121788.07,40830.8
48202001,0,0
48203000,323784.92,13042.15
48204000,2297042.06,15842.62
48205000,52946.02,741.89
48206000,0,0
48209000,1013575.49,19573.73
48209090,0,0
48211000,11816705.66,1421321.56
48212990,0,0
48219000,4186220.06,297684.41
48221000,62247.52,7366.119999999999
48229000,222872.55,24550.66
48231100,533.12,36.12
48232010,9132.929999999998,97.53000000000002
48232090,991.67,0
48232091,3977.81,6.9
48232099,1028928.45,39698.3
48234000,1563302.18,121307.01
48236000,56348.91000000001,11946.92
48236100,50816.32,911.81
48236900,4904034.66,607522.7899999999
48237000,61953118.13999999,12129699.52
48239000,0,0
48239009,0,0
48239010,1352.68,114.21
48239020,1619,327.62
48239090,1062.42,1.9
48239091,1418.76,9.54
48239099,10166569.15,1334635.4
48240002,0,0
48329000,0,0
48420000,0,0
48441000,0,0
48482201,0,0
48483000,0,0
48574560,0,0
48672999,0,0
48811410,0,0
48835090,0,0
48879000,0,0
49011000,3226938.05,61738.93000000001
49019100,120628.97,48.73999999999999
49019900,21364231.31,235027.07
49019990,0,0
49021000,845735.4000000001,11567.52
49029000,5570918.379999999,226829.34
49030000,136627.56,3505.070000000001
49030001,0,0
49033000,0,0
49040000,6378.15,194.29
49051000,1531.42,51.52
49052000,146304.02,16849.64
49059000,21385.07,733.02
49059100,224.5,0
49060000,295174.66,246.99
49070000,0,0
49070010,29725,0
49070020,294,4.92
49070030,3548,0
49070090,30060.98,10.78
49081000,32376.24999999999,4734.459999999999
49089000,3034626.49,444010.65
49090000,133080.89,4579.15
49090001,0,0
49090111,0,0
49093000,0,0
49093290,0,0
49099900,0,0
49100000,127702.73,6266.32
49110000,0,0
49111000,0,0
49111010,1977883.16,24030.68999999999
49111090,3896974.819999999,223849.3799999999
49119100,3131410.09,148766.36
49119900,2999354.37,182543.99
49159000,0,0
49169300,0,0
49582041,0,0
49718045,0,0
49720863,0,0
49872003,0,0
50000000,0,0
50003053,0,0
50010000,808.22,0
50011778,0,0
50013371,0,0
50020000,290,2.19
50030010,117833.76,0
50030090,1871.19,129.42
50040000,417.68,60.81
50050000,75.64,0
50060000,6924,0
50071010,9852.33,534.56
50071090,144099.46,5754.17
50072010,83126.19,3153.46
50072090,6351.29,222.92
50075090,0,0
50079000,124329.56,120.06
50079090,0,0
50099000,0,0
50103100,0,0
50190912,0,0
50231473,0,0
50300006,0,0
50350000,0,0
50400000,0,0
50400120,0,0
50674900,0,0
50711007,0,0
50881038,0,0
51011110,61211.43,848.2900000000001
51011190,18401.16,1.18
51011900,3242.86,281.93
51012100,47239.39,5568.71
51012900,7013.14,0
51013000,311.99,12.63
51021100,144.89,7.62
51021900,1202.94,0
51022000,180000,0
51031000,11501.5,22.58
51033000,651.14,99.79
51040000,2671.92,388.05
51051000,16552.22,1408.53
51052100,3319.84,43.57
51052910,9999.84,1239.11
51052999,19062.4,33.49
51053900,227,0
51061000,6160,0
51062000,15965.49,1514.98
51071011,4463.9,57.62
51071019,147.5,29.74
51071090,400,0
51081000,1268.12,195.81
51082000,85,0
51091000,3961.9,421.5699999999999
51099000,1156.65,0
51100000,3222.61,6.14
51110000,0,0
51111110,40920.62,4726.709999999999
51111111,0,0
51111120,112.5,23.23
51111900,4083.8,64.86
51112000,14777.24,1560.72
51113090,442.41,0
51119000,15498.46,91.97999999999999
51121100,16360.86,2350.1
51121910,6420.25,1140.36
51121920,11079,0
51122020,78.99,0
51123010,4553,71.8
51129000,8266.86,0
51130011,60,0
51130012,1282.76,19.36
51170016,0,0
51270016,0,0
51510203,0,0
51513515,0,0
51651651,0,0
51804452,0,0
51846526,0,0
52010010,147579193.79,5859139.319999999
52010020,52022581.48,2759946.57
52010025,0,0
52010090,52474438.70999999,402107.57
52013000,0,0
52014000,0,0
52017221,0,0
52021000,1010561.13,95093.62000000001
52022900,0,0
52029100,105603.04,20671.33
52029900,47407969.41999999,2618330.780000001
52029990,0,0
52030000,3184214.12,121612.94
52031010,0,0
52041111,2503.45,178.14
52041112,6470.2,107.63
52041120,2342.9,14.51
52041131,27142.92,57.91
52041132,557.1199999999999,32.47
52041140,724.29,0
52041911,30,0
52041912,94.34,0
52041920,2189.43,160.06
52041930,0,0
52041931,387.8,17.26
52041932,22983.96,3.94
52041940,1260.91,91.88
52042000,103661.76,19479.97000000001
52051100,357778.29,49437.02
52051200,1718.12,16.3
52051310,16290.32,1792.48
52051390,53344.45999999998,3085.84
52051400,803.98,201.33
52051500,10,2.63
52052200,132.9,1.54
52052310,378438.9,0
52052390,189.6,13.46
52052800,12,0
52053100,185354.1500000001,24892.76
52053200,6865.1,837.89
52053300,4439.9,507.83
52053400,22171.4,3680.75
52053500,97.5,0
52054000,0,0
52054100,9237.89,1045.11
52054200,39.9,0
52054800,6015.799999999999,0
52061100,1375.84,115.58
52061200,3129.33,678.72
52061400,12009.32,2137.62
52062100,241.28,2.47
52062200,1687.21,118.39
52062300,469,0
52062500,65,0
52063100,474.62,0
52063200,41925.28,83.21000000000001
52063300,453.43,11.15
52063400,598.06,67.73
52063500,2355,0
52064200,88.8,11.73
52071000,48060.17000000001,3841.3
52079000,101936.25,5064.83
52081100,18688.29,2089.8
52081200,41048.34000000001,1177.08
52081300,16416.76,1999.86
52081900,92969.13,8001.450000000003
52082100,37397.28,2281.72
52082200,26901.78,1111.87
52082300,2431.59,51.27
52082900,42970.85,5568.219999999999
52083100,5085.53,1071.43
52083200,155663.81,3672.23
52083300,192012.97,16010.14
52083900,180143.1,17531.25
52084100,19455.71,1.99
52084200,16983.71,584.05
52084300,1356.67,149.55
52084900,59525.45,2490.78
52085100,7643.24,238.37
52085200,166031.16,7168.23
52085910,4706.74,171.16
52085990,25249.04999999999,5061.029999999999
52091100,53953.74000000001,2988.550000000001
52091200,45582.89,3453.619999999999
52091900,178426.08,14237.91
52092100,1273.2,0
52092200,29859.26,2661.53
52092900,158588.74,9073.910000000002
52093100,386943.6599999999,31051.79
52093200,1184294.48,43120.29000000001
52093900,68523.57999999997,4610.46
52094100,15319.64,320.37
52094210,43008.00999999999,2191.98
52094290,34728.52,1846.82
52094300,21577.71,964.04
52094900,106725.24,5503.969999999999
52095100,6230.9,361.33
52095200,1502.28,300.4
52095900,263219.25,23530.71
52101100,18167.58,466.94
52101910,2387.42,3.18
52101990,13982.85,431.76
52102100,14119.58,1412.36
52102200,369.79,0
52102910,4640.75,15.6
52102990,1029.9,27.74
52103100,200694.49,942.3100000000001
52103200,47676.5,4374.58
52103900,50412.67,165.86
52104100,87811.4,89.67999999999999
52104910,77304.17,2967.95
52104990,1150.2,130.03
52105100,35076.14,2301.72
52105910,32.8,0
52105990,4861.12,401.2100000000001
52110016,0,0
52111100,76138.29000000001,0
52111200,127576.38,16472.18
52111441,0,0
52111900,2894624.67,83457.16
52112020,499,0
52112090,21858.85,1130.41
52113100,70960.96,4273.59
52113200,33570.84,3903.87
52113900,47544.92,5236.95
52114100,79873.73000000001,4742.530000000001
52114210,37862.04,458.2
52114290,47463.44,5755.25
52114300,8650.939999999999,1087.9
52114900,175258.3,9352.89
52115100,32694.23,4843.05
52115200,26714.9,0
52115900,41539.54,2366.41
52120100,0,0
52121100,11121394.78,1714473.039999999
52121200,45550.28999999999,5084.979999999999
52121300,4132.539999999999,573.74
52121400,155658.02,967.6199999999999
52121500,91904.1,1338.53
52122011,0,0
52122100,8880.960000000001,1348.27
52122200,5598.02,365.7
52122300,28662.99,3735.45
52122400,230786.57,24786.60999999999
52122500,96818.41000000002,1840.28
52158128,0,0
52160001,0,0
52160080,0,0
52160703,0,0
52170010,0,0
52170013,0,0
52170016,0,0
52170019,0,0
52170065,0,0
52176361,0,0
52176636,0,0
52176665,0,0
52176666,0,0
52176669,0,0
52178896,0,0
52179910,0,0
52179968,0,0
52180016,0,0
52180018,0,0
52186458,0,0
52186940,0,0
52189640,0,0
52196630,0,0
52219000,0,0
52220128,0,0
52221000,0,0
52230329,0,0
52314444,0,0
52362012,0,0
52415646,0,0
52521000,0,0
52563698,0,0
52635423,0,0
52649310,0,0
52654546,0,0
52654547,0,0
52864973,0,0
52883010,0,0
52903360,0,0
53011000,20142.4,2997.81
53011300,0,0
53012110,49323.35,0
53012120,1802.29,18.28
53012910,371.25,0
53012990,37130.48,127.67
53013000,6052456.040000001,862795.6500000003
53021000,14594.51999999999,2.27
53029000,2328.07,167.4
53031010,2159.34,232.86
53031090,2347.48,287.9900000000001
53039010,3048.14,449.7299999999998
53039090,1126830.94,156955.2200000001
53039099,0,0
53041000,4020.520000000001,69.19
53043910,0,0
53048100,0,0
53050010,975.59,15.54
53050090,1519506.65,44912.86000000002
53051900,657.7099999999999,0
53052100,61710.10000000001,571.4499999999998
53052900,24554.32,2595.47
53055900,0,0
53059990,8957.640000000001,98.21000000000001
53061000,1063.52,76.27
53062000,34516,0
53071010,19166.7,1492.91
53071090,5611.900000000001,698.55
53072010,653.33,54.8
53072090,545.7,96.03
53079010,0,0
53081000,3251510.1,240701.84
53082000,1969.44,0
53089000,388469.52,3180.7
53091100,104566.24,7065.849999999999
53091900,573143.71,67605.90000000001
53092100,43624.9,20.81
53092900,508509.67,6678.120000000001
53101010,129986.9,19759.71
53101090,11975.51,1473.13
53109000,6910.38,915.4200000000001
53110000,170053.58,24760.15
53254635,0,0
53510017,0,0
53610000,0,0
54007200,0,0
54010190,0,0
54011011,35850.34,1396.22
54011012,66363.84,6086.339999999999
54011090,598275.6900000001,92971.44999999998
54012011,7,0
54012012,265.82,1.53
54012090,2525.92,77.25
54021020,37.6,0
54021100,10.15,0
54021910,25793.96,1867.04
54021990,4131.18,317.6
54022000,567.99,0
54022010,571.6,38.01000000000001
54022090,116041.74,566.6400000000001
54023111,122.46,32.76000000000001
54023119,87.55,8.91
54023190,2584.21,431.4
54023200,0,0
54023211,7088.5,98.93
54023219,609.27,131.58
54023290,700.22,0
54023310,10918.12,861.1200000000001
54023320,4339.1,149.41
54023390,1688.41,7.909999999999999
54023400,186069.94,25999.15000000001
54023900,11268.56,1263.67
54024400,7162.3,7.580000000000001
54024510,399.96,0.8300000000000001
54024520,2344.7,60.98
54024710,670,0
54024720,387.51,39.68000000000001
54024790,17939.2,636.49
54024800,512877.0200000001,78155.83
54024910,450,0
54024990,3183.11,167.02
54025110,1530.13,0
54025190,2327.96,172.18
54025200,1718.56,0
54025300,146.44,0
54025900,122.8,0
54026110,1698.58,10.13
54026190,33983.79,1083.19
54026200,18057.77,2370.01
54026300,4.85,0.45
54026900,115304.93,7654.42
54031000,2328.33,0.4
54033000,0,0
54033100,60,14.8
54033110,122,0
54033190,37775.03,150.08
54033300,800.9,43.83
54033900,293.87,0
54034100,64362.24000000001,3830.53
54034200,65.7,0
54034900,150,0
54041090,10,0
54041100,467.85,17.74
54041200,673975.4899999999,29040.86
54041911,47.97,4.8
54041919,123.3,5.06
54041990,353567.28,36862.28000000001
54049000,160253.01,24183.84
54050000,1093717.03,149515.01
54060010,1127604.02,168915.57
54060020,2470.07,248.98
54071001,0,0
54071011,468473.2899999999,83774.16000000002
54071018,0,0
54071019,6445989.560000001,859351.58
54071021,281022.43,51260.5
54071029,57738.75999999999,4556.690000000001
54072000,21056087.29,2687882.22
54073000,144343.13,13997.49
54074100,29004.01,245.27
54074200,41866.08,442.61
54074300,6176.58,84.16
54074400,3146.98,170.78
54075100,220097.79,4920.2
54075210,1084260.56,20342.91
54075220,693.6,0
54075300,823110.23,38815.33
54075400,149148.15,1966.39
54076100,458515.0500000001,20613.38
54076900,237173.34,5938.959999999997
54077100,6753476.47,816241.57
54077200,11770539.87,1540599.49
54077300,498637.58,79281.85
54077400,32636.68,8323.22
54077720,0,0
54078100,50410.62000000001,25.18
54078200,76114.73,1236
54078300,161306.19,12414.46
54078400,5060.660000000002,1296.01
54079100,56511.29,37.45
54079200,468169.5100000001,23068.01
54079300,485597.8,40580.79
54079400,25936.46,1483.7
54082100,111031.3,5654.35
54082200,4670.450000000001,57.13999999999999
54082300,361367.4100000001,51386.00000000001
54082400,56.82,4.56
54083100,199.69,0
54083300,203009.75,2031.1
54083400,539.8,0
54125100,0,0
54132554,0,0
54133030,0,0
54137080,0,0
54191000,0,0
54212300,0,0
54212990,0,0
54213990,0,0
54219999,0,0
54268520,0,0
54329000,0,0
54433434,0,0
54451487,0,0
54454564,0,0
54534090,0,0
54545151,0,0
54545454,0,0
54564564,0,0
54564565,0,0
54628000,0,0
54645645,0,0
54654353,0,0
54654654,0,0
54665654,0,0
54682694,0,0
54698421,0,0
54775100,0,0
54820401,0,0
54821010,0,0
54821356,0,0
54845131,0,0
54879990,0,0
54964968,0,0
54984513,0,0
54989845,0,0
55011000,1411.34,17.85
55011100,107166.07,9468.349999999999
55011900,57484.58,47.37
55012000,47032.28999999999,2856.88
55013000,79502.84999999999,705.27
55014000,569778.35,51682.87
55019000,167390.65,2668.69
55020090,328,0
55021000,150.23,2.22
55029010,27,0
55029090,21975.09,9.190000000000001
55031100,1540,0
55031910,3275.790000000001,41.61
55031990,1629.55,226.49
55032010,30359.87,3271.51
55032090,46990.74,693.86
55033000,7470.9,0
55034000,685661.21,108089.19
55039010,49549.57,3920.59
55039090,800.53,8.05
55041000,722.5,0
55049010,81940.01000000001,2192.96
55049090,2289.16,82.2
55051000,413089.97,42546.31
55052000,79093.69000000002,13959.08
55061000,24314.07,50.95999999999999
55062000,20797.26,691.69
55063000,122729.06,2247.97
55069000,507.9,0
55070000,17648.78,171.48
55081000,310845.31,37504.45
55082000,60008.2,14707.12
55091100,1350,245.62
55091290,17483.84999999999,2172.39
55092100,96068.86,729.05
55092200,1547038.06,178027.68
55093100,66,0
55093200,21579.93,376.28
55094100,871,173.64
55094200,305.5,0
55095100,80508.42,4.16
55095200,8.5,0.9199999999999999
55095300,102960.62,732.4899999999998
55095900,2454.79,19.06
55096100,960,0
55096200,1065.52,0
55096900,1491.82,135.63
55099200,13934.95,463.19
55099900,14396.52,900.0099999999999
55101100,297.6,60.26000000000001
55101111,98.7,0
55101119,211.9,0
55101190,225481.5,19676.38
55101219,1312519.9,0
55101290,435.01,49.73
55102011,28,0
55102019,900,0
55102090,4722,0
55103011,25.35,0
55103090,971,0
55111000,50390.17000000001,3247.1
55112000,6426.560000000001,889.6200000000001
55113000,130,0
55121100,27218.27,1107.97
55121900,165852.91,14392.35
55122100,4142.7,726.4899999999999
55122900,264760.52,31036.5
55129190,5060,0
55129910,825.56,12.86
55129990,3909.52,48.92999999999999
55131100,10622.27,20.27
55131200,370,75.27
55131300,1576.37,1.1
55131900,75604.89,864.3299999999999
55132100,181396.28,4240.49
55132310,179.8,0
55132390,140.12,5.66
55132900,7087.62,0
55133100,41891.21000000001,224.39
55133911,176.85,0
55133919,211.5999999999999,1.97
55133990,225,0
55134100,53408.89,240.95
55134919,124.6,0
55134990,3690.4,0
55141100,67.58,0
55141200,39949.9,0
55141910,78.99,0
55141990,2662,0
55142100,12093.27,272.09
55142200,189838.43,15675.01
55142300,4428.05,7.649999999999999
55142900,13941.6,0
55143011,165,0
55143012,7949,612.48
55143019,725.15,178.56
55143090,280,25.91
55144100,2123.88,97.84
55144300,442.15,26.56
55144900,2747.13,0
55151100,47921.79000000001,57.1
55151200,858052.9600000002,15615.15
55151300,1471,0
55151900,153352.01,2733.49
55152000,0,0
55152100,17233.3,2688.679999999999
55152200,367.97,0
55152900,79295.26999999999,15319.36
55159100,9569.97,242.36
55159910,275247.88,21.57
55159990,40298.44000000001,24.66
55161100,1066.49,87.46000000000001
55161200,41013.05,1894.74
55161209,0,0
55161300,61172.31999999999,179.02
55161400,69575.18,8844.03
55162100,568.16,37.11
55162200,4471.56,60.45
55162300,234667.67,15156.14
55162400,9254.96,105.59
55163100,22.5,0
55163200,42725,7336.9
55163400,40,0
55164200,6786.1,1254.53
55164300,54106.95,7678.620000000001
55164400,55676.5,6557.460000000001
55169200,21108.49,2303.39
55169300,56840.58,4163.960000000001
55169400,13301.95,1547.86
55171090,0,0
55536245,0,0
56002100,0,0
56011000,420.64,0
56012110,103382.2,10758.21
56012190,132258.69,14157.57
56012211,9350.019999999999,864.94
56012219,10993.38,100.77
56012291,17500.02,227.69
56012299,5876.41,633.96
56012900,13762.02,275.86
56013010,84.84,0
56013090,962.16,7.9
56021000,826634.28,84088.64000000001
56022100,340991.3,43891.96000000001
56022900,842755.35,109751.4
56029000,788840.2,83998.84
56031110,24675.8,5.46
56031120,4845.84,0
56031130,267399.97,9208.69
56031140,247.98,9.05
56031190,11920.52,889.79
56031210,139116.72,17697.92
56031220,59.07,0.21
56031230,361717.89,35588.88
56031240,178484.69,5643.089999999998
56031250,62322.56999999999,9747.370000000004
56031290,698145.81,84055.85999999999
56031310,84897.59,11595.34
56031320,61815.31000000002,9800.86
56031330,1657466,172290.17
56031340,170620.2,19623.62
56031350,4366.95,482.29
56031390,956190.4099999999,68797.79
56031410,245656.05,60388.00000000001
56031420,1146491.96,124222.23
56031430,84419.41999999998,5805.59
56031440,64.6,3.39
56031490,903091.7899999999,31870.2
56039100,1541.14,323.3200000000001
56039110,743.1600000000001,20.38
56039120,445.46,39.84
56039190,5089.16,4.11
56039200,0,0
56039210,42466.52,2080.94
56039220,121432.67,16309.53
56039230,104.7,0
56039240,139810.46,14539.71
56039290,92315.95000000001,7255.509999999999
56039310,18367.29,3893.53
56039320,174551.03,22995.62
56039330,23584.09,129.43
56039340,1236.84,198.27
56039390,96173.03,8717.25
56039410,614504.42,53072.41
56039420,212339.9599999999,43627.74999999999
56039490,544561.17,59779.53999999999
56039900,0,0
56041000,4497641.39,495482.4100000002
56044100,0,0
56044900,0,0
56049010,13223.53,3016.33
56049021,40203.94,2697.16
56049022,32671.24,2286.96
56049071,0,0
56049090,128272.42,11590.83
56050010,5598.46,0
56050020,5970.81,599.3699999999999
56050090,634201.2500000001,59882.35999999999
56060000,19080.57,1156.22
56060090,0,0
56063924,0,0
56069900,0,0
56070000,0,0
56070509,0,0
56071000,1763.5,18.36
56071090,1402.2,0
56071220,0,0
56072000,0,0
56072100,3219619.36,543277.23
56072900,303725.6200000001,30498.14999999999
56074000,0,0
56074010,0,0
56074090,0,0
56074100,2770281.36,353624.6
56074900,17099435.98,2428956.840000001
56074990,0,0
56075011,2045770.14,256697.04
56075019,505162.0900000001,74521.56
56075090,8042504.82,1175600.4
56075099,0,0
56077490,0,0
56079000,0,0
56079001,0,0
56079010,495712.0999999997,62802.75
56079020,2462.63,41.25
56079090,2063347.96,206388.09
56081100,9410702.28,1035413.02
56081900,5601916.850000001,685175.3099999999
56084000,0,0
56089000,1243279.15,117964.55
56090010,19697.58,1401.35
56090090,3178099.849999999,464494.9899999999
56201010,0,0
56230122,0,0
56421651,0,0
56456454,0,0
56465786,0,0
56500000,0,0
56532565,0,0
56546523,0,0
56549650,0,0
56556656,0,0
56565532,0,0
56587846,0,0
56744900,0,0
56788787,0,0
56788877,0,0
56893689,0,0
56921021,0,0
56980100,0,0
56985632,0,0
56987412,0,0
57011011,1405608.71,100959.73
57011012,97284.91000000002,1475.94
57011020,27834.79,2847.27
57019000,1410358.3,53379.71
57021000,2070753,270840.61
57022000,59044.42,1895.69
57023100,63191.91000000002,13387.23
57023200,359212.7,46138.95
57023900,29176.03999999999,154.29
57024100,95146.95,13276.9
57024200,3590885.85,126924.93
57024900,426392.76,3815.86
57025010,5957.65,221.26
57025020,156874.73,7551.169999999999
57025090,19353.17,396.98
57029100,141724.49,10670.95
57029200,1341011.96,74570.80999999997
57029900,430572.1200000001,19228.05
57030000,0,0
57031000,207674.63,3014.470000000001
57032000,233623.28,17442.23
57032100,374661.08,3069.59
57032900,3065717.99,424251.91
57033000,49601.11,688.9100000000001
57033100,291761.45,14512.95
57033900,2428223.959999999,74885.6
57039000,3330459.37,458640.8799999999
57041000,56396.23,289.78
57042000,28986.74,659.01
57049000,283710.68,16985.48
57050000,1961188.25,73863.7
57074900,0,0
57089909,0,0
57089990,0,0
57170013,0,0
57500071,0,0
58002109,0,0
58006000,0,0
58011000,12602.81,1891.6
58012100,54404.36000000001,874.12
58012200,4389.6,57.88
58012300,13404.42,0
58012600,46378.23,770.36
58012700,2312.52,0
58013100,15699.06,108.41
58013200,31811.06,2010.98
58013300,69819.88,1967.28
58013600,391404.91,15660.17
58013700,185598.32,8323.810000000001
58019000,118246.88,16379.21
58021000,29430.63999999999,2775.250000000001
58021900,636.26,19.14
58022000,59376.01000000001,4850
58023000,73746.08,23.23
58030010,10081.24,553.25
58030090,46820.3,9698.470000000003
58031490,0,0
58041010,679.48,42.84
58041090,222939.05,11334.36
58042100,114678.37,1960.4
58042910,16822.61,476.74
58042990,5798.54,0.5
58043010,6605.99,0
58043090,41349.33999999998,2022.72
58050010,43813.59,1822.88
58050020,78928.27,9741.810000000001
58050090,605800.76,74618.56
58052000,0,0
58061000,102819.4,11400.26
58062000,184993.54,15145.95
58062001,0,0
58063100,54135.35000000001,5183.579999999999
58063200,2537637.76,275331.14
58063900,123016.46,8939.55
58064000,39625.76,1159.39
58071000,693214.34,25744.83
58071090,0,0
58079000,149713.42,960.0899999999999
58081000,116008.83,2680.64
58089000,138299.38,4448.18
58090000,10489.19,448.3499999999999
58090099,0,0
58101000,7980.57,504.0599999999999
58109100,314268.97,2073.12
58109200,170400.62,6557.499999999999
58109900,182174.66,3002.610000000001
58110000,747493.47,20734.83
58118020,0,0
58176241,0,0
58224200,0,0
58286482,0,0
58291011,0,0
58363090,0,0
58395000,0,0
58420000,0,0
58462580,0,0
58487488,0,0
58740000,0,0
58933320,0,0
58963010,0,0
58963012,0,0
58963201,0,0
58963214,0,0
58966545,0,0
58969845,0,0
58996666,0,0
58998598,0,0
58999663,0,0
59000000,0,0
59009000,0,0
59011000,205910.31,114.96
59019000,57421.57000000001,1717.15
59021010,28320.38,462.4500000000001
59021090,6317.48,81.86000000000001
59022000,22080.98,3030.22
59029000,10420.51,57.92
59031000,4636203.399999999,407280.5000000001
59032000,101403.39,4441.29
59033100,0,0
59039000,497590.78,39183.4
59041000,68,0
59049000,28677.5,77.78999999999999
59050000,223988.03,3146.26
59051000,0,0
59061000,2606114.339999999,183138.65
59061010,0,0
59069100,17398.27,65.46
59069900,145914.24,5798.21
59070000,481566.9299999999,54166.95
59072200,0,0
59080000,50798.56999999999,853.23
59090000,12257947.62,524206.265
59099000,0,0
59100000,4863730.32,276434.93
59111000,204204.14,6006.69
59112010,147678.27,9200.650000000001
59112090,114580.38,14904.02
59113100,33.08000000000001,0
59113200,3768.059999999999,403.8899999999999
59114000,75146.09,8198.81
59119000,4603418.82,506271.04
59119090,0,0
59503300,0,0
59852101,0,0
59877745,0,0
59900000,0,0
60006320,0,0
60011000,0,0
60011010,115617.95,563.16
60011020,343943.19,8724.439999999999
60011090,48806.44,1113.09
60012100,34877.73999999999,2222.03
60012200,30914.42,230.48
60012900,9184.610000000002,446.62
60019100,1805.950000000001,0
60019200,454434.6799999999,41880.27999999998
60019900,46822.44,5556.57
60023020,133.6,0
60024010,2286.57,82.65
60024020,12561.11,403.03
60024090,1765,0
60029010,12352.98,126.24
60029020,3212.37,189.94
60029090,2717.91,103.05
60029200,2830.16,0
60031000,7.16,0
60032000,18845.89,203.34
60032090,0,0
60033000,636.07,0.68
60034000,468.3,89.44
60039000,113139.87,12830.51
60041011,15633,0
60041012,284,0
60041013,2226.05,0
60041014,650,0
60041031,228.06,23.25
60041032,52868.45,4341.57
60041033,1359.09,5.76
60041034,9638.02,185.18
60041041,665.9,0
60041042,3430.97,368.76
60041043,19853.95,0
60041044,419.66,0.48
60041093,1276.22,74.93
60049010,58942.04999999998,156.55
60049030,57610.78,5069.92
60049040,62.99,0
60049059,0,0
60049090,27439.85,77.62999999999998
60052200,100,0
60052300,8756.789999999999,101.4
60052400,125,25.81
60053000,0,0
60053200,7531.94,1533.17
60053300,32874.77,4236.41
60053500,45366.1,6131.720000000001
60053600,2266288.23,174437.46
60053700,84751.87,5606.199999999999
60053800,2796854.27,338001.51
60053900,47914.5,0
60054100,9783.48,66.88
60054200,618.2,52.04
60054300,824.07,185.58
60054400,5247.5,0
60059090,5714858.689999999,750920.2699999999
60061000,28111.55,0
60062100,13118478.81,2092792.58
60062200,284332.2700000001,11639.92
60062300,13154.42,363.1399999999999
60062400,11348.82,1058.82
60063100,1311.1,0
60063110,9948.18,136.59
60063120,32746.37,432.52
60063130,14776.05,1679.85
60063190,4729.900000000001,372.27
60063200,10108.35,0
60063210,48708.09,134.96
60063220,505415.8,6586.770000000001
60063290,96528.52,705.1400000000001
60063300,140.58,0
60063310,194940.35,45963.17
60063320,35229.39,4222.8
60063390,1641.4,0
60063410,74712.29,684.3000000000001
60063420,15184.35,808.4200000000001
60063430,1829.9,0
60063490,361647.78,8020.62
60064100,754.7,73.67999999999999
60064200,119533.71,349.79
60064300,1075.15,0
60064400,58108,110.48
60069000,808329.55,11552.49
60069100,0,0
60310000,0,0
60637106,0,0
60870899,0,0
61010000,0,0
61012000,663406.9999999999,40980.53
61013000,1755980.97,166052.83
61014200,0,0
61019000,4590,0
61019010,105334.07,22289.5
61019090,737958.36,42116.15
61021000,286601.3,57287.57999999999
61021990,0,0
61022000,427300.2,43957.30999999999
61023000,878042.4299999998,103204.76
61024200,0,0
61026400,0,0
61029000,440243.0000000001,37416.06
61031010,38617.47,777.72
61031020,532978.52,32028.31
61031090,406027.8,53199.63
61031900,1439,0
61032200,823828.2499999999,69972.54
61032220,0,0
61032300,359737.08,59584.32999999999
61032910,2038.49,18.58
61032990,315660.1,23438.08
61033100,48030.5,359.84
61033200,35873.3,4213.910000000001
61033300,32994.01,7260.14
61033900,47829.38,2881.33
61034100,331018.16,20675.73
61034200,3293587.8,133171.23
61034300,1603364.51,104811.29
61034900,2856695.39,131907.62
61039990,0,0
61041300,20654.75,1387.51
61041900,199.9,0
61041910,2503.8,664.55
61041920,4208.93,123.41
61041990,855929.16,196232.08
61042200,386070.21,32872.37
61042300,207047.18,18950.1
61042900,899.9,0
61042910,1036.06,0
61042990,235505.03,16958.4
61043100,75058.34000000001,13292.61
61043200,80270.43999999999,15728.77
61043300,155180.24,15937.5
61043900,520325.64,82230.14000000001
61044000,0,0
61044100,58242.58000000001,6182.889999999999
61044200,1413616.07,168305.44
61044300,1718454.71,192266.59
61044400,637312.9899999998,69016.68000000001
61044900,1564966.99,108284.12
61045100,32477.13,2857.55
61045200,186185.76,16243.58
61045300,522675.3799999999,63712.84999999999
61045900,491185.0299999999,53692.93000000001
61046000,0,0
61046100,244141.81,11595.51
61046200,2604166.509999999,114926.93
61046300,2580668.11,266444.96
61046630,0,0
61046900,2593100.23,153072
61050000,0,0
61050020,0,0
61051000,7888336.789999999,385066.29
61051010,0,0
61052000,3534847,145985.35
61059000,6051090.939999999,331568.4999999999
61061000,1574291.12,130534.25
61061020,0,0
61062000,3935934.9,496227.84
61069000,2697564.88,200078.17
61071100,391751.1700000002,49317.87999999999
61071200,206045.84,22859.42
61071900,22790.54,2632.32
61072100,132687.55,12960.48
61072200,60407.76999999999,7450.220000000002
61072900,111114.8,6132.02
61079100,87689.98999999999,1566.68
61079200,3471.1,0
61079910,74643.14,262.63
61079990,15149.75,57.94
61081100,25033.87999999999,943.45
61081900,2139.27,156.69
61082100,158783.96,11149.98
61082200,398411.7899999999,44193.1
61082900,66317.93,5725.889999999999
61083100,266578.64,25810.36
61083200,411725.28,40943.26
61083900,74686.98000000001,7492.03
61089100,18923.27,484.52
61089200,52577.76999999997,5487.03
61089900,28322.13999999998,2834.17
61091000,8915430.38,587290.67
61096900,0,0
61099000,16295511.87,695951.71
61101100,476771.28,103264.45
61101200,427099.0599999999,85802.73999999998
61101900,41639.56,6062.87
61102000,520371.8399999997,76912.08999999998
61103000,1108475.12,139274.51
61105000,0,0
61109000,251288.8799999999,34828.57
61109100,0,0
61112000,1021536.8,80558.08000000002
61113000,131143.19,9096.739999999998
61115950,0,0
61119010,8321.68,784.6600000000001
61119090,105826.39,6074.920000000001
61121100,102359.9,4711.88
61121200,123436.46,7684.929999999999
61121900,83355.20999999999,109.92
61122000,244081,16592.65
61123100,121832.88,11782.03
61123900,53582.29000000001,5497.139999999999
61124100,1300133,168922.94
61124900,308257.64,10438.26
61129200,0,0
61130000,3686862,517047.62
61141000,150,0
61142000,512496.8,38989.35999999999
61143000,1288549.93,138778.28
61149010,21241.66,4866.98
61149090,1727197.35,119614.3
61149990,0,0
61151011,9896.999999999998,758.85
61151012,44188.50999999999,2501.28
61151013,449.69,0
61151014,8013.410000000001,361.71
61151019,4970.919999999999,510.98
61151021,74632.23000000001,7191.680000000001
61151022,32512.55,1215.88
61151029,2373.2,286.4
61151091,114.8,0
61151092,30126.84,4758.77
61151093,13236.01,1211.98
61151099,18557.72,2041.89
61152000,0,0
61152020,15.42,0
61152100,29492.94,2852.67
61152200,18681.07,643.5
61152910,39.16,0
61152920,5881.360000000001,784.04
61152990,11012.26,787.28
61153010,12816.93,1109.64
61153020,5525.780000000001,519.33
61153090,1169.68,46.2
61159400,3536.1,498.67
61159500,448015.9299999999,48399.80000000001
61159600,179076.31,20279.4
61159900,109039.09,13956.95
61161000,7339444.590000001,944098.65
61169100,51313.90000000001,1328.09
61169200,853160.15,109480.41
61169300,2456800.599999999,280839.2999999999
61169900,160566.89,20965.25
61171000,100771.74,12298.76
61178010,10584.18,152.19
61178090,206616.56,24494.94000000001
61179000,64681.73,4342.940000000001
61199200,0,0
61199900,0,0
61300000,0,0
61611000,0,0
61661000,0,0
61901000,0,0
62011000,0,0
62011200,16421.2,0
62011300,83673.62999999999,9052.75
62011900,12965.83,2034.92
62012000,1787582.42,118365.32
62013000,893325.7200000001,57491.07000000001
62014000,3129471.79,466184.89
62019000,951925.57,103232.52
62019100,263.18,54.56
62019200,11595.3,511.77
62019300,10408.3,889.57
62019900,12294.6,137.11
62021200,500,0
62021300,2961.25,160.82
62021900,335.51,10.2
62022000,661123.4400000001,127117.03
62022300,0,0
62023000,699576.5,118676.83
62024000,1193814.67,178724.01
62029000,754170.1399999999,95249.31000000001
62029300,6275.32,511.8000000000001
62029900,115235.49,2183.74
62031100,2104166.68,373197
62031200,208268.7699999999,32669.99
62031900,160020.3,12307.9
62032100,377.3,0
62032200,1835175.93,210881.73
62032300,1272480.83,157198.26
62032900,9560.8,141.55
62032910,562128.9299999999,71562.45
62032990,3057188.1,428979.83
62033100,476320.33,88806.2
62033200,160928.23,19665.09
62033300,88456.71,12288.27
62033900,288599.26,16214.73
62034100,530320.37,67061.15000000001
62034200,10679016.01,863927.61
62034300,1535675.19,143457.27
62034900,2838297.71,281430.24
62034951,0,0
62034959,0,0
62035009,0,0
62035276,0,0
62041100,22843.21,2927.95
62041200,23099.77,987.24
62041300,46711.17,2021.9
62041900,128369.66,20787.56
62042100,8232.67,98.85
62042200,208123.55,9883.260000000002
62042219,0,0
62042300,552087.1699999999,35520.13
62042900,2338313.32,220842.01
62043100,289433.31,53375.8
62043200,398251.0699999998,67342.33000000002
62043300,966965.1799999999,134174.78
62043900,1096726.43,154358.67
62044100,195110.58,34494.57
62044200,2485994.88,349462.45
62044300,4336588.34,487214.82
62044400,2074401.95,291922.82
62044900,5425271.17,789556.42
62045100,85518.07,13696.56
62045200,1127778.06,144572.44
62045300,900045.6000000001,125580.87
62045900,1083923.67,143842.85
62046000,0,0
62046100,259287.81,41254.31
62046200,4655264.899999999,520498.3699999999
62046300,2747697.98,308021.0800000001
62046600,0,0
62046900,3475355.660000001,428208.4099999999
62050011,0,0
62051000,920,0
62052000,9882166.600000001,700909.79
62053000,2608188.89,115153.04
62059000,20164.53,0
62059010,173433.26,19417
62059090,3286927.04,268396.8
62060000,0,0
62061000,742842.8900000001,112668.1
62062000,460462.92,22741.01
62063000,3486917.4,261320.02
62064000,3239611.48,331146.09
62069000,4322893.12,418489.25
62069090,0,0
62071100,87973.55000000002,771.8
62071900,46560.32000000001,404.92
62072100,10640.38,825.3799999999999
62072200,5962.75,163.15
62072900,61529.42,91.64
62079000,0,0
62079100,659160.18,22893.75
62079900,2880,0
62079910,67337.59,5286.26
62079990,217456.99,7810.97
62081100,40569.19,1489.6
62081900,3690.560000000002,900.1500000000001
62082000,0,0
62082100,33857,1125.6
62082200,90039.64000000001,8512.25
62082900,174392.27,21995.18
62089000,0,0
62089100,154070.7,4534.76
62089200,48844.49999999999,1996.02
62089900,47059.47,7939.75
62092000,442258.35,22536.41
62093000,66178.23999999999,3079.219999999999
62096200,0,0
62099000,826.65,0
62099010,12626.03,74.51
62099090,242867.8400000001,7583.18
62101000,3828057.19,487451.26
62102000,351766.2,33625.76000000002
62103000,143360.68,10354.3
62104000,1489208.57,167171.95
62105000,265989.9700000001,14025.64
62111100,237204.21,26394.64
62111200,423779.8099999999,22830.03
62112000,526402.7799999999,58166.65000000001
62113000,0,0
62113200,405274.4,33750.78
62113300,494149.3200000001,38112.17
62113900,70,0
62113910,45974,7312.92
62113990,939832.3200000002,95648.53999999998
62114200,171457.13,17498.99000000001
62114300,373643.0500000001,45491.2
62114900,298941.65,39937.69
62120000,0,0
62121000,578992.6900000001,61828.18000000001
62122000,101756.14,8229.619999999999
62123000,66226.62999999998,4978.73
62129000,277981.06,32108.97
62132000,5816.47,79.94
62139010,6692.24,1181.59
62139090,712.6999999999999,78.07
62141000,276756.81,44032.72999999999
62142000,194342.5,40165.19
62143000,112162.14,7546.79
62144000,24067.94,2544.74
62149010,42234.9,7470.46
62149090,95588.52000000002,2220.12
62151000,125024.51,27313.74
62152000,17784.63,1942.17
62159000,12958.99,1107.99
62160000,604861.3400000002,48073.7
62160099,0,0
62171000,1202478.46,130588.73
62179000,444701.6500000001,29108.69000000001
62179099,0,0
62424300,0,0
62434200,0,0
62525000,0,0
63000000,0,0
63003900,0,0
63011000,175877.86,1710.07
63012000,194467.5,23240.06
63013000,153951.6500000001,11375.7
63014000,1493547.17,169937.91
63019000,157227.85,9048.15
63019010,0,0
63021000,1265760.08,95035.68
63022100,2860282.19,255261.43
63022200,683384.4500000001,79632.12000000001
63022299,0,0
63022900,283524.69,25336.82
63023000,0,0
63023100,5615888.460000002,652902.5700000001
63023200,740578.7800000001,43948.37
63023900,640506.8100000002,46096.49999999999
63024000,24879.26,545.6100000000001
63025100,448686.35,60585.97999999999
63025200,190.93,47.13
63025300,466070.6799999999,34696.90999999999
63025910,191851.46,14306.69
63025990,218343.45,14312.74
63026000,3667616.769999999,493469.9999999999
63026200,0,0
63029000,0,0
63029100,916636.87,41614.78
63029300,243027.73,21076.75
63029900,129.9,0
63029910,71878.71,128.77
63029990,91874.56,7257.77
63031100,8940,0
63031200,1214177.31,20945.64000000001
63031900,168825.19,1607.55
63031910,577181.8,218.74
63031990,1793102.93,34066.11
63039100,433777.1799999999,5930.960000000001
63039200,11645431.24,415072.1200000001
63039900,10284875.56,254693.2699999999
63041100,89561.09999999998,5045.420000000001
63041910,730877.2400000002,59017.09000000002
63041990,351289.1599999999,20083.4
63042000,7005.349999999999,102.12
63042219,0,0
63049100,93004.1,4178.700000000001
63049200,253834.4100000001,15525.81
63049300,228680.43,22346.23
63049900,297402.75,21968.3
63051000,2231321.6,162700.42
63052000,7230816.92,807937.14
63053200,62139275.21000001,12798092.59
63053310,7502896.029999999,649218.8
63053390,103640780.78,24999010.2
63053900,1264690.77,68016.83
63059000,3788574.54,341231.21
63061100,7350,0
63061200,4038423.530000001,264727.6900000001
63061900,58523.44,0
63061910,295671.07,22974.89
63061990,4101530.65,142687.62
63062000,0,0
63062100,1000,0
63062200,1882590.27,124865.65
63062900,81871.97,17080.31
63062910,42487.3,115.91
63062990,901660.4,14307.87
63063010,58950.27,2867.52
63063090,34258.73,0
63063100,600,0
63064010,40844.82000000001,83.57
63064090,6863.879999999999,708.2
63064900,258.5,67.86
63069000,9258710.950000001,1554966.36
63069010,0,0
63069900,11250.99,601.41
63070000,0,0
63071000,3676702.379999998,560405.55
63071099,0,0
63072000,3916839.01,417949.6499999998
63079000,0,0
63079010,12219445.16,1690281.539999999
63079020,19675.4,3008.190000000001
63079090,20992818.41,2625388.629999999
63079099,0,0
63079990,0,0
63080000,1328981.02,78585.37999999999
63089300,0,0
63090010,3239490.86,163756.39
63090090,277799.2,9729.079999999998
63090100,0,0
63099909,0,0
63101000,327952.28,41590.37999999999
63109000,956309.2499999999,115187.42
63113990,0,0
63138190,0,0
63138990,0,0
63201201,0,0
63207200,0,0
63221000,0,0
63231000,0,0
63251040,0,0
63261900,0,0
63269090,0,0
63520102,0,0
63709010,0,0
63939200,0,0
63993744,0,0
64011000,169069.54,23050.23
64019000,0,0
64019100,56.5,0
64019200,12738583.19000001,1839183.66
64019206,0,0
64019910,6323.82,325.65
64019990,1467123.87,168970.59
64019999,0,0
64020000,0,0
64021200,4844.62,317.41
64021900,733631.3,91941.84000000004
64022000,1465622.859999999,196785.75
64023000,174.18,0
64025000,0,0
64029100,59,0
64029110,121499.14,12952.56
64029190,2569847.54,422085.64
64029900,75,0
64029910,6979.38,1039.79
64029990,2544114.349999998,315404.4099999999
64031200,11791.15,424.65
64031900,5618045.089999999,730451.95
64031990,0,0
64032000,908905.3299999997,127250.63
64033900,0,0
64034000,5336295.839999999,637411.38
64035100,6814.03,669.04
64035110,26979.45,2499.89
64035190,2419147.69,336057.5599999999
64035910,14978,2283.82
64035990,4241064.579999997,757070.3900000002
64035999,0,0
64036000,0,0
64039000,0,0
64039100,2085.65,123.4
64039101,0,0
64039110,96815.46,4449.76
64039190,17435080.46,2608385.82
64039900,9328.59,443.84
64039910,22891.36,4913.47
64039990,31241002.66,4501478.539999999
64039996,0,0
64040010,0,0
64041000,0,0
64041100,4641616.400000002,645768.5700000003
64041900,2933737.35,416167.0899999999
64042000,1761956.13,187491.13
64042119,0,0
64042211,0,0
64051000,0,0
64051001,0,0
64051010,9054302.229999999,1170994.34
64051019,0,0
64051020,816243.1199999999,105361.65
64051090,1170738.87,124414.43
64052000,134725.67,11538.62
64054090,0,0
64059000,3973480.73,589944.0599999998
64059090,0,0
64060000,0,0
64061000,358525.73,45281.56000000002
64062000,152394.51,12469.66
64069010,165187.22,6775.22
64069020,64904.85999999999,2328.56
64069090,2925791.35,381764.33
64069100,100,0
64069910,2520,428.4
64069920,52,0
64069990,2743.2,74.94
64091000,0,0
64093100,0,0
64094000,0,0
64099190,0,0
64192000,0,0
64219999,0,0
64249000,0,0
64503410,0,0
64655768,0,0
64819200,0,0
64824000,0,0
64941000,0,0
65010000,11699.32,68.27
65020010,45637.46,6608.249999999998
65020090,7537.360000000001,327.1800000000001
65030000,1985.07,71.33
65031290,0,0
65040009,0,0
65040010,1480148.86,153003.98
65040090,2138279.37,221804.15
65042119,0,0
65050010,0,0
65050011,3684197.31,177814.22
65050012,2307934.12,167291.59
65050019,1527858.19,129028.63
65050021,23652.76,1926.35
65050022,25829.21999999999,2002.9
65050029,17467.32,1815.69
65050031,315518.01,20767.89
65050032,102812.21,13144.44
65050039,248480.03,19774.22
65050090,845489.8700000001,64833.99999999999
65051000,1172.68,83.32000000000001
65052000,0,0
65059000,9641.03,31.49
65059001,0,0
65059010,0,0
65059011,8256.35,136.95
65059012,2033.8,15.5
65059090,565.47,133.73
65061000,7031948.12,474421.53
65069100,401142.55,42729.08000000001
65069200,122.3,23.63
65069900,669607.96,45603.13
65070000,680987.6599999999,51360.39000000001
65074900,0,0
65114000,0,0
65126541,0,0
65159200,0,0
65233333,0,0
65412398,0,0
65421600,0,0
65452000,0,0
65454555,0,0
65456465,0,0
65464547,0,0
65465484,0,0
65465786,0,0
65465849,0,0
65474654,0,0
65543334,0,0
65556777,0,0
65888888,0,0
65984235,0,0
65987412,0,0
66011000,2517537.72,209389.0300000001
66019110,249164.77,36548.42
66019190,76683.74,3826.9
66019900,356581.29,32220.47000000001
66020000,101755.87,3675.64
66031000,40,0
66032000,20225.1,926.31
66039000,331362.29,27806.63
66053090,0,0
66655444,0,0
66666666,0,0
67010000,11547.72,841.08
67021000,1143596.08,45423.3
67029000,1107429.23,23705.65
67030000,47471.5,0
67041100,20709.57,740.24
67041900,29747.87,295.12
67042000,120715.12,27760.57
67042211,0,0
67049000,30629.14000000001,318.8700000000001
67079090,0,0
67480009,0,0
67851000,0,0
68000000,0,0
68010000,7343073.33,145129.26
68011100,0,0
68020000,0,0
68021000,1772657.2,111797.43
68021100,0,0
68022100,16448153.02,671627.06
68022200,5001,0
68022300,42959045.7,739856.3799999998
68022600,0,0
68022900,9805896.98,454270.23
68029100,11793484.34,588183.4600000001
68029200,11320148.53,48932.34
68029310,61457.1,33.57
68029390,15605587.58,320223.79
68029910,6570.01,0
68029990,24930452.91999999,474990.9399999999
68030000,2188896.81,28769.95
68041000,265295.7299999999,11587.83
68042100,0,0
68042111,433121.4700000001,28793.46
68042119,5686850.339999998,465826.4500000001
68042190,1143206.15,68453.68000000001
68042201,0,0
68042211,27575276.17,2331841.35
68042214,0,0
68042219,3549340.559999999,323546.4799999999
68042221,0,0
68042290,544282.31,23323.6
68042300,3376927.11,155167.65
68042419,0,0
68042711,0,0
68043000,468757.5899999999,31855.64
68043020,0,0
68048811,0,0
68051000,5128834.35,666166.5900000001
68051010,0,0
68052000,6206836.739999999,742953.21
68052002,0,0
68052009,0,0
68052020,0,0
68053009,0,0
68053010,142180.26,14237.35
68053020,2552597.43,286721.62
68053090,6854132.109999996,756530.6499999999
68053680,0,0
68055100,0,0
68055200,0,0
68059090,0,0
68061000,279989.68,29522.55
68062000,1479435.96,166974.54
68069010,842174.49,132763.99
68069090,927319.5499999999,76218.41
68071000,8351772.480000001,1018090.58
68072200,0,0
68079000,2802898.6,208558.22
68080000,605902.2400000001,4525.91
68081000,0,0
68091100,9315412.689999998,629562.11
68091900,1905383.55,80184.23
68099000,932517.38,2232.03
68100000,0,0
68101000,0,0
68101099,0,0
68101100,72897548.77999999,2791317.72
68101900,46400365.84,3195316.72
68101902,0,0
68102020,0,0
68102900,0,0
68106600,0,0
68108300,0,0
68109000,0,0
68109100,310451535.7399999,28268038.34
68109101,0,0
68109104,0,0
68109199,0,0
68109900,123460721.54,11851813.4
68109901,0,0
68109910,0,0
68109990,0,0
68109999,0,0
68110000,0,0
68111000,456,0
68112000,3515.7,0
68114000,7151037.939999999,334956.8
68117331,0,0
68118100,26738886.95,2312409.91
68118200,50826097.88,3972063.910000001
68118207,0,0
68118300,23894,4681.58
68118900,2237824.85,14567.13
68119000,8,0
68119001,0,0
68121010,1321.7,148.94
68122010,0,0
68126000,62.5,9.13
68127000,15.39,0
68128000,1550.73,62.13
68128010,0,0
68129000,0,0
68129001,0,0
68129010,11277.87,210.84
68129100,68839.37999999999,4403.58
68129200,30.37,3.34
68129300,7487.75,16.56
68129910,848739.88,45655.3
68129920,47130.73,2717.85
68129930,4500,0
68129990,238145.0999999999,32939.78000000001
68130000,0,0
68131010,15240.82,164.71
68131090,17010.21,1760.41
68132000,281588.3099999999,2933.49
68138010,0,0
68138090,0,0
68138100,0,0
68138110,4346019.140000001,140005.62
68138180,0,0
68138190,24742259.55999999,586175.54
68138490,0,0
68138816,0,0
68138910,4337974.57,142246.15
68138990,578588.06,18870.67
68139010,6107.59,327.05
68139090,1539.67,0
68141000,54204.53,2910.56
68142190,0,0
68149000,63050.05000000001,7011.540000000001
68151010,8.9,0
68151090,17870.9,2245.309999999999
68151100,22085.2,1108.95
68151200,33864.37,533.51
68151300,142734.55,17458.67
68151900,312530.81,46090.00000000001
68152000,2663.37,0
68159110,7410.190000000001,83.86
68159190,4518.660000000001,211.2
68159911,3162.78,15.46
68159912,23547.36,0
68159913,1169.6,0
68159914,1120.29,0
68159919,5290.99,843.2
68159990,461345.33,50299.00999999999
68188110,0,0
68238190,0,0
68242211,0,0
68300000,0,0
68318190,0,0
68404221,0,0
68505200,0,0
68905200,0,0
69010000,4398907.69,103240.15
69012100,0,0
69014100,0,0
69021011,164335.02,4022.24
69021018,1377035.73,9870.069999999998
69021019,354020.02,687.76
69021090,157189.34,12968.26
69022010,3917833.76,470299.0800000001
69022091,17080.45,2859.62
69022092,170.36,0
69022093,26.39,0
69022099,1874810.52,118029.64
69022210,0,0
69022666,0,0
69029010,211727.67,2465.96
69029020,80723.20999999999,1073.31
69029030,3305.8,3.93
69029040,105628.94,563.84
69029090,2322599.39,48919.7
69031011,50500.45,5762.67
69031012,3318,0
69031019,93074.32,9032.400000000001
69031020,720.63,0
69031030,36153.72,1403.18
69031040,203654.96,5057.97
69031090,2551.02,54.7
69032010,4880.26,268.41
69032020,130065.61,2005.82
69032030,105895,4658.860000000001
69032090,29067.61,2625.29
69039000,0,0
69039011,165.89,28.71
69039012,1553.6,0
69039019,1269.41,0
69039091,1087.5,0
69039092,12,0
69039099,43086.36,4306.47
69040001,0,0
69041000,120160567.44,4639632.16
69041001,0,0
69042200,0,0
69049000,6315196.1,269571.74
69050000,0,0
69051000,39144030.63,2203703.82
69051001,0,0
69053090,0,0
69055100,0,0
69059000,1459054.11,53868.42
69060000,3828328.9,29508.01
69069000,0,0
69071000,46222.38,908.06
69072000,0,0
69072100,264670094.8699999,16402983.04
69072200,95841662.74999999,7533022.670000001
69072220,0,0
69072300,10982047.78,883965.44
69073000,722737.27,45478.21999999999
69074000,4135223.929999999,235384.53
69079000,187525.68,1312.98
69081000,16162.06,2244.22
69082000,0,0
69088900,0,0
69089000,496142.8199999999,23453.27
69091000,0,0
69091100,332636.97,1906.58
69091210,2788.25,65.39999999999999
69091230,300932.86,448.55
69091290,915538.8599999999,1219.35
69091910,910.2,183.58
69091920,3264.5,5.48
69091930,2219,0
69091990,584360.42,68778.75
69099000,845105.2300000003,124125.81
69101000,1135320.07,55273.35
69101100,0,0
69101900,0,0
69109000,43083030.16999999,3511270.530000001
69109900,0,0
69109990,0,0
69111000,0,0
69111010,1574050.34,138741.8199999999
69111090,2649068.049999999,283468.54
69111990,0,0
69119000,143644.18,2342.85
69120000,2485796.08,191177.5
69131000,804262.12,73666.85
69138910,0,0
69139000,2908631.970000001,100300.95
69141000,382960.18,17152.35
69149000,2985240.089999999,105664.07
69149099,0,0
69174090,0,0
69272100,0,0
69325874,0,0
69332211,0,0
69332222,0,0
69363658,0,0
69365478,0,0
69369865,0,0
69510000,0,0
69584658,0,0
69702200,0,0
69856664,0,0
69875514,0,0
69900009,0,0
69996332,0,0
69998866,0,0
69999887,0,0
70000000,0,0
70000463,0,0
70002062,0,0
70010000,86112.48000000001,667.2
70019007,0,0
70019008,0,0
70021000,36458.25,257.68
70022000,109438.31,2210.14
70023100,4999.280000000001,205.57
70023200,11266.19,78.66
70023900,25091.64999999999,1399.95
70031200,69892.96,0
70031900,1844624.97,53559.32
70032000,131527.14,236.09
70032900,0,0
70033000,157231.44,537.75
70041020,0,0
70042000,26946.58,648.4499999999999
70049000,143098.9200000001,3989.720000000001
70051000,764808.63,16114.57
70052100,5290657.74,210786.47
70052900,9291800.5,183807.75
70052920,0,0
70053000,192854.29,211.89
70056290,0,0
70059020,0,0
70060000,1108276.21,46337.89
70070100,0,0
70071000,0,0
70071100,26887936.48,651487.86
70071101,0,0
70071900,57713024.63999999,3458558.56
70071920,0,0
70071990,0,0
70072000,0,0
70072100,9337926.509999998,153264.65
70072900,7023119.189999999,525549.85
70079100,0,0
70080000,390676.92,26433.97
70090000,0,0
70091000,7261657.12,215084.16
70091104,0,0
70099000,0,0
70099100,4282281.220000001,90291.51000000001
70099200,3108283.33,179609.28
70101000,11446.25,87.59
70102000,34317.64000000001,5896.489999999997
70103200,0,0
70106270,0,0
70109011,153091.28,19992.32
70109012,86259.79999999999,2736.75
70109021,163945.97,24395.06
70109022,138874.85,6331.97
70109090,152866.81,6595.43
70109110,237.5,0
70111010,41550.91,1886.17
70111021,59209.08,3991.62
70111029,57136.39000000001,365.16
70111090,63272.52,1650.74
70112000,726.02,0
70119000,12318.18,1005.57
70119909,0,0
70120000,240,0
70121900,0,0
70131000,52143.21000000001,2534.49
70132200,719068.73,50465.00000000001
70132800,1263103.12,109530.32
70133300,153434.33,16885.96
70133400,0,0
70133700,1003212.31,82154.40999999999
70133900,174.99,27.33
70134100,352093.6799999999,18783.41
70134190,0,0
70134210,50825.42,3477.25
70134290,1181014.21,29213.82999999999
70134390,0,0
70134900,1660273.31,135984.4
70139000,0,0
70139110,916477.8700000001,34624.83000000002
70139190,1261245.96,67507.65000000001
70139900,4196320.499999999,181619.85
70139990,0,0
70140000,583845.0900000001,21342.38
70149000,0,0
70150000,0,0
70151010,2456.14,2.61
70151091,35913.13,263.59
70151092,527.2,0
70159000,0,0
70159010,31985.96,3127.46
70159020,120913.29,11801.1
70159030,3540.04,145.25
70159090,1886.15,72.15
70161000,460277.29,43665.8
70169000,680309.2,23801.02
70169100,0,0
70169300,0,0
70169900,0,0
70171000,81125.82,3344.28
70172000,96830.21,11776.78
70179000,1151276.47,156624.41
70181010,16126.7,80.75999999999999
70181020,6063.08,14.02
70181090,70992.60999999999,11196.13
70181500,0,0
70181600,0,0
70182000,103562.68,10156.05
70189000,41434.03,605.9300000000001
70190000,0,0
70191100,21286.99,186.8
70191210,86691.86,8186.459999999999
70191290,545890.94,54146.79
70191300,41036.37,5954.6
70191400,142120.69,13605.71
70191500,178746.61,18660.73
70191900,552274.75,31155.14
70193100,114292.08,19383.06
70193900,52466.44,5900.719999999999
70194000,107250.3,0
70195100,6467.849999999999,1081.93
70195210,1230.28,4.18
70195290,19679.92,895.85
70195900,98359.60999999999,923.94
70196100,23784.59,2914.24
70196200,30276.92,2228.44
70196300,211043.89,37240.49000000001
70196400,54795.25,5595.079999999999
70196500,84689.72,12294.06
70196600,84325.12999999999,11958.33
70196900,339206.36,10156.71
70197100,25661.8,5887.309999999999
70197200,54814.10000000001,2060.63
70197310,59372.42,304.41
70197390,70867.68,13841.63
70198000,724075.59,112083.24
70199000,2995186.9,229470.13
70199090,285249.08,38222.47
70199300,0,0
70200000,1534.3,38.2
70200010,25341.63,1787.41
70200070,0,0
70200090,1045432.46,49392.31
70202010,0,0
70209000,0,0
70272910,0,0
70310190,0,0
70320100,0,0
70320900,0,0
70410000,0,0
70449000,0,0
70610000,0,0
70700000,0,0
70710711,0,0
70800000,0,0
70890000,0,0
70930000,0,0
70960000,0,0
70990578,0,0
70993000,0,0
70999100,0,0
71005795,0,0
71011000,5005.49,0
71012100,201.26,43.24000000000001
71012200,264,0
71021000,776.49,1.7
71022100,613.4,11.3
71022900,24211.57,843.45
71023900,20992.76,0
71031000,121367.86,1208.2
71039100,49465,0
71039900,156676.18,1635.55
71041000,228,0
71042900,7826.210000000001,16.54
71049000,2449.8,0
71049100,54.9,0
71049900,107.91,0
71051000,1024.3,204.51
71059000,51810.52,2195.27
71061000,45,0
71069100,2744.42,345.61
71069210,17627.34,1688.45
71069220,16216.28,513.9300000000001
71069290,32882.22,2331.01
71070000,5372.62,40.95
71081290,82371.94,0
71081310,16772.38,562.4099999999999
71081390,63794.07999999999,1083.66
71082000,39.37,0
71089090,0,0
71090000,16515.33,595.97
71101100,678.07,0
71101910,2445.42,286.0599999999999
71101990,1284.28,258.74
71102900,943,0
71103100,9.2,0
71103900,20.9,5.16
71104100,74.5,0
71110000,662206.94,3547.75
71121000,691.77,129.05
71121900,0,0
71122000,30,0
71123010,55494.03000000001,0.39
71123020,610,0
71123090,219.9,0
71129100,1462348.64,12368.84
71129200,2362.36,14.02
71129900,3072.38,275.43
71131100,2160355.93,179037.21
71131900,48156212.2,7723072.220000002
71132000,1269898.81,19563.48
71141100,74390.34,136.65
71141900,1552859.5,131857.96
71142000,320739.4,6489.73
71144100,0,0
71149100,0,0
71151000,68513.97,113.11
71159000,112385.79,814.1799999999998
71161000,5631.89,548.98
71162010,154.55,0
71162020,3140.08,0
71162090,774519.2799999999,24166.88
71166190,0,0
71170020,0,0
71171090,0,0
71171100,54801.78000000001,4666.41
71171900,1493540.32,101301.14
71172010,0,0
71179000,1673565.07,56636.02
71181010,10003.6,0
71181090,22727.4,415.52
71181500,0,0
71181600,0,0
71189000,1059170.46,96802.63
71235565,0,0
71290100,0,0
71331900,0,0
71337000,0,0
71382900,0,0
71400000,0,0
71410000,0,0
71420000,0,0
71430000,0,0
71583100,0,0
71691000,0,0
71808080,0,0
72000000,0,0
72002090,0,0
72011000,1226175.6,122851.82
72012000,488187.08,38338.03
72015000,204321.74,22511.32999999999
72021100,7174.6,1029.94
72021900,210477.06,24995.24
72022900,111475.94,7409.71
72023000,410.26,0
72024100,10901.42,146.89
72024900,26234.23,98.42
72025000,178.26,0
72026000,11569.62,424.0699999999999
72027000,24523.1,8.16
72028000,57.2,0
72029100,3323.59,163.45
72029200,2022.16,32.04
72029300,1498.68,82.10999999999999
72029910,3238.61,0
72029990,93759.23999999999,5253.42
72031000,406488.14,72647.05
72032900,0,0
72039000,1159423.09,83803.87
72041000,2765158.1,107503.13
72042100,1161052.22,74852.93000000001
72042900,6006602.169999999,192660.87
72043000,7559119.3,314135.51
72044100,1313702.73,38992.60999999999
72044490,0,0
72044900,4985324.859999999,343086.41
72045000,411925.9,1672.74
72051000,119678.13,13415.77
72052100,104464.86,4229.38
72052910,614.3600000000001,29.99
72052920,3271.91,0
72052990,173739.61,24340.12
72055100,0,0
72061000,750119.9899999999,13960.91
72065200,0,0
72066100,0,0
72066900,0,0
72069000,2153655.48,76373.64999999997
72071101,0,0
72071110,1220057.51,94347.84999999999
72071190,76703.86,3375.05
72071200,140520.16,20910.96
72071900,210462.32,16188.46
72072000,3373934.51,203733.14
72075011,0,0
72081000,197064.21,22013.22
72082300,0,0
72082500,698122.06,97691.82
72082610,20343.69,3153.85
72082690,202580.06,21336.3
72082710,120860.21,1723.58
72082790,107612.29,16565.59
72083200,0,0
72083610,7124.38,563.8900000000001
72083690,572207.82,26707
72083700,1256124.61,236689.53
72083810,117534.99,1012.95
72083890,472882.23,99755.22
72083910,77333.07,19060.74
72083990,2202890.71,436772.13
72084000,3912624.96,584930.92
72085100,17345129.67,2274367.22
72085200,45986045.16,6061363.389999999
72085300,26592355.24,4358923.26
72085400,38173335.83,6237758.149999999
72085700,0,0
72085800,0,0
72089000,3884242.36,512591.1200000001
72089010,0,0
72091500,333176.15,61696.60000000001
72091600,1242735.33,80930.75
72091700,446523.98,51085.16
72091800,13021.37,862.54
72092500,639474.79,49126.56
72092600,10340894.05,1401514.94
72092700,6768126.050000001,897165.8600000001
72092800,317851.3600000001,61911.33999999998
72099000,2337492.320000001,315115.0000000001
72099900,0,0
72101020,0,0
72101090,0,0
72101100,85990.27,12086.56
72101200,209751.53,23670.4
72102000,1225,39.75
72103010,3044158.64,643180.07
72103090,839172.8500000001,88297.61000000003
72103900,0,0
72104100,0,0
72104110,279411.8,51877.72999999999
72104190,611908.58,55584.99
72104910,16703080.62,2665874.49
72104990,1314526.12,152582.21
72105000,12778.87,548.45
72106100,36785020.52,5931324.29
72106900,210,0
72106919,141507.97,44.88
72106990,3178455.59,498475.3400000002
72107010,1478271.67,242767.68
72107020,256784.99,17695.44
72109000,178961.46,4996.44
72111300,258649.12,16928.78
72111400,1991888.69,227045.59
72111900,2255563.81,413964.91
72112300,102343.68,10191.21
72112910,20045.07,175.7
72112920,47557.03,1952
72117109,0,0
72119010,10462.03,705.6800000000001
72119090,184326.24,32454.8
72121000,60404.32000000001,8737.830000000002
72122010,2046674.28,285759.75
72122090,312435.85,42741.81
72123000,4270654.07,820801.2499999999
72124010,69161.27999999998,1898.15
72124021,8.6,0
72124029,2988563.37,302415.33
72125010,101608.73,1781.41
72125090,223897.92,14334.67
72126000,103857.94,12428.24
72131000,46019736.96999999,6429502.300000001
72132000,582918.6900000001,48440.96000000001
72133000,0,0
72133100,0,0
72139110,3861.96,212.11
72139190,177214.95,20727.41
72139910,14542.47,2105.85
72139990,60347.67,332.11
72140000,0,0
72141000,0,0
72141010,1134657.41,139781.5600000001
72141090,1062673.31,101479.23
72142000,323388971.42,46578977.65000001
72143000,294971.3,13674.95
72144200,0,0
72144900,0,0
72149100,22830835.29,2887997.53
72149110,0,0
72149900,0,0
72149910,34008775.50000001,4300803.04
72149990,11194344.87,1588817.58
72151000,2135616.37,236267
72151001,0,0
72151099,0,0
72155000,26891528.90999999,2904275.180000001
72159010,24967.05,1472.54
72159090,1944042.03,168853.42
72161000,18733846.51,2182120.54
72161009,0,0
72161500,0,0
72162100,73677864,10667466.67
72162200,1006767.46,123871.15
72163100,25328295.03,3929014.25
72163200,30686029.33,5644134.94
72163300,5480323.71,1097216.83
72164000,0,0
72164010,1919598.030000001,321506.9300000001
72164090,1065106.44,163926.32
72165000,21134691.21,3425163.640000001
72166100,0,0
72166110,171359293.6,25735289.37
72166190,48606130.21,7287837.149999999
72166910,4006567.99,516984.81
72166990,8778687.21,1072876.95
72169100,157194518.62,24669232.96
72169900,12545516.16,1814337.44
72169910,0,0
72171011,423718.77,96717.35
72171019,54606148.49,8366817.409999999
72171090,21114060.57,2552933.42
72172009,0,0
72172010,43768106.99000001,5143820.46
72172030,0,0
72172090,196785304.71,20613978.78
72173010,190458.13,3118.44
72173090,2513002.11,275431.09
72179000,1511320.5,271228.51
72180022,0,0
72181000,291045.75,10616.08
72181200,0,0
72181400,0,0
72181500,0,0
72182100,0,0
72182900,0,0
72189100,60626.85999999999,1423.27
72189900,1437394.25,105914.18
72190000,0,0
72191100,29254.7,151.67
72191200,225643.92,26316.14999999999
72191300,138009.11,4921.58
72191400,145985.84,21293.81
72192090,0,0
72192100,46271.01,2820.88
72192200,743838.9400000001,101538.81
72192300,1372275.98,194022.68
72192400,172337.83,29838.2
72193100,31645.28,5795.299999999999
72193200,1058299.7,161192.08
72193300,5316904.69,674246.0300000001
72193400,2281613.07,282345.2200000001
72193500,616654.11,98016.58
72199010,16544.58,59.89
72199090,322355.57,10190.47
72201000,0,0
72201100,23740.06,5773.11
72201210,181560.63,4708.98
72201220,15210.04,1648.39
72201290,276403.05,14271.31
72202000,0,0
72202010,16866.63,409.1
72202090,290524.84,34380.10000000001
72209000,43187.45,6432.59
72210000,396712.33,5.87
72221100,442801.3100000001,30096.72
72221910,753148.88,141652.84
72221990,82027.77,3607.24
72222000,512401.3200000001,78885.98
72223000,139170.77,14144.29
72224010,38754.69,1946.74
72224090,1157508.72,48700.17999999999
72230000,4377359.939999999,719023.61
72231000,0,0
72239300,0,0
72241000,15437.14,814.28
72249000,294298.42,22389.91
72251100,138700,18000
72251900,6781.190000000001,5.95
72252000,35,6.99
72253000,200439.1,13998.92
72254020,127506.61,27902.99
72254090,4023532.55,647606.16
72255010,21541.02,4639.56
72255090,44161.13,0
72259100,64846.44,17534.7
72259200,8472.61,496.2200000000001
72259910,23460.6,1058.79
72259990,224508.06,33634.5
72261100,262105.5,44042
72261900,5464.989999999999,355.8699999999998
72262010,11328.98,900.62
72262090,187183,0
72269090,0,0
72269100,206951.45,34447.29
72269200,9661.91,302.29
72269900,24869.61,3198.53
72271000,4495.78,766.2200000000001
72272000,55366.63,0
72279000,15817.19,2567.28
72281010,17712.55,1303.89
72281090,83242.31999999999,1719.25
72281100,0,0
72282000,8061.16,1133.24
72283000,1482365.66,114868.49
72284000,1472606.02,69252.65
72285000,217578.6,36371.07
72286000,92769.06,11803.3
72287000,767004.8099999999,86895.17000000001
72288000,68542.6,1429.43
72292000,9070494.64,1141711.17
72293000,0,0
72299000,960996.84,102024.47
72452600,0,0
73003000,0,0
73011000,1840167.85,51436.84999999998
73011920,0,0
73011990,0,0
73011999,0,0
73012000,1522558.26,47023.61
73012990,0,0
73017192,0,0
73019920,0,0
73020100,0,0
73021010,1212817.1,74902.83
73021020,12866.45,0
73021090,1605018.94,112383.81
73022000,214,0
73022011,0,0
73023000,153328.82,8662.78
73024000,18035.28,572.05
73029000,325918.03,34244.85999999999
73030000,6382319.32,274145.16
73032900,0,0
73039200,0,0
73041010,9445,0
73041090,722.22,0
73041100,1524246.83,14988.41
73041900,1768014.35,93157.68999999999
73042200,236098.39,4068.87
73042310,121748.52,12127.18
73042390,55683.84,2197.97
73042400,223111.85,3421.92
73042910,164075.54,3083.1
73042920,1594.2,205.3
73042931,204411.09,25602.15
73042939,215662.83,35215.37999999999
73042990,825063.75,99816.98
73043010,0,0
73043110,3104442.57,288458.7
73043190,2522824.45,416061.3300000002
73043900,0,0
73043910,3627869.76,389747.9999999999
73043920,1853000.02,160036.28
73043990,416842.58,34189.89000000001
73044110,31561.36,415.4
73044190,396610.67,46823.16
73044900,134261.14,11523.56
73045110,1260,0
73045111,1955.78,65.33
73045119,152949.52,20833.35000000001
73045190,37419.29,969.6
73045910,35880.77,2060.94
73045911,520.62,28.59
73045919,6711.33,743.7500000000001
73045990,750161.74,102402.64
73049011,117692.01,2369.03
73049019,17553.46,1679.95
73049090,735330.91,102934.02
73049200,0,0
73051100,126188.09,7647.49
73051200,98580.16,10687.86
73051900,167153.32,32633.55
73052000,158096.52,745.4100000000001
73053100,245722.68,5631.98
73053900,70545.15000000001,17103.04
73059000,50556.08,3253.27
73060900,0,0
73061000,1108.02,133.02
73061100,907095.69,99595.25000000004
73061900,1044170.96,179515.53
73062100,457924.91,561.8800000000001
73062900,9059394.69,1346376.31
73063000,100408561.54,14844697.5
73063090,12132.61,2062.54
73063300,0,0
73064000,17384235.34,1998933.18
73065000,2558307.33,237474.15
73066000,194974.5,31516.18
73066100,76812724.12999998,12968600.93
73066110,0,0
73066300,0,0
73066600,0,0
73066900,2621339.69,297129.29
73066990,0,0
73069000,0,0
73069010,3947041.859999999,548139.99
73069020,271890.1,8825.52
73069090,24592669.43,3340272.3
73069900,0,0
73070000,0,0
73070090,0,0
73071000,0,0
73071100,9988168.91,897734.4099999999
73071900,0,0
73071903,0,0
73071910,8704551.55,407078.58
73071919,0,0
73071920,56664364.71999998,3412277.74
73071922,0,0
73071923,0,0
73071930,0,0
73071970,0,0
73071990,11851089.31,757959.4400000001
73072000,0,0
73072090,0,0
73072100,562717.58,43156.99999999999
73072200,2798237.11,179009.2499999999
73072300,457237.2099999999,54453.14999999999
73072900,2453406.589999999,235684.98
73072920,0,0
73072990,0,0
73074110,0,0
73077110,0,0
73077192,0,0
73077290,0,0
73077920,0,0
73078200,0,0
73079000,0,0
73079010,0,0
73079090,0,0
73079100,3281801.669999999,308863.0999999999
73079200,23482925.4,2114784.95
73079300,991753.7000000001,112181.46
73079900,17284519.38,1858618.97
73079907,0,0
73079990,0,0
73079999,0,0
73080000,0,0
73081000,1880173.38,53225.50999999999
73081500,0,0
73081920,0,0
73082000,26330908.17,2085636.95
73082900,0,0
73083000,52894109.96000001,3102163.83
73083010,0,0
73084000,68322791.57,8980444.09
73088900,0,0
73089000,0,0
73089007,0,0
73089010,249571196.99,27456932.211
73089011,0,0
73089090,458396460.9299999,70310538.35000001
73089100,0,0
73089990,0,0
73090000,0,0
73090010,200094016.44,21671797.55999999
73090020,276084.8,13173.16
73090090,54478934.63,4783932.95
73091920,0,0
73091990,0,0
73099000,0,0
73099010,0,0
73099090,0,0
73099100,0,0
73099200,0,0
73099900,0,0
73100000,0,0
73101000,234283.28,1.32
73101010,912193.9400000001,14952.74
73101090,4412015.04,249412.17
73101099,0,0
73101329,0,0
73102000,0,0
73102110,58464.69,5551.54
73102190,2522736.03,143229.69
73102900,0,0
73102910,583708.49,7438.629999999999
73102920,111981.47,203.59
73102990,3977895.14,139390.74
73105590,0,0
73109000,0,0
73110000,5113251.07,195360.46
73110563,0,0
73115000,0,0
73121000,0,0
73121010,516164.9999999999,35838.69
73121090,27930876.75,2734071.67
73121500,0,0
73121600,0,0
73129000,538051.1699999999,50805.41
73130000,41613268.78999999,4194677.62
73131900,0,0
73133000,0,0
73139300,0,0
73140000,0,0
73140200,0,0
73141000,0,0
73141010,0,0
73141200,2874690.36,107821.55
73141300,64694,0
73141400,2385566.32,101751.42
73141800,0,0
73141900,2876954.14,177719.45
73142000,98180400.4,13580836.25
73143100,12055605.3,811341.71
73143900,17949078.63,2108290.67
73144100,33134234.90000001,2222210.37
73144200,2247691.5,126284.37
73144900,1564410.93,45108.66
73145000,2885877.109999999,94192.21
73148210,0,0
73148220,0,0
73149100,0,0
73151090,0,0
73151100,38949419.29999999,4158878.04
73151200,0,0
73151210,94125345.67999999,8365181.64
73151290,5758598.769999999,651307.9400000001
73151400,0,0
73151500,0,0
73151510,0,0
73151600,0,0
73151800,0,0
73151900,11700690.81,1433790.669999999
73151910,0,0
73152000,8537,122.28
73152100,0,0
73153300,0,0
73153900,0,0
73158100,215472.14,10920.83
73158200,15598032.91,1147129.164
73158900,887465.9000000001,92568.17
73159000,849340.2800000001,109277.9
73160000,199683.31,12682.14999999999
73161000,0,0
73161500,0,0
73161600,0,0
73161800,0,0
73161900,0,0
73166100,0,0
73168200,0,0
73169090,0,0
73169900,0,0
73170000,0,0
73170001,0,0
73170002,0,0
73170010,120597.92,5812.99
73170020,3326799.25,259463.72
73170022,0,0
73170029,0,0
73170030,14180.41,237.15
73170090,27441630.53000001,2128239.33
73171200,0,0
73171299,0,0
73171600,0,0
73172200,0,0
73172900,0,0
73174090,0,0
73179200,0,0
73180000,0,0
73180210,0,0
73180220,0,0
73181000,0,0
73181003,0,0
73181100,636033.5100000001,16811.8
73181115,0,0
73181160,0,0
73181200,16794855.06,482674.44
73181210,0,0
73181220,0,0
73181300,1358729.86,84377.33
73181400,20158992.49000001,1821158.23
73181444,0,0
73181500,253070386.2799999,19191620.36
73181501,0,0
73181504,0,0
73181522,0,0
73181541,0,0
73181550,0,0
73181580,0,0
73181590,0,0
73181599,0,0
73181600,88367586.72999999,7581589.080000002
73181608,0,0
73181610,0,0
73181800,0,0
73181900,24210115.05,1751718.11
73182000,0,0
73182100,11935716.67,959230.3699999998
73182109,0,0
73182200,43520138.2,3622785.140000001
73182220,0,0
73182300,3244171.27,296152.48
73182399,0,0
73182400,17580350.61,1788494.01
73182500,0,0
73182600,0,0
73182800,0,0
73182900,103075946.38,10428018.98
73182909,0,0
73182949,0,0
73182990,0,0
73182999,0,0
73183000,0,0
73183300,0,0
73183900,0,0
73184200,0,0
73184500,0,0
73184600,0,0
73185000,0,0
73185100,0,0
73185500,0,0
73185900,0,0
73186000,0,0
73188190,0,0
73188200,0,0
73188220,0,0
73188230,0,0
73188240,0,0
73188290,0,0
73189000,0,0
73189090,0,0
73189150,0,0
73189200,0,0
73189800,0,0
73190000,0,0
73191000,80,0
73191300,0,0
73191900,0,0
73192000,29.2,0
73192200,0,0
73192800,0,0
73192900,0,0
73193000,55.59999999999999,0
73194000,18431.13,635.1800000000001
73199000,100600.56,9300.66
73200000,0,0
73200100,0,0
73201000,47108433.24000001,969988.8799999999
73201001,0,0
73201010,0,0
73201090,0,0
73201400,0,0
73202000,0,0
73202010,23641891.86,1956250.01
73202090,3656604.709999999,264558.94
73202900,0,0
73209000,14451857.15,1028374.62
73209001,0,0
73209090,0,0
73209099,0,0
73209991,0,0
73210000,0,0
73211100,14123135.15,1601458.16
73211102,0,0
73211104,0,0
73211200,128211.33,10961.59
73211300,15.56,3.31
73211900,1963072.39,167612.28
73218100,567238.13,15248.72
73218200,292644.92,5187.040000000001
73218820,0,0
73218900,4599354.5,325213.07
73219000,1762594.88,114730.17
73221100,1016627.31,2564.53
73221900,258355.45,4876.08
73229010,505516.98,71099.75000000001
73229090,25654.87,711.3599999999999
73231000,2466741.399999999,248264.6
73231900,0,0
73237900,0,0
73239000,0,0
73239090,0,0
73239100,583022.46,30384.45
73239200,802390.3399999999,108295.94
73239300,11188218.81,681169.1000000001
73239400,3069770.38,113048.22
73239900,2473205.97,180576.85
73240000,0,0
73241000,11111796.79,900934.47
73242100,8253.52,2790.29
73242900,158637.53,6532.440000000001
73249000,2097657.92,167744.27
73251000,10004020.49,470856.1
73251010,0,0
73251012,0,0
73259000,0,0
73259090,0,0
73259100,856221.66,5863.520000000001
73259900,0,0
73259910,7415090.489999999,269501.48
73259919,0,0
73259990,4451995.799999999,246070.96
73259991,0,0
73260000,0,0
73260900,0,0
73261000,0,0
73261100,21636.07,283.6
73261900,51133408.91,5006254.159999998
73261990,0,0
73262000,12567602.04,1029984.26
73262690,0,0
73266090,0,0
73266900,0,0
73266909,0,0
73269000,173095.75,3693.170000000001
73269007,0,0
73269010,101883.49,2355.66
73269020,238.04,0
73269090,150541384.08,14189832.75
73269099,0,0
73269100,0,0
73269209,0,0
73269900,0,0
73269909,0,0
73282900,0,0
73289000,0,0
73289090,0,0
73290000,0,0
73291000,0,0
73296090,0,0
73299090,0,0
73317009,0,0
73326909,0,0
73402255,0,0
73443920,0,0
73444567,0,0
73510000,0,0
73569090,0,0
73618290,0,0
73622000,0,0
73629090,0,0
73630629,0,0
73669000,0,0
73681600,0,0
73689010,0,0
73690900,0,0
73699090,0,0
73711990,0,0
73807900,0,0
73811500,0,0
73812900,0,0
73815000,0,0
73816000,0,0
73821000,0,0
73842000,0,0
73881500,0,0
73890900,0,0
73989010,0,0
74000000,0,0
74010000,25619.33999999999,148.49
74020000,10349.75,13.41
74022000,0,0
74031200,696.74,23.59
74031300,159.53,12.57
74031900,195868.85,23021.36
74032100,222763.42,15678.69
74032200,524174.93,42242.62
74032900,27361.70999999999,2040.41
74040000,190445.58,10179.62
74042000,0,0
74050000,5875.05,514.75
74052900,0,0
74061000,48959.49,0
74062000,1291.45,0
74071010,4091266.57,386661.57
74071021,2281.9,6.119999999999999
74071029,103973.75,7320.860000000001
74072110,599128.8999999999,50081.71999999999
74072120,125056.64,27260.44
74072910,1009459.82,58606.88000000001
74072921,1884727.67,112696.29
74072929,311969.19,29441.47
74079100,0,0
74081100,614445.8400000001,65646.28000000001
74081900,586150.25,52785.03000000002
74082100,184195.21,8664.73
74082200,5449.909999999999,35.2
74082912,2970.68,0
74082919,15756.75,625.59
74082990,16678.29,2417.3
74084080,0,0
74089100,0,0
74091100,56844.63,304.26
74091900,1514.26,113.4
74092100,12347.61,1457.32
74092900,129365.77,13780.49
74093100,5377.8,72.85
74093111,4497.71,0
74093119,22.2,0
74093190,296451.79,30.19
74093900,41317.33,4388.140000000001
74094010,2382.22,0
74094090,4328.5,58.15
74099000,26190.83,46.42
74101190,4043.89,30.34
74101200,1547.14,15.74
74102110,8157.2,1180.67
74102120,713.9100000000001,0
74102130,6779.849999999999,216.48
74102190,358.76,0
74102200,244457.04,0
74110000,0,0
74111010,5767015.030000001,263381.99
74111090,924623.5,85473.47000000002
74112000,0,0
74112110,57829.74999999999,7611.200000000001
74112190,153918.44,16156.58
74112210,8711.75,710.53
74112290,2502.05,55.5
74112910,3247.46,299.8
74112990,94384.5,10835.73
74120000,0,0
74120200,0,0
74121000,492387.4399999999,33262.25999999999
74122000,12985757.41,832074.7699999999
74122020,0,0
74122200,0,0
74122900,0,0
74130000,20207575.66,1677634.52
74137010,0,0
74137080,0,0
74141000,0,0
74141111,0,0
74141900,0,0
74142000,139.44,0
74143000,0,0
74143300,0,0
74145000,0,0
74150000,0,0
74151000,144479.48,6018.4
74152000,0,0
74152100,2193912.61,194741.16
74152900,4001168.070000001,447366.74
74153100,1136.9,40.90000000000001
74153200,5387.829999999999,115.53
74153300,1996336.52,83120.68
74153900,431823.8499999999,23219.21
74157900,0,0
74160000,785.76,0
74169300,0,0
74170000,5.4,0
74172090,0,0
74181000,813150.04,67981.82999999997
74181100,290.8,49.02
74181500,0,0
74181600,0,0
74181900,2236.62,0
74182000,11805966.94,1058094.68
74182200,0,0
74191000,5552.39,984.3500000000003
74192000,186746.9700000001,18200.99
74198010,1728.52,17.6
74198020,18971.7,625.36
74198030,63239.97,2686.67
74198040,1308.32,37.84
74198090,1341706.52,190524.14
74199100,6496.58,159.26
74199900,3750,136.88
74199920,190,22.62
74199930,10320.3,309.42
74199990,29233.40000000001,2760.97
74212200,0,0
74314929,0,0
74329000,0,0
74349000,0,0
74400008,0,0
74474035,0,0
74521872,0,0
74561378,0,0
74569000,0,0
74586000,0,0
74589613,0,0
74678777,0,0
74769374,0,0
74813000,0,0
74818099,0,0
74839000,0,0
74887474,0,0
75000000,0,0
75006495,0,0
75011000,1034.1,117.25
75012000,2895,3.72
75021010,4083.9,4.86
75021090,8671.4,1036.88
75022000,62205.31999999999,12896.19
75030000,22.47,0
75040010,8.8,1.94
75040090,555,0
75043000,0,0
75051110,3691.5,239.15
75051210,720,0
75051229,107.1,0
75052100,6710,0
75052200,45,0
75052210,1409.22,94.83999999999999
75052290,3620.52,95.94999999999999
75061000,15640,0
75062000,8644.12,18.57
75069100,0,0
75071100,6598.320000000001,57.14
75071200,157,0
75072000,135709.46,6931.260000000001
75079000,0,0
75081000,21679.4,1199.83
75089010,258773.38,271.19
75089090,47313.76000000001,2290.91
75121500,0,0
75129090,0,0
75151000,0,0
75153300,0,0
75153900,0,0
75181500,0,0
75181600,0,0
75209000,0,0
75286969,0,0
75310062,0,0
75365090,0,0
75840000,0,0
75859636,0,0
75913899,0,0
76010000,0,0
76011000,453577.33,17223.09
76012000,126656.58,15773.85
76020000,757068.3,39226.7
76031000,1618.7,0
76032000,210.2,2.92
76041000,0,0
76041010,859981.1600000001,28580.8
76041020,0,0
76041021,545914.4,47115.11
76041029,1234317.06,123339.83
76041210,0,0
76042100,13567433.25,1055684.97
76042820,0,0
76042911,63232.64,1068.26
76042919,1533890.66,91191.12999999999
76042920,30587549.60999999,2232184.83
76049000,0,0
76051110,10783.96,410.84
76051190,46144.17,5333.9
76051910,52184.02,1610.679999999999
76051990,33295.73,113.45
76052110,4032.95,146.84
76052190,16927.03,2740.12
76052910,13709.41,392.61
76052990,74798.94,5220.370000000001
76060000,0,0
76061110,172310.19,6099.070000000001
76061190,2457198.33,186448.21
76061210,93767.74,4989.9
76061220,3963.09,174.85
76061230,1682.69,0
76061290,4894257.69,230753.44
76063000,0,0
76066000,0,0
76066100,0,0
76069100,54778.11000000001,1245.27
76069200,249287.72,7750.070000000001
76071000,0,0
76071010,0,0
76071100,22.83,0
76071110,3215094.399999999,480692.7699999999
76071120,663718.6,0
76071190,1995320.93,260458.9799999999
76071900,0,0
76071910,225041.84,44617.57
76071990,5454248.6,603679.13
76072000,1371182.25,193993.67
76079900,0,0
76081000,150006.93,7773.289999999999
76082000,497.89,0
76082010,177835.59,13942.83
76082090,1313781.8,76799.89
76089010,0,0
76090000,19115036.94,1299401.3
76090008,0,0
76090099,0,0
76091000,0,0
76097900,0,0
76099000,0,0
76100000,0,0
76101000,121641720.92,7048577.390000001
76109000,9572729.13,655346.16
76109002,0,0
76110000,1446550.73,13308.68
76121000,173269.09,11492.92
76129011,15854,0
76129012,712472.4900000001,23662.61
76129019,380567.74,27851.22
76129090,591237.4900000001,38901.88
76130000,244765.03,16642.54
76141010,22946357.24,2958878.22
76141090,75540.31999999999,3486.070000000001
76149000,0,0
76149010,3537377.74,192043.49
76149090,373583.98,18441.66
76150000,0,0
76151000,8243283.790000003,1049500.85
76151010,0,0
76151100,304.6,1.84
76151800,0,0
76151900,30575.02,1768.1
76152000,894330.6299999998,83540.64999999998
76158200,0,0
76159000,0,0
76160000,0,0
76161000,6373119.680000001,447427.23
76161010,0,0
76161600,0,0
76161900,0,0
76165000,0,0
76166110,0,0
76169000,0,0
76169090,0,0
76169100,1553468.21,42500.17999999999
76169900,17590134.71,1505911.88
76169951,0,0
76169990,0,0
76181300,0,0
76181500,0,0
76181600,0,0
76199900,0,0
76201000,0,0
76224340,0,0
76239090,0,0
76261900,0,0
76269000,0,0
76269090,0,0
76299090,0,0
76301000,0,0
76469900,0,0
76520000,0,0
76543212,0,0
76709000,0,0
76761000,0,0
76900000,0,0
76910100,0,0
76969100,0,0
76990000,0,0
77270754,0,0
77536690,0,0
77609000,0,0
77666666,0,0
77889910,0,0
78000000,0,0
78000900,0,0
78011011,18928.56,538.4399999999999
78011019,19925.69,97.32999999999998
78011090,2106.64,274.34
78019100,3034.030000000001,332.8200000000001
78019900,7067.410000000001,146.93
78020000,8593.3,232.8499999999999
78041100,1225,0
78041900,293786.2499999999,4825.71
78060000,948.96,7.380000000000001
78060010,116967.43,9847.810000000001
78060020,8550.61,122.61
78060090,246014.07,5983.29
78063000,0,0
78081900,0,0
78082000,0,0
78083000,0,0
78083019,0,0
78087090,0,0
78088000,0,0
78089200,0,0
78099990,0,0
78122000,0,0
78126600,0,0
78131500,0,0
78132100,0,0
78152000,0,0
78161000,0,0
78181000,0,0
78181500,0,0
78181600,0,0
78182100,0,0
78182200,0,0
78182300,0,0
78239400,0,0
78249500,0,0
78251000,0,0
78300000,0,0
78412782,0,0
78451278,0,0
78451425,0,0
78452127,0,0
78452148,0,0
78452181,0,0
78456000,0,0
78456923,0,0
78457812,0,0
78457845,0,0
78457889,0,0
78475457,0,0
78500000,0,0
78502750,0,0
78549632,0,0
78636910,0,0
78642318,0,0
78680000,0,0
78738100,0,0
78802255,0,0
78894512,0,0
78900000,0,0
78904281,0,0
78910000,0,0
78911170,0,0
78912510,0,0
78912527,0,0
78914300,0,0
78915790,0,0
78916451,0,0
78916480,0,0
78916911,0,0
78919601,0,0
78923000,0,0
78939461,0,0
78945612,0,0
78945662,0,0
78945762,0,0
78946937,0,0
78958261,0,0
78960010,0,0
78960062,0,0
78962328,0,0
78962602,0,0
78963212,0,0
78963422,0,0
78963801,0,0
78965412,0,0
78966332,0,0
78966376,0,0
78966541,0,0
78966655,0,0
78966890,0,0
78968930,0,0
78969525,0,0
78970135,0,0
78970472,0,0
78973803,0,0
78974852,0,0
78975156,0,0
78975172,0,0
78976133,0,0
78976438,0,0
78976497,0,0
78978013,0,0
78978276,0,0
78980709,0,0
78983574,0,0
78983674,0,0
78984182,0,0
78984410,0,0
78984822,0,0
78984884,0,0
78985435,0,0
78985861,0,0
78986198,0,0
78986270,0,0
78986545,0,0
78989318,0,0
78989319,0,0
78989376,0,0
78989423,0,0
78989471,0,0
78989482,0,0
78989531,0,0
78989658,0,0
78990954,0,0
78992717,0,0
78996495,0,0
78997375,0,0
78997556,0,0
78997614,0,0
78998122,0,0
78999999,0,0
79011019,0,0
79011111,309461.81,64455.75
79011119,40179.93,8221.26
79011199,21288.86,211.23
79011210,1089,0
79011290,1056,0
79012010,18700.75,3561
79012090,24058.9,2752.800000000001
79020000,7268.52,0
79031000,376.61,0
79039000,260306.03,42228.89
79040000,689987.24,4046.17
79050000,2996396.66,157215.93
79060000,396.78,0
79070000,36579.71,66.66000000000001
79070010,585219.63,62446.68
79070090,2053679.88,169154.16
79070099,0,0
79071910,0,0
79071920,0,0
79079000,0,0
79079900,0,0
79082090,0,0
79083000,0,0
79089090,0,0
79169900,0,0
79181500,0,0
79181900,0,0
79182900,0,0
79199000,0,0
79218324,0,0
79244600,0,0
79269090,0,0
79999999,0,0
80000000,0,0
80008299,0,0
80011000,125042.74,239.29
80012000,337035.5799999999,36072.44999999999
80019000,0,0
80020000,483.97,14.7
80021000,0,0
80022000,0,0
80024000,0,0
80025100,0,0
80030000,325357.5000000001,31348.15
80039000,0,0
80040000,52.3,0
80042000,0,0
80042100,0,0
80050020,3000,0
80062020,0,0
80070010,11657.33,245.75
80070020,15120,0
80070030,3975.21,16.61
80070090,572290.27,63971.62000000001
80075011,0,0
80075090,0,0
80082000,0,0
80083090,0,0
80084000,0,0
80099190,0,0
80101000,0,0
80122011,0,0
80145990,0,0
80169090,0,0
80169300,0,0
80202000,0,0
80208900,0,0
80254021,0,0
80261029,0,0
80300000,0,0
80328981,0,0
80339090,0,0
80363421,0,0
80368000,0,0
80422110,0,0
80430000,0,0
80440000,0,0
80450000,0,0
80450100,0,0
80452011,0,0
80510000,0,0
80529852,0,0
80530000,0,0
80536610,0,0
80550000,0,0
80571422,0,0
80603000,0,0
80603021,0,0
80610000,0,0
80645100,0,0
80750110,0,0
80783090,0,0
80801715,0,0
80808080,0,0
80810000,0,0
80812000,0,0
80818019,0,0
80818095,0,0
80819090,0,0
80828000,0,0
80839000,0,0
80848095,0,0
80879990,0,0
80906050,0,0
80995563,0,0
81000026,0,0
81010000,0,0
81011000,8038.24,96.39
81019000,0,0
81019400,141631.96,818.7199999999999
81019600,88184.64,1930.4
81019700,114685.4,2000.17
81019910,49176.37,7773.490000000001
81019990,154534.12,7899.98
81021000,1200,0
81029400,11366.75,0
81029500,18822.76,555.9599999999999
81029600,19401.74,182.5
81029700,80180,0
81029900,367.28,0
81032000,438.9,0
81034000,0,0
81039001,0,0
81039100,10801.53,195.24
81039900,360.64,3.38
81041100,3990.21,35.02
81041900,7918.79,101.21
81042000,424.56,0
81043000,347.19,0
81049000,104389.9,778.06
81052010,13000,0
81052021,197.9,0
81052029,11787.83,0
81052090,620,4.93
81059010,335915.9300000001,7365.12
81059090,10189.98,3.57
81060090,270,0
81061000,7115.9,1758.75
81069000,2043.77,5.779999999999999
81075090,0,0
81082000,1930.13,0
81084000,0,0
81086075,0,0
81089000,76063.87,9130.29
81089990,0,0
81091000,9.9,1.68
81092000,7252,0
81092100,19,0
81093900,3880.5,91.26
81099000,60,0
81099900,8700,0
81101010,23,0
81101020,71.15,0
81101991,0,0
81102000,8.5,0
81109000,14819.55,2673.55
81110000,0,0
81110010,776.8199999999999,0
81110020,230697,12053.19
81110090,34036.98,9.48
81118020,0,0
81121200,8395.04,212.61
81121300,5888,1088.88
81121900,451.25,22.89
81122010,15472.3,1024.08
81122023,0,0
81122110,931.9,0.36
81122120,199.9,0
81122200,385,0
81122900,30317.37,1643.25
81125100,1358,0
81125200,5842589.59,0
81126100,5000,0
81126900,43.5,0
81129200,38.9,0
81130010,30733.25,1176.96
81130090,62019.86000000001,909.01
81131900,0,0
81139019,0,0
81139190,0,0
81143091,0,0
81148019,0,0
81148788,0,0
81149070,0,0
81149190,0,0
81176254,0,0
81210000,0,0
81212100,0,0
81212110,0,0
81212300,0,0
81212990,0,0
81213100,0,0
81213990,0,0
81219999,0,0
81222010,0,0
81238673,0,0
81279990,0,0
81300000,0,0
81314929,0,0
81329000,0,0
81421500,0,0
81449020,0,0
81452606,0,0
81513110,0,0
81524251,0,0
81701932,0,0
81801987,0,0
81811000,0,0
81813000,0,0
81818019,0,0
81818095,0,0
81818099,0,0
81820020,0,0
81821010,0,0
81825090,0,0
81831090,0,0
81848019,0,0
81848095,0,0
81880400,0,0
81901390,0,0
82005400,0,0
82008704,0,0
82010000,0,0
82010400,0,0
82011000,2621276.05,201000.1499999999
82011100,0,0
82011300,0,0
82011900,0,0
82012000,3319.71,431.64
82012900,0,0
82013000,6373006.83,417582.4400000001
82014000,2923885.56,235134.1699999999
82015000,1951153.25,151614.65
82016000,344267.09,25762.84
82018090,0,0
82019000,10227160.4,765451.6199999999
82019001,0,0
82019090,0,0
82021000,1883945.65,135196.45
82021001,0,0
82021100,0,0
82022000,1427486.74,124102.95
82022010,0,0
82022100,0,0
82022990,0,0
82023100,1655169.02,130132.37
82023900,1145977.06,92378.95000000003
82023940,0,0
82024000,13849267.12,1315302.62
82024001,0,0
82028400,0,0
82029090,0,0
82029100,2582297.65,222914.11
82029111,0,0
82029900,0,0
82029910,2939.76,123.91
82029990,1382639.1,111337.53
82030000,0,0
82031000,0,0
82031010,9180453.649999999,807610
82031090,127116.04,8773.199999999999
82032000,0,0
82032010,10681540.92,921872.13
82032090,2106406.97,214707.15
82032099,0,0
82032900,0,0
82033000,133028.33,8969.48
82033010,0,0
82034000,158382.02,11873.49
82039020,0,0
82040000,0,0
82041000,0,0
82041100,26053770.95,2406488.43
82041101,0,0
82041110,0,0
82041120,0,0
82041200,5806019.33,514176.15
82041400,0,0
82042000,13737655.63,1247353.89
82042010,0,0
82042015,0,0
82042119,0,0
82044000,0,0
82044120,0,0
82045011,0,0
82049000,0,0
82050111,0,0
82051000,836231.6099999999,63031.70999999999
82051010,0,0
82051100,0,0
82052000,3466282.51,284414.98
82052010,0,0
82052910,0,0
82053000,714256.0999999997,34115.11
82054000,6381545.949999998,487571.13
82054001,0,0
82055100,802565.68,57426.97
82055400,0,0
82055900,15673178.94,1319669.41
82055920,0,0
82055999,0,0
82056000,172042.18,9622.61
82057000,3122229.28,287860.17
82058000,2216.21,288.31
82058700,0,0
82059000,199572.96,14703.63
82059900,0,0
82060000,2987771.470000001,318542.51
82062000,0,0
82063000,0,0
82070000,0,0
82070020,0,0
82071000,0,0
82071090,0,0
82071300,20850.41,584.9899999999999
82071900,26887.6,2320.62
82071910,159420.54,19686.29
82071990,275410.68,18535.78
82072000,3789.5,212.86
82072011,0,0
82072019,0,0
82072999,0,0
82073000,805636.2699999999,38125.09
82074000,0,0
82074010,2227726.3,152091.72
82074020,346185.14,27584.37
82075000,0,0
82075010,0,0
82075011,13833110.23,984118.2300000001
82075014,0,0
82075019,839133.02,49637.68
82075090,773280.7,36228.82
82075099,0,0
82075100,0,0
82075990,0,0
82076000,99981.25999999998,13802.21
82077010,255975.06,7039.06
82077020,209831.74,24924.79
82077090,162201.27,7923.22
82077900,0,0
82078000,917062.8500000001,511.37
82079000,5367465.449999999,416838.2699999999
82081000,96758.73,4428.139999999999
82082000,638643.0800000001,63412.48
82083000,115973.9,4236.77
82084000,97552493.62000002,12897936.12
82088400,0,0
82089000,2342633.73,166071.75
82089990,0,0
82090011,850187.37,24409.1
82090019,50244.8,2500.32
82090090,632283.7000000002,1486.65
82091010,0,0
82095011,0,0
82099000,0,0
82099100,0,0
82099990,0,0
82100010,974038.4600000001,15609.62
82100052,0,0
82100090,451859.4600000001,28735.92000000001
82101200,0,0
82101300,0,0
82105030,0,0
82111000,447875.59,39776.83
82112000,0,0
82119000,0,0
82119100,1210423.29,77699.8
82119200,0,0
82119210,1625187.85,151404.99
82119220,92584.04,4223
82119222,0,0
82119290,307062,33755.00000000001
82119300,0,0
82119310,155865.66,15544.48
82119320,1236666.12,102866.6
82119390,326205.79,21568.97
82119393,0,0
82119399,0,0
82119400,265798.5600000001,13679.21
82119500,86687.59999999999,6870.859999999999
82119590,0,0
82120010,0,0
82121010,73710.78,2070.14
82121020,498999.7199999999,39982.15
82122010,210628.14,16256.22
82122011,0,0
82122019,0,0
82122020,924.26,46.5
82123000,0,0
82129000,12204.56,259.63
82129990,0,0
82130000,1376622.81,114887.25
82132213,0,0
82141000,136637.3,5496.209999999999
82142000,135129.7,8558.119999999999
82149010,22432.52,664.04
82149090,925743.3899999999,46485.00999999999
82151000,212699.52,30473.68999999999
82151200,0,0
82152000,2167395.56,294802.26
82152020,0,0
82159100,317458.49,22646.41
82159900,0,0
82159910,2661240.23,217193.54
82159990,366787.29,28663.5
82160000,0,0
82171200,0,0
82175310,0,0
82199320,0,0
82205011,0,0
82212300,0,0
82212990,0,0
82213100,0,0
82219997,0,0
82235900,0,0
82242000,0,0
82243090,0,0
82248121,0,0
82248221,0,0
82248229,0,0
82249010,0,0
82249090,0,0
82255555,0,0
82302000,0,0
82319390,0,0
82329000,0,0
82348996,0,0
82362000,0,0
82411000,0,0
82411100,0,0
82412990,0,0
82413866,0,0
82477525,0,0
82490410,0,0
82491523,0,0
82534887,0,0
82538495,0,0
82538509,0,0
82566354,0,0
82591019,0,0
82675011,0,0
82818095,0,0
82821010,0,0
82822010,0,0
82833029,0,0
82838656,0,0
82840000,0,0
82841000,0,0
82841090,0,0
82841100,0,0
82842010,0,0
82910400,0,0
82941025,0,0
82983066,0,0
83000000,0,0
83009978,0,0
83010000,0,0
83011000,6492722.550000001,633107.6199999999
83011100,0,0
83011500,0,0
83012000,5900139.660000002,120593.72
83013000,558892.5499999999,10260.34
83014000,12467608.79,740172.15
83014100,0,0
83014200,0,0
83014400,0,0
83015000,871854.2999999999,72190.8
83015210,0,0
83016000,1521521.42,85234.20000000003
83017000,876735.1599999999,44888.62
83020000,0,0
83021000,19647948.16,1458599.09
83021100,0,0
83021900,0,0
83022000,4340202.689999999,470917.9900000001
83022010,0,0
83022100,0,0
83022200,0,0
83023000,8852225.280000003,189107.65
83024000,0,0
83024100,5825158.51,232084.46
83024200,5970026.29,604579.26
83024300,0,0
83024900,7193342.570000001,744975.0000000001
83025000,4246023.040000001,565272.8600000001
83026000,470675.7199999999,24436.75
83028000,0,0
83030000,1547115.63,45002.40999999999
83031000,0,0
83031010,0,0
83032010,0,0
83033000,0,0
83040000,191040.22,7889.81
83049999,0,0
83051000,470632.4399999999,8303.529999999997
83052000,4259430.87,695890.61
83059000,391955.9,20324.75
83061000,63936.2,953.8299999999998
83062000,0,0
83062100,732704.2800000003,38784.1
83062699,0,0
83062900,1272784.52,63425.52
83063000,441799.4399999998,14119
83063002,0,0
83071000,92826,0
83071010,32115.45,126.88
83071090,1181886.32,83520.38000000003
83072010,0,0
83073300,0,0
83077900,0,0
83079000,2236087.14,117532.7
83080000,0,0
83081000,75762.5,3906.23
83082000,3209787.03,370408.9400000001
83083000,0,0
83089010,507465.79,17990.61
83089020,1028.75,7.55
83089090,862336.15,124726.24
83091000,92971.23,5608.160000000001
83099000,994160.07,59931.85999999999
83099900,0,0
83100000,8486772.790000001,85195.67000000003
83100001,0,0
83104000,0,0
83110000,0,0
83111000,42878665.2,3459001.91
83111100,0,0
83111300,0,0
83112000,733045.1900000001,65145.05
83113000,356393.71,19856.68
83114000,0,0
83119000,336038.28,21635.62
83119090,0,0
83122000,0,0
83129000,0,0
83131900,0,0
83133020,0,0
83133030,0,0
83136011,0,0
83140000,0,0
83181500,0,0
83181600,0,0
83181900,0,0
83182200,0,0
83182400,0,0
83182900,0,0
83201000,0,0
83210000,0,0
83212300,0,0
83213200,0,0
83214929,0,0
83220000,0,0
83221000,0,0
83258712,0,0
83269090,0,0
83290000,0,0
83310000,0,0
83311090,0,0
83314920,0,0
83324100,0,0
83329000,0,0
83359000,0,0
83361000,0,0
83364100,0,0
83365080,0,0
83365090,0,0
83366100,0,0
83392110,0,0
83401000,0,0
83414929,0,0
83439923,0,0
83456987,0,0
83578965,0,0
83605200,0,0
83665090,0,0
83776497,0,0
83783590,0,0
83833029,0,0
83833090,0,0
83839100,0,0
83849000,0,0
83908000,0,0
83924900,0,0
84000000,0,0
84000520,0,0
84001200,0,0
84001203,0,0
84009190,0,0
84011000,129631.17,6949.3
84011019,0,0
84011400,0,0
84012000,64498.10999999999,3626.26
84013000,13956.7,1441.75
84013919,0,0
84014000,188746.26,6011.32
84016930,0,0
84016999,0,0
84018019,0,0
84018800,0,0
84019010,0,0
84019039,0,0
84019294,0,0
84021100,929794.4999999999,203742.19
84021200,2291836.6,108713.42
84021900,28391529.92,2208489.3
84022000,17532.49,293.4
84023000,0,0
84024000,0,0
84025468,0,0
84026931,0,0
84029000,4297071.98,616160.26
84029039,0,0
84031010,396722.64,15059.7
84031090,64548.09,1986.23
84031100,0,0
84033020,0,0
84033030,0,0
84035000,0,0
84035250,0,0
84039000,53269.28,3548.16
84039099,0,0
84039191,0,0
84041000,0,0
84041010,2025160.59,167727.04
84041020,3142.58,87.77000000000001
84041100,0,0
84041200,0,0
84042000,716138.27,61228.36
84043809,0,0
84044021,0,0
84044040,0,0
84045858,0,0
84048090,0,0
84049010,9291.36,1467.67
84049090,156010.82,612.4599999999999
84049999,0,0
84051000,982712.44,3473.44
84051093,0,0
84052169,0,0
84054000,0,0
84056552,0,0
84058658,0,0
84058741,0,0
84059000,97344.64,104.33
84059010,0,0
84059999,0,0
84061000,66477.28,317.08
84062090,0,0
84062511,0,0
84068100,634902.62,70439.52
84068200,114946.09,887.5699999999999
84069000,2770,0
84069001,0,0
84069010,0,0
84069011,747133.6,11331.85
84069019,97618.62,1494.8
84069020,0,0
84069021,276260.96,6671.780000000001
84069029,58165.96,930.9300000000001
84069090,82082.52,1690.03
84069091,0,0
84069100,0,0
84069199,0,0
84069999,0,0
84071000,12122706.71,445537.4
84071019,0,0
84072110,758324.98,65182.29
84072190,16574750.38,1791716.65
84072910,37386.84,440.51
84072990,3997335.560000001,427473.71
84073000,0,0
84073110,335802.87,1686.27
84073190,88532.25,5839.849999999999
84073200,338845.5,341.6
84073310,17328.07,10.99
84073390,559311.97,13998.91
84073410,19047,851.74
84073490,3614751.549999999,126169.04
84074010,0,0
84079000,17322241.98,195315.88
84079090,0,0
84079990,0,0
84080000,0,0
84080808,0,0
84081000,0,0
84081010,217016.97,471.84
84081090,3406049.4,130103.35
84082000,0,0
84082010,331944.12,7220.24
84082020,3054355.42,119285.57
84082030,2103764.1,94010.15
84082090,25319550.33,880602.02
84082100,0,0
84082999,0,0
84083090,0,0
84083302,0,0
84084090,0,0
84085011,0,0
84085019,0,0
84085090,0,0
84087090,0,0
84088120,0,0
84089000,0,0
84089010,2242699.96,420997.79
84089090,18661217.99,1839122.15
84089300,0,0
84089412,0,0
84089422,0,0
84089482,0,0
84089483,0,0
84089490,0,0
84089900,0,0
84089990,0,0
84089999,0,0
84090000,0,0
84091000,21805354.1,786511.41
84091010,0,0
84091114,0,0
84092090,0,0
84092099,0,0
84093003,0,0
84093896,0,0
84093911,0,0
84094050,0,0
84096999,0,0
84098111,0,0
84098114,0,0
84099000,0,0
84099069,0,0
84099090,0,0
84099100,0,0
84099101,0,0
84099102,0,0
84099103,0,0
84099110,0,0
84099111,1817309.63,35970.92
84099112,12527375.07,304843.41
84099113,4577339.91,189396.61
84099114,3840066.939999999,52514.335
84099115,807440.96,22859.41
84099116,5117543.42,57364.96999999999
84099117,1076685.48,16230.81
84099118,941761.86,23612.33
84099120,6354142.56,206311.69
84099121,0,0
84099130,2650110.37,63559.94
84099140,1138384.85,18343.85
84099150,0,0
84099190,22234241.93000001,466928.09
84099191,0,0
84099199,0,0
84099292,0,0
84099300,0,0
84099900,0,0
84099902,0,0
84099906,0,0
84099911,28902.75,721.52
84099912,15559166.35,504626.2899999999
84099913,152831.4,15222.91
84099914,24021917.03,644694.1599999999
84099915,5444920.61,158721.2100000001
84099916,17397.87,780.22
84099917,3304484.42,79595.77
84099919,0,0
84099920,113200.96,3683.5
84099921,127833.86,2892.92
84099929,52973836.05000001,1517789.54
84099930,14064932.06000001,392168.47
84099941,18120.76,352.83
84099949,4717721.909999999,129141.95
84099950,0,0
84099951,371196.79,4453.77
84099959,28101466.04,923389.5699999998
84099960,0,0
84099961,14995957.44,430053.33
84099963,0,0
84099969,96815163.59,2205642.39
84099970,0,0
84099971,37609.67,646.6700000000001
84099979,9331842.739999998,230027.8
84099990,690400.0800000001,55353.5
84099991,217566.57,6141.449999999999
84099993,0,0
84099995,0,0
84099996,0,0
84099999,103386943.47,2649777.91
84101000,0,0
84101100,1125982.23,68851.99
84101200,63611.54,0
84101300,16407.25,795.67
84102121,0,0
84103300,0,0
84103919,0,0
84104545,0,0
84109000,393011.62,25836.86
84109080,0,0
84109999,0,0
84110000,0,0
84111000,0,0
84111100,27156,0
84111200,17224.1,0
84112010,0,0
84112100,1546257.48,52053.67
84112200,5365942.12,214177.38
84113611,0,0
84113919,0,0
84113990,0,0
84114000,0,0
84116090,0,0
84118010,0,0
84118011,0,0
84118020,0,0
84118100,55166.89,7209.6
84118200,20529.18,592.1500000000001
84119000,0,0
84119100,9167821.81,314741.0000000001
84119190,0,0
84119900,1661702.53,57986.28
84121000,75030.35,277.09
84121010,0,0
84122000,0,0
84122010,0,0
84122011,0,0
84122022,0,0
84122090,0,0
84122110,50002551.29000001,2264407.21
84122190,14991555.78,511274.94
84122199,0,0
84122900,56674205.41,4768368.54
84122990,0,0
84123000,0,0
84123090,0,0
84123110,7292052.130000001,336857.36
84123190,715209.46,79471.87999999999
84123697,0,0
84123900,116739.96,6072.63
84123990,0,0
84125200,0,0
84125698,0,0
84128000,1308376.11,57093.8
84128080,0,0
84128890,0,0
84129000,0,0
84129010,27263.6,312.34
84129020,317212.77,28134.26
84129080,20250068.94,2419181.460000001
84129090,9613531.14,907489.0500000002
84129097,0,0
84129190,0,0
84129880,0,0
84129999,0,0
84130000,0,0
84130709,0,0
84131000,0,0
84131070,0,0
84131090,0,0
84131100,3528562.93,237713.04
84131160,0,0
84131900,2701000.51,234858.93
84132000,3868364.78,396246.92
84132100,0,0
84132110,0,0
84132490,0,0
84133000,0,0
84133001,0,0
84133009,0,0
84133010,10968592.11,356967.01
84133012,0,0
84133020,42639631.89999999,1275318.26
84133030,50255858.41,1234911.8825
84133031,0,0
84133050,0,0
84133080,0,0
84133090,67361398.71,1760116.45
84133309,0,0
84134000,1370266.06,259570.83
84134050,0,0
84134190,0,0
84134929,0,0
84135010,19084255.5,2534722.370000001
84135090,7281771.16,685685.3400000001
84136011,106291915.37,10968018.71
84136018,0,0
84136019,14019435.5,406169.5
84136022,0,0
84136090,5460445.859999999,537114.76
84137000,0,0
84137010,61480423.85,4878018.5
84137080,21140120.37,1827815.100000001
84137090,75861122.55,7980923.149999999
84138100,44646252.56999999,3658585.34
84138200,1953712.83,300311.64
84139000,0,0
84139030,0,0
84139049,0,0
84139090,0,0
84139091,0,0
84139099,0,0
84139100,214137.65,34556.36
84139110,118993.11,10852.03
84139120,0,0
84139140,0,0
84139190,158157369.39,7081905.009999999
84139191,0,0
84139200,937853.8299999998,92978.43999999999
84139290,0,0
84139919,0,0
84139999,0,0
84140000,0,0
84140090,0,0
84141000,2858588.15,169081.08
84141900,0,0
84142000,523934.2799999999,49253.51
84143011,1300157.78,59236.73
84143019,5463733.579999998,808103.9899999999
84143029,0,0
84143039,0,0
84143091,35203129.45,2139917.26
84143099,1344197.19,75762.33
84143990,0,0
84144000,0,0
84144010,616627.5,48074.87999999999
84144020,704732.9299999999,33590.62
84144090,233753.1,5729.610000000001
84144599,0,0
84145110,564508.37,58222.03999999999
84145120,430968.13,17045.82
84145190,790812.4,109557.56
84145590,0,0
84145900,0,0
84145910,534781.2299999999,37709.58000000001
84145990,92930650.15,8560654.399999999
84145992,0,0
84145999,0,0
84146000,9481572.739999998,820810.67
84147000,257000.74,17847.01
84148010,0,0
84148011,23620146.77,2284589.69
84148012,4271952.07,439063.09
84148013,244824.2,18759.14
84148019,21160748.22,827573.3700000001
84148020,0,0
84148021,40047765.66,895898.86
84148022,155315.24,1508.09
84148029,807660.51,52520.43
84148030,0,0
84148031,4290216.77,68210.86
84148032,1628449.36,223049.54
84148033,65146.88,315.98
84148038,136323.03,9038.53
84148039,139628.19,4295.22
84148090,5863075.680000001,291317.9799999999
84148333,0,0
84149000,0,0
84149010,1198679.46,99651.77999999998
84149020,29730032.42,3288382.809999999
84149030,0,0
84149031,1463775.19,34400.04
84149032,923285.6899999998,31785.26
84149033,2516180.77,74227.58
84149034,1074950.81,21352.43
84149038,0,0
84149039,20957414.71,412752.11
84149040,295126.87,38361.2
84149090,0,0
84149139,0,0
84149900,0,0
84150000,0,0
84151010,19859,0
84151011,104370757.8,18224447.2
84151019,1887251.08,302487.96
84151090,127792.21,1853.35
84151900,0,0
84152010,944989.8,43717.89
84152090,499676.1,8688.529999999999
84155990,0,0
84157466,0,0
84158110,104885.92,18498.81
84158190,8360723.609999999,1307821.02
84158210,564923.46,78332.12999999999
84158290,3527905.87,490925.63
84158300,236563.44,10611.46
84158330,0,0
84159000,31843.43,1525.21
84159010,9748504.770000003,1524914.64
84159020,11511369.4,1944456.76
84159090,13825282.74,1027527.95
84159099,0,0
84159990,0,0
84161000,211279.46,13977.45
84161519,0,0
84161900,0,0
84162010,982866.6900000001,62917.88
84162090,2785419.83,180925.11
84162501,0,0
84163000,64033887.62,5642828.42
84163010,0,0
84169000,5746108.560000001,793128.25
84169090,0,0
84169190,0,0
84169300,0,0
84171000,0,0
84171010,346075.22,239.78
84171020,19990.6,218.34
84171090,9837.069999999998,212.53
84171900,0,0
84172000,1363742.66,137299.65
84178010,40122,0
84178020,3314.41,2.52
84178090,4494252.07,264976.99
84179000,385510.27,48868.9
84181000,37757366.18,5422823.509999999
84181900,0,0
84182100,6232726.77,901044.2199999997
84182900,213642.8,4891.69
84183000,9264002.34,1296190.62
84184000,4614147.49,717334.1699999999
84185000,0,0
84185010,1309489.75,134856.68
84185090,13755563.39,1797301.09
84186100,9046464.340000002,435601.12
84186110,480,0
84186190,1000,0
84186910,89642.25,6061.47
84186920,7454742.2,857727.2799999999
84186931,5394258.239999999,337246.53
84186932,794822.8300000001,118253.95
84186940,9110107.92,1083793.08
84186991,44784.84,2733.17
84186999,103353266.99,11190022.76
84188019,0,0
84188095,0,0
84189090,0,0
84189100,238283.31,355.07
84189681,0,0
84189900,7987575.669999999,388055.9400000001
84191100,3178006.98,207879.6800000001
84191200,13910225.73,541816.83
84191900,522398.24,6468.3
84191910,852225.54,30872.24
84191990,168413.8,0
84192000,37266.7,4437.08
84193100,573593.96,37898.63
84193200,25.49,0
84193300,2843296.96,165622.98
84193400,571917592.98,26542485.21
84193500,27320.28,33.14
84193900,17192709.44,2460541.32
84194000,0,0
84194010,57966.13,4871.75
84194020,41022.25,841.6700000000001
84194090,4279613.54,24123.44999999999
84195010,2752049.23,278044.87
84195021,9121705.42,926792.9999999998
84195022,151910.53,4707.88
84195029,376790.8,27256.06
84195090,10560546.61,965707.6
84196000,1123691,151314.06
84198110,538958.59,39123.08
84198190,6853448.550000001,663167.6499999999
84198900,0,0
84198911,2722.5,57.29000000000001
84198919,751255.01,11084.16
84198920,947187.29,46885.05
84198930,538343.36,75037.84
84198940,3138796.33,191392.92
84198991,5574409.359999999,392826.27
84198999,4270222.4,219805.65
84199010,723834.5900000001,23429.78
84199016,0,0
84199020,77965.36,1927.57
84199031,71715.27,987.3399999999998
84199039,9965179.42,1955828.6
84199040,1772190.6,297642.28
84199090,10988907.26,952753
84199091,0,0
84199114,0,0
84199190,0,0
84199900,0,0
84199999,0,0
84201010,41092.9,2535.85
84201090,214692.33,21190.6
84202010,0,0
84209100,236724.65,3316.23
84209900,8043.74,1433.33
84210000,0,0
84210100,0,0
84211010,0,0
84211090,0,0
84211110,3647.22,437.81
84211190,606081.3,1406.8
84211210,309025.04,34376.86000000001
84211230,0,0
84211290,71207.38,2187.16
84211300,0,0
84211399,0,0
84211900,0,0
84211910,70865.3,4624.33
84211990,806344.43,16734.79
84211999,0,0
84212090,0,0
84212100,32481521.07,2590521.66
84212200,35783.65,1860.8
84212222,0,0
84212223,0,0
84212230,0,0
84212290,0,0
84212299,0,0
84212300,231138432.5700001,6866025.812299998
84212302,0,0
84212306,0,0
84212330,0,0
84212390,0,0
84212399,0,0
84212400,0,0
84212591,0,0
84212900,0,0
84212911,40583.20999999999,1362.71
84212919,1590173.13,35032.91
84212920,250334.31,18759.77
84212930,1155460.28,68485.71
84212980,0,0
84212990,143347972.11,12268805.84
84212991,0,0
84212992,0,0
84212999,0,0
84213000,0,0
84213100,46617637.77000001,1529384.76
84213101,0,0
84213109,0,0
84213120,0,0
84213200,1413923.92,135936.59
84213210,0,0
84213900,0,0
84213910,1679748.6,178974.77
84213920,171781.14,19689.85
84213930,32795.56,4266.150000000001
84213990,70710365.59,5703327.519999999
84213999,0,0
84214200,0,0
84214929,0,0
84216199,0,0
84216310,0,0
84217458,0,0
84218221,0,0
84218300,0,0
84218909,0,0
84218990,0,0
84219000,0,0
84219090,0,0
84219110,12382.26,181.33
84219190,0,0
84219191,300867.4400000001,15703.57
84219199,212254.42,15778.62
84219290,0,0
84219490,0,0
84219859,0,0
84219900,0,0
84219910,16583335.02,1606834.26
84219919,0,0
84219920,2042.07,152.62
84219990,41909.86,1574.109999999999
84219991,122822.7,6301.89
84219992,0,0
84219995,0,0
84219999,416360826.4399998,37619683.79000001
84221010,0,0
84221090,0,0
84221100,6519139.239999999,816697.49
84221300,0,0
84221900,216981.31,15530.17
84222000,971207.48,7126
84222010,0,0
84222090,0,0
84222302,0,0
84223010,1656103.9,20755.07
84223021,2757349.04,84399.02
84223022,153341.83,6.51
84223023,1433,0
84223029,4447340.86,387504.43
84223030,73764.49,8572.83
84224000,0,0
84224010,28016.51,3204.84
84224020,93459.85,7428.440000000001
84224030,68826.13,1581.66
84224090,16831890.14,1882126.32
84224822,0,0
84229000,0,0
84229010,77149.89000000001,6727.11
84229090,2601932.18,380370.8399999999
84231000,2719227.3,146923.26
84231099,0,0
84232000,213315.4,3290.13
84232900,0,0
84233011,2636794.92,396562.41
84233019,2442545.65,138784.79
84233090,72589320.71,6865850.320000001
84236000,0,0
84236578,0,0
84236598,0,0
84238000,0,0
84238110,190124.25,12141.66
84238190,1369197,130089.44
84238200,24274665.24,2052557.97
84238900,26080307.7,3197752.76
84239000,0,0
84239010,1284268.02,82969.06999999999
84239021,89824.90999999999,12011.14
84239029,15405569.36,1939119.4
84239090,0,0
84239099,0,0
84239999,0,0
84240000,0,0
84240101,0,0
84240990,0,0
84241000,12804408.01,189517.52
84241119,0,0
84242000,3763108.640000001,403987.43
84242100,0,0
84242181,0,0
84242990,0,0
84243010,20745448.94000001,1929249.91
84243020,77228.65,417.25
84243025,0,0
84243030,5278.1,16.65
84243090,24195422.22,2428368.69
84243100,0,0
84244100,58089516.18999999,3769126.039999999
84244110,0,0
84244822,0,0
84244900,4144705304.98,217378150.0954
84244990,0,0
84245000,0,0
84245121,0,0
84246121,0,0
84247229,0,0
84248000,0,0
84248111,120230.04,7586.289999999998
84248112,0,0
84248119,4021746.27,41077.44
84248120,0,0
84248121,2529405.27,137792.91
84248129,482207.83,26471.47
84248190,15241.75,50.79
84248199,0,0
84248220,0,0
84248221,2545567452.99,127549957.34
84248224,0,0
84248229,612618925.52,32784399.59
84248281,0,0
84248290,48399860.45,1471928.5
84248421,0,0
84248900,2999.53,596.06
84248910,2906131.26,126623.45
84248920,10578.68,89.28999999999999
84248990,29803085.91,3773154.620000001
84249000,0,0
84249010,1101544.9,98339.76
84249090,343493852.03,34505272.92
84249191,0,0
84249229,0,0
84249941,0,0
84249990,0,0
84249999,0,0
84251100,1350456.55,41002.22
84251200,0,0
84251201,0,0
84251910,1874189.66,217102.29
84251990,157758.69,19084.21
84251999,0,0
84253000,0,0
84253100,0,0
84253110,1646206.65,142903.18
84253190,239434.55,3625.57
84253910,4077030.98,463313.0499999999
84253990,3120078.93,264623.3099999999
84254100,414477.49,42106.04
84254101,0,0
84254200,9473685.74,775500.06
84254910,1970368.67,158418.03
84254990,1827674.14,136926.69
84256598,0,0
84258200,0,0
84259090,0,0
84261100,1615738.51,167855.49
84261200,34610.32,2365.2
84261900,122070.04,7385.85
84262000,258685.06,9321.61
84263000,14750,2052.42
84263786,0,0
84264110,87831.29000000001,103.75
84264190,1997940.1,397620.1900000001
84264900,160,0
84264910,683645.55,7460.3
84264990,110051.18,0
84268000,0,0
84269090,0,0
84269100,15177676.29,2045230.02
84269900,70865972.87,9712829.090000002
84271011,18218.08,941.2099999999998
84271019,9465298.51,1442639.76
84271090,1596547.78,222461.73
84272010,4447.02,810.4200000000001
84272090,91950775.39,13593425.33
84273300,0,0
84273330,0,0
84279000,8455861.600000001,1040972.19
84280999,0,0
84281000,54605406.07999999,5652495.01
84282010,3062960.83,318426.96
84282090,14813409.14,973414.9
84283100,1560573.3,77960.13999999998
84283200,166592009.54,10591351.07
84283300,59830503.83000001,5777077.75
84283910,95675403.61,6136827.410000001
84283920,475509.37,56140.59
84283930,1529.9,75.14999999999999
84283990,41913869.13,2369071.4
84284000,396554.56,7818.530000000001
84286000,1789833.22,238845.11
84287000,8696.2,12.73
84289010,20382.64,21.36
84289020,191771.4,13350
84289030,425.5,0
84289090,4844449.44,671884.43
84290000,0,0
84291110,412071.52,4495.000000000002
84291190,96639249.13,9825507.149999999
84291910,410906.29,2407.65
84291990,13923.18,0
84292010,464455.43,17306.47
84292090,85828678.23000002,8585760.45
84292999,0,0
84293000,395078.83,22280.89
84294000,18105126.77,1626834.31
84295111,382842.69,346.46
84295119,22568034.85,1882124.93
84295129,86309.5,7034.52
84295191,3000,0
84295192,6518585.32,803797.62
84295199,919742632.25,86307147.60999998
84295210,700206.9,119000
84295211,214319,1350
84295212,3083513,408634.66
84295219,519636300.99,48046848.46000001
84295220,40560.83,0
84295290,30396.63,1.65
84295900,161526903.63,16483205.11
84298430,0,0
84299090,0,0
84299111,0,0
84299999,0,0
84301000,778989.9500000001,1394.95
84301019,0,0
84302000,1664.14,1.83
84303090,0,0
84303110,524.9000000000001,0
84303190,110554,9.99
84303910,17345.75,1488.46
84303990,13193.26,46.17
84304110,29142.49,45.58
84304120,433837.09,57898.45
84304130,673851.03,65050.62000000003
84304190,19973.26,776.94
84304910,55702,13266.82
84304920,31736.78,0
84304990,190470.04,14772.3
84305000,1662210.63,192.96
84306100,339514.02,56819.75999999999
84306911,503552,34138.94
84306919,720426.29,57607.55
84306990,97593052.12000003,5270329.690000001
84308000,0,0
84309000,0,0
84309990,0,0
84310000,0,0
84311000,0,0
84311010,616709.1999999998,30538.22
84311020,0,0
84311090,123841.87,15207.37
84312000,0,0
84312011,4086570.15,503304.6800000001
84312019,557813.04,17516.1
84312090,1648437.69,181394.23
84312100,0,0
84312594,0,0
84312949,0,0
84313000,0,0
84313100,0,0
84313110,17495751.13,2253549.129999999
84313190,7451523.5,669256.7000000001
84313439,0,0
84313900,19932296.84,2799076.540000001
84313990,0,0
84314100,15312049.28,1098562.2
84314200,13712171.8,1011736.97
84314229,0,0
84314310,422522.35,53985.10999999999
84314329,0,0
84314390,2846457.12,206175.06
84314629,0,0
84314829,0,0
84314900,426.15,111.86
84314910,3827857.46,628756.05
84314920,100735.52,9982.380000000001
84314921,392866.23,27070.58
84314922,14275765.15,788138.08
84314923,6829982.17,253898.92
84314929,120823423.22,4416163.130000001
84314939,0,0
84319000,0,0
84319090,0,0
84319200,0,0
84319929,0,0
84320000,0,0
84321000,84799255.78,4966806.890000001
84321010,0,0
84321852,0,0
84322010,0,0
84322100,389116271.54,24509437.55
84322800,0,0
84322900,243432659.1799999,15087334.79
84322990,0,0
84323010,1475163.57,92256.79999999999
84323090,760307.86,6772.58
84323110,3715629501.51,188269579.7900001
84323190,1009413179.21,62916048.73999999
84323900,0,0
84323910,306777102.4499999,18700779.4
84323990,19175497.4,1197614.63
84324000,53613.86,1174.45
84324100,47810034.08,3141322.03
84324200,1883994702.61,107860009.04
84324324,0,0
84328000,437899078.03,27660416.9
84329000,1307151323.15,70316936.04999997
84329010,0,0
84329020,0,0
84329030,0,0
84329090,0,0
84329100,0,0
84329200,0,0
84329900,0,0
84330000,0,0
84331090,0,0
84331100,14648767.18,1138432.45
84331900,3157331.4,147996.74
84332000,0,0
84332010,33307019.45,2188531.43
84332020,0,0
84332090,290487094.32,17438145.4
84332900,0,0
84333000,17342909.06,1194764.87
84333010,0,0
84333020,0,0
84333029,0,0
84333090,0,0
84334000,31292400.55,2384676.54
84334090,0,0
84334900,0,0
84335000,0,0
84335100,9531037383.659996,447648355.0700001
84335200,61252708.14,2588631.57
84335254,0,0
84335300,52516416.84,3352378.14
84335911,11805000,212380
84335919,680329810.3499999,74353230.41
84335990,2364942024.590001,125251177.5
84336010,922355.71,62551.96
84336021,42.09,1.53
84336029,16327602.39,695273.8099999999
84336090,42303004.28,1819973.28
84337989,0,0
84339000,0,0
84339010,3582219.71,272477.5000000001
84339011,0,0
84339090,1291444712.58,34848695.88
84339091,0,0
84339210,0,0
84339990,0,0
84339999,0,0
84341000,69705856.32000001,6246901.839999999
84342000,0,0
84342010,13897377.34,1200327.84
84342090,2767001.18,258169.89
84344090,0,0
84348229,0,0
84349000,35211555.34999999,4317699.98
84349090,0,0
84349900,0,0
84351000,414787.12,36296.45
84355090,0,0
84359000,20909.66,3126.3
84361000,334982181.4400001,24142178.27
84362100,45542765.5,2056867
84362900,320144803.65,17968335.14
84364900,0,0
84365000,0,0
84365258,0,0
84365559,0,0
84368000,1149879272.19,76416934.65
84369000,0,0
84369030,0,0
84369090,0,0
84369100,54164220.44999999,5685764.81
84369900,64139070.03,5760431.320000001
84370000,0,0
84371000,208054963.71,13321656.02
84372100,0,0
84378010,8688266.75,483137.68
84378090,3347941.39,224417.07
84379000,17849344.31,2158948.75
84379200,0,0
84381000,3081384.76,302459.93
84382011,77.3,1.17
84382019,87576.09,9330.410000000002
84382090,2309510.34,198091.84
84383000,105010.95,0
84384000,413127.11,11109.75
84385000,4065411.08,412025.5700000001
84386000,2746009.29,174208.33
84388010,509,0
84388020,675.9,0
84388090,840005.17,95564.90000000001
84389000,2536932.58,269027.9299999999
84390000,0,0
84390090,0,0
84391010,13787.84,0
84391020,2484.83,22.95
84391090,2194,216.83
84392000,8444.5,30.95
84392910,0,0
84393010,4599.47,32.77
84393020,894,0
84393030,694.9,0
84393090,7137.09,141.04
84394000,0,0
84399000,0,0
84399100,151174.47,30343.41
84399900,61.1,16.03
84399910,17547.47,106.1
84399990,8122.33,154
84401011,1651.39,0
84401019,2868.78,0
84401020,1266.53,97.81
84401090,15903.97,539.91
84409000,5621.34,138.48
84409990,0,0
84411010,341,0
84411090,122091.25,7434.300000000002
84412000,130328.6,0
84413010,353478.85,43898.96999999999
84413090,174942.11,643.78
84414000,12728.75,262.53
84414021,0,0
84414029,0,0
84414032,0,0
84415698,0,0
84418000,163280.58,15801.36
84418097,0,0
84419000,32056.99,1964.94
84420330,0,0
84421010,0,0
84423010,2475985,218.96
84423090,137945.06,490.6500000000001
84423190,0,0
84424010,6340,0
84424020,24334,2416.72
84424090,255952.79,871.09
84425000,91752.31,9303.21
84428994,0,0
84430090,0,0
84431110,2857.95,0
84431190,6192.809999999999,54.31
84431200,6229.6,0
84431321,6,0
84431329,8903.93,0
84431390,10648,110.16
84431400,2105.1,359.39
84431600,2597.99,44.17
84431710,1329.23,31.44
84431790,595,0
84431910,6483.08,215.47
84431990,518782.5599999999,68471.37999999999
84432000,0,0
84432494,0,0
84432900,40,0
84432944,0,0
84433111,3609612.5,443155.9399999999
84433112,3490,755.5900000000001
84433113,3238778.06,344902.25
84433114,19709.78,3251.64
84433115,341342.72,38981.4
84433119,2643.82,307.07
84433191,47188.23,6336.790000000001
84433199,79918.57,8460.68
84433213,4357,803.62
84433221,19609.12,647.21
84433222,3072.5,547.23
84433223,368460.29,36116.98
84433229,14761.89,0
84433231,216635.93,19436.72
84433232,169736.82,3031.4
84433233,762381.05,78804.56
84433234,11774.51,560
84433235,47400.39999999999,4596.82
84433236,109365.79,16814.8
84433237,185.53,0
84433239,110128.31,8388.23
84433240,228576.1,8879.949999999999
84433251,1300,0
84433252,2723.77,565.88
84433259,80,0
84433291,7072.1,0
84433299,1003397.03,122182.71
84433910,1515709.81,148510.43
84433921,5185.5,0
84433929,340,0
84433930,1270,0
84433990,8520.43,256.48
84434010,39.96,9.86
84434090,346,6.54
84437092,0,0
84437099,0,0
84439010,259.99,0
84439090,351,0
84439110,1051367.53,21454.2
84439190,0,0
84439191,850.9599999999999,0
84439192,11238.51,4.16
84439199,655272.45,48178.25
84439444,0,0
84439911,6114.19,493.66
84439912,6043.14,0.91
84439919,2022.69,0
84439921,17341.78,48.21
84439922,48512.82999999999,2653.09
84439923,2672426.45,245857.45
84439925,25,0
84439929,544036.7299999999,54687.32
84439931,152764.07,6610.520000000001
84439932,275127.76,19080.2
84439933,7065054.449999999,215648.2422
84439939,232621.52,8715.960000000001
84439941,46548.96,631.81
84439942,78264.65,9277.240000000002
84439949,84471.26,7794.52
84439950,40421.23,3666.92
84439960,130394.31,8387.33
84439970,44155.84,384.9299999999999
84439980,12315.4,22.15
84439990,159099.97,7258.830000000001
84440010,108,3.94
84440020,49932.85,5923.05
84440090,86823.17,825.06
84443658,0,0
84444200,0,0
84444220,0,0
84444444,0,0
84444900,0,0
84446000,0,0
84449000,0,0
84451110,1760.14,1.98
84451120,486.89,0
84451190,1391.46,0
84451200,16412,1518.1
84451300,1364.5,120.15
84451910,1592.85,0
84451922,25321274.89,1296997.16
84451923,1370.85,10.33
84451924,51478.41,9285.879999999997
84451925,6028.67,0
84451929,18500,3060
84452000,9124.07,59.22000000000001
84453010,1076.3,13.2
84453090,20000,0
84454011,2079.88,0
84454012,2964.64,6.8
84454018,700,0
84454019,2934.75,0
84454021,1989.2,51.51
84454031,3957.8,0
84454039,4050,0
84454040,42.6,7.24
84454090,13875.96,1648.52
84459010,1001,0
84459020,1430,0
84459030,320,0
84459090,21643.6,1388.42
84461010,1062.5,0
84461090,1628.86,120.34
84462100,65703.15,0
84462900,6089.070000000002,550.7900000000002
84463010,2932.5,0
84463020,6921.9,0
84463040,6643.35,10.35
84463090,2432.77,0
84469000,0,0
84471100,107,11.1
84471200,480,0
84472010,1695.12,3.03
84472030,12800,0
84479000,0,0
84479010,523.9,0
84479020,77557,2014.63
84479090,4,0
84481110,800,0
84481120,1425,0
84481190,86365.97000000002,96.12
84481900,2825539.42,315644.03
84482020,136725,0
84482030,369992.59,1878.32
84482090,83782.78,0
84483100,312177.99,1392.02
84483211,10284.71,283.39
84483219,784178.74,17528.69
84483220,428027.96,27748.09
84483230,17450.61,91.36000000000001
84483290,3579781.78,378959.96
84483300,0,0
84483310,20025.45,0
84483390,85184.87999999999,256.32
84483917,580.06,130.29
84483919,575.4,0.12
84483921,3390,0
84483922,5908.12,14.72
84483923,3746,0
84483929,122,0
84483991,1599.55,0
84483992,767,0
84483999,16712386.94,2282705.51
84484200,3682.52,35.21
84484990,11751.51,385.28
84485110,355,0
84485190,246829.23,107.2
84485910,974.29,24.02
84485922,720,0
84485929,1154852.15,13.95
84485930,6779,874.4300000000001
84485940,196.98,0
84485990,11166.8,0
84490010,1300,0
84490080,8853.98,17
84490091,14626.1,3.87
84490099,1330.2,3.66
84499923,0,0
84501100,833120.9500000001,113000.14
84501200,1200503.67,0
84501900,2311291.61,292386.34
84502010,23720.67,1807.71
84502090,17441152.3,2452007.540000001
84502092,0,0
84509010,143577.79,3344.79
84509090,300247.58,2958.37
84509099,0,0
84510000,0,0
84510200,0,0
84511000,989.49,50.19
84512100,629405.61,107786.02
84512630,0,0
84512910,701.81,5.75
84512990,1383609.83,173421.61
84513010,5759.24,0
84513091,75,0
84513099,77854.06,5894.32
84514010,387079.13,32766.33
84514021,274,0
84514029,125106.5,12859.3
84514090,1653.03,150.84
84515010,35488,0
84515020,7809.3,716.98
84515090,5977.32,50.34999999999999
84518000,2654799.46,59612.72
84519010,28867.23,330.39
84519090,95303.04000000001,2424.69
84520253,0,0
84521000,221723.94,16173.94
84521090,0,0
84521554,0,0
84522110,4267.05,5.44
84522120,191755.16,17864.75
84522190,391138.06,0
84522910,9849.08,29.55
84522922,889.92,0
84522923,410.26,0
84522924,45887.98,970.79
84522925,42200,1161.57
84522929,346870.68,15857.38
84522990,297764.47,14122.35
84523000,55084.77,5169.409999999999
84529020,148534.17,1055.27
84529081,750.98,13.18
84529089,8767.289999999999,80.69999999999999
84529091,13173.81,291.58
84529092,7000,0
84529093,595.38,5.84
84529094,194,0
84529099,401006.24,23334.17
84531010,3292.64,0
84531090,28207.99,0.44
84532000,119795.22,13397.1
84537019,0,0
84538000,1786.51,85.94
84539000,13180.1,276.51
84541000,59363.52,29.53
84541542,0,0
84542010,19109,58.04
84542090,6563.8,246.01
84543010,15,1.39
84543020,450,0
84543090,17236.65,35.83
84543200,0,0
84543605,0,0
84544855,0,0
84549010,440,0
84549090,4204.79,67.61999999999999
84551000,6266.31,51.69
84552110,11079.02,0.34
84552190,1907.54,96.93
84552210,37209,2895.89
84552290,1548,0
84553000,0,0
84553010,436949.67,28403.02
84553020,2823.99,0
84553090,35603.37,1797.2
84555900,0,0
84557541,0,0
84557799,0,0
84559000,83278.81,4021.19
84561011,92772.8,12013.33
84561090,2040,0
84561111,22164.6,13.26
84561119,42384.98,0
84561190,13606.85,501.11
84561211,22156.77,18.76
84561290,2323.74,36.86
84562010,422.55,0
84562090,87371.82,0
84562139,0,0
84563019,300,0
84563090,4052.1,344.38
84564000,126606.72,10472.16
84565000,8234.1,782.18
84568990,0,0
84569000,111939.03,17580.39
84569090,0,0
84569878,0,0
84571000,116390.04,3003.91
84572010,5900,0
84572090,1117.39,0
84573090,59.34,0
84579615,0,0
84581000,0,0
84581110,6778.83,866.4100000000001
84581191,2208.93,141.37
84581199,52076.00999999999,414.96
84581990,300000,34790.55
84585458,0,0
84589100,8987,0
84589655,0,0
84589900,1591711.37,167680.11
84591000,667910.13,75411.6
84592000,0,0
84592110,105,0
84592191,12572.29,112.52
84592199,12668.52,1856.71
84592387,0,0
84592900,1252196.94,171208.68
84593100,1166.38,74.28
84593900,55.88,0
84594900,12523.41,0
84595100,17880,0
84595900,240.1,26.21
84596100,235.79,0
84596522,0,0
84596552,0,0
84596900,87919.67,4560.04
84597000,23011.67,2662.58
84598712,0,0
84601200,25.3,0
84601900,363857.82,41919.08
84602200,772.44,0
84602300,39453.43,93.83
84602400,46661.8,105
84602900,5114.01,175.37
84603100,5309.75,0
84603900,775780.3699999999,71049.79999999999
84604011,3943.51,39.84
84604091,3093.5,7.279999999999999
84604400,0,0
84609011,16502.5,72.80000000000001
84609012,16802.49,1011.78
84609019,11051.37,1392.53
84609090,1340112.49,157730.2
84612010,4628.059999999999,228
84612090,209023.91,1036.88
84613010,3484,0
84613090,9661.630000000001,0
84614010,6693,0
84614091,37856.3,2475.46
84614099,1846.43,15.99
84615000,0,0
84615010,101687.27,12579.26
84615020,786704.11,56510.27
84615090,601405.5299999999,77860.48
84619090,13418.51,267.88
84621010,0,0
84621011,236,0
84621019,4513,894.3199999999999
84621090,683,91.71000000000001
84621100,9937.1,1109.35
84621900,10477.41,548.44
84622200,4748.67,908.25
84622300,19613.6,447.93
84622500,595.9,50.88
84622600,46642.09,0
84622900,927554.6599999999,132737.67
84623200,893.24,45.89
84623300,45,0
84623900,29139.23,2428.66
84623910,18712.35,3074.57
84623990,1798.16,201.98
84624200,6572.18,0
84624900,643080.84,40392.56
84625100,10255.49,0
84626100,3312727.26,463389.97
84626200,12086.37,187.56
84626300,84,0
84629000,132346.42,18296.87
84629100,0,0
84629111,13.06,0
84629119,61035.21999999999,6487.43
84629191,60,0
84629199,35615.74000000001,3261.93
84629920,4,0
84629990,200,36.53
84631010,2727.51,387.74
84631090,108816.77,14315.37
84632010,3910.6,119.22
84632091,16099.5,1836
84632099,17816.22,32.4
84633000,243849.1500000001,16478.47
84639010,673,35.16
84639090,32873.75999999999,452.91
84641000,134407.61,19960.07
84642010,766955.68,21646.83
84642021,743.11,0
84642029,4363.79,522.94
84642090,60133.45,3877.21
84649011,3530.37,0
84649019,38526.34,108.12
84649090,925139.9000000003,111343.53
84651000,96167.41,4977.98
84652000,10971.5,114.72
84653577,0,0
84654000,0,0
84659110,519027.99,32874.52
84659120,2915435.4,409563.19
84659190,1630677.76,142959.46
84659201,0,0
84659211,164015.61,7833.45
84659219,1427486.73,89654.63
84659290,677582.32,72400.87
84659310,204923.48,12343.32
84659390,207321.39,23263.09
84659400,1928930.96,228726.47
84659511,9636.85,574.6400000000001
84659591,359207.92,26391.69
84659592,49.9,0
84659600,1391331.71,97643.48
84659900,15459254.61,2320541.56
84661000,1815318.94,198088.68
84662000,0,0
84662010,635691.4400000001,8284.529999999999
84662089,0,0
84662090,2800851.12,156363.29
84663000,207671.39,19333.72
84665152,0,0
84669100,202621.42,11542.75
84669200,6715911.25,654925.84
84669311,5,0
84669319,566015.7,63868.08
84669320,25986.86,1618.12
84669330,230474.38,13145.18
84669340,606899.72,46762.85999999999
84669350,49706.57999999999,2759.46
84669360,150691.31,4786.61
84669410,32529.61,531.84
84669420,56521.48,7236.62
84669490,876672.84,65505.8
84671000,0,0
84671110,114343.55,9080.779999999999
84671190,3399764.42,267003.11
84671900,3621489.559999999,122932.56
84672100,5504417.13,506604.2100000001
84672200,4133648.04,358606.8099999999
84672910,83628.64,11287.33
84672991,11133.23,122.04
84672992,15907587.83,1358924.58
84672993,2511255.54,220074.26
84672999,24515542.01,2136645.21
84675315,0,0
84678100,19202997.27,1435966.35
84678900,22613695.64,1702444.37
84679000,0,0
84679100,7015425.9,614729.1000000001
84679200,764033.36,47949.13
84679900,4440592.6,366681.99
84679901,0,0
84679998,0,0
84681000,1696258.060000001,189550.44
84682000,900285.4100000001,108457.35
84688010,7921.25,1645.69
84688090,28482.26,1555.94
84689010,1662399.74,162546.04
84689020,416463.09,3433.66
84689090,65557.05,6735.599999999999
84689100,0,0
84699969,0,0
84701000,503332.1000000001,34444.71999999999
84702100,150695.08,14339.37
84702900,15253.29,185.45
84703000,2896.93,415.08
84705010,54754.11,2616.43
84705011,32,0
84705090,1326.68,15.65
84708910,0,0
84709010,772.4,3.97
84709090,3133.87,23.13
84710000,0,0
84710290,0,0
84712545,0,0
84713011,112301.54,9960.369999999999
84713012,11387591.4,1762946.04
84713019,32365958.07,6125801.619999997
84713090,283717.35,11398.38
84714100,20794076.43,3041937.59
84714190,906543.83,188561.76
84714900,1028639.52,213318.66
84715010,11537012.04000001,2383015.63
84715020,313582.6899999999,94505.49
84715030,1547.16,0
84715040,369,0
84715090,392034.3100000001,80101.38000000002
84715211,0,0
84716032,0,0
84716033,0,0
84716052,2283514.109999999,201479.7901
84716053,1104089.62,79472.01
84716054,72900.54,4827.21
84716059,478624.17,64997.03999999999
84716061,13112.66,555.88
84716062,4534369.26,900310.5900000001
84716080,6220.38,100.51
84716090,112780.73,3502.23
84716099,54,0
84717010,2793548.2,128612.11
84717011,3845.5,0
84717012,145862.1,1864.47
84717019,3050,0
84717020,127625.83,7042.57
84717021,149.9,0
84717029,565,0
84717030,10689.12,286.45
84717039,104.7,0
84717040,836048.5499999999,58666.19010000001
84717090,168273.44,7493.33
84718000,5480301.279999999,749702.31
84718019,2028.99,0
84719011,24292.87,2172.93
84719012,1054559.15,65602.87
84719013,55765.31,2987.2
84719014,545120.2799999999,74267.02999999998
84719019,4783904.819999999,908959.0199999999
84719090,1101092.44,98994.62
84720000,0,0
84721000,1803.49,21.87
84723010,24795.96,961.2500000000001
84723020,207,0.84
84723090,38955.61,0
84729010,4390.47,0
84729020,16406.12,0.41
84729021,175881.36,0
84729029,1700,0
84729030,57676.96,3359.1
84729040,588473.71,31421.87
84729051,3800.15,0
84729059,1112.67,68.45
84729099,341122.93,50946.36000000001
84732100,3810.66,24.03
84732910,111613.64,5.06
84732920,162.7,3.7
84732990,12117.3,375.55
84733011,910054.3300000001,34859.88
84733019,414526.78,39126.09000000001
84733023,9.99,0.36
84733025,120.51,0
84733027,15563.41,0
84733029,1835,368.56
84733031,329502.8,17268.04
84733032,45220.86,1970.4
84733033,1839.79,0
84733034,5740.469999999999,10.18
84733039,89925.01,4627.08
84733041,1629163.58,147560.77
84733042,1403284.89,88460.44
84733043,16950.95,1080.67
84733049,788556.36,46289.56
84733090,1120252.91,70508.78
84733092,6780.99,101.56
84733099,9574.32,4.74
84733304,0,0
84734010,152847.39,19766.38
84734070,4579.12,5.5
84734090,69322.44,50.56999999999999
84735010,155687.11,11827.88
84735031,2136.2,469.86
84735034,1458.54,0
84735040,2133.89,72.58
84735050,745443.62,6928.64
84735090,33320.89,678.22
84739190,0,0
84741000,8732044.41,1321294.86
84742010,177.9,0
84742090,628387,9945.04
84743100,7155911.99,917277.2100000002
84743200,10484137.85,1604170.7
84743900,1556890.34,164219.02
84745692,0,0
84748010,18624.61,1012.2
84748090,1597354.46,113461.97
84749000,3244841.28,336352.2600000001
84751000,16801.35,24.35
84752100,8413.25,0
84752145,0,0
84752910,558.26,0
84752990,89623.58,8.99
84757590,0,0
84758965,0,0
84759000,1630,0
84759512,0,0
84759874,0,0
84762100,275.7,0
84762900,5551.7,1190.26
84763259,0,0
84768100,211.22,0
84768910,32.08,0
84768990,2650.33,222.91
84769000,3172.4,0
84771011,4606,173.79
84771019,326,0
84771021,483.8,17.64
84771029,1002,0
84771099,553,0
84772010,575307.86,19751.48
84772090,116822.01,3956.81
84773010,6958.76,1780.4
84773090,220.8,48.7
84774010,2514.58,48.42
84774090,12832.72,1005.91
84775100,432589.39,49162.23
84775911,103837.5,0
84775919,10693.58,80.04
84775990,76486.33,6366.67
84778010,150155.99,17932.14
84778090,544899.6799999999,71386.17999999998
84779000,249351.55,6040.660000000001
84781010,5459.98,461.97
84781090,17539.84,19.83
84782508,0,0
84784578,0,0
84789000,12936.12,1283.71
84790000,0,0
84791010,515486,63649.4
84791090,1356090.46,97409.51999999999
84792000,9680562.57,588747.03
84793000,5433.73,284.51
84794000,1513.07,100.67
84795000,7984.57,48.08000000000001
84796000,8195350.61,621346.8099999999
84797100,35,0
84797900,1030.6,150.43
84798110,28787.36,730.05
84798190,8181.02,94.47999999999999
84798210,6935637.77,556126.75
84798290,3773820.17,198520.7
84798300,1356.24,205.75
84798911,1549942.03,113872.34
84798912,1096868.01,75327.22
84798921,23549.98,84.47
84798922,3855.91,562.7400000000001
84798931,22202.79,880.7899999999997
84798932,316908.96,39476.96
84798940,1391477193.31,26669954.87
84798990,0,0
84798991,59699.99,2249.51
84798992,22510.05,1648.74
84798999,64306428.52,5715940.07
84799000,0,0
84799010,85631.05,2611.92
84799090,28711167.37,1975456.38
84799899,0,0
84799999,0,0
84800000,0,0
84801000,53543.50000000001,2308.17
84801010,0,0
84802000,11127.12,181.83
84803000,178472.97,32592.49
84804100,3716.62,69.00000000000001
84804910,1216,2.72
84804990,51673.44,640.56
84805000,1268.89,32.59
84806000,1413192.01,40979.05
84807100,38363.85,692.23
84807900,10149.6,285.34
84807910,27903.31,357.5
84807990,307513.12,3586.93
84808090,0,0
84808111,0,0
84809000,0,0
84810000,0,0
84810200,0,0
84810900,0,0
84810990,0,0
84811000,32121487.98,1068013.39
84811010,0,0
84811090,0,0
84811099,0,0
84811100,0,0
84811130,0,0
84811300,0,0
84811400,0,0
84811801,0,0
84811911,0,0
84812010,6744.92,0
84812011,1038236.22,68409.02
84812019,7402922.370000002,556500.43
84812021,0,0
84812090,123286036.54,3879817.360000001
84812092,0,0
84812452,0,0
84812999,0,0
84813000,19624966.73,1595289.32
84813099,0,0
84813309,0,0
84813600,0,0
84814000,21988517.1,1792501.1
84814040,0,0
84814090,0,0
84814100,0,0
84814929,0,0
84816099,0,0
84818000,0,0
84818001,0,0
84818002,0,0
84818005,0,0
84818009,0,0
84818010,0,0
84818011,5795823.829999999,438196.5099999999
84818019,50459772.89999998,4231242.77
84818021,8836369.139999999,492777.07
84818022,0,0
84818024,0,0
84818025,0,0
84818029,305563.04,24710.02
84818030,0,0
84818031,28519,1145.06
84818039,192710.62,15802.94
84818040,0,0
84818079,0,0
84818089,0,0
84818090,0,0
84818091,38081,1852.3
84818092,53149802.63999999,1669958.07
84818093,10882315.49,900876.3999999998
84818094,749042.4600000001,67566.6
84818095,39504141.26,3151247.53
84818096,22987300.46,2318174.29
84818097,3550414.07,254350.09
84818099,46896586.85,3042477.379999999
84818110,0,0
84818899,0,0
84818999,0,0
84819000,0,0
84819010,16165941.38,1244232.7
84819011,0,0
84819019,0,0
84819090,64053163.62,5949511.24
84819092,0,0
84819093,0,0
84819095,0,0
84819099,0,0
84819900,0,0
84819990,0,0
84820000,0,0
84820010,0,0
84820069,0,0
84820109,0,0
84820390,0,0
84821000,0,0
84821009,0,0
84821010,365300644.4000001,27907346.55
84821090,68583158.64000002,5352615.969999999
84821200,0,0
84821400,0,0
84821500,0,0
84821999,0,0
84822000,0,0
84822010,124288751.1,8380236.700000001
84822090,29913211.88,2145432.38
84822101,0,0
84822109,0,0
84822119,0,0
84822209,0,0
84822300,0,0
84822400,0,0
84822509,0,0
84822900,0,0
84823000,18226436.51000001,1440448.57
84823020,0,0
84823090,0,0
84824000,17795627.61,1400825.16
84824010,0,0
84824090,0,0
84825010,22093674.35,1741551.08
84825090,7423368.750000001,591117.0599999999
84828000,6091613.149999999,315554.4
84828092,0,0
84829000,0,0
84829009,0,0
84829090,0,0
84829100,0,0
84829111,31435.66,316.23
84829119,889336.95,46024.92
84829120,2082353.99,56684.12000000001
84829130,187500.15,9218.74
84829190,1346125.09,88129.08999999998
84829501,0,0
84829900,22777.8,658.2700000000002
84829910,10845915.78,1000861.83
84829990,11311187.89,981818.5699999998
84830000,0,0
84830029,0,0
84830200,0,0
84830900,0,0
84830904,0,0
84831000,0,0
84831010,144282.77,1551.14
84831011,496262.7100000001,11689.6
84831019,25864458.78,815621.81
84831020,8188396.16,229056.68
84831030,6116541.489999997,180235.11
84831040,263445.65,6930.81
84831050,211392.56,4610
84831090,99401700.62000002,2997234.51
84831190,0,0
84832000,38593360.92000001,1504612.75
84832010,0,0
84832021,0,0
84832029,0,0
84832090,0,0
84832900,0,0
84833000,0,0
84833010,3904389.829999999,112027.79
84833020,126831.05,8445.790000000003
84833021,179807.87,8100.6
84833023,0,0
84833029,57654976.34000001,1497277.79
84833039,0,0
84833090,46072070.52999999,1530052.84
84833099,0,0
84833390,0,0
84833490,0,0
84833509,0,0
84833900,0,0
84833909,0,0
84834000,0,0
84834010,95772720.34,3732502.6918
84834029,0,0
84834050,0,0
84834086,0,0
84834090,119569682.09,3280403.25
84834099,0,0
84834409,0,0
84835000,0,0
84835010,71430667.87,2159789.47
84835090,53116242.45,1314883.65
84835099,0,0
84835421,0,0
84836000,0,0
84836010,0,0
84836011,5520054.700000001,171538.6
84836019,29121707.29,941893.35
84836090,34776056.12,2858588.91
84836549,0,0
84838092,0,0
84839000,159245523.17,12854299.92
84839030,0,0
84839090,0,0
84839200,0,0
84839928,0,0
84840000,0,0
84841000,20867722.93,1555030.85
84841010,0,0
84841801,0,0
84842000,36783714.05,2798952.83
84842010,0,0
84842020,0,0
84842090,0,0
84842300,0,0
84843029,0,0
84844090,0,0
84844100,0,0
84844200,0,0
84844900,0,0
84845090,0,0
84848011,0,0
84848099,0,0
84848229,0,0
84848689,0,0
84849000,47956467.82,3428174.36
84849001,0,0
84849090,0,0
84849099,0,0
84849562,0,0
84849630,0,0
84849900,0,0
84850000,0,0
84850550,0,0
84851000,1048,145
84852000,16275.93,921.45
84853000,90077.4,2061.43
84854000,0,0
84854200,0,0
84854550,0,0
84858000,3894.64,20.25
84859000,36948.32999999999,2344.38
84859990,0,0
84861000,4338.65,177.46
84862000,44411.06,8128.24
84863000,189.6,0
84864090,0,0
84869000,164746.23,1372.91
84871000,1147310.2,100480.85
84877000,0,0
84878986,0,0
84879000,30392592.39999999,4081732.82
84881000,0,0
84881600,0,0
84881620,0,0
84881680,0,0
84881801,0,0
84881809,0,0
84882000,0,0
84883019,0,0
84883090,0,0
84884900,0,0
84888000,0,0
84888220,0,0
84889000,0,0
84889300,0,0
84889990,0,0
84889999,0,0
84890080,0,0
84894200,0,0
84899000,0,0
84899090,0,0
84899900,0,0
84899990,0,0
84902000,0,0
84903200,0,0
84909190,0,0
84909191,0,0
84909991,0,0
84912090,0,0
84919090,0,0
84919190,0,0
84929000,0,0
84929910,0,0
84933020,0,0
84933029,0,0
84937020,0,0
84939000,0,0
84948020,0,0
84949000,0,0
84960000,0,0
84962000,0,0
84963258,0,0
84963522,0,0
84965844,0,0
84990000,0,0
84990099,0,0
84990999,0,0
84991203,0,0
84993030,0,0
84993070,0,0
84993099,0,0
84995566,0,0
84996363,0,0
84999090,0,0
84999190,0,0
84999900,0,0
84999966,0,0
84999999,0,0
85001245,0,0
85002300,0,0
85002555,0,0
85006809,0,0
85011000,0,0
85011011,598769.8300000001,60504.78000000001
85011019,32205192.00000001,3984267.170000001
85011021,373599.68,8402.880000000003
85011029,656167.38,63939.67000000001
85011030,164262.39,4248.309999999999
85011090,6000,0
85011320,0,0
85012000,435912.32,20032.93
85013100,0,0
85013110,38805336.30999999,3754185.1
85013120,12724204.23,110903.85
85013210,2250225.32,162790.68
85013220,154018596.62,7744399.1
85013310,226122.03,12949.56
85013320,57628154.27999999,2592544.4
85013411,10617,0
85013419,21567.74,1435.79
85013420,26788639.95,788016.0500000002
85014011,1339626.12,169205.21
85014019,9067278.57,1276629.21
85014021,11814,396
85014029,74705.11,3222.57
85014298,0,0
85015010,0,0
85015110,4059671.51,588566.4
85015120,67984.83,3244.87
85015190,786233.85,82830.79000000001
85015210,25304409.12,3220084.430000001
85015220,153631.17,25985.71
85015290,2499494.62,361436.0700000001
85015310,4384994.4,633741.16
85015320,46296.2,0
85015330,51357.1,659.75
85015390,28879.49,462.2299999999999
85016100,4439925.850000001,402867.63
85016200,2962625.32,170468.5
85016300,421609.96,42471.73
85016400,370157.7,38640
85017090,0,0
85017100,3044987.9,202800.46
85017210,286631482.4899999,16775913.62
85017219,0,0
85017290,647461403.39,37606576.02
85018000,2092814.93,4176.24
85020500,0,0
85021110,25214667.75,3611556.97
85021190,165481.06,7376.29
85021210,74125778.69,11682536.08
85021290,447357.68,15923.86
85021311,4130947.67,629558.3300000001
85021319,58819814.26,9075789.769999998
85021390,1923405.35,257441.25
85022000,0,0
85022011,20156574.58,2711286.1
85022019,2792556.86,67420.32999999999
85022021,0,0
85022090,162843.4,15786.69
85023100,1608.7,0
85023110,0,0
85023900,1793200.96,232377.92
85024010,99372.41,703.2
85024090,206800.3,2043.23
85025900,0,0
85029000,0,0
85030010,917027.0599999999,51386.81
85030090,9919169.07,902955.23
85039000,0,0
85041000,1662287.93,82279.74
85041090,0,0
85041100,0,0
85041990,0,0
85042100,87994755.75999999,9421936.719999999
85042200,16032448.49,2135773.01
85042300,2633411.51,210495.79
85043111,6287055.45,340708.76
85043119,4403696.47,457511.5799999999
85043191,589524.6299999999,23070.7
85043192,132427.6,4699
85043199,670480.3400000001,13344.86
85043211,1178390.6,56360.55
85043219,643035.68,43559.55
85043221,1018880.64,64362.34
85043229,481684.45,39510.09
85043300,11816604.67,819810.11
85043311,0,0
85043400,3108309.42,111397.11
85044004,0,0
85044010,20726603.37,1667264.47
85044021,8316698.32,423182.7599999999
85044022,154733.81,2425.87
85044029,3057772.22,185737
85044030,3310001.88,255193.67
85044040,14703071.84,1051326.8
85044050,23438267.59,2741715.33
85044060,479089.5100000001,5167.17
85044080,0,0
85044090,11600007,1275167.29
85044200,0,0
85045000,6863601.030000002,388292.35
85045040,0,0
85049010,45309.05,1786.29
85049020,75957.43,5987.690000000001
85049030,17032951.12,1578779.67
85049040,1506970.92,141898.51
85049090,683388.4299999999,20908.50999999999
85051000,0,0
85051100,1730542.66,42245.39
85051910,59034.19,6633.23
85051988,0,0
85051990,126907.35,12592
85052000,0,0
85052005,0,0
85052010,104660.89,2481.04
85052090,3613440.05,91587.8
85055100,0,0
85055400,0,0
85055900,0,0
85055991,0,0
85057000,0,0
85058558,0,0
85058855,0,0
85059000,0,0
85059010,3352540.38,470306.6300000001
85059080,3435029.78,437842.6600000001
85059081,0,0
85059082,0,0
85059090,7311355.56,956565.81
85061000,0,0
85061010,43540.75,2379.92
85061011,207164.9000000001,33694.56
85061012,115870.71,15819.02
85061019,1142133.69,174720.3
85061020,641665.86,65361.00999999999
85061030,94038.15000000002,3757.03
85061031,265727.1800000001,41814.82999999999
85061032,56585.84,5890.69
85061039,330265.4,6063.88
85061090,0,0
85061729,0,0
85062000,0,0
85063010,48598.33,1828.93
85063090,29339.82,712.3499999999999
85064010,6573.35,443.27
85064090,9448.24,188.66
85065010,787624.46,68719.42999999998
85065090,432671.29,21930.9
85066010,68822.10999999999,6614.190000000001
85066090,20457.27,533.89
85068010,26669.86,1299.39
85068090,443659.66,13074.85
85069000,28836.59,456.94
85070190,0,0
85071000,319158.93,2404.97
85071010,3828969.300000001,49859.32
85071019,0,0
85071020,0,0
85071060,0,0
85071080,0,0
85071090,167513933.2,3076661.13
85071099,0,0
85071900,0,0
85072000,0,0
85072010,14227639.2,787617.7701000001
85072020,0,0
85072090,870991.01,91436.70999999999
85072999,0,0
85073011,139768.61,5136.75
85073019,235823.58,3855.18
85073090,21049.07,207.98
85074000,30,0
85075000,4764.860000000001,53.59999999999999
85075010,188654.36,18896.95
85075011,0,0
85075019,0,0
85075020,26141.97,2823.86
85075090,567706.5,31380.75
85076000,23915591.13,3832584.92
85078000,1716140.47,117781.58
85079000,0,0
85079010,178992.45,385.69
85079020,124090.38,7257.37
85079090,474249.8899999999,38080.57999999999
85081000,250,0
85081100,3589439.68,376146.84
85081900,1220775.08,103837.59
85082000,150,0
85086000,263346.46,11845.38
85087000,268757.72,5875.9
85087090,0,0
85088092,369.6,1.42
85089990,0,0
85091000,265,38.82
85094010,1848758.13,239670.1800000001
85094020,985076.7699999999,127064.51
85094030,90960.97000000002,4638.13
85094040,284453.15,13819.62
85094050,833568.5199999999,107048.62
85094090,949387.7899999998,97378.75000000001
85098000,1920,491.11
85098010,64618.33,6342.43
85098090,10221165.28,189721.11
85099000,230679.24,16667.71
85099010,0,0
85100000,0,0
85101000,127773.54,10294.7
85101010,0,0
85101700,0,0
85102000,791230.0800000001,59875.21
85102324,0,0
85103000,54179.81,4844.330000000001
85109011,20120.4,635.73
85109019,10784.37,70.37
85109020,15366.15,1996.35
85109090,126016.73,7283.440000000001
85110000,0,0
85110100,0,0
85110101,0,0
85111000,9428627.11,318884.7000000001
85111041,0,0
85111100,0,0
85111111,0,0
85111320,0,0
85111900,0,0
85112001,0,0
85112010,1190870.1,40804.38
85112030,0,0
85112090,499005.38,9733.03
85112102,0,0
85113000,0,0
85113010,376643.03,8195.730000000001
85113020,4327882.799999999,97855.81999999998
85114000,26229021.25999999,557628.62
85115010,26327886.18,880280.5599999999
85115090,271352.8,7012.75
85118010,522121.39,12060.13
85118020,2384967.84,27042.45
85118030,172553.91,2501.62
85118090,2336221.91,67934.1
85119000,40071206.3,400181.73
85119090,0,0
85120000,0,0
85121000,164999.85,3772.080000000001
85122000,0,0
85122002,0,0
85122010,0,0
85122011,50993781.71,1194542.49
85122012,0,0
85122018,0,0
85122019,3413626.79,74786.78
85122021,4955862.809999999,119770.1
85122022,13378854.4,302782.26
85122023,7754311.380000002,249619.1899999999
85122025,0,0
85122028,0,0
85122029,7219471.290000001,192193.43
85122090,0,0
85122099,0,0
85122201,0,0
85122202,0,0
85122300,0,0
85122900,0,0
85123000,2290474.68,45746.05
85123060,0,0
85123654,0,0
85124000,0,0
85124010,924410.8699999999,17439.13
85124020,13242.81,44.2
85124090,20,0
85125019,0,0
85129000,10304876.85,193306.27
85129010,0,0
85130000,0,0
85131000,0,0
85131010,2719093.26,297009.35
85131011,0,0
85131090,692162.27,73143.37
85138100,0,0
85139000,52649.35,1122.89
85139190,0,0
85141000,0,0
85141010,66121.15,9264.09
85141090,29.9,6.170000000000001
85141100,55759.3,2607
85141900,498922.43,48681.19
85142011,92826.06,7091.839999999999
85142019,1199.95,0
85142020,613096.7300000002,635.94
85143019,150,0
85143090,4720,793.46
85143100,105879.25,3066.72
85143200,204.08,0
85143900,99356.01,8912.34
85144000,130909.12,19586.97
85145090,0,0
85146254,0,0
85149000,23774.58,755.66
85149020,0,0
85151100,652492.4699999999,69340.25999999998
85151900,87616.45999999999,4265.27
85152011,0,0
85152022,0,0
85152100,49930.32,893.55
85152900,56243.25,2032.84
85153100,660.1600000000001,63.78
85153110,22434,489.82
85153190,2720406.99,324705.1199999999
85153900,13623884.83,1697172.5
85154545,0,0
85158010,187183.3,9032.619999999999
85158090,1774771.790000001,181148.8
85159000,4204295.82,535862.92
85159131,0,0
85159910,0,0
85160000,0,0
85161000,10831470.71,955952.7
85162100,179395.24,2227.82
85162900,393126.6,29414.69000000001
85163100,618435.4400000001,63960.71999999999
85163200,573326.4100000001,49918.03999999999
85163300,149530.85,16943.15
85164000,954938.1000000002,108606.59
85165000,7175781.579999998,1011639.32
85166000,16909504.77,2060674.65
85166099,0,0
85166100,0,0
85166600,0,0
85167100,2732479.38,429118.9400000001
85167200,143266.46,16660.54
85167904,0,0
85167910,963601.6100000001,77320.36999999998
85167920,1585734.23,200805.89
85167990,3054328.669999999,354591.76
85168010,1334426.43,89434.49930000001
85168090,1551595.28,93222.26000000002
85169000,220893.06,6719.690000000001
85170000,0,0
85171010,0,0
85171090,0,0
85171100,1307319.92,27073.79
85171211,669840.58,1329.45
85171212,1080,6.389999999999999
85171213,112496,7631.82
85171219,135015,0
85171221,212349.38,30
85171222,140,0
85171229,506,0
85171231,107770.84,485.68
85171232,80662,0
85171233,65,0
85171239,11613.5,0
85171252,0,0
85171290,1173753.23,13854.32
85171300,89101593.94,11136689.88
85171410,4215219.52,140029.35
85171431,918266.8499999999,44960.25999999999
85171432,42968.39,2448.2
85171439,357702.72,5719.58
85171441,65610.44,9652.02
85171449,125145.57,0.3
85171490,14480304.19,1172644.129999999
85171810,44908.96,889.7499999999999
85171830,197659.85,16696.26
85171890,372544.5699999999,22797.47
85171891,26426.24,0
85171899,12329.49,1047.37
85171920,16,0
85173011,49523.6,0
85173013,11985.62,0
85173020,65.7,0
85173061,2731,0
85173062,1919.8,503.94
85175021,340,0
85175050,5397.48,0
85175241,0,0
85176111,11000,0
85176119,275,0
85176130,1633045.27,37641.82
85176141,84401.6,2821.02
85176142,82739.84,4.25
85176143,53048.36,6430.289999999999
85176149,84326.52,79.07
85176191,148583.16,0
85176192,337630.89,2.11
85176199,7777075.24,445303.42
85176214,17547.31,234.11
85176215,80530.21,5217.630000000001
85176219,2522,0
85176221,35582.5,0
85176222,19816.7,0
85176223,4300,493
85176229,200317.34,6392.41
85176231,5457,0
85176233,1504,0
85176234,3293514.25,226477.5
85176239,3894347.13,210864.73
85176240,0,0
85176241,35651120.58999999,7456345.660000002
85176248,11025.23,0
85176249,1105576.77,66365.91
85176251,304756.42,5803.02
85176252,23517.2,2048.21
85176253,7869.99,114.05
85176254,516872.2499999999,12587.18
85176255,1796855.96,280637.09
85176256,1596653.18,72337.89
85176257,0,0
85176259,4338552.749999999,203869.52
85176261,5389.33,0
85176262,4787484.969999999,98541.52
85176264,716071.75,183247.06
85176265,292783.13,16486.02
85176271,10150,0
85176272,2018258.42,172530.46
85176273,89810.96,3134.83
85176277,16939731.87,2815774.45
85176278,690,0
85176279,734765.4,85264.54000000001
85176291,1299105.27,92557.89
85176294,3655523.73,544619.94
85176295,4176,318.03
85176296,1123361.49,41328.36
85176299,1751301.26,294189.49
85176900,202631.08,21933.75
85177010,41259.39,1623.04
85177020,0,0
85177021,34012.39999999999,50.81
85177029,144299.91,6948.01
85177090,0,0
85177091,70799.17000000001,1242.98
85177092,2.3,0.6
85177099,90158.39,4407.49
85177110,632523.49,47022.3
85177190,2142564.29,142908.96
85177627,0,0
85177900,3256614.000000001,194166.0000000001
85178010,15.8,0
85178090,219.2,0
85179010,1368.72,0
85179099,262.02,15.78
85181000,3842,109.72
85181010,14785.09,302.78
85181090,805241.4600000001,34988.04
85182100,3057125.65,141468.85
85182200,10136849.34,921793.2500000001
85182209,0,0
85182900,600,0
85182910,2271.53,114.09
85182990,1131847.9,53367.54000000001
85183000,4277574.62,343513.42
85184000,1741325.21,97243.51999999999
85185000,1154868.34,76789.58999999998
85189000,0,0
85189010,150920.28,4959.129999999999
85189090,190381.88,7095.420000000001
85190000,0,0
85190785,0,0
85192000,2951,363.4400000000001
85192087,0,0
85193000,40305.33,3638.89
85198100,0,0
85198110,8767.61,101.75
85198120,145656.12,4979.599999999999
85198190,207497.55,23167.62
85198900,74444.58,896.04
85199300,40,0
85200000,0,0
85202220,0,0
85209000,0,0
85210000,0,0
85211010,84891.16,485.48
85211081,28730.71,2.92
85211089,89903.55,0
85211090,22569.47,109.92
85211900,0,0
85212011,0,0
85219000,8826260.68,265854.55
85219010,427905.36,1229.94
85219090,68494.79000000001,11.9
85219100,0,0
85220000,0,0
85221000,3084,0
85221201,0,0
85222222,0,0
85222312,0,0
85222522,0,0
85223200,0,0
85225222,0,0
85225522,0,0
85225525,0,0
85229000,282198.42,744.5100000000001
85229010,712.4,0
85229020,120,24.78
85229030,18787.92,672.35
85229050,952.5,0
85229090,1420,0
85231019,0,0
85231110,1044,0
85232110,20307.64,10.37
85232120,14859.95,1.02
85232911,79854.15,318.66
85232919,65305.94,0
85232924,3844,0
85232929,351.64,0
85232939,6,0
85232990,130798.63,21225.03
85233190,0,0
85234022,650,7.68
85234029,6500,0
85234110,124675.57,1801.33
85234190,57184.88,1544.36
85234910,67668.93,311.33
85234920,455339.15,40473.91
85234990,1366619.26,106953.31
85235090,0,0
85235110,638615.28,40837.18000000001
85235190,2159820.95,102127.74
85235200,19250.01,669.1899999999999
85235210,1288690.63,140137.37
85235290,324480.0999999999,13271.46
85235900,503379.67,6339.440000000001
85235910,1373,0
85235990,959.7699999999999,106.7
85236910,0,0
85236971,0,0
85236987,0,0
85238000,28400.14,2934.95
85239010,13673.75,0
85241100,354110.47,56604.55
85241200,3144.72,0
85241900,590.8,0
85249100,278033.16,44016.72000000001
85249200,3592.28,116.81
85249900,33578.48,517.0699999999999
85250000,0,0
85251000,0,0
85251012,0,0
85251031,8137.6,2008.69
85251900,0,0
85251990,0,0
85252000,0,0
85252012,699.99,0
85252053,70,0
85252061,4945,633.19
85252062,88.64,18.3
85252221,0,0
85252222,0,0
85252223,0,0
85252244,0,0
85252255,0,0
85252332,0,0
85252500,0,0
85252552,0,0
85252555,0,0
85252922,0,0
85253010,150,0
85253061,0,0
85253145,0,0
85253333,0,0
85253363,0,0
85254000,22007.24,0
85254010,240,0
85254090,16605,0
85255011,70575.03,781.1500000000001
85255012,344,0
85255019,334161.39,7261.34
85255021,77355.70999999999,3612.91
85255022,12726.8,180
85255023,90614.95999999999,14.8
85255024,409142.94,197.41
85255029,481786.3500000001,23020.89
85255222,0,0
85255555,0,0
85256010,368404.3,10396.85
85256020,11936.7,866.0799999999999
85256029,0,0
85256090,1416843.65,140574.4
85258011,545,0
85258012,11905.32,0
85258013,144436.87,1750.51
85258014,21317.68,949.5799999999999
85258019,613795.92,3613.07
85258021,27968,0
85258022,4048.1,0
85258029,158623.47,2679.8
85258100,1560492.58,79706.12
85258200,53098.41,1675.08
85258208,0,0
85258300,187936.51,6658.29
85258529,0,0
85258911,79826.61,67.34
85258912,236098.81,17990.52
85258913,12911452.21,419604.0499999999
85258914,48629.23,3386.55
85258919,1457695.67,72652.56
85258921,67421.55,654.58
85258922,74701.29000000001,5307.71
85258929,13119695.66,973325.1900000002
85259990,0,0
85261000,416323.02,40673.21
85265090,0,0
85265190,0,0
85266910,0,0
85269000,0,0
85269019,0,0
85269100,100608387.85,12689050.39
85269200,4055389.73,381948.24
85271200,417836.41,5956.469999999999
85271300,539047.91,32977.62
85271390,62.9,0
85271900,300760.36,8631.169999999998
85271910,1040,0
85271990,4994.23,78.91
85272100,2154599.18,54731.94
85272190,5895.25,18.03
85272900,449782.48,9015.62
85276279,0,0
85279100,262772.63,28771.97
85279200,10421.71,0
85279910,1465368.7,76934.51
85279990,35187.17,1016.26
85281210,1060,0
85281290,1240,0
85281300,508.93,0
85282819,0,0
85283300,0,0
85284200,134802.88,0
85284210,123.4,0
85284921,23896,0
85284929,608,0
85284930,60581.25000000001,841.16
85284990,28566.31,1072.66
85285120,22223.5,144.02
85285200,6165456.689999999,884174.0300000001
85285210,560,0
85285220,52945.59,2443.99
85285900,2314107.28,349073.92
85285910,14500,2153.25
85285915,0,0
85285920,138283.82,25683.03
85286100,13900,0
85286200,337357.01,44578.7
85286910,1120751.53,114504.18
85286990,328398,5117.39
85287000,0,0
85287111,34398.32,2.42
85287119,997117.4700000002,34213.27
85287190,212968.8,24724.59
85287200,53288705.31,7994805.319999998
85287300,34604.65,3803.48
85288520,0,0
85291000,0,0
85291011,30887.65,22.78
85291019,458915.8,13815.17
85291020,978003.92,61995.59999999999
85291040,0,0
85291090,14795336.35,873501.37
85291091,0,0
85292110,0,0
85292990,0,0
85299011,177341.45,4516.93
85299012,130856.91,6152.35
85299019,2199582.04,101633.64
85299020,961335.7500000002,73234.81999999999
85299030,364443.4,14558.48
85299040,4231345.21,293650.82
85299050,99546.29,6050.65
85299090,943530,80777.06999999999
85299099,0,0
85299999,0,0
85300258,0,0
85301010,27906.61,193.73
85301090,117921.41,9791.430000000002
85302900,0,0
85304100,0,0
85305090,0,0
85306990,0,0
85308010,15312.34,605.82
85308090,1366168.48,43798.00999999999
85309000,4194.09,151.51
85311000,0,0
85311010,849741.07,26331.19
85311019,0,0
85311090,14144314.15,109435.41
85311099,0,0
85311200,0,0
85312000,3895902.32,215027.95
85312016,0,0
85312100,0,0
85318000,1819933.74,126508.51
85319000,858420.2100000002,60013.42999999999
85319010,0,0
85321000,9347469.229999999,1311742.57
85322000,0,0
85322100,0,0
85322111,293.73,0.95
85322119,1203,9.71
85322120,112.9,0
85322190,3827.64,190.1
85322200,731577.7500000001,55479.33000000001
85322210,0,0
85322220,0,0
85322299,0,0
85322310,28108.88,1846.99
85322390,6595.67,380.02
85322410,41612.29,1572.35
85322420,13708.07,38.59
85322490,506.94,0
85322510,1875.46,214.11
85322590,687875.28,8716.580000000002
85322910,2191.46,4.23
85322990,46462.57,2319.59
85323010,32201.94,1569.37
85323090,139838.42,9823.869999999997
85325093,0,0
85329000,42093.67,1882.81
85329090,0,0
85331000,56010.37,4385.719999999999
85332000,0,0
85332110,244010.27,7400.05
85332120,38457.92000000001,1263.65
85332190,237787.86,22502.24
85332900,572818.3700000001,57616.3
85333110,3736186.91,554408.31
85333190,13445.78,1751.37
85333910,4587455.03,619103.93
85333990,24515,1869.31
85334011,635893.79,87378.71000000002
85334012,16002.62,2774.940000000001
85334013,2356.31,113.7
85334019,131673.71,13742.53
85334091,130119.6,10747.91
85334092,42552.35,4503.33
85334099,3482290.04,441981.01
85336200,0,0
85339000,20189.61,791.49
85340000,6356.799999999999,650.03
85340011,16704.84,1630.62
85340012,213.5,0
85340013,14038.08,373.99
85340019,1029855.09,147174.32
85340020,2378.9,514.59
85340031,17390.55999999999,198.09
85340032,24439.87,2619.91
85340033,440933.7499999999,10222.76
85340039,132700.54,13402.05
85340040,9999.730000000001,6.76
85340051,6070.3,73.78
85340059,82416.12,6493.259999999999
85346000,0,0
85350000,0,0
85350410,0,0
85351000,6899603,484139.98
85351020,0,0
85351031,0,0
85352000,0,0
85352100,8684966.72,775810.71
85352900,845693.8400000001,47989.35000000001
85353000,0,0
85353011,1097,18.68
85353013,27895.43,1144.82
85353017,3636628.900000001,201661.84
85353018,1301549.71,138473.88
85353019,1525881.08,114322.16
85353023,22712.92,59.03999999999999
85353027,36763.76,2632.72
85353028,772912.81,9502.7
85353029,142410.96,10508.02
85353909,0,0
85354010,9683474.809999999,730524.5499999999
85354040,0,0
85354090,2339785.96,140150.37
85355090,0,0
85355100,0,0
85355900,0,0
85356100,0,0
85358305,0,0
85359000,1742715.98,79621.56
85359010,440856.3700000001,65116.23
85359090,14584130.68,1169994.74
85359120,0,0
85360000,0,0
85360010,0,0
85360590,0,0
85361000,7998624.55,644298.71
85362000,41855857.31999999,3049837.9434
85362110,0,0
85362683,0,0
85362910,0,0
85363000,136187.13,12691.91
85363010,13175.16,421.08
85363017,0,0
85363030,0,0
85363039,0,0
85363090,3813379.430000001,278263.2299999999
85363091,0,0
85363900,0,0
85363910,0,0
85363990,0,0
85364000,0,0
85364090,0,0
85364100,22673220.93,773929.9399999998
85364140,0,0
85364900,53577743.48,4126603.41
85365000,0,0
85365001,0,0
85365009,0,0
85365010,45089.48,626.8499999999999
85365019,0,0
85365020,16297.97,515.94
85365030,322994.66,9065.77
85365040,0,0
85365069,0,0
85365090,96152557.36000001,6714987.010000002
85365490,0,0
85365900,0,0
85365990,0,0
85366000,0,0
85366010,0,0
85366090,0,0
85366100,3430119.510000001,241075.53
85366200,0,0
85366309,0,0
85366410,0,0
85366690,0,0
85366691,0,0
85366900,0,0
85366909,0,0
85366910,17507178.82,1257616.88
85366990,3949443.3,219246.62
85366999,0,0
85367000,460576.99,13483.45
85368000,0,0
85369000,0,0
85369003,0,0
85369010,2909991.179999999,151760.64
85369020,29432.43,733.55
85369030,193585.3999999999,10097.63
85369040,521623.66,25026.04
85369050,1588652.2,54738.39
85369052,0,0
85369060,117188.7,3535.76
85369090,30011274.96,2215729.32
85369092,0,0
85369099,0,0
85369100,0,0
85369690,0,0
85369858,0,0
85369900,0,0
85370000,0,0
85371000,0,0
85371011,1771245.2,386225.03
85371019,13616973.62,413807.6
85371020,17731532.31,1814399.88
85371030,16908804.6,1703021.94
85371090,46682914.90000001,5139217.359999999
85371091,0,0
85372000,543167.74,158.08
85372010,26576.2,533.34
85372090,32141182.09,4051140.61
85374900,0,0
85381000,33087752.73,2486534.06
85381019,0,0
85382000,0,0
85383011,0,0
85384090,0,0
85384900,0,0
85385090,0,0
85386100,0,0
85388100,0,0
85389000,0,0
85389010,13086882.63,1325150.15
85389020,216388.39,1866.03
85389090,13082562.24,1142384.23
85389096,0,0
85390000,0,0
85391000,0,0
85391010,509471.84,5560.939999999999
85391090,838359.14,32639.41
85392000,0,0
85392090,0,0
85392100,0,0
85392110,8818139.960000003,193409.59
85392120,0,0
85392190,6004848.149999999,344213.4199999999
85392191,0,0
85392200,853038.7200000001,28680.24
85392299,0,0
85392610,0,0
85392910,3620342.36,186867.64
85392920,0,0
85392950,0,0
85392990,2891599.24,87380.26499999998
85392999,0,0
85393100,373276.55,15409.43
85393111,191718.03,12958.58
85393119,154242.38,9694.86
85393120,422972.28,16459.31
85393131,10867.03,745.6800000000001
85393132,3981.300000000001,233.08
85393139,48380.87000000001,2714.43
85393200,80898.56,3177.46
85393210,92998.48999999999,3234.829999999999
85393220,135872.1,12340.43
85393230,288552.3900000001,22364.2
85393900,31351.34,1772.96
85393901,0,0
85393911,6465.12,121.68
85393913,85.58,0
85393919,5298.829999999999,271.01
85393990,61175.33999999999,4986.05
85394100,350.95,1.06
85394110,35494.54,648.8699999999999
85394190,97314.52999999998,1525.21
85394900,1289276.35,143314.24
85395000,1133563.84,34490.66
85395090,0,0
85395100,5056832.379999999,314248.01
85395200,26950031.26,1612956.0613
85395220,0,0
85395500,0,0
85396910,0,0
85399000,0,0
85399010,135214.73,4455.77
85399020,30794,622.25
85399090,479107.23,14341.43
85399500,0,0
85399600,0,0
85400000,0,0
85401100,10123.32,59.51
85401200,1471.43,56.72
85402011,4905.360000000001,0
85402012,0,0
85402019,23017.25,1052.63
85402020,241.15,0
85402090,3585,0
85404000,1329.04,27.79
85404021,0,0
85404804,0,0
85406010,690.49,0
85406090,1985.8,0
85407100,18171.19,914.5
85407900,50835.83,0
85408100,239.9,9.98
85408910,24736.52,491.35
85408990,83184.02999999998,1735.3
85409110,4429.91,55.32
85409120,613.9,0
85409130,22175.23,0
85409140,146433.58,766.52
85409190,37175.1,1315.06
85409900,39350.65,8.21
85411010,0,0
85411011,16812.47,1188.88
85411012,19641.78,422.9
85411019,336948.59,36267.83
85411021,2193.65,18.71
85411022,3149.27,121.39
85411029,67276.24,2464
85411031,7139.18,327.7
85411032,6169.26,667.8499999999999
85411039,13448.34,754.42
85411091,29299.16,1315.74
85411092,44505.37,6335.45
85411099,274894.1899999999,19553.53
85412110,39813.1,8613.050000000001
85412120,10163.63,1004.29
85412191,1816.24,0
85412199,25482.87000000001,1033.35
85412563,0,0
85412635,0,0
85412910,9754.18,339.52
85412920,159766.25,8357.61
85413011,1463.82,9.870000000000001
85413019,7409.1,403.72
85413021,1950.2,19.92
85413029,1653851.48,227951.46
85414011,6903.15,223.68
85414013,1444.96,195.13
85414016,32313.5,0
85414018,60,0
85414019,3630,0
85414021,61334.73,337.74
85414022,27569.5,687.15
85414027,35,0
85414029,18689.21,1941.08
85414031,317.7,35.67
85414032,1318059.11,42498.88
85414039,39016.12,440.15
85414111,129513.26,4747.849999999999
85414112,3282.74,0
85414121,1951625.54,400724.64
85414122,585669.79,27125.93
85414123,5466.25,244.05
85414124,37532.48,5726.9
85414129,0,0
85414210,56580.01,1348.5
85414220,873543.6799999999,83323.56
85414290,329799.79,33868.8
85414300,44159642.57,2836441.64
85414900,561453.6,39300.22
85415010,547.4,80.2
85415020,14455.88,1979.21
85415100,137967.83,13383.7
85415900,75590.99,12305.33
85416010,6332.210000000001,516.13
85416090,59348.71,9409.3
85419010,40204.67,398.51
85419020,5185.67,331.02
85419090,55958.31,2389.130000000001
85421000,750,0
85421323,2690.1,0
85421547,0,0
85422000,0,0
85422920,0,0
85423010,6920,0
85423110,50615.37,2973.719999999999
85423120,793974.1,102950.6
85423168,0,0
85423190,3680541.49,266427.13
85423210,2263.08,383.51
85423221,140043.92,2578.21
85423229,12843.53,2004.98
85423232,0,0
85423291,39846.17,496.14
85423299,12310.42,1699.77
85423311,228.98,0
85423319,41262.81,1791.8
85423320,34700.13,6549.469999999999
85423390,61861.3,4617.780000000001
85423919,45596.23,0
85423920,44463.1,0
85423931,37809.22,7779.3
85423939,19185.02,1040.76
85423991,6205.62,57.63
85423999,482875.4400000001,12978.43
85427000,55,0
85429000,33060.49,1461.62
85429010,170,7.23
85429090,2079.5,175.87
85429099,0,0
85430000,0,0
85430111,0,0
85431000,47584.67,3759.58
85431900,149,0
85432000,14763998.41,2024169.580000001
85433000,30834,0
85433010,23461.04,826.6
85433090,596281.97,19967.44
85434000,214742.83,39606.29999999998
85437011,68294.79999999999,0
85437012,11039.52,31.02
85437013,25342.39999999999,558.2
85437014,20796.48,241.49
85437015,528.25,22.99
85437019,771778.8399999999,50138.7
85437020,121739.01,8051.780000000001
85437031,75.62,0
85437032,244,0
85437033,28483.01,23.71
85437034,7637.62,0
85437035,8928,650.6800000000001
85437036,87761.78999999998,4416.940000000001
85437039,502720.08,34971.46999999999
85437040,158419.86,3542.21
85437041,0,0
85437050,201231.9,13.79
85437090,0,0
85437091,7100.83,542.0999999999999
85437092,12112028.16,1028159.26
85437099,45338837.40000001,6050844.600000001
85437999,0,0
85438999,3995.07,0
85439000,0,0
85439010,617442.63,64905.3
85439090,620322.6,52466.45
85440000,0,0
85441100,19039276.28,809277.5700000001
85441900,0,0
85441910,3840666.5,23219.92
85441990,669635.29,47237.97
85442000,6808609.949999999,259730.4
85443000,102076356.31,5865428.540000001
85444000,0,0
85444090,0,0
85444100,1397,221.83
85444200,51631881.82999999,4809431.060000001
85444220,0,0
85444228,0,0
85444300,0,0
85444400,0,0
85444420,0,0
85444900,384457895.34,32888077.787
85444990,0,0
85444999,0,0
85445100,1345.18,2.14
85445900,53852.30999999999,2731.69
85445902,0,0
85446000,9648223.030000001,1000257.87
85447000,0,0
85447010,2573221.2,130953.01
85447020,88515.02,3739.29
85447030,30525.85,96.33999999999999
85447090,582392.8,26445.19
85449000,0,0
85451100,27559.71,757.53
85451247,0,0
85451515,0,0
85451910,163820.11,15426.27
85451920,50216.25,885.0100000000001
85451990,676002.5099999999,59090.33
85452000,2473046.48,118670.15
85452010,0,0
85452020,0,0
85452100,0,0
85452125,0,0
85452222,0,0
85452412,0,0
85453900,0,0
85457522,0,0
85458962,0,0
85458965,0,0
85459000,0,0
85459010,1887.17,37.29
85459020,18032.17,1403.99
85459030,70616.4,1674.850000000001
85459090,28572.16,1787.88
85460000,0,0
85461000,375490.1400000001,6428
85462000,7839123.329999999,722787.31
85462544,0,0
85467099,0,0
85469000,13429436.34,1101344
85469536,0,0
85471000,5208249.98,524523.9999999999
85472000,37002.82,5835.179999999999
85472010,31902.47,1586.84
85472090,3300837.220000001,150483.94
85474112,0,0
85475090,0,0
85475451,0,0
85479000,2131563.76,129410.65
85479090,0,0
85480010,23228.39,76.16
85480090,23835.29,377.08
85481000,0,0
85481010,1711.4,17.34
85481090,22333.5,721.97
85489000,12870.4,296.27
85489090,5419,143.15
85491100,271933.11,6721.939999999999
85491200,53205.32,5022.550000000001
85491300,2784.12,19.26
85491400,30857.24,274.15
85491900,31559.6,28
85492100,49796.36,7.15
85492900,201.88,0
85493100,6166.75,0
85493900,13830.7,0
85494400,0,0
85494900,0,0
85499100,12445.51,0
85499400,0,0
85499900,1238.6,11.1
85500603,0,0
85503690,0,0
85509090,0,0
85521000,0,0
85522200,0,0
85522222,0,0
85525082,0,0
85550005,0,0
85552469,0,0
85590900,0,0
85606101,0,0
85620111,0,0
85621333,0,0
85621478,0,0
85623356,0,0
85626352,0,0
85630900,0,0
85632158,0,0
85632987,0,0
85645546,0,0
85649000,0,0
85654000,0,0
85662014,0,0
85690900,0,0
85692110,0,0
85693222,0,0
85693332,0,0
85694125,0,0
85695090,0,0
85695425,0,0
85697225,0,0
85698522,0,0
85708800,0,0
85712010,0,0
85716909,0,0
85741020,0,0
85742010,0,0
85767910,0,0
85792463,0,0
85796522,0,0
85804404,0,0
85805968,0,0
85807019,0,0
85811900,0,0
85821010,0,0
85822000,0,0
85822090,0,0
85822222,0,0
85833010,0,0
85833090,0,0
85834090,0,0
85835010,0,0
85836200,0,0
85836509,0,0
85839000,0,0
85839090,0,0
85850202,0,0
85858585,0,0
85861000,0,0
85863910,0,0
85889090,0,0
85899090,0,0
85900000,0,0
85900025,0,0
85941090,0,0
85959000,0,0
85961030,0,0
85961233,0,0
85962000,0,0
85962541,0,0
85963322,0,0
85969090,0,0
85970628,0,0
85970682,0,0
85999020,0,0
86003000,0,0
86011000,147637.88,785.99
86012000,15729.14,265.34
86021000,29514.01,0
86024100,0,0
86029000,257505,29557.78
86031000,17882.59,740.28
86039000,9697.02,18
86040000,250,42.5
86040010,3030,0
86040090,98628.98999999999,74.34
86042211,0,0
86050010,198,0
86050090,1152,17.86
86051000,0,0
86061000,323975.55,8782.210000000001
86061030,0,0
86063000,10482,90
86069100,120,0
86069200,642.9,74.81
86069900,39117.18,0
86071090,0,0
86071110,6702.1,0
86071120,400,0
86071200,640,0
86071910,4539.18,563.8
86071911,97696.26,835.95
86071919,49140.31,1.69
86071990,72138.52,4412.82
86072000,0,0
86072100,155076.67,2859.05
86072900,41626.89999999999,1751.98
86073000,1085506.82,40757.2
86079100,1124847.14,7392.87
86079900,84549.42,557.86
86080011,471033.03,1341.47
86080012,789858.7799999999,52952.78
86080090,288425.9,32545.82
86090000,59887974.07,8063605.27
86100000,0,0
86101900,0,0
86149039,0,0
86168010,0,0
86360000,0,0
86365090,0,0
86366100,0,0
86369030,0,0
86369090,0,0
86444200,0,0
86521456,0,0
86524569,0,0
86524856,0,0
86542563,0,0
86600000,0,0
86696562,0,0
86725988,0,0
86819100,0,0
86900096,0,0
86907900,0,0
87000900,0,0
87002999,0,0
87004900,0,0
87008800,0,0
87008999,0,0
87009000,0,0
87010100,0,0
87010101,0,0
87011000,34110721.88,586092.87
87012000,6818060,124066.63
87012100,892501305.1899999,91166128.01999998
87012200,2896461.76,20861.75
87012300,13581.04,0
87012400,1816.25,0
87012900,2959667.49,44847.72
87013000,19158302.45,1084918.68
87013090,0,0
87015011,0,0
87016000,0,0
87019000,401045,2252.5
87019010,11850,0
87019090,7654284.76,139606.06
87019100,10652973.03,210853.66
87019200,17479026.61,1055472.72
87019300,978275377.07,39509029.78000001
87019410,9120275.5,309783.54
87019490,1228737394.53,49750326.47
87019510,12733191.49,609754.61
87019590,7410261612.110001,361573003.8200001
87020000,0,0
87021000,32616714.51,3162771.26
87021001,0,0
87022000,1360,0
87022999,0,0
87023000,2890,0
87024010,156,0
87024090,30749.49,0
87025060,0,0
87028999,0,0
87029000,343891.55,47538.44
87029090,14919.57,3168.52
87029200,0,0
87029999,0,0
87030900,0,0
87031000,1925434.99,124183.78
87032100,167649421.77,5877581.28
87032200,0,0
87032210,198558034.0700001,13347257.86000001
87032290,24176824.75,2170285.640000001
87032310,483328585.2399999,4916900.17
87032390,22419276.04,249552.11
87032410,146747319.85,3089749.239999999
87032490,3592664.470000001,42264.15
87033011,0,0
87033019,0,0
87033090,0,0
87033110,1243137.02,931.79
87033190,7678.21,13.6
87033210,48461076.70999999,6070497.110000002
87033283,0,0
87033290,73211154.75,8524916.399999999
87033310,144479935.12,3690328.97
87033390,407103130.67,8386090.98
87034000,61395191.63999999,1931380.04
87035000,4876592,0
87036000,202784852.14,18271498.00000001
87037000,6358090.8,489646.11
87038000,25665840.11,1533758.2
87039000,5419908.43,33335.75
87039300,0,0
87041000,132,0
87041010,489394.75,0
87041090,2976776.42,83415.39
87042110,44067762.44,2193513.72
87042118,0,0
87042120,1359326.33,49071.76
87042130,315114.25,59310.11
87042190,2252065467.29,137235729.65
87042210,131579002.75,13397178.8
87042220,1832811.82,281988.09
87042230,1158290,155514.38
87042290,275573459.73,35332428.84
87042310,407052574.67,44523622.6
87042320,8332220.66,1283671.88
87042330,1733636,262623.64
87042390,2550949.97,131109.2
87043110,13995547.5,143672.82
87043120,2211098.36,93258.97
87043130,32364.69,0
87043190,746603950.7599999,86789077.39999999
87043210,2512565.04,40205.8
87043220,45128.92,270.51
87043290,36204740.59999999,1094015.37
87044100,372914.92,864.61
87044200,760000,51009.32
87044300,613944,73200
87045100,800000,12489.04
87045200,701680.1799999999,0
87046000,6952,935
87049000,6289208.05,228427.61
87049990,0,0
87049999,0,0
87051000,260000,8699.34
87051010,110,0
87051020,3740577.67,35276.96
87051030,2065.67,0
87051090,3380675.76,251404.12
87051919,0,0
87052000,33772.42,1.29
87052999,0,0
87053000,206413,20758.22
87054000,3416255.49,221597.49
87055080,0,0
87055090,0,0
87055900,0,0
87058708,0,0
87059010,5950024.08,293946.35
87059090,1282817.51,156968.97
87059099,0,0
87060010,5366819.07,520195.84
87060020,686046.32,26366.28
87060090,115044.84,787.01
87062999,0,0
87069090,0,0
87069990,0,0
87071000,4807029.390000001,222880.59
87071090,0,0
87071920,0,0
87072900,0,0
87072919,0,0
87073000,0,0
87073090,0,0
87073190,0,0
87074900,0,0
87075011,0,0
87079001,0,0
87079010,3149826.49,54545.83
87079090,27381690.31,3223754.24
87079099,0,0
87079300,0,0
87079990,0,0
87080000,0,0
87080001,0,0
87080040,0,0
87080050,0,0
87080100,0,0
87080800,0,0
87080808,0,0
87080900,0,0
87080920,0,0
87080990,0,0
87081000,18999585.99,454885.3799999999
87081010,0,0
87081090,0,0
87081900,0,0
87081919,0,0
87082000,0,0
87082010,0,0
87082099,0,0
87082100,864450.88,27598.23
87082200,2519779.45,49328.87
87082219,0,0
87082291,0,0
87082299,0,0
87082390,0,0
87082900,0,0
87082903,0,0
87082910,0,0
87082911,4409172.98,174395.09
87082912,6292658.1,157823.41
87082913,645453.01,12741.97
87082914,2462467.3,75031.22
87082915,0,0
87082919,35332797.27,968923.54
87082922,0,0
87082979,0,0
87082990,0,0
87082991,8838555.91,232342.97
87082992,2809747.600000001,81041.08000000002
87082993,4591849.999999999,108710.5400000001
87082994,849790.35,10630.92
87082995,22027.41,3.96
87082998,0,0
87082999,101265978.37,2401371.84
87083000,0,0
87083001,0,0
87083010,0,0
87083011,6801185.509999999,185805.8
87083019,27362897.39999999,538361.2400000001
87083049,0,0
87083070,0,0
87083090,146403180.07,3025898.77
87083093,0,0
87083099,0,0
87083100,0,0
87083110,2681.38,174
87083190,18348.19,1338.19
87083330,0,0
87083900,153046.82,8592.14
87083990,0,0
87083999,0,0
87084000,0,0
87084010,16238.9,0
87084011,244418.29,11854.18
87084019,7876595.569999999,186010.66
87084050,0,0
87084080,9161871.060000002,292448.34
87084090,132432515.76,3552616.160000001
87084099,0,0
87084777,0,0
87084912,0,0
87085000,0,0
87085009,0,0
87085010,44984.33,1661.95
87085011,6453143.01,182697.07
87085012,2607955.600000001,72943.66
87085019,11465653.42,476993.0599999999
87085080,8365035.600000001,207805.8100000001
87085090,121242.46,1848.84
87085091,5224546.25,144634.46
87085095,0,0
87085099,125422213.85,2588966.22
87085190,0,0
87086010,4249.110000000001,77.92999999999999
87086019,0,0
87086090,18747.11,2059.33
87086099,0,0
87086200,0,0
87086660,0,0
87086700,0,0
87087000,0,0
87087010,9198905.269999996,282776.22
87087019,0,0
87087090,24337690.19,791855.7550000001
87087099,0,0
87087299,0,0
87087899,0,0
87087990,0,0
87088000,113130123.39,2100669.069999999
87088060,0,0
87088299,0,0
87088309,0,0
87088482,0,0
87088800,0,0
87088810,0,0
87088880,0,0
87088890,0,0
87088900,0,0
87088990,0,0
87088999,0,0
87089000,0,0
87089001,0,0
87089010,0,0
87089030,0,0
87089090,0,0
87089099,0,0
87089100,70496329.82,1355398.17
87089107,0,0
87089200,23979278.53,645734.3799999999
87089300,203095010.6500001,4889639.4
87089301,0,0
87089303,0,0
87089400,0,0
87089411,1836126.24,25558.56
87089412,20639195.91,508042.25
87089413,493527.95,20229.19
87089418,0,0
87089422,0,0
87089481,829715.44,30332.51
87089482,8125744.97,148199.24
87089483,13720994.17,221268.69
87089490,26044761.52000001,540718.85
87089491,6076.28,188.19
87089492,25202.29,1151.18
87089493,29725.2,202.22
87089510,301558.71,12606.71
87089521,69489.49,98.88999999999999
87089522,18647.58,712.69
87089526,0,0
87089529,615055.1699999999,22865.18
87089782,0,0
87089800,0,0
87089844,0,0
87089899,0,0
87089900,291839.85,5121.980000000001
87089901,0,0
87089906,0,0
87089909,0,0
87089910,2973605.16,48246.92000000001
87089929,0,0
87089930,0,0
87089970,0,0
87089980,0,0
87089990,574575468.9099998,13049116.78
87089992,0,0
87089994,0,0
87089999,0,0
87090000,0,0
87090999,0,0
87091100,2916589.55,66568.94
87091900,4474112.029999999,313545.64
87092919,0,0
87092990,0,0
87092991,0,0
87092999,0,0
87093011,0,0
87093090,0,0
87098000,0,0
87098523,0,0
87098889,0,0
87098990,0,0
87098999,0,0
87099000,1168886.09,72195.55
87099090,0,0
87099114,0,0
87099118,0,0
87099190,0,0
87099200,0,0
87099300,0,0
87099879,0,0
87099890,0,0
87099900,0,0
87099910,0,0
87099919,0,0
87099930,0,0
87099949,0,0
87099990,0,0
87099996,0,0
87099999,0,0
87100000,295727.01,12986.91
87100011,0,0
87100090,0,0
87101900,0,0
87101932,0,0
87109090,0,0
87111000,393597.46,5172.999999999999
87112010,6536878.92,37371.16
87112020,49452882.72000001,146250.02
87112090,736233.0700000001,13056.06
87113000,23445373.83,465461.2399999999
87114000,1376508.45,20787.77
87115000,18070878.78,164009.3
87116000,4152057.21,242258.81
87116909,0,0
87119000,653797.9700000001,57841.75
87119090,0,0
87120010,7052012.85,606078.77
87120090,216229.49,3369.39
87120100,0,0
87122022,0,0
87131000,871415.42,8775.949999999999
87133090,0,0
87139000,563366.97,18691.95
87139190,0,0
87140000,0,0
87141000,32478072.19,476724.7799999999
87141010,0,0
87141100,3372.88,0
87141300,0,0
87141900,60960.33000000002,344.55
87141999,0,0
87142000,349966.82,2647.9
87148200,0,0
87149000,0,0
87149090,0,0
87149100,617758.5599999998,23506.51
87149200,359264.1500000001,11242.33
87149300,185,0
87149310,79627.51,6212.14
87149311,78157.86,241.07
87149319,33308.53,4042.72
87149320,105756.58,3715.71
87149410,170530.97,2279.96
87149490,249504.24,12567.38
87149500,59520.05,4587.73
87149600,12796.58,263.4
87149611,11662.35,593.36
87149612,42667.81999999999,51.74
87149619,26077.72,1129.39
87149690,391194.38,2098.35
87149900,3913,65.84
87149910,2024896.67,50013.10999999999
87149920,1199.05,0
87149990,1211100.55,34938.72
87150000,725262.72,39599.74
87160900,0,0
87161000,2124034.65,229775.77
87162000,368887128.1,25266325.11
87163000,0,0
87163100,4136577.25,617546.18
87163900,662795533.62,105028218.65
87164000,11565371.8,563282.1900000001
87164002,0,0
87166090,0,0
87168000,9489235.580000002,1185375.88
87168001,0,0
87169000,0,0
87169010,2460835.96,55602.18
87169090,111716789.95,8306700.26
87169099,0,0
87169990,0,0
87171211,0,0
87171810,0,0
87178000,0,0
87179090,0,0
87182919,0,0
87189090,0,0
87189990,0,0
87199090,0,0
87212300,0,0
87212990,0,0
87219999,0,0
87231411,0,0
87260432,0,0
87299000,0,0
87308955,0,0
87329000,0,0
87335000,0,0
87354693,0,0
87423698,0,0
87428610,0,0
87441219,0,0
87459411,0,0
87459687,0,0
87469090,0,0
87493080,0,0
87515600,0,0
87530000,0,0
87570700,0,0
87585885,0,0
87654321,0,0
87654345,0,0
87665900,0,0
87666778,0,0
87672200,0,0
87680000,0,0
87689000,0,0
87690900,0,0
87699090,0,0
87702548,0,0
87708990,0,0
87716053,0,0
87785080,0,0
87799090,0,0
87803609,0,0
87808100,0,0
87808709,0,0
87809100,0,0
87809990,0,0
87813000,0,0
87818021,0,0
87821010,0,0
87829990,0,0
87829992,0,0
87833029,0,0
87833090,0,0
87839000,0,0
87848090,0,0
87849000,0,0
87849999,0,0
87855099,0,0
87855567,0,0
87856325,0,0
87871000,0,0
87879000,0,0
87888000,0,0
87889922,0,0
87889990,0,0
87890090,0,0
87899090,0,0
87899900,0,0
87899990,0,0
87899999,0,0
87907190,0,0
87909990,0,0
87916365,0,0
87919090,0,0
87921335,0,0
87954621,0,0
87971616,0,0
87989100,0,0
87989990,0,0
88010000,293906.17,2720.04
88012000,0,0
88019000,73.8,0
88021100,52016469.8,4491651.220000001
88021210,58527.92,3301.75
88021290,122408.27,1.8
88022010,216020723.62,10352259.19
88022021,45427297.76,3459318.61
88022022,47274.49,188.8
88023010,13226,140.42
88023021,114189127.92,12240039.78
88023029,61842901.96,3511125.57
88023031,23442413.67,2522182.5
88023039,95,0
88023090,172218.08,5094.55
88024010,4980,0
88024090,12658.21,94.1
88026000,25,0
88031000,899833.2000000001,31520.11
88032000,78944.82999999999,3031.2
88033000,1145418.31,50457.88
88039000,3224.78,0
88040000,566823.48,22750.81
88042119,0,0
88042211,0,0
88051000,17572.7,366.96
88052900,27366.82,723.76
88052990,0,0
88062100,27286.39,195.1
88062200,4925464.23,935288.2599999999
88062300,5052,885.9599999999998
88062400,4213469.11,178872.74
88062900,329.14,0
88069100,731,0
88069200,134915,6814.830000000001
88069900,106758.83,104.06
88071000,11311706.14,478928.6
88072000,5266531.54,212821.98
88073000,29804496.25,896447.2399999999
88073033,0,0
88079000,6090620.869999999,682184.8099999999
88079910,0,0
88089990,0,0
88203201,0,0
88207900,0,0
88213000,0,0
88231456,0,0
88325060,0,0
88334099,0,0
88340016,0,0
88340018,0,0
88340080,0,0
88340904,0,0
88340990,0,0
88345021,0,0
88345520,0,0
88345821,0,0
88346652,0,0
88349669,0,0
88350025,0,0
88365201,0,0
88366352,0,0
88366356,0,0
88366536,0,0
88366541,0,0
88369201,0,0
88369500,0,0
88369520,0,0
88369685,0,0
88396587,0,0
88409919,0,0
88421999,0,0
88439933,0,0
88467220,0,0
88557202,0,0
88566388,0,0
88596554,0,0
88596558,0,0
88620041,0,0
88659636,0,0
88659850,0,0
88676250,0,0
88679658,0,0
88696352,0,0
88708999,0,0
88740012,0,0
88740016,0,0
88778888,0,0
88800488,0,0
88841000,0,0
88856385,0,0
88876543,0,0
88879000,0,0
88888888,0,0
88956568,0,0
88963625,0,0
88963641,0,0
88969836,0,0
88979647,0,0
89000000,0,0
89008952,0,0
89011000,9352.090000000002,254.68
89012000,1736.51,334.9
89013000,37320.31,141.55
89019000,811804.53,100293.36
89020010,288323.41,151.01
89020090,2655574.15,227183.26
89023365,0,0
89031100,129356.4,14842.18
89031200,18051.23,59.24
89031900,44587.76,2283.11
89032100,670,0
89033100,1698938.06,144157.67
89033200,26920652.44,7287937.05
89039200,61260,0
89039300,23323730.81,6165879.410000003
89039900,29626645.77,6021694.43
89040000,23352.21,1803.64
89051000,315913.59,1118.77
89052000,119337.9,2083.89
89059000,126770.79,20236.73
89061000,23725.11,2450
89069000,2971311.790000001,186131.9
89071000,465345.62,26492.83
89072999,0,0
89079000,4262575.180000001,313996.16
89080000,451939.97,50456.11
89081000,0,0
89082632,0,0
89082999,0,0
89089000,0,0
89089090,0,0
89089300,0,0
89089990,0,0
89091000,0,0
89099190,0,0
89099969,0,0
89099990,0,0
89100400,0,0
89104007,0,0
89119000,0,0
89139191,0,0
89141399,0,0
89173100,0,0
89200000,0,0
89239000,0,0
89242000,0,0
89250009,0,0
89269022,0,0
89269090,0,0
89270009,0,0
89339090,0,0
89405093,0,0
89416777,0,0
89425420,0,0
89452356,0,0
89456123,0,0
89457812,0,0
89457845,0,0
89457889,0,0
89482101,0,0
89531450,0,0
89545411,0,0
89562431,0,0
89564222,0,0
89599999,0,0
89652314,0,0
89652363,0,0
89654231,0,0
89659855,0,0
89670021,0,0
89675210,0,0
89677119,0,0
89702100,0,0
89745896,0,0
89747895,0,0
89752263,0,0
89754223,0,0
89754862,0,0
89756336,0,0
89758850,0,0
89832909,0,0
89874562,0,0
89890003,0,0
89898889,0,0
89898989,0,0
89904512,0,0
89904578,0,0
89965788,0,0
90011011,196865.37,181.11
90011019,31992.71,1574.88
90011020,135089.91,23044.6
90012000,7547.530000000001,226.49
90013000,602226.7200000001,66064.89000000001
90014000,163664.68,1894.53
90015000,7195756.489999999,223301.92
90019010,554724.11,82177.03000000003
90019090,36346.45,944.3199999999999
90021110,708.64,1.1
90021111,132330.13,2544.97
90021119,16844.29,620.65
90021120,18441.46,4.05
90021190,24238.06,1161.46
90021900,54266.99999999999,13398.09
90022000,0,0
90022010,11853.06,269.52
90022090,102324.94,1351.41
90024901,0,0
90029000,162354.34,32055.72
90030000,0,0
90031100,1321671.74,60042.66
90031910,1199500.37,44082.73
90031990,190549.58,5659.65
90034090,0,0
90039000,0,0
90039010,145,0
90039090,20306.69,366.48
90041000,3459940.709999999,246758.6600000001
90046020,0,0
90049010,56547.25000000001,2839.8
90049020,6706678.419999998,875798.9600000001
90049090,163504.76,8777.51
90051000,67953.26000000001,3467.489999999999
90051990,0,0
90054010,0,0
90054090,0,0
90058000,115496.32,5762.92
90059010,282.94,0.29
90059090,11761.59,86.66
90059910,0,0
90061029,0,0
90063000,63392,0
90064000,187469.02,13933.25
90065100,125,0
90065310,14038.22,1061.63
90065930,449.25,0
90065940,1028.74,0
90065959,78519.37,0.51
90066100,13195.07,249.06
90066200,299.97,27.83
90066900,68016.73999999999,13751.09
90069110,418.4,0
90069190,62095.56,1248.85
90069900,103380.95,973.72
90071000,182804.99,867.99
90072020,1248,0
90072090,5977.94,77.02000000000001
90072546,0,0
90079100,142775.89,3431.79
90079200,283713.17,13207.6
90085000,6786.179999999999,24.73
90089000,118565.93,9093.599999999999
90101010,22337.89,167.54
90101020,992.8,0
90101090,396.8,0
90102002,0,0
90103540,0,0
90105010,13188.45,121.77
90105020,4357.5,0
90105090,3356.53,43.7
90106000,358069.18,25142.76
90108999,0,0
90109010,564.5,0
90109090,41543.69,0
90111000,27574.84,1839.74
90112010,38111,7191.02
90112020,55.2,0
90112030,106.52,3.88
90118010,199437.39,14829.55
90118090,77823.15,3679.75
90119010,8549.89,1002.09
90119090,67138.47,2628.32
90121000,0,0
90121010,1769.91,3.66
90121090,325.64,0
90129010,102849.09,146.31
90129090,0.8,0
90131010,747955.21,29623.33
90131090,208461.47,5437.790000000001
90132000,37041.88,1099.77
90132891,0,0
90138000,119738.7,7463.940000000001
90138010,7800.9,0
90138090,37627.12,991.83
90139000,92456.86000000002,5495.110000000001
90141000,26403.31,3617.07
90142010,304768.24,6484.71
90142020,390971.48,25191.32
90142030,68662.09,2856.93
90142080,0,0
90142090,3186903.34,109396.6
90145870,0,0
90148010,2664374.91,113760.22
90148090,3999344.46,701732.4999999999
90149000,3083086.39,148756.17
90149015,0,0
90149020,0,0
90149060,0,0
90151000,133307.95,13043.13
90152010,55963.64,0
90152090,403188.1799999999,38698.24
90153000,524562.5,59730.61
90153007,0,0
90154000,1131.3,71.98
90158010,1454.42,54.12
90158090,3546803.77,542692.04
90159010,65,0
90159090,1382635.02,164865.3
90160010,122873.75,6399.860000000001
90160090,644104.2,43221.35
90162029,0,0
90171010,42612.81,32.96
90171090,16560.83,436.11
90172000,656227.91,63579.19000000002
90173010,77958.48999999999,2012.14
90173020,944493.9699999999,78016.36000000002
90173090,131137.63,7906.409999999999
90178000,0,0
90178010,1381473.86,111616.88
90178090,5093259.530000001,96394.11999999998
90179010,8194.19,0
90179090,10836.1,223.66
90181100,38231.73,5610.880000000001
90181166,0,0
90181210,1885788.07,270339.37
90181290,740852.0599999999,69983.59
90181300,34347.88,0
90181410,2799.8,590.64
90181420,3651,0
90181490,8012.47,938.32
90181910,394245.41,75517.62
90181920,14232.97,3856.76
90181980,627879.0800000001,137450.45
90181990,579027.8500000002,70598.14
90182010,17485.33,1037.42
90182020,1065.06,74.49000000000001
90182090,2928277.060000001,479093.63
90183090,0,0
90183100,0,0
90183111,480516.7499999999,36334.46999999999
90183119,2979077.93,247542.04
90183190,3478030.16,411761.18
90183211,15048.88,1498.97
90183212,14726.24,763.7800000000002
90183213,46.76,0
90183219,2204544.029999999,197630.55
90183220,74517.63999999998,12192.78
90183910,2230946.46,401022.68
90183921,2953506.649999999,498992.6000000001
90183922,773622.25,113685.07
90183923,2902.06,15.54
90183924,5050.69,383.19
90183925,79226.37000000001,9327.06
90183926,38104.96999999999,4714.419999999999
90183929,8206749.61,1166544.03
90183930,23594.79,345.96
90183990,130.8,24.33
90183991,1981.99,65.9
90183999,1296682.08,186873.14
90184100,162930.01,15341.98
90184911,24802.93,1759.45
90184912,3496.97,298.52
90184919,104992.27,9907.239999999998
90184920,58996.64999999999,3533.69
90184940,1504.96,115.57
90184991,133901.83,33239.31
90184999,2206155.98,187412.06
90185010,2116.79,73.55
90185090,373030.79,62313.40000000001
90185293,0,0
90189010,166118.72,21321.75
90189021,50822.54,2018.3
90189029,470354.71,45345.73
90189031,7380.97,93.88
90189039,1165,199.78
90189050,43.3,0
90189061,2637.75,211.7
90189069,173399.08,20864.38
90189091,46452.99,0
90189092,24380.71,262.67
90189093,796.53,59.21
90189094,4999,152
90189095,239365.57,14966.88
90189096,20108.01,3162.24
90189099,5450694.810000001,779527.4299999999
90189999,0,0
90191000,9533140.610000001,1202065.02
90192010,759427.06,99624.01000000004
90192020,121490.61,11276.26
90192030,15444.9,2656.14
90192040,7254.74,254.5
90192090,2826753.410000001,335685.17
90193119,0,0
90200010,6632378.1,948549.1400000001
90200090,356079.1099999999,34646.55
90201029,0,0
90205560,0,0
90209090,0,0
90211010,4293130.170000001,25780.44
90211020,1180406.23,21511.97
90211091,2908388.940000001,55199.17999999999
90211099,320804.6899999999,17573.26
90212110,287052.78,16019.49
90212190,37604.34,1322.99
90212900,695114.3299999998,106082.53
90213011,372,0
90213019,4730.700000000001,0
90213110,252536.17,0
90213120,303,0
90213190,198760.12,16.95
90213911,42418.79000000001,30.53
90213919,34319.1,10.25
90213920,798104.1199999996,65982.73
90213930,298890,6560
90213940,1217.02,211.2
90213980,2154433.91,18687.42
90213991,561010.44,262.09
90213999,199304.98,1248.22
90214000,11074966.02,39099.75
90215000,66471,4470.179999999999
90219011,50365,1825
90219012,67566.97,2955.79
90219013,44218.5,6886
90219019,47607.99,3537.08
90219080,4897847.42,10265.33
90219091,40960.54,1483.73
90219092,627059.5600000003,11598.28
90219099,404505.67,17161.91999999999
90221311,3409.88,88.12
90221319,104453.67,3464.22
90221390,83878.74,9025.56
90221412,4457.240000000001,10.85
90221413,27,0
90221419,54768.48,0
90221490,26060.5,284.97
90221991,44.07,0
90222110,12430.65,242.17
90222120,1600,0
90222190,10542.12,152.84
90222910,5.73,0.98
90222990,4317.77,0
90223000,380000.02,74423
90226290,0,0
90229010,63400,4896.84
90229012,5,1.03
90229080,937.59,166.37
90229091,11947.63,1636.38
90229099,94297.51000000001,37.7
90229101,0,0
90230000,94705.20000000001,9673.09
90231029,0,0
90235070,0,0
90241010,24043.42,1136.27
90241020,4230.24,11.64
90241090,37503.01,2551.19
90248011,1775,0
90248019,567.0699999999999,49.27
90248029,650.48,120.83
90248090,7519.200000000001,498.4299999999999
90249000,3986.28,217.71
90251110,7786.330000000001,101.66
90251111,5648.32,631.69
90251119,1029530.75,179372.36
90251190,346416.4399999999,38994.62
90251191,48011.07,9050.05
90251199,487885.75,9630.18
90251910,116102.87,9084.510000000002
90251990,6564352.640000001,695979.23
90258000,3568138.33,280697.83
90258007,0,0
90259010,759780.03,79398.19999999998
90259090,1090763.25,35555.73000000001
90259096,0,0
90261010,0,0
90261011,1080307.46,60557.97
90261019,10187485.64,1069290.87
90261020,2804,158.89
90261021,111364.52,6305.429999999999
90261029,19780872.21,1451706.54
90262010,5663104.98,454952.1299999999
90262090,26803507.44000001,2086380.24
90263090,0,0
90268000,4131757.7,544598.2899999999
90269010,2433720.9,160685.03
90269020,493452.06,49879.49000000001
90269090,3669857.73,315966.3099999999
90271000,4531087.64,368835.59
90271661,0,0
90272011,1079.99,0
90272012,6430.4,854
90272021,17,0
90272029,1368.86,0
90273011,96.00999999999999,0
90273019,2537.72,131.47
90273020,795731,163280.53
90275010,73061.48000000001,8316.2
90275020,227100.09,23747.31
90275030,116784.51,4756.37
90275040,1412.65,127.28
90275050,1419.7,15.19
90275090,413150.72,44102.07
90278014,15182.19,2268.37
90278099,202321.76,1735.3
90278100,2000.91,44.08
90278870,0,0
90278911,4621.45,599.73
90278912,50388.62,0
90278913,4284.34,0
90278914,418009.39,34010.85
90278920,125657.93,14894.64
90278991,106507.89,1518.12
90278999,12311045.2,1683884.23
90279010,11278.8,0
90279091,8,0
90279093,37871.98,6056.880000000001
90279099,1178713.92,114715.13
90281011,145377.49,0
90281019,83624.12999999999,6431.46
90281090,23093.44,2610.99
90282010,5958013.33,590285.83
90282020,1123866.73,202314.98
90283011,115084.19,10117.63
90283019,6419.53,1122.85
90283021,56973.27,6375.4
90283029,28202.72,2240.74
90283031,165973.92,17258.86
90283039,34971.25,3073.27
90283090,11782.79,0
90289010,1151.43,82.72
90289090,964000.6000000001,152746.45
90291010,5429658.41,437488.8799999999
90291090,1091956.65,84653.12
90291101,0,0
90291110,0,0
90292010,9323905.57,238015.7
90292020,3838.54,143.2
90292090,0,0
90299010,2660897.59,57761.71000000001
90299090,292586.95,30943.15
90299990,0,0
90300900,0,0
90301010,1556.38,83.02
90301090,22527.5,7.22
90302010,4864.15,0
90302022,1440,0
90302029,641.1800000000001,56.14
90303100,1505221.07,128304.18
90303200,68104.97,3312.21
90303310,0,0
90303311,716489.5599999999,66860.89000000001
90303319,470481.9399999999,43910.26
90303321,22161.62,646.1899999999999
90303329,583119.5899999999,42631.44
90303390,19463346.54,26717.93
90303910,86968.67000000001,2883.91
90303911,1506.9,145.3
90303921,250,39.67
90303929,130,0
90303990,702262.9400000001,34622.23
90304020,410.8,10.78
90304030,590,20.44
90304090,130560.79,4996.84
90308210,295.84,5.99
90308290,2647.09,65.60000000000001
90308410,35317.92,157.61
90308420,3018.86,250.02
90308490,75704.8,9289.52
90308910,49.36,0
90308930,103999.2,5609.03
90308940,9171.7,985.06
90308990,757743.47,53187.99
90309000,0,0
90309010,1696.79,105.34
90309090,113766.81,9674.86
90311000,189890.68,6642.039999999999
90312010,32796.39,421.78
90312090,344555.58,6658.28
90314100,2850,0
90314920,25980,0
90314990,4196861.3,428688.21
90315803,0,0
90318011,110469.13,8402.95
90318020,19026.54,2129.96
90318030,32032.01,5910.240000000001
90318040,221076.66,18517.25
90318050,1740,186.38
90318060,15165549.31,1397153.8
90318090,63.79,0
90318091,246832.71,24387.64
90318099,70285210.25,9723643.440000001
90319010,172992.16,119.81
90319090,2178401.95,335424.7
90321000,0,0
90321010,2060117.24,89322.23
90321090,8122626.470000001,676945.2099999998
90321099,0,0
90322000,6607757.820000002,625035.36
90322200,0,0
90328100,1061801.62,68683.84
90328900,0,0
90328910,0,0
90328911,35283549.46,2720502.4
90328919,384650.54,15251.98
90328920,0,0
90328921,1232174.31,40340.73
90328922,49254.04000000001,50.1
90328923,3105262.73,95751.59
90328924,221783.26,1900.59
90328925,12776775.33,519594.1
90328929,14691918.82,518856.6899999999
90328930,110473.4,8052.05
90328980,0,0
90328981,7126882.510000002,729342.88
90328982,21780949.55999999,1146433.03
90328983,5636435.99,585150.56
90328984,280927.36,25868.02
90328989,52791368.93,8122768.33
90328990,38327534.81,4344400.089999999
90328991,0,0
90328992,0,0
90329010,7659123.540000001,1133278.84
90329091,210150.63,9195.78
90329099,3360928.81,422510.98
90330000,2307640.189999999,281715.22
90332101,0,0
90338099,0,0
90358205,0,0
90358830,0,0
90358940,0,0
90361021,0,0
90375012,0,0
90398990,0,0
90409020,0,0
90412000,0,0
90419090,0,0
90520200,0,0
90571981,0,0
90669598,0,0
90703990,0,0
90807060,0,0
90828982,0,0
90920000,0,0
90930000,0,0
91004841,0,0
91010000,0,0
91011100,3647255.940000001,836218.24
91011900,172975.57,11745.9
91012100,2521066.7,500276.15
91012900,111989.93,28450.52
91019100,6306.940000000001,719.32
91019900,3441.1,215.25
91020000,0,0
91021110,4257205.499999999,839518.95
91021190,1344492.4,283977.6699999999
91021210,58084.88,4627.52
91021220,173147.33,12790.01
91021290,58030.25,105.09
91021900,62478.64,7334.309999999999
91022100,14256968.11,2908539.72
91022900,236769.77,34653.29999999999
91029100,18807.57,248.78
91029900,12557.56,347.56
91031000,10463.2,147.47
91039000,22300.07,502.49
91040000,245346.76,3567.12
91051100,23680.06,3522.14
91051900,4810.57,48.84
91052100,165898.3,5201.59
91052900,71270.71999999999,2057.36
91059100,10810.31,271.9300000000001
91059900,101571.8,2402.99
91061000,991854.5200000001,57394.27
91066000,0,0
91069000,224869.9,15246.15
91069030,0,0
91070000,0,0
91070010,1418770.58,123244.73
91070090,199058.55,16931.51
91081110,94.8,0
91081190,2662.2,432.61
91081200,58.6,2.68
91081900,18,0
91082000,493.75,0
91089000,7090,1223.1
91091000,14000.77,227.67
91091900,5910,0
91099000,14423.42,625.6700000000001
91101110,254.99,0
91101190,19842.65,0
91101200,106.77,0
91101900,23.63,0
91109000,486.96,0
91111000,548.9,0
91112010,233.06,17.46
91112090,1375.8,0
91118000,39425.21,4240.37
91119010,5787.55,387.83
91119090,30512.94,10802.78
91122000,988.2399999999999,3.01
91129000,427.83,0
91131000,5871.120000000001,163.88
91132000,46736.70999999999,7921.12
91139000,216686.9400000001,10135.96
91141000,9143.92,0.91
91143000,21040.71,4208.040000000001
91144000,2220.77,505.5500000000001
91149000,76582.80000000002,13789.72
91149010,6024.48,274.07
91149020,723.8,2.06
91149030,3266.94,283.26
91149050,7452.030000000001,68.48
91149060,5910,462
91149070,46175.82,272.96
91149090,50,0
91172000,0,0
91183219,0,0
91216299,0,0
91250000,0,0
91385020,0,0
91508035,0,0
91739000,0,0
92011000,79158.23999999999,9339.93
92012000,369264.42,20338.31
92019000,528.9300000000001,41.99
92021000,34828.46000000001,260.14
92029000,549229.89,84557.81
92051000,185613.74,35608.19
92059000,105097.24,4776.72
92060000,242752.65,9881.55
92071010,51448,6474.139999999999
92071090,597938.28,38229.61
92075011,0,0
92079010,607629.78,18005.83
92079090,36333.45,4150
92081000,85606.98,1819.58
92082000,0,0
92089000,46137.98,2057.96
92093000,30925.53,1430.66
92099100,5900.79,316.86
92099200,26659.34,442.3200000000001
92099400,114674.46,5451.78
92099900,140779.7,9083.299999999997
92249000,0,0
92262010,0,0
92328911,0,0
92840285,0,0
92853940,0,0
92854444,0,0
93000000,0,0
93002101,0,0
93003000,0,0
93006100,0,0
93010090,0,0
93011000,25179.83,720.67
93012000,1997.9,103.49
93016000,0,0
93019000,2336455.439999999,149858.11
93020000,9584636.809999999,495109.0700000001
93030000,0,0
93031000,87105.30000000002,2584.83
93032000,3006952,171359.64
93033000,5053358.659999999,293401.73
93034090,0,0
93035000,0,0
93039000,25003.99,1234.04
93039010,21404.5,3287.37
93039090,42511.95,66.06
93040000,364694.6,50399.47
93040010,7635.289999999999,242.54
93040090,1478156.77,86615.25000000003
93045000,0,0
93051000,132431.95,10172.95
93052000,101616.63,3511.24
93052100,234.86,0
93058098,0,0
93059100,95820.93,6183.13
93059900,150549.98,5393.32
93061000,2454,165.45
93062100,131801.89,20681.69
93062110,161098.69,23237.23
93062120,3476.21,0
93062130,28121.58,257.69
93062190,3862154.79,390840.4400000001
93062900,449709.49,42653.22
93063000,13944511.13,1364917.05
93063030,0,0
93069000,41661.49,9238.51
93069010,3112,7.879999999999999
93069090,27440.87,595.48
93070000,58656.74,5064.500000000001
93082000,0,0
93088529,0,0
93100013,0,0
93169090,0,0
93173100,0,0
93173900,0,0
93181600,0,0
93182100,0,0
93191020,0,0
93241000,0,0
93251000,0,0
93321521,0,0
93328727,0,0
93580385,0,0
93583005,0,0
93629685,0,0
93652013,0,0
94000000,0,0
94002100,0,0
94002900,0,0
94003300,0,0
94003600,0,0
94003909,0,0
94011010,35249.73999999999,2.17
94011090,694095.82,25412.62
94012000,17072883.93,609251.39
94012900,0,0
94013010,77462.36,2124.65
94013090,407567.46,8311.54
94013100,253804.16,22420.47
94013600,0,0
94013900,7999341.960000001,839146.82
94014010,8188,0
94014090,1130.64,144.41
94014100,238193.39,21013.34
94014900,43174.02,3171.92
94015001,0,0
94015200,4358.51,413.6199999999999
94015300,5823.7,320.53
94015855,0,0
94015900,561395.52,44916.64000000001
94016000,0,0
94016100,88434132.58999999,5395560.62
94016101,0,0
94016900,5412828.320000001,444076.6199999999
94017100,15752204.99,1114583.97
94017900,10951086.68,968212.69
94018000,7501486.85,654541.47
94019010,10662.66,949.1800000000001
94019090,261344.55,22482.66999999999
94019100,76386.39,4336.89
94019361,0,0
94019660,0,0
94019668,0,0
94019900,6894406.58,569893.7700000001
94021000,819959.72,36996.28
94022000,0,0
94029003,0,0
94029010,47949.95,8199.85
94029020,423956.01,26775.52
94029090,818385.84,35463.57
94031000,14060127.18,563374.4400000002
94032000,2558076.22,127573.87
94032010,3160652.66,478110.6800000001
94032090,19661358.88,1754208
94033000,47936935.65000001,1671701.66
94033909,0,0
94034000,74678830.01,5514780.980000001
94035000,57211133.21,4325451.880000001
94036000,141867512.56,6692951.179999999
94036900,0,0
94037000,5260728.37,489792.5399999999
94038000,31373.45,615.6800000000001
94038100,76747.05,0
94038200,83201.09,3683.35
94038300,203219.91,7085.76
94038900,10931551.49,284895.24
94038910,0,0
94039000,0,0
94039010,229999.08,6370.79
94039090,1482078.29,72828.09000000001
94039100,9556674.4,892596.5999999997
94039900,16716910.16,1139241.97
94040000,0,0
94040203,0,0
94041000,5910550.320000001,456788.5199999998
94042000,0,0
94042100,16924670.8,1955617.24
94042900,35707095.86000001,2531570.87
94043000,339236.81,2815.14
94043500,0,0
94044000,1776142.02,215952.02
94047210,0,0
94049000,9345537.16,754092.3699999999
94049090,0,0
94051000,0,0
94051006,0,0
94051010,148745.47,154.23
94051040,0,0
94051055,0,0
94051090,0,0
94051091,42009.27,45.32000000000001
94051092,81550.88,6910.86
94051093,2762149.279999999,169868.26
94051099,1180545.25,52810.91999999999
94051110,557411.78,29314.29999999999
94051190,44043100.45999999,2794588.86
94051194,0,0
94051199,0,0
94051910,85043.35999999999,6569.190000000001
94051990,12941251.77,661049.64
94052000,182479.61,29826.63000000001
94052100,956640.1699999999,41090.9
94052900,2040634.45,120792.27
94053000,15624.78,564.28
94053004,0,0
94053100,450401.16,23272
94053900,132718.67,8461.390000000001
94054010,789119.4600000001,50969.10999999999
94054050,0,0
94054090,1068490.34,65725.95000000001
94054100,3971486.259999999,278461.09
94054200,26083781.75,2008106.37
94054900,6887226.88,428141.4
94054990,0,0
94055000,2912969,144836.31
94055100,0,0
94055200,0,0
94055500,0,0
94056000,36494.76,311.84
94056100,175030.31,5493.99
94056900,314124.2,2532.49
94059000,0,0
94059100,363046.33,9662.59
94059200,1022984.9,53162.14
94059900,2866180.95,142501.67
94060010,911,0
94060091,9809.14,0
94060092,64660.7,514.5
94060099,108242.2,8543.02
94061010,351083.73,8015.719999999999
94061090,617923.6699999999,11510.42
94062000,664483.11,84488.18
94063400,0,0
94069010,36208534.89,1874042.93
94069020,49875472.55,3684770.06
94069090,5228062.88,725107.93
94095029,0,0
94099111,0,0
94099190,0,0
94099917,0,0
94099999,0,0
94106900,0,0
94130915,0,0
94133020,0,0
94139190,0,0
94145990,0,0
94159090,0,0
94186931,0,0
94219899,0,0
94242900,0,0
94310000,0,0
94314929,0,0
94329000,0,0
94349000,0,0
94360000,0,0
94510012,0,0
94600000,0,0
94679100,0,0
94716494,0,0
94916100,0,0
94921090,0,0
94930000,0,0
94934000,0,0
95010000,401.5,0.51
95021010,49.49,0
95029990,0,0
95030010,3563936.46,517183.82
95030020,0,0
95030021,93564.93000000004,6706.770000000001
95030022,663948.7799999999,46664.41
95030029,68681.8,756.7399999999999
95030031,339299.52,15122.06
95030039,362457.1200000001,21181.35
95030040,90914.27,324.79
95030050,312741.83,47476.99999999999
95030060,495822.9399999999,42121.17000000001
95030070,69189.95,4944.509999999999
95030080,530745.25,17791.75
95030091,67223.25999999998,3650.98
95030097,1142820.44,23770.56
95030098,120941.87,2515.65
95030099,4410548.249999999,401805.74
95034100,1022.42,0.4
95034900,2.99,0.11
95039000,613.76,0
95039090,353.7,0
95039099,0,0
95041010,649.5,0
95041990,0,0
95042000,1403404.9,26200.6
95043000,120714.19,1433.52
95044000,112843.33,10459.27
95044400,0,0
95045000,3281181.79,401942.1900000001
95049000,29.9,0
95049010,213.32,0
95049090,324705.9600000001,10828.53
95051000,1455664.44,73828.12999999999
95051099,0,0
95056000,0,0
95059000,907227.07,16519.51
95059090,0,0
95061100,54690.38,9033.289999999999
95061200,821.6,5.43
95061900,202461.51,197.3
95062100,6047,0
95062900,1814101.48,23820.59
95063100,14274.56,0
95063200,117259.2,5955.860000000001
95063900,51608.81,88.61
95064000,277219.06,25075.9
95065100,275833.6400000001,13854.13
95065900,594652.0199999999,30856.75
95066100,206088.1800000001,12444.48
95066200,613940.19,48303.56999999999
95066900,120267.09,5721.029999999999
95067000,56084.8,2472.680000000001
95067900,0,0
95069100,13548085.77,1302960.54
95069900,6260962.069999999,177427.49
95070000,0,0
95071000,1025330.76,54880.23999999998
95071090,0,0
95072000,283795.9399999999,19673.88
95073000,1519806.93,96530.04999999999
95079000,1700172.66,98168.11
95079200,0,0
95081000,6321.8,110.35
95082110,355.14,12.54
95082190,77834,0
95082290,67507.58,1066.45
95082300,67.98,0
95082500,3680.76,448.73
95082600,2000,0
95082900,756508.4400000002,115042.89
95083000,15291.34,2550.869999999999
95084000,36531.90000000001,3.1
95089020,376,0
95089049,68043.06,6.8
95089090,20465.5,0
95089800,0,0
95159000,0,0
95159500,0,0
95162000,0,0
95303100,0,0
95308547,0,0
95310120,0,0
95346510,0,0
95359090,0,0
95366100,0,0
95366910,0,0
95369090,0,0
95383905,0,0
95392190,0,0
95444900,0,0
95623020,0,0
95631122,0,0
95686565,0,0
96003100,0,0
96008200,0,0
96011000,7962.620000000004,70.94
96019000,439997.5,40712.95999999999
96020000,0,0
96020010,8945.91,401.73
96020020,157171.62,133.64
96020090,210649.13,11451.27
96030000,0,0
96030001,0,0
96030410,0,0
96030900,0,0
96031000,2500279.09,220743.03
96031011,0,0
96032100,620627.4500000001,14408.16
96032900,394471.98,32419.96000000001
96032999,0,0
96033000,331651.0499999999,22159.2
96033900,0,0
96034000,0,0
96034002,0,0
96034010,5297077.829999999,667691.15
96034090,3637819.869999999,413578.71
96035000,11088538.58,1291810.47
96039000,10888499.83000001,1377940.74
96039004,0,0
96039040,0,0
96039099,0,0
96040000,2411252.22,247780.26
96041000,0,0
96042900,0,0
96044000,0,0
96049020,0,0
96050000,20814.87,933.73
96052000,0,0
96060010,0,0
96061000,88239.45999999999,224.84
96062100,11431.73,224.23
96062200,17507.1,724.44
96062900,634326.61,513.56
96063000,43388.21000000001,2900.64
96064010,0,0
96071100,36448.9,187.2
96071900,50366.44,2384.11
96072000,44621.11000000001,5776.490000000001
96080000,0,0
96081000,1839016.82,110016.26
96081020,0,0
96081100,0,0
96082000,1853355.8,136594.31
96082200,0,0
96083000,1968917.08,380562.6700000001
96084000,76727.81999999998,3545.829999999999
96084070,0,0
96085000,3318.05,292.83
96086000,21909.75,1871.33
96088400,0,0
96089000,0,0
96089100,5207.49,59.2
96089981,1528.21,56.38000000000001
96089989,119930.09,1039.72
96089990,23399.2,622.9399999999999
96090000,0,0
96091000,392374.01,36252.13
96091001,0,0
96092000,68646.69999999998,1962.23
96099000,783129.1100000001,118439.4
96100000,394370.77,19214.36
96110000,623334.7300000001,48936.42000000001
96121000,1247376.11,117100.8
96121011,261.54,47.76
96121012,1652.5,1.93
96121013,318.5,0
96121019,7175.509999999999,58.85
96121090,36235.97,643.06
96122000,44320.50999999999,2264.07
96131000,288761.79,55531.93
96132000,5274.34,266.98
96138000,165649.01,8938.96
96138001,0,0
96139000,129320.57,3457.56
96140000,16546.59,178.51
96140090,0,0
96151100,122309.58,3472.86
96151900,527001.54,114173.67
96159000,513235.2299999999,15351.39
96161000,18685.81,681.9699999999999
96162000,83682.11999999998,6638.900000000001
96170000,0,0
96170010,7488399.75,928095.0400000003
96170020,225526.5,24734.53
96180000,51152.02,3584.66
96190000,3135753.539999998,283010.42
96200000,464270.3799999999,28185.65999999999
96261021,0,0
96261029,0,0
96262090,0,0
96269090,0,0
96325250,0,0
96335555,0,0
96335588,0,0
96344010,0,0
96352555,0,0
96353535,0,0
96358877,0,0
96358974,0,0
96400000,0,0
96523399,0,0
96545222,0,0
96598702,0,0
96603401,0,0
96603900,0,0
96802000,0,0
96807000,0,0
96808200,0,0
96842235,0,0
96853255,0,0
96857411,0,0
96857788,0,0
96868999,0,0
96887721,0,0
96969335,0,0
96969698,0,0
97001420,0,0
97010000,0,0
97011000,323373.6,6164.209999999999
97012100,2639269.82,108099.25
97012200,111182.11,4514.89
97012900,96757.54000000001,9762.28
97019000,48696.67000000001,4794.68
97019100,6308650.2,240378.06
97019200,3083.09,1.87
97019900,12611993.1,1418864.620000001
97020000,3548.21,0
97021000,32758,785.4399999999999
97029000,170614.85,4271.46
97030000,523456.52,1027.01
97031000,87185.99,159.56
97039000,3360098.93,132434.71
97040000,47036.06,132.88
97050000,25500,1.2
97051000,21227.52,1671.02
97052100,58.03,0
97052200,21,0
97052900,15594.5,22.21
97053100,50,0
97053900,2485.92,242.33
97060000,199702.04,16320.84
97061000,4709388.609999999,20295.07999999999
97069000,18157606.14,2013563.51
97082999,0,0
97083011,0,0
97085099,0,0
97089100,0,0
97089990,0,0
97097090,0,0
97136946,0,0
97169090,0,0
97422960,0,0
98034010,0,0
98042211,0,0
98052615,0,0
98072030,0,0
98081000,0,0
98099990,0,0
98101010,0,0
98109900,0,0
98183910,0,0
98346352,0,0
98413919,0,0
98524523,0,0
98562365,0,0
98563214,0,0
98566347,0,0
98655888,0,0
98708990,0,0
98745698,0,0
98752314,0,0
98754120,0,0
98765432,0,0
98775969,0,0
98790000,0,0
99000000,0,0
99000020,0,0
99000040,0,0
99000102,0,0
99000105,0,0
99000153,0,0
99000166,0,0
99000167,0,0
99000183,0,0
99000206,0,0
99000217,0,0
99000260,0,0
99000262,0,0
99000266,0,0
99000271,0,0
99000282,0,0
99000289,0,0
99000330,0,0
99000367,0,0
99000412,0,0
99000440,0,0
99000538,0,0
99000539,0,0
99000549,0,0
99000556,0,0
99000560,0,0
99000561,0,0
99000563,0,0
99000572,0,0
99000580,0,0
99000586,0,0
99000591,0,0
99000601,0,0
99000635,0,0
99000644,0,0
99000648,0,0
99000673,0,0
99000678,0,0
99000687,0,0
99000715,0,0
99000729,0,0
99000736,0,0
99000737,0,0
99000738,0,0
99000743,0,0
99000751,0,0
99000769,0,0
99000784,0,0
99000799,0,0
99000827,0,0
99000845,0,0
99173900,0,0
99203000,0,0
99365624,0,0
99451820,0,0
99633625,0,0
99635696,0,0
99654578,0,0
99668855,0,0
99740065,0,0
99742514,0,0
99808843,0,0
99900000,0,0
99900043,0,0
99900053,0,0
99900193,0,0
99900195,0,0
99900196,0,0
99980101,0,0
99980202,0,0
99990000,0,0
99990007,0,0
99990999,0,0
99997101,0,0
99998856,0,0
99999000,0,0
99999900,0,0
99999909,0,0
99999945,0,0
99999990,0,0
99999998,0,0
99999999,0,0
