ncm,tipo_emitente,tipo_destinatario,cfop_receitabruta,cfop_compra,numero_indicador_mei,numero_indicador_simples,valor_produtos_servicos,tributos_nfe
00000000,PF,PF,True,False,-,-,0,0
00000000,PF,PJ,True,False,1,1,0,0
00000000,PF,PJ,True,False,2,1,0,0
00000000,PF,PJ,True,False,2,2,0,0
00000000,PJ,PF,False,True,1,1,0,0
00000000,PJ,PF,False,True,2,1,0,0
00000000,PJ,PF,False,True,2,2,0,0
00000000,PJ,PF,True,False,-,-,0,0
00000000,PJ,PJ,True,False,2,1,0,0
00000000,PJ,PJ,True,False,2,2,0,0
01012000,PF,PF,True,False,-,-,19118.22,0
01012000,PF,PJ,True,False,2,1,2372.74,0
01012100,PF,PF,True,False,-,-,7436558.68,185445.33
01012100,PF,PJ,True,False,2,1,15500,0
01012100,PF,PJ,True,False,2,2,3543676.81,12131.4
01012100,PJ,PF,False,True,2,1,99.56,0
01012100,PJ,PF,False,True,2,2,500000,0
01012100,PJ,PF,True,False,-,-,4908942,2231.94
01012100,PJ,PJ,True,False,2,1,30000,0
01012100,PJ,PJ,True,False,2,2,5325167.96,89.04
01012900,PF,PF,True,False,-,-,194922745.81,241482.51
01012900,PF,PJ,True,False,1,1,28242,89.04
01012900,PF,PJ,True,False,2,1,3273114.65,4988.29
01012900,PF,PJ,True,False,2,2,160671332.96,723977.7200000001
01012900,PJ,PF,False,True,2,1,385100,0
01012900,PJ,PF,False,True,2,2,126917.17,1444.87
01012900,PJ,PF,True,False,-,-,1506766.11,19371.27
01012900,PJ,PJ,True,False,2,1,6000,0
01012900,PJ,PJ,True,False,2,2,12207076.35,6223.52
01013000,PF,PF,True,False,-,-,2647548.09,60060.2
01013000,PF,PJ,True,False,2,1,18771,106.68
01013000,PF,PJ,True,False,2,2,354937.12,10841.82
01013000,PJ,PF,True,False,-,-,23500,0
01013000,PJ,PJ,True,False,2,2,66000,70
01019000,PF,PF,True,False,-,-,38473340.09,191225.8654
01019000,PF,PJ,True,False,2,1,174941.32,180
01019000,PF,PJ,True,False,2,2,20784963.66,341169.67
01019000,PJ,PF,True,False,-,-,3400,238
01019000,PJ,PJ,True,False,2,2,1200,0
01021010,PF,PF,True,False,-,-,11200,0
01022110,PF,PF,True,False,-,-,411461872.38,55959.77
01022110,PF,PJ,True,False,2,1,3553713.72,0
01022110,PF,PJ,True,False,2,2,628323254.11,664001.1
01022110,PJ,PF,False,True,2,2,4444683.07,0
01022110,PJ,PF,True,False,-,-,6589299.13,775
01022110,PJ,PJ,True,False,2,2,13211918.52,0
01022190,PF,PF,True,False,-,-,4688920878.3,4734401.7807
01022190,PF,PJ,True,False,1,1,49467.3,0
01022190,PF,PJ,True,False,2,1,33350632.69,30981.14
01022190,PF,PJ,True,False,2,2,6694991168.49,13549781.1666
01022190,PJ,PF,False,True,2,1,202117,0
01022190,PJ,PF,False,True,2,2,186213384.03,1726942.05
01022190,PJ,PF,True,False,-,-,42764493.72,35119
01022190,PJ,PJ,True,False,2,1,681035.07,0
01022190,PJ,PJ,True,False,2,2,422011686.7,29508.53
01022911,PF,PF,True,False,-,-,1377514397.1,988864.5499999999
01022911,PF,PJ,True,False,2,1,594502.32,27631.57
01022911,PF,PJ,True,False,2,2,2245114936.81,3027899.08
01022911,PJ,PJ,True,False,2,1,12124,0
01022911,PJ,PJ,True,False,2,2,12429020.3,0
01022919,PF,PF,True,False,-,-,2979413350.45,383708.79
01022919,PF,PJ,True,False,1,1,3742.8,0
01022919,PF,PJ,True,False,2,1,10508138.95,3699.93
01022919,PF,PJ,True,False,2,2,1206956739.29,19981146.12
01022919,PJ,PF,False,True,2,2,72260014.62,0
01022919,PJ,PF,True,False,-,-,972465,2100
01022919,PJ,PJ,True,False,2,1,269962.3,0
01022919,PJ,PJ,True,False,2,2,327698323.16,0
01022990,PF,PF,True,False,-,-,15701299071.42,9407676.8649
01022990,PF,PJ,True,False,1,1,154013.33,186
01022990,PF,PJ,True,False,2,1,62154940.42,190790.4
01022990,PF,PJ,True,False,2,2,25400709066.28,84010093.6217
01022990,PJ,PF,False,True,2,1,153987.98,0
01022990,PJ,PF,False,True,2,2,617824580.53,7852476.96
01022990,PJ,PF,True,False,-,-,4987210.04,16296
01022990,PJ,PJ,True,False,2,1,2385262.1,0
01022990,PJ,PJ,True,False,2,2,1470874099.97,69655
01023110,PF,PF,True,False,-,-,5504561.88,295938
01023110,PF,PJ,True,False,2,1,277500,3150
01023110,PF,PJ,True,False,2,2,570501.61,21064.25
01023110,PJ,PF,True,False,-,-,20000,0
01023190,PF,PF,True,False,-,-,20734442.43,7394.4
01023190,PF,PJ,True,False,2,1,2345400.45,0
01023190,PF,PJ,True,False,2,2,13537481.27,23395.71
01023190,PJ,PF,False,True,2,2,1539477.89,7145.68
01023190,PJ,PJ,True,False,2,2,1724969,0
01023911,PF,PF,True,False,-,-,897796.49,0
01023911,PF,PJ,True,False,2,2,1923000,0
01023911,PJ,PJ,True,False,2,2,28681.96,0
01023919,PF,PF,True,False,-,-,5291408.54,0
01023919,PF,PJ,True,False,2,1,6000,0
01023919,PF,PJ,True,False,2,2,114952810.22,5065.690000000001
01023919,PJ,PJ,True,False,2,2,727234.3300000001,0
01023990,PF,PF,True,False,-,-,40418759.78,175209.73
01023990,PF,PJ,True,False,1,1,27053.31,0
01023990,PF,PJ,True,False,2,1,1186403.74,0
01023990,PF,PJ,True,False,2,2,188261197.23,549174.06
01023990,PJ,PF,False,True,2,2,343699.23,0
01023990,PJ,PJ,True,False,2,2,1870452,0
01029000,PF,PF,True,False,-,-,16380076177.49,4408717.8684
01029000,PF,PJ,True,False,1,1,113093.38,0
01029000,PF,PJ,True,False,2,1,75195791.62,15090.11
01029000,PF,PJ,True,False,2,2,9667462814.53,90887364.53559999
01029000,PJ,PF,False,True,1,1,9190,0
01029000,PJ,PF,False,True,2,1,99172,1657.5
01029000,PJ,PF,False,True,2,2,1153128395.41,8598081.75
01029000,PJ,PF,True,False,-,-,17156002.99,0
01029000,PJ,PJ,True,False,2,1,2146023.77,0
01029000,PJ,PJ,True,False,2,2,1618829982.18,1922547.19
01029019,PF,PF,True,False,-,-,304900,0
01029019,PF,PJ,True,False,2,2,54521.42,10359.06
01029090,PF,PF,True,False,-,-,99007519.11,0
01029090,PF,PJ,True,False,2,1,21454.38,0
01029090,PF,PJ,True,False,2,2,90706477.81,2509311.48
01031000,PF,PF,True,False,-,-,47205369.72,17801.04
01031000,PF,PJ,True,False,1,1,21303.32,0
01031000,PF,PJ,True,False,2,1,6395381.18,18994.2
01031000,PF,PJ,True,False,2,2,190602828.09,1594241.76
01031000,PJ,PF,False,True,2,2,1965536.350000001,181812.12
01031000,PJ,PF,True,False,-,-,739470.86,0
01031000,PJ,PJ,True,False,2,1,43065.69,0
01031000,PJ,PJ,True,False,2,2,1685178.29,0
01039100,PF,PF,True,False,-,-,88434748.87,157098.84
01039100,PF,PJ,True,False,1,1,44439.8,0
01039100,PF,PJ,True,False,2,1,6096909.019999999,69292.22999999998
01039100,PF,PJ,True,False,2,2,415307328.87,3617042.66
01039100,PJ,PF,False,True,2,1,180416.98,0
01039100,PJ,PF,False,True,2,2,180165595.99,5880665.48
01039100,PJ,PJ,True,False,2,2,53729949.29000001,6402.46
01039200,PF,PF,True,False,-,-,388997731.72,17479657.18000001
01039200,PF,PJ,True,False,1,1,1993369.55,25156.74
01039200,PF,PJ,True,False,2,1,90532106.02,902585.16
01039200,PF,PJ,True,False,2,2,7266273115.69,99892475.08
01039200,PJ,PF,False,True,2,1,837164.9400000001,38.8
01039200,PJ,PF,False,True,2,2,158599322.19,2375964.56
01039200,PJ,PF,True,False,-,-,1803569.94,1925.28
01039200,PJ,PJ,True,False,1,1,53272.27,0
01039200,PJ,PJ,True,False,2,1,1939507.86,0
01039200,PJ,PJ,True,False,2,2,1057421511.46,58789.2
01041011,PF,PF,True,False,-,-,422465.05,0
01041011,PF,PJ,True,False,2,1,3498,0
01041011,PF,PJ,True,False,2,2,100,0
01041011,PJ,PJ,True,False,2,2,2000,0
01041019,PF,PF,True,False,-,-,3110700.75,3237.28
01041019,PF,PJ,True,False,2,1,742567,346.75
01041019,PF,PJ,True,False,2,2,9670197.92,12087.78
01041019,PJ,PF,False,True,2,2,422562.13,0
01041019,PJ,PJ,True,False,2,2,883107.34,0
01041090,PF,PF,True,False,-,-,14480272.93,20227.93
01041090,PF,PJ,True,False,2,1,203123.64,0
01041090,PF,PJ,True,False,2,2,7657896.46,157625.19
01041090,PJ,PF,False,True,2,2,440848.02,0
01041090,PJ,PF,True,False,-,-,17776,1418.12
01041090,PJ,PJ,True,False,2,1,20124.5,0
01041090,PJ,PJ,True,False,2,2,105217.8,0
01042010,PF,PF,True,False,-,-,66812,0
01042010,PF,PJ,True,False,2,2,83080,0
01042090,PF,PF,True,False,-,-,1023919.18,4026.07
01042090,PF,PJ,True,False,2,1,1373.35,0
01042090,PF,PJ,True,False,2,2,188425.96,20168.4
01042090,PJ,PJ,True,False,2,2,1000,0
01051000,PF,PJ,True,False,2,2,0,0
01051100,PF,PJ,True,False,2,1,0,0
01051100,PF,PJ,True,False,2,2,0,0
01051110,PF,PF,True,False,-,-,4768244.03,62553.6
01051110,PF,PJ,True,False,2,1,1218282.03,0
01051110,PF,PJ,True,False,2,2,25019292,90868.27000000002
01051110,PJ,PF,False,True,2,2,169501.22,0
01051110,PJ,PJ,True,False,2,1,13800,0
01051110,PJ,PJ,True,False,2,2,7249813.62,0
01051190,PF,PF,True,False,-,-,293511877.7500001,198654.94
01051190,PF,PJ,True,False,1,1,603278.25,0
01051190,PF,PJ,True,False,2,1,23477112.4,59903.30000000001
01051190,PF,PJ,True,False,2,2,514162925.56,942997.69
01051190,PJ,PF,False,True,2,2,13409413.59000001,0
01051190,PJ,PF,True,False,-,-,34504067.6,1361563.91
01051190,PJ,PJ,True,False,1,1,160668.5,4829.490000000001
01051190,PJ,PJ,True,False,2,1,3273958.2,100282.68
01051190,PJ,PJ,True,False,2,2,411394485.13,7314467.249999998
01051400,PF,PJ,True,False,2,2,37901.63,0
01051500,PF,PJ,True,False,1,1,15000,0
01051500,PF,PJ,True,False,2,1,960586.0799999998,0
01051500,PF,PJ,True,False,2,2,54743545.09999999,0
01059010,PF,PJ,True,False,2,2,0,0
01059400,PF,PF,True,False,-,-,381732481.04,22266377.71
01059400,PF,PJ,True,False,1,1,478282.6,23054.42
01059400,PF,PJ,True,False,2,1,53234378.39,806281.8999999999
01059400,PF,PJ,True,False,2,2,660802935.58,7747939.470000001
01059400,PJ,PF,False,True,2,2,1288511.63,2225.06
01059400,PJ,PF,True,False,-,-,4347.5,0
01059400,PJ,PJ,True,False,2,1,4202681.6,326120.5799999999
01059400,PJ,PJ,True,False,2,2,890377697.22,341585.26
01059900,PF,PF,True,False,-,-,483565322.39,23223719.6
01059900,PF,PJ,True,False,1,1,3348322.52,460602.98
01059900,PF,PJ,True,False,2,1,46111137.08,3688571.82
01059900,PF,PJ,True,False,2,2,400726813.47,7568449.869999998
01059900,PJ,PJ,True,False,2,1,706658.8300000001,0
01059900,PJ,PJ,True,False,2,2,441902986.0299999,448696.1200000001
01061100,PF,PF,True,False,-,-,500850,0
01061100,PF,PJ,True,False,2,2,845600,101472
01061200,PF,PJ,True,False,2,2,3997.6,0
01061300,PF,PF,True,False,-,-,13500,0
01061900,PF,PF,True,False,-,-,3367699.85,169.2
01061900,PF,PJ,True,False,2,1,5384320.810000001,0
01061900,PF,PJ,True,False,2,2,2744776.54,0
01061900,PJ,PF,False,True,2,2,6000,0
01063100,PF,PF,True,False,-,-,25717086.69000001,0
01063100,PF,PJ,True,False,1,1,40357.5,0
01063100,PF,PJ,True,False,2,1,1678388,2268
01063100,PF,PJ,True,False,2,2,5327148.26,0
01063200,PF,PJ,True,False,2,1,400,80
01063390,PF,PF,True,False,-,-,3639955.2,0
01063390,PF,PJ,True,False,2,2,12952837.85,343687.97
01063900,PF,PF,True,False,-,-,48062053.79,159415.2
01063900,PF,PJ,True,False,1,1,19646,0
01063900,PF,PJ,True,False,2,1,1558637.41,0
01063900,PF,PJ,True,False,2,2,15202201.96,158642.05
01063900,PJ,PJ,True,False,2,1,17392,0
01063900,PJ,PJ,True,False,2,2,32142.4,0
01064100,PF,PF,True,False,-,-,150500,0
01064900,PF,PF,True,False,-,-,33180,0
01069000,PF,PF,True,False,-,-,4719054.11,84091.6
01069000,PF,PJ,True,False,2,1,21390,0
01069000,PF,PJ,True,False,2,2,6731381.2,0
01209000,PF,PJ,True,False,2,1,0,0
01290000,PF,PJ,True,False,2,2,0,0
02011000,PF,PF,True,False,-,-,1860700.76,0
02011000,PF,PJ,True,False,2,1,206755,0
02011000,PF,PJ,True,False,2,2,12710225.65,0
02011000,PJ,PF,False,True,2,1,163498,0
02011000,PJ,PF,False,True,2,2,142040754.36,27459.7
02011000,PJ,PJ,True,False,2,2,210951,0
02012010,PF,PF,True,False,-,-,1188884.94,0
02012010,PF,PJ,True,False,2,1,121233,0
02012010,PF,PJ,True,False,2,2,17368429.56,577084.71
02012010,PJ,PF,False,True,2,1,4000,0
02012010,PJ,PF,False,True,2,2,9573516.55,28445.97
02012020,PF,PF,True,False,-,-,361833.45,0
02012020,PF,PJ,True,False,2,2,10671704.71,713.8700000000001
02012020,PJ,PF,False,True,2,2,7834897.89,0
02012090,PF,PF,True,False,-,-,41870580.36,116086.05
02012090,PF,PJ,True,False,2,1,271083.32,0
02012090,PF,PJ,True,False,2,2,37872549.33,30777.26
02012090,PJ,PF,False,True,2,2,36183200.4,5170.77
02012090,PJ,PF,True,False,-,-,25500,0
02012090,PJ,PJ,True,False,2,2,6350693.71,0
02013000,PF,PF,True,False,-,-,389175.5,0
02013000,PF,PJ,True,False,2,1,27878.64999999999,0
02013000,PF,PJ,True,False,2,2,1678889.5,0
02013000,PJ,PF,False,True,2,1,162818.11,0
02013000,PJ,PF,False,True,2,2,8247228.89,1511.61
02021000,PF,PF,True,False,-,-,667889.44,0
02021000,PF,PJ,True,False,1,1,148000,0
02021000,PF,PJ,True,False,2,1,591349.64,0
02021000,PF,PJ,True,False,2,2,1609903.62,33683.52
02021000,PJ,PF,False,True,2,2,2600693.42,92497.78
02022010,PF,PJ,True,False,2,2,2188685.1,21838.74000000001
02022010,PJ,PF,False,True,2,2,50000,0
02022020,PF,PF,True,False,-,-,106160,3140.96
02022020,PF,PJ,True,False,2,2,2603957.879999999,26032.07
02022090,PF,PF,True,False,-,-,2916836.93,0
02022090,PF,PJ,True,False,2,2,6797318.140000001,0
02022090,PJ,PF,False,True,2,2,1280293.41,0
02023000,PF,PF,True,False,-,-,1777333.23,0
02023000,PF,PJ,True,False,2,2,3784873.61,75295.37
02023000,PJ,PF,False,True,2,2,1884265.27,0
02031100,PF,PF,True,False,-,-,585475,0
02031100,PF,PJ,True,False,2,1,29344.46,144
02031100,PF,PJ,True,False,2,2,1027383.09,128959.39
02031100,PJ,PF,False,True,2,1,59242.5,0
02031100,PJ,PF,False,True,2,2,4489180.47,0
02031900,PF,PF,True,False,-,-,38522.4,0
02031900,PF,PJ,True,False,2,1,199499.62,0
02031900,PF,PJ,True,False,2,2,2673166.65,7713.43
02031900,PJ,PF,False,True,2,2,1184745.99,0
02032100,PJ,PF,False,True,2,1,16899.6,0
02032200,PJ,PF,False,True,2,1,601.89,0
02032900,PF,PJ,True,False,2,2,211639.09,0
02032900,PJ,PF,False,True,2,2,450,41.63
02041000,PJ,PF,False,True,2,2,135979.53,0
02042200,PF,PJ,True,False,2,2,2700,0
02042200,PJ,PF,False,True,2,2,5000,462.5
02043000,PF,PF,True,False,-,-,4800,576
02044200,PF,PF,True,False,-,-,4000,0
02044300,PJ,PF,False,True,2,2,7956,1670.76
02045000,PF,PF,True,False,-,-,9800,0
02045000,PF,PJ,True,False,2,2,1069923.39,196804.98
02050000,PF,PF,True,False,-,-,983250,0
02050000,PF,PJ,True,False,2,2,65000,0
02061000,PF,PJ,True,False,2,2,113564.66,1135.19
02061000,PJ,PF,False,True,2,1,108720,0
02061000,PJ,PF,False,True,2,2,196917.99,3305.46
02062100,PF,PJ,True,False,2,2,162070.54,0
02062200,PF,PF,True,False,-,-,485040,0
02062200,PF,PJ,True,False,2,2,146817.3,0
02062200,PJ,PF,False,True,2,2,637.5,0
02062990,PF,PJ,True,False,2,2,1093915.7,0
02062990,PJ,PF,False,True,2,2,60326.37,0
02063000,PF,PF,True,False,-,-,136391.35,0
02063000,PF,PJ,True,False,2,1,1000,0
02063000,PF,PJ,True,False,2,2,30854951.38,11861.36
02063000,PJ,PF,False,True,2,2,96290.55,0
02071100,PF,PF,True,False,-,-,11821685.44,809.7099999999999
02071100,PF,PJ,True,False,1,1,7085,0
02071100,PF,PJ,True,False,2,1,227774.1,746.17
02071100,PF,PJ,True,False,2,2,11387242.66,84987.56000000001
02071220,PF,PF,True,False,-,-,1284902.04,112815.06
02071220,PF,PJ,True,False,2,1,503602.0899999999,46583.14000000001
02071220,PF,PJ,True,False,2,2,388586.6500000001,35944.26
02071300,PF,PF,True,False,-,-,87181.75000000001,0
02071300,PF,PJ,True,False,2,1,172831.5,0
02071300,PF,PJ,True,False,2,2,1705257.04,0
02071400,PF,PJ,True,False,2,2,196570.75,0
02071400,PJ,PF,False,True,2,2,158388.5,0
02071411,PF,PJ,True,False,2,2,7448.7,0
02071412,PF,PJ,True,False,2,2,456,0
02071421,PJ,PF,False,True,2,2,87100.5,0
02071423,PF,PJ,True,False,2,1,7600,0
02089000,PJ,PF,False,True,2,2,9097.6,0
02091011,PF,PJ,True,False,2,2,816,0
02091019,PF,PF,True,False,-,-,9093,0
02101900,PF,PJ,True,False,2,2,155756.4,0
02101900,PJ,PF,False,True,2,2,220053.34,0
02102000,PF,PF,True,False,-,-,14037696.17,71574.43
02102000,PF,PJ,True,False,2,1,79200,0
02102000,PF,PJ,True,False,2,2,14349230.31,110765.93
02102000,PJ,PF,False,True,1,1,17495,0
02102000,PJ,PF,False,True,2,1,262846.88,0
02102000,PJ,PF,False,True,2,2,7022809.3,0
02102000,PJ,PJ,True,False,2,2,1328241,0
02109911,PF,PJ,True,False,2,2,26417.09,0
02109990,PF,PF,True,False,-,-,147842,0
02109990,PF,PJ,True,False,2,2,631680.21,0
03011000,PF,PF,True,False,-,-,5250,0
03011000,PF,PJ,True,False,2,1,47723.16,0
03011110,PF,PJ,True,False,2,1,16993.2,0
03011110,PF,PJ,True,False,2,2,1208925.8,0
03011190,PF,PF,True,False,-,-,401538.1,0
03011190,PF,PJ,True,False,2,1,47000,0
03011190,PF,PJ,True,False,2,2,15000,720
03011190,PJ,PJ,True,False,2,1,14488.5,0
03019290,PF,PJ,True,False,2,2,107534,0
03019310,PF,PF,True,False,-,-,670099.95,0
03019310,PF,PJ,True,False,2,2,27600,0
03019911,PF,PF,True,False,-,-,2781488.67,3600
03019911,PF,PJ,True,False,1,1,1500,105
03019911,PF,PJ,True,False,2,1,1092055,31289
03019911,PF,PJ,True,False,2,2,42894144.11,296726.88
03019911,PJ,PF,False,True,2,1,25296.3,0
03019911,PJ,PF,False,True,2,2,2143672.73,113177.87
03019911,PJ,PF,True,False,-,-,1090634.5,1491
03019911,PJ,PJ,True,False,1,1,164000,0
03019911,PJ,PJ,True,False,2,1,1254125.9,0
03019911,PJ,PJ,True,False,2,2,12724349.37,28863.6
03019919,PF,PF,True,False,-,-,7520,0
03019919,PF,PJ,True,False,2,1,58641,0
03019990,PF,PF,True,False,-,-,2012432.94,9451.149999999998
03019990,PF,PJ,True,False,2,1,18050,0
03019990,PF,PJ,True,False,2,2,1866870.9,17546.45
03019991,PF,PF,True,False,-,-,10868879.4,703146.74
03019991,PF,PJ,True,False,1,1,52530,10710
03019991,PF,PJ,True,False,2,1,5052815.55,383258.7000000001
03019991,PF,PJ,True,False,2,2,25980560.47,1730487.38
03019991,PJ,PF,False,True,2,2,4167866.11,71500
03019991,PJ,PJ,True,False,2,2,1258057.39,0
03019999,PF,PF,True,False,-,-,1899574.61,229.8
03019999,PF,PJ,True,False,1,1,80912,0
03019999,PF,PJ,True,False,2,1,306253.4,0
03019999,PF,PJ,True,False,2,2,15946862.37,6462.389999999999
03019999,PJ,PF,False,True,2,2,117654.61,8235.83
03021100,PF,PJ,True,False,2,2,336734.24,0
03021900,PF,PJ,True,False,2,2,188960,0
03022300,PF,PJ,True,False,2,1,46874,832.08
03022300,PF,PJ,True,False,2,2,501785,36515.88
03022900,PF,PJ,True,False,2,1,3514,24
03022900,PF,PJ,True,False,2,2,2697515.55,448.8
03023100,PF,PJ,True,False,2,2,31175,52.92
03023200,PF,PJ,True,False,2,1,415720,0
03023200,PF,PJ,True,False,2,2,2844630.33,49054.44
03023300,PF,PJ,True,False,2,2,41393149.64000001,47666.15
03023300,PJ,PF,False,True,2,2,400,48
03023400,PF,PJ,True,False,2,2,189285.45,25.2
03023900,PF,PJ,True,False,2,1,3156,0
03023900,PF,PJ,True,False,2,2,7419962.3,0
03024210,PF,PJ,True,False,2,1,106220,0
03024210,PF,PJ,True,False,2,2,1026854,0
03024290,PF,PJ,True,False,2,1,15019,0
03024290,PF,PJ,True,False,2,2,3431823.36,1217.28
03024300,PF,PJ,True,False,2,1,603577.5,0
03024300,PF,PJ,True,False,2,2,58771355.94,64197.24
03024300,PJ,PF,False,True,2,1,5900,0
03024300,PJ,PF,False,True,2,2,5188821.100000001,517121.9899999999
03024400,PF,PJ,True,False,2,1,170414,0
03024400,PF,PJ,True,False,2,2,3275134.8,13192.8
03024400,PJ,PF,False,True,2,1,120,0
03024400,PJ,PF,False,True,2,2,172320,2520
03024500,PF,PJ,True,False,2,1,6400,0
03024500,PF,PJ,True,False,2,2,456858,0
03024500,PJ,PF,False,True,2,2,1400,168
03024600,PJ,PF,False,True,2,2,5619,0
03024700,PF,PF,True,False,-,-,28000,3360
03024700,PF,PJ,True,False,2,1,74102.3,6174.34
03024700,PF,PJ,True,False,2,2,5852306.75,17889.63
03024910,PF,PF,True,False,-,-,90090,0
03024990,PF,PJ,True,False,2,1,104662,0
03024990,PF,PJ,True,False,2,2,455068.2,249.6
03024990,PJ,PF,False,True,2,2,120,0
03025400,PF,PJ,True,False,2,1,224580,0
03025400,PF,PJ,True,False,2,2,2218528.8,28090.08
03025900,PF,PF,True,False,-,-,655.36,0
03025900,PF,PJ,True,False,1,1,972,116.64
03025900,PF,PJ,True,False,2,1,88339.2,5364
03025900,PF,PJ,True,False,2,2,4441611.72,71403.74
03025900,PJ,PF,False,True,2,2,26652,0
03026942,PF,PF,True,False,-,-,8940,0
03026942,PF,PJ,True,False,2,1,120870,412.8
03026942,PF,PJ,True,False,2,2,1880733.17,0
03026943,PF,PF,True,False,-,-,12320,0
03026943,PF,PJ,True,False,2,2,1250,0
03026953,PF,PF,True,False,-,-,4244,0
03026953,PF,PJ,True,False,2,2,1250,0
03026954,PF,PF,True,False,-,-,27298,0
03026954,PF,PJ,True,False,1,1,3540,0
03026954,PF,PJ,True,False,2,1,42100.5,0
03026954,PF,PJ,True,False,2,2,460950,0
03026955,PF,PF,True,False,-,-,86.5,0
03026990,PF,PF,True,False,-,-,360,0
03027100,PF,PF,True,False,-,-,10629677.46,4625.389999999999
03027100,PF,PJ,True,False,2,1,5364946.73,9345
03027100,PF,PJ,True,False,2,2,86358262.39999999,2556930.29
03027100,PJ,PF,False,True,2,2,6707066.959999999,438336.89
03027100,PJ,PJ,True,False,2,2,43808845.81,0
03027210,PF,PF,True,False,-,-,13750,0
03027210,PF,PJ,True,False,2,2,259938.2,0
03027210,PJ,PF,False,True,2,2,600,72
03027300,PF,PF,True,False,-,-,68.75,8.25
03027400,PF,PJ,True,False,2,1,1064,0
03027400,PF,PJ,True,False,2,2,3930,366.24
03027900,PF,PJ,True,False,2,1,550,0
03027900,PF,PJ,True,False,2,2,169093.5,374.4
03027900,PJ,PF,False,True,2,2,246606,0
03028100,PF,PJ,True,False,2,1,508023.5,423.15
03028100,PF,PJ,True,False,2,2,3345700.8,9221.33
03028200,PJ,PF,False,True,2,2,35000,0
03028400,PF,PJ,True,False,2,1,1350,42
03028400,PF,PJ,True,False,2,2,5119.5,69.12
03028400,PJ,PF,False,True,2,2,459,0
03028500,PF,PJ,True,False,2,1,4100,0
03028500,PF,PJ,True,False,2,2,2402,0
03028910,PF,PJ,True,False,2,2,149772,0
03028910,PJ,PF,False,True,2,2,4742703.3,3500.16
03028921,PJ,PF,False,True,2,2,70520,0
03028922,PF,PJ,True,False,2,2,37420,0
03028922,PJ,PF,False,True,2,1,90677.6,0
03028922,PJ,PF,False,True,2,2,370882.5,0
03028931,PF,PF,True,False,-,-,252000,0
03028931,PF,PJ,True,False,2,1,1100,0
03028931,PF,PJ,True,False,2,2,1448303,0
03028932,PF,PF,True,False,-,-,7517149.85,72671.91
03028932,PF,PJ,True,False,1,1,3000.16,0
03028932,PF,PJ,True,False,2,1,2858171.48,339200.21
03028932,PF,PJ,True,False,2,2,30282800.8,746506.6199999999
03028933,PF,PF,True,False,-,-,91390.5,0
03028933,PF,PJ,True,False,1,1,8964,0
03028933,PF,PJ,True,False,2,1,380895,0
03028933,PF,PJ,True,False,2,2,17160051.38,0
03028934,PF,PJ,True,False,2,2,457300.5,0
03028935,PF,PJ,True,False,2,2,111328.2,0
03028936,PF,PJ,True,False,2,1,11760,0
03028936,PF,PJ,True,False,2,2,878781.4,0
03028937,PF,PF,True,False,-,-,9332,0
03028937,PF,PJ,True,False,2,2,390661.69,0
03028938,PF,PF,True,False,-,-,144060,0
03028938,PF,PJ,True,False,1,1,19586,0
03028938,PF,PJ,True,False,2,1,326158.5,4202.64
03028938,PF,PJ,True,False,2,2,7305581.7,75231.48
03028938,PJ,PF,False,True,2,1,717910.45,0
03028938,PJ,PF,False,True,2,2,115987.18,36
03028942,PF,PJ,True,False,2,2,400593,0
03028943,PF,PF,True,False,-,-,3855,269.85
03028943,PF,PJ,True,False,2,1,266300,2939.96
03028943,PF,PJ,True,False,2,2,2445570.3,0
03028943,PJ,PJ,True,False,2,1,5012,0
03028944,PF,PF,True,False,-,-,21633464.81,4590
03028944,PF,PJ,True,False,1,1,30230,0
03028944,PF,PJ,True,False,2,1,5585181.109999999,0
03028944,PF,PJ,True,False,2,2,137443562.67,37261.5
03028944,PJ,PF,False,True,2,2,218142.6,0
03028945,PF,PF,True,False,-,-,24000,0
03028945,PF,PJ,True,False,2,2,4026897.58,10722.7
03028990,PF,PF,True,False,-,-,1773187.5,115.65
03028990,PF,PJ,True,False,1,1,11800,0
03028990,PF,PJ,True,False,2,1,1356977.3,6854.16
03028990,PF,PJ,True,False,2,2,53290428.32,126939.13
03028990,PJ,PF,False,True,2,2,2987597.6,576
03029190,PF,PF,True,False,-,-,7100,0
03029200,PF,PJ,True,False,2,1,2808,336.96
03029200,PF,PJ,True,False,2,2,14915,1044.05
03029900,PF,PF,True,False,-,-,31348.5,0
03029900,PF,PJ,True,False,2,1,53098,0
03029900,PF,PJ,True,False,2,2,2856190.06,75862.5
03029900,PJ,PF,False,True,2,2,132933,0
03031100,PF,PJ,True,False,2,1,2000,0
03031900,PF,PJ,True,False,2,2,529344.71,0
03032300,PF,PJ,True,False,2,2,37200,0
03033200,PJ,PF,True,False,-,-,387299.4,0
03033200,PJ,PJ,True,False,2,1,26300,0
03033200,PJ,PJ,True,False,2,2,108477.68,0
03033900,PF,PJ,True,False,2,1,4180,0
03033900,PF,PJ,True,False,2,2,208895.99,0
03034200,PF,PF,True,False,-,-,560,67.2
03034200,PF,PJ,True,False,2,2,579630.4,0
03035300,PF,PJ,True,False,2,2,179080,0
03035400,PF,PJ,True,False,2,2,43200,0
03038190,PF,PJ,True,False,2,1,1704,119.28
03038200,PF,PF,True,False,-,-,830220,0
03038200,PF,PJ,True,False,2,2,1188000,0
03038400,PJ,PF,False,True,2,2,7916.5,0
03038910,PF,PJ,True,False,2,1,2300,0
03038910,PF,PJ,True,False,2,2,5353158.2,4414.08
03038910,PJ,PF,False,True,2,2,30456.85,0
03038920,PF,PJ,True,False,2,2,271900,0
03038933,PF,PJ,True,False,2,1,160,0
03038933,PF,PJ,True,False,2,2,20092,109.44
03038945,PF,PJ,True,False,2,2,186602.4,0
03038951,PF,PJ,True,False,2,2,648499,0
03038952,PF,PJ,True,False,2,2,98115,0
03038953,PF,PJ,True,False,2,2,209249.5,5040
03038955,PF,PJ,True,False,2,2,93358,0
03038964,PF,PF,True,False,-,-,174887.96,7.56
03038964,PF,PJ,True,False,1,1,31900,0
03038964,PF,PJ,True,False,2,1,44250,0
03038964,PF,PJ,True,False,2,2,2446936.36,0
03038990,PF,PF,True,False,-,-,191500,0
03038990,PF,PJ,True,False,2,1,98500,0
03038990,PF,PJ,True,False,2,2,1082455.91,0
03038990,PJ,PF,False,True,2,1,59550,0
03038990,PJ,PF,False,True,2,2,76484,0
03039200,PF,PJ,True,False,2,1,2350.2,443.02
03039200,PF,PJ,True,False,2,2,2745,192.15
03043100,PF,PF,True,False,-,-,206540,37934.4
03043100,PF,PJ,True,False,2,1,30400,0
03043100,PF,PJ,True,False,2,2,139620,14934.4
03043100,PJ,PF,False,True,2,2,714000,0
03043100,PJ,PJ,True,False,2,2,4008.7,0
03043900,PF,PF,True,False,-,-,15000,0
03043900,PF,PJ,True,False,2,1,4250,0
03043900,PF,PJ,True,False,2,2,331929.5,0
03045100,PF,PF,True,False,-,-,4436.5,161.94
03045100,PF,PJ,True,False,1,1,7051.1,257.45
03045100,PF,PJ,True,False,2,1,2133205.56,77862.05
03045100,PF,PJ,True,False,2,2,3688682.95,134637.41
03045300,PF,PF,True,False,-,-,3200,0
03045300,PF,PJ,True,False,2,2,108900,0
03046100,PF,PF,True,False,-,-,6217612.58,870194.25
03046100,PF,PJ,True,False,2,1,887379.8,81702.56
03046100,PF,PJ,True,False,2,2,19187371.05,1410494.73
03047900,PJ,PF,False,True,2,2,398,0
03048930,PJ,PF,False,True,2,2,344722,0
03048990,PF,PJ,True,False,2,1,13225,0
03048990,PF,PJ,True,False,2,2,1166553,0
03048990,PJ,PF,False,True,2,2,41075.5,0
03049500,PF,PF,True,False,-,-,170025,0
03049500,PF,PJ,True,False,2,1,324350,0
03049500,PF,PJ,True,False,2,2,2211870,0
03049900,PF,PF,True,False,-,-,1561476,28320
03049900,PF,PJ,True,False,2,1,78190,720
03049900,PF,PJ,True,False,2,2,15141364.22,18725.2
03049900,PJ,PF,False,True,2,1,30640,0
03056300,PF,PJ,True,False,2,1,1000,0
03056300,PF,PJ,True,False,2,2,309128,0
03057100,PF,PJ,True,False,2,1,103410,0
03057100,PF,PJ,True,False,2,2,3305,231.35
03057200,PJ,PF,False,True,2,2,107746,0
03057900,PF,PJ,True,False,2,2,103729,0
03061710,PF,PJ,True,False,2,1,208382.11,25607.78
03061710,PF,PJ,True,False,2,2,2113332.7,291341.15
03061990,PF,PF,True,False,-,-,2038350,6048
03061990,PF,PJ,True,False,2,1,44000,0
03069500,PF,PJ,True,False,2,1,2244541.5,268021.98
03069500,PF,PJ,True,False,2,2,9942039.1,1078835.17
03072900,PF,PJ,True,False,2,2,46893.3,0
03073900,PF,PJ,True,False,2,2,15000,0
03074200,PF,PJ,True,False,2,1,6965,649.8
03074200,PF,PJ,True,False,2,2,659675.3,1438.54
03074310,PF,PJ,True,False,2,2,15720,1102.4
03075100,PF,PJ,True,False,2,1,20900,0
03075100,PF,PJ,True,False,2,2,267934.5,1722.78
03075900,PF,PJ,True,False,2,2,1362,163.44
03089000,PF,PJ,True,False,2,2,28556.8,0
03089000,PJ,PF,False,True,2,1,2000,0
03089000,PJ,PJ,True,False,2,2,10080,0
03680360,PF,PF,True,False,-,-,0,0
03703340,PF,PF,True,False,-,-,0,0
03920109,PF,PJ,True,False,2,1,0,0
04011010,PF,PF,True,False,-,-,504410.8,97058
04011010,PF,PJ,True,False,2,2,1946066.2,0
04011010,PJ,PF,False,True,2,2,17173583.92,704339.5199999999
04011090,PF,PJ,True,False,2,1,357222.63,0
04011090,PF,PJ,True,False,2,2,5232706.65,90600.87999999999
04011090,PJ,PF,False,True,2,2,15832256.79,398918.6699999999
04011090,PJ,PF,True,False,-,-,131.78,0
04011090,PJ,PJ,True,False,2,1,38429.42000000001,286.08
04011090,PJ,PJ,True,False,2,2,7817295.05,1673.62
04012010,PF,PJ,True,False,2,2,101179.4,0
04012010,PJ,PF,False,True,2,2,8011631.090000001,0
04012010,PJ,PJ,True,False,2,2,1352886.6,0
04012090,PF,PF,True,False,-,-,143382,0
04012090,PF,PJ,True,False,1,1,3110,0
04012090,PF,PJ,True,False,2,1,1602057.27,0
04012090,PF,PJ,True,False,2,2,299139142.94,1887270.76
04012090,PJ,PF,False,True,2,2,1343256747.57,66570106.47
04012090,PJ,PF,True,False,-,-,2676.37,0
04012090,PJ,PJ,True,False,1,1,7725.599999999999,333.76
04012090,PJ,PJ,True,False,2,1,1942047.45,9831.249999999995
04012090,PJ,PJ,True,False,2,2,274490547.0000001,1109906.38
04013010,PJ,PF,False,True,2,2,4388.4,0
04014010,PF,PF,True,False,-,-,179690.2,0
04014010,PF,PJ,True,False,1,1,29400,0
04014010,PF,PJ,True,False,2,1,37028,0
04014010,PF,PJ,True,False,2,2,112843986,960
04014010,PJ,PF,False,True,2,1,60022.29,0
04014010,PJ,PF,False,True,2,2,105717109.8,1803944.35
04015010,PF,PJ,True,False,2,1,94716,0
04015010,PF,PJ,True,False,2,2,42726749.28999999,0
04015029,PF,PJ,True,False,2,2,1100828.48,0
04015029,PJ,PJ,True,False,2,2,14611432.1,2220579.73
04021090,PF,PF,True,False,-,-,92910,0
04021090,PF,PJ,True,False,2,1,284.22,0
04021090,PF,PJ,True,False,2,2,867275.72,0
04022110,PF,PJ,True,False,1,1,20885.5,0
04022110,PF,PJ,True,False,2,2,632,0
04022110,PJ,PF,False,True,2,2,41199847.54,1218026.66
04022120,PJ,PF,False,True,2,2,4514832.01,0
04022910,PF,PF,True,False,-,-,287,0
04022910,PF,PJ,True,False,1,1,119,0
04022910,PF,PJ,True,False,2,1,5593.429999999999,0
04022910,PF,PJ,True,False,2,2,49662.71000000001,0
04022910,PJ,PF,False,True,2,2,270890.5,8479.970000000001
04029100,PF,PJ,True,False,2,1,47678,9535.6
04029100,PJ,PF,False,True,2,2,24547816.34,1878215.61
04029900,PF,PF,True,False,-,-,715,0
04029900,PF,PJ,True,False,2,1,332801.29,0
04029900,PF,PJ,True,False,2,2,31534220.74,0
04029900,PJ,PF,False,True,2,2,20636579.23,1802342.44
04032000,PF,PF,True,False,-,-,1879,0
04032000,PF,PJ,True,False,1,1,4719.7,0
04032000,PF,PJ,True,False,2,1,119664.79,0
04032000,PF,PJ,True,False,2,2,469126.9500000001,0
04039000,PF,PF,True,False,-,-,71,0
04049000,PF,PJ,True,False,2,2,3708,0
04051000,PF,PF,True,False,-,-,7926.66,0
04051000,PF,PJ,True,False,1,1,21703.73,0
04051000,PF,PJ,True,False,2,1,538322.6900000001,0
04051000,PF,PJ,True,False,2,2,10484130.13,608.36
04051000,PJ,PF,False,True,2,2,8803401.48,407157.34
04059090,PF,PJ,True,False,2,1,3590.4,736.02
04059090,PF,PJ,True,False,2,2,115051.92,23585.39
04061010,PF,PF,True,False,-,-,3162.4,0
04061010,PF,PJ,True,False,1,1,7708.42,0
04061010,PF,PJ,True,False,2,1,103924.53,14011.6
04061010,PF,PJ,True,False,2,2,2350027.75,473353.95
04061010,PJ,PF,False,True,2,2,1552894.85,140719.84
04061090,PF,PF,True,False,-,-,356824.72,0
04061090,PF,PJ,True,False,1,1,14703.22,0
04061090,PF,PJ,True,False,2,1,4241924.81,112566.66
04061090,PF,PJ,True,False,2,2,23719870.06,412272.1199999999
04061090,PJ,PF,False,True,2,2,261867.92,0
04061090,PJ,PJ,True,False,2,2,709.8,0
04062000,PF,PJ,True,False,2,2,1382.5,0
04063000,PF,PJ,True,False,2,1,297.3,0
04063000,PF,PJ,True,False,2,2,2450,0
04069010,PF,PF,True,False,-,-,1175,0
04069010,PF,PJ,True,False,2,1,67255.74,0
04069010,PF,PJ,True,False,2,2,1928021.35,21917.47
04069020,PF,PF,True,False,-,-,4444.77,193.53
04069020,PF,PJ,True,False,1,1,4877.84,93.81
04069020,PF,PJ,True,False,2,1,444433.9299999999,0
04069020,PF,PJ,True,False,2,2,3184332.669999999,872.26
04069020,PJ,PF,False,True,2,2,15269.61,0
04069030,PF,PF,True,False,-,-,92189.76000000001,18437.93
04069030,PF,PJ,True,False,1,1,2162.26,432.46
04069030,PF,PJ,True,False,2,1,567369.74,4121.1
04069030,PF,PJ,True,False,2,2,1825230.75,57411.19999999998
04069090,PF,PF,True,False,-,-,119917.5,0
04069090,PF,PJ,True,False,2,2,1295,90.65
04069090,PJ,PF,False,True,2,2,3468.55,0
04071100,PF,PF,True,False,-,-,32743803.5,0
04071100,PF,PJ,True,False,1,1,299795,0
04071100,PF,PJ,True,False,2,1,8229721.58,71640.40000000001
04071100,PF,PJ,True,False,2,2,177012802.82,170175.76
04071100,PJ,PF,False,True,2,2,7459299.51,4188.3
04071100,PJ,PF,True,False,-,-,87668113.01999997,2999172.62
04071100,PJ,PJ,True,False,1,1,41075.5,0
04071100,PJ,PJ,True,False,2,1,1832046.28,5091.3
04071100,PJ,PJ,True,False,2,2,262922672.73,5894468.150000001
04071900,PF,PF,True,False,-,-,30896603.85,0
04071900,PF,PJ,True,False,1,1,36679,0
04071900,PF,PJ,True,False,2,1,3413541,0
04071900,PF,PJ,True,False,2,2,48399016.86,0
04071900,PJ,PF,True,False,-,-,914,0
04071900,PJ,PJ,True,False,2,2,1353665.82,27597.14
04072100,PF,PF,True,False,-,-,350501447.14,5654196.96
04072100,PF,PJ,True,False,1,1,10552874.45,366350.82
04072100,PF,PJ,True,False,2,1,250709337.33,7261847.26
04072100,PF,PJ,True,False,2,2,2679657173.96,42480501.73
04072100,PJ,PF,False,True,2,1,1434256.2,0
04072100,PJ,PF,False,True,2,2,20190721.07,1315.53
04072100,PJ,PF,True,False,-,-,69147991.46,0
04072100,PJ,PJ,True,False,1,1,13309758.15,0
04072100,PJ,PJ,True,False,2,1,257202628.1,0
04072100,PJ,PJ,True,False,2,2,2035344679.26,560773.2699999999
04072900,PF,PF,True,False,-,-,31306574.24,154691.1
04072900,PF,PJ,True,False,1,1,3637979.3,3897.8
04072900,PF,PJ,True,False,2,1,60468904.72,239674.04
04072900,PF,PJ,True,False,2,2,773973730.15,17281063.32
04072900,PJ,PF,False,True,2,2,183811,0
04072900,PJ,PF,True,False,-,-,1539932.13,0
04072900,PJ,PJ,True,False,1,1,317415.23,0
04072900,PJ,PJ,True,False,2,1,4071674.28,0
04072900,PJ,PJ,True,False,2,2,34118823.43,0
04079000,PF,PF,True,False,-,-,40888485.38,2582938.26
04079000,PF,PJ,True,False,1,1,895088.49,1470
04079000,PF,PJ,True,False,2,1,25726691.67,2277828.34
04079000,PF,PJ,True,False,2,2,301162103.1,1994373.56
04079000,PJ,PF,False,True,2,1,2690,0
04079000,PJ,PF,False,True,2,2,96526,0
04079000,PJ,PF,True,False,-,-,3821580.08,0
04079000,PJ,PJ,True,False,1,1,813335.2,0
04079000,PJ,PJ,True,False,2,1,10559831.36,0
04079000,PJ,PJ,True,False,2,2,31323485.23,0
04081100,PF,PJ,True,False,2,2,825081.06,0
04081900,PF,PF,True,False,-,-,18314,2227.800000000001
04081900,PF,PJ,True,False,1,1,60,12
04081900,PF,PJ,True,False,2,1,158154.2,21362.89
04081900,PF,PJ,True,False,2,2,1664774.5,261194.72
04081900,PJ,PJ,True,False,1,1,1530,0
04081900,PJ,PJ,True,False,2,1,374005.58,0
04081900,PJ,PJ,True,False,2,2,1311180.69,2517.16
04089100,PF,PF,True,False,-,-,286626.39,0
04089900,PF,PF,True,False,-,-,348477.72,57897.06999999999
04089900,PF,PJ,True,False,1,1,10687,538.4000000000001
04089900,PF,PJ,True,False,2,1,1635873.33,236381.3799999999
04089900,PF,PJ,True,False,2,2,23220514.38,3531765.8
04089900,PJ,PF,True,False,-,-,1440,0
04089900,PJ,PJ,True,False,1,1,32364,0
04089900,PJ,PJ,True,False,2,1,3054031.01,0
04089900,PJ,PJ,True,False,2,2,18979910.56,16571.82999999999
04090000,PF,PF,True,False,-,-,7674,0
04090000,PF,PJ,True,False,1,1,845,0
04090000,PF,PJ,True,False,2,1,52336,0
04090000,PF,PJ,True,False,2,2,103730.5,0
04090000,PJ,PF,False,True,2,1,150,0
04090000,PJ,PF,False,True,2,2,2435,27.75
04090000,PJ,PF,True,False,-,-,11487.14,0
04090000,PJ,PJ,True,False,2,1,15867,0
04090000,PJ,PJ,True,False,2,2,104864,0
04100000,PF,PJ,True,False,2,2,3.9,0
04101000,PF,PF,True,False,-,-,6942.84,833.14
04101000,PJ,PF,False,True,2,2,15059.8,0
04109000,PF,PJ,True,False,2,1,100,0
05029010,PF,PJ,True,False,2,2,0,0
05040011,PF,PF,True,False,-,-,1744215065.74,251682.01
05040011,PF,PJ,True,False,1,1,115004.52,0
05040011,PF,PJ,True,False,2,1,10525467.76,0
05040011,PF,PJ,True,False,2,2,558121885.49,10296675.16
05040011,PJ,PF,False,True,2,2,376995.17,0
05040011,PJ,PF,True,False,-,-,47000,1750
05040011,PJ,PJ,True,False,2,1,32357,0
05040011,PJ,PJ,True,False,2,2,3832073.65,8424.150000000001
05040012,PF,PF,True,False,-,-,63750,0
05040012,PF,PJ,True,False,2,2,3000,0
05040013,PF,PF,True,False,-,-,70150,0
05040013,PF,PJ,True,False,2,1,171135,0
05040013,PF,PJ,True,False,2,2,83280019.16,1186502.63
05040090,PF,PF,True,False,-,-,337408,0
05040090,PF,PJ,True,False,1,1,14472,0
05040090,PF,PJ,True,False,2,1,2929699.96,0
05040090,PF,PJ,True,False,2,2,4418000,0
05040090,PJ,PF,False,True,2,2,400,0
05051000,PF,PJ,True,False,2,2,29410.5,0
05059000,PF,PJ,True,False,-,-,2463.4,0
05069000,PF,PJ,True,False,2,2,9844.65,0
05069000,PJ,PF,False,True,2,2,20456.28,0
05080000,PF,PF,True,False,-,-,70960,0
05100010,PF,PJ,True,False,2,2,355004.95,0
05100090,PF,PF,True,False,-,-,4000,0
05100090,PF,PJ,True,False,2,2,233911.4,0
05100090,PJ,PF,False,True,2,2,190030,2810000
05111000,PF,PF,True,False,-,-,2375482.14,0
05111000,PF,PJ,True,False,2,1,98725,0
05111000,PF,PJ,True,False,2,2,1040710.39,1.16
05111000,PJ,PF,True,False,-,-,255335,24.5
05111000,PJ,PJ,True,False,2,1,16890,0
05111000,PJ,PJ,True,False,2,2,128627.75,0
05119190,PF,PJ,True,False,2,2,30996.15,613.6400000000001
05119910,PF,PF,True,False,-,-,18569053.76,1344
05119910,PF,PJ,True,False,2,1,660909.96,0
05119910,PF,PJ,True,False,2,2,10277868.72,419.52
05119910,PJ,PF,False,True,2,2,3750,0
05119910,PJ,PF,True,False,-,-,3402050.7,0
05119910,PJ,PJ,True,False,2,1,130000,0
05119910,PJ,PJ,True,False,2,2,7084584.92,0
05119920,PF,PF,True,False,-,-,6421310,2559.12
05119920,PF,PJ,True,False,2,2,9274136.189999998,5521.2
05119920,PJ,PF,True,False,-,-,257375,14.4
05119920,PJ,PJ,True,False,2,2,188006,0
05119991,PF,PJ,True,False,2,1,2528,0
05119991,PF,PJ,True,False,2,2,67538,0
05119999,PF,PF,True,False,-,-,13393607.23,0
05119999,PF,PJ,True,False,1,1,250,0
05119999,PF,PJ,True,False,2,1,497134.45,0
05119999,PF,PJ,True,False,2,2,29229125.07,126
05119999,PJ,PF,False,True,2,2,79046.8,0
05119999,PJ,PF,True,False,-,-,977913.3800000001,0
05119999,PJ,PJ,True,False,1,1,1455,0
05119999,PJ,PJ,True,False,2,1,1248401.87,0
05119999,PJ,PJ,True,False,2,2,15450869.09,0
06011000,PF,PF,True,False,-,-,55850,0
06011000,PF,PJ,True,False,2,2,305959.21,0
06011000,PJ,PF,True,False,-,-,247145.65,11218.26
06011000,PJ,PJ,True,False,2,1,324430.9,14895.24
06011000,PJ,PJ,True,False,2,2,236282.6,6661.66
06012000,PF,PF,True,False,-,-,16258363.14,328304.1
06012000,PF,PJ,True,False,1,1,387592.81,374.4
06012000,PF,PJ,True,False,2,1,281619.26,280
06012000,PF,PJ,True,False,2,2,9716865.81,101104.16
06012000,PJ,PF,False,True,2,1,450,0
06012000,PJ,PF,False,True,2,2,15500,1433.69
06012000,PJ,PF,True,False,-,-,3947214.49,146927.44
06012000,PJ,PJ,True,False,1,1,88766.8,436.67
06012000,PJ,PJ,True,False,2,1,847887.27,13302.21
06012000,PJ,PJ,True,False,2,2,20006866.93,28072.73
06021000,PF,PF,True,False,-,-,278.5,0
06021000,PF,PJ,True,False,2,1,5600,0
06021000,PF,PJ,True,False,2,2,881.02,0
06021000,PJ,PF,True,False,-,-,953637.46,37031.62
06021000,PJ,PJ,True,False,1,1,7765.68,133.88
06021000,PJ,PJ,True,False,2,1,278536.83,9178.25
06021000,PJ,PJ,True,False,2,2,9802046.33,6631.150000000001
06022000,PF,PF,True,False,-,-,4028479.18,29269.94
06022000,PF,PJ,True,False,1,1,13827.9,300.19
06022000,PF,PJ,True,False,2,1,8628396.49,4259.15
06022000,PF,PJ,True,False,2,2,81646176.57,157126.55
06022000,PJ,PF,True,False,-,-,10989248,306065.7
06022000,PJ,PJ,True,False,2,1,35356.05,496.79
06022000,PJ,PJ,True,False,2,2,14538232.38,70192.8
06023000,PJ,PJ,True,False,2,1,12971.5,473.46
06023000,PJ,PJ,True,False,2,2,4009479.7,26382.46
06024000,PF,PF,True,False,-,-,1200,0
06024000,PJ,PF,True,False,-,-,157.5,5.75
06024000,PJ,PJ,True,False,2,1,34.05,1.24
06029010,PJ,PF,True,False,-,-,448.5,0
06029010,PJ,PJ,True,False,2,1,670,0
06029010,PJ,PJ,True,False,2,2,4471,0
06029021,PF,PF,True,False,-,-,283,0
06029021,PJ,PF,True,False,-,-,231,0
06029021,PJ,PJ,True,False,2,1,145.2,0
06029021,PJ,PJ,True,False,2,2,85192.2,0
06029029,PF,PF,True,False,-,-,13790778.98,48988.45
06029029,PF,PJ,True,False,1,1,774361.82,1855.95
06029029,PF,PJ,True,False,2,1,10861824.95,56008.4
06029029,PF,PJ,True,False,2,2,11288795.64,177413.61
06029029,PJ,PF,False,True,2,2,1092,31.63
06029029,PJ,PF,True,False,-,-,3309762.89,111731.98
06029029,PJ,PJ,True,False,1,1,48828.45999999999,1488.02
06029029,PJ,PJ,True,False,2,1,2814503.31,49605.53000000001
06029029,PJ,PJ,True,False,2,2,23831577.77,121721.44
06029081,PF,PF,True,False,-,-,70972615.78,7427.17
06029081,PF,PJ,True,False,2,1,112677.72,3806.89
06029081,PF,PJ,True,False,2,2,78910328.36,0
06029081,PJ,PF,False,True,2,2,181482945.5,453090.69
06029081,PJ,PF,True,False,-,-,16100,0
06029081,PJ,PJ,True,False,2,1,7500,0
06029081,PJ,PJ,True,False,2,2,28401265.87,6279.45
06029083,PF,PF,True,False,-,-,20312211.4,59800.35999999999
06029083,PF,PJ,True,False,2,1,211698.22,2553.28
06029083,PF,PJ,True,False,2,2,226832635.25,2195.3
06029083,PJ,PF,True,False,-,-,53808.29,2582.8
06029083,PJ,PJ,True,False,2,2,128526,0
06029089,PF,PF,True,False,-,-,57745139.93,981897.99
06029089,PF,PJ,True,False,1,1,329512.04,3124.56
06029089,PF,PJ,True,False,2,1,3816143.9,13478.57
06029089,PF,PJ,True,False,2,2,36261458.55,303536.1200000001
06029089,PJ,PF,False,True,2,1,57633,0
06029089,PJ,PF,False,True,2,2,22435.8,101.23
06029089,PJ,PF,True,False,-,-,1116137.01,0
06029089,PJ,PJ,True,False,1,1,52216.5,0
06029089,PJ,PJ,True,False,2,1,1643743.05,0
06029089,PJ,PJ,True,False,2,2,27127003.55,111588.88
06029090,PF,PF,True,False,-,-,16218766.51,65296.00999999999
06029090,PF,PJ,True,False,1,1,608419.99,17770.92
06029090,PF,PJ,True,False,2,1,6494564.07,77514.3
06029090,PF,PJ,True,False,2,2,100618586.27,313427.6199999999
06029090,PJ,PF,False,True,2,1,11205,0
06029090,PJ,PF,False,True,2,2,22642701.16,728023.94
06029090,PJ,PF,True,False,-,-,6707846.62,170855.1
06029090,PJ,PJ,True,False,1,1,441882.42,1010.3
06029090,PJ,PJ,True,False,2,1,7905186.060000001,21945.47
06029090,PJ,PJ,True,False,2,2,61199344.54,384890.54
06031100,PF,PF,True,False,-,-,46610,180
06031100,PF,PJ,True,False,1,1,8430,0
06031100,PF,PJ,True,False,2,1,777229.8,0
06031100,PF,PJ,True,False,2,2,141636694.42,1221.38
06031100,PJ,PJ,True,False,2,2,6186728.82,125.16
06031200,PF,PJ,True,False,2,2,3923897.05,61.08
06031300,PF,PF,True,False,-,-,478563.89,0
06031300,PF,PJ,True,False,1,1,179112.9,0
06031300,PF,PJ,True,False,2,1,1474000.9,0
06031300,PF,PJ,True,False,2,2,439332.9,0
06031300,PJ,PJ,True,False,2,2,5266725.600000001,100.5
06031400,PF,PJ,True,False,2,1,62839,0
06031400,PF,PJ,True,False,2,2,75875,0
06031400,PJ,PJ,True,False,2,2,34224.7,0
06031500,PF,PJ,True,False,2,2,24864044.7,253.5
06031500,PJ,PJ,True,False,2,2,9009.240000000002,0
06031900,PF,PF,True,False,-,-,10722,0
06031900,PF,PJ,True,False,1,1,6900,0
06031900,PF,PJ,True,False,2,1,143847,0
06031900,PF,PJ,True,False,2,2,42485747.9,3202.7
06031900,PJ,PF,False,True,2,2,6702,619.9300000000001
06031900,PJ,PJ,True,False,2,2,4629.39,0
06039000,PF,PF,True,False,-,-,0.05,0
06039000,PF,PJ,True,False,1,1,2760,0
06039000,PF,PJ,True,False,2,1,135160,0
06039000,PF,PJ,True,False,2,2,1902644.21,0
06039000,PJ,PF,True,False,-,-,45,1.64
06039000,PJ,PJ,True,False,2,1,110,4.02
06039000,PJ,PJ,True,False,2,2,92138.6,7.27
06042000,PF,PJ,True,False,2,1,45.60000000000001,0
06042000,PF,PJ,True,False,2,2,212870.5,22094.44
06042000,PJ,PJ,True,False,2,1,1191.4,0
06042000,PJ,PJ,True,False,2,2,14493.26,0
06049000,PF,PF,True,False,-,-,4000,480
06049000,PF,PJ,True,False,2,1,277.95,28.5
06049000,PF,PJ,True,False,2,2,1273802.72,0
06049000,PJ,PF,True,False,-,-,250,0
06049000,PJ,PJ,True,False,2,1,64095,0
06049000,PJ,PJ,True,False,2,2,8043447.140000002,0
07011000,PF,PF,True,False,-,-,23791220.51,91227.09
07011000,PF,PJ,True,False,2,1,1186200,35.38
07011000,PF,PJ,True,False,2,2,145106058.75,1275067.52
07011000,PJ,PF,False,True,2,2,279392.55,0
07011000,PJ,PF,True,False,-,-,4420149.24,188750.7
07011000,PJ,PJ,True,False,2,1,210,0
07011000,PJ,PJ,True,False,2,2,958582.88,0
07019000,PF,PF,True,False,-,-,130382315.97,230369.16
07019000,PF,PJ,True,False,1,1,123510,0
07019000,PF,PJ,True,False,2,1,33229610.89,732.08
07019000,PF,PJ,True,False,2,2,3488302250.74,32029818.16999999
07019000,PJ,PF,False,True,2,1,107622,0
07019000,PJ,PF,False,True,2,2,67139966.55,0
07019000,PJ,PF,True,False,-,-,8470431.56,194869.46
07019000,PJ,PJ,True,False,1,1,30506,0
07019000,PJ,PJ,True,False,2,1,3517196.17,999
07019000,PJ,PJ,True,False,2,2,415913601.18,4405428.37
07020000,PF,PF,True,False,-,-,12740060.44,84728.22000000002
07020000,PF,PJ,True,False,1,1,326566.59,0
07020000,PF,PJ,True,False,2,1,14958298.91,900
07020000,PF,PJ,True,False,2,2,833738402.07,724882.1599999998
07020000,PJ,PF,False,True,2,1,62806.10000000001,0
07020000,PJ,PF,False,True,2,2,76130198.46,1165485.68
07020000,PJ,PF,True,False,-,-,4295,0
07020000,PJ,PJ,True,False,2,1,255822.7,0
07020000,PJ,PJ,True,False,2,2,88660986.08,0
07031011,PF,PF,True,False,-,-,20562.64,0
07031011,PF,PJ,True,False,2,1,157812.25,0
07031011,PF,PJ,True,False,2,2,734242.39,0
07031011,PJ,PF,False,True,2,1,7200,0
07031019,PF,PF,True,False,-,-,11554772.69,0
07031019,PF,PJ,True,False,1,1,4972.809999999999,0
07031019,PF,PJ,True,False,2,1,13494879.5,0
07031019,PF,PJ,True,False,2,2,447436738.13,101680.52
07031019,PJ,PF,False,True,2,1,12210.1,0
07031019,PJ,PF,False,True,2,2,4677714.9,0
07031019,PJ,PF,True,False,-,-,12,0
07031019,PJ,PJ,True,False,2,1,1457486.4,0
07031019,PJ,PJ,True,False,2,2,20122185.96,0
07031029,PF,PJ,True,False,2,1,253332.47,0
07031029,PF,PJ,True,False,2,2,2977174.58,0
07031029,PJ,PF,False,True,2,2,1434,0
07032010,PF,PF,True,False,-,-,1008953,9384
07032010,PF,PJ,True,False,2,1,893889.9,58208.4
07032010,PF,PJ,True,False,2,2,22296001.4,1286050.49
07032090,PF,PF,True,False,-,-,168022342.45,6998424.79
07032090,PF,PJ,True,False,1,1,492707.37,43902.61
07032090,PF,PJ,True,False,2,1,32731243.71,2789333.79
07032090,PF,PJ,True,False,2,2,1056366711.76,101205952.08
07032090,PJ,PF,False,True,2,1,1007.2,0
07032090,PJ,PF,False,True,2,2,75456231.28,112
07032090,PJ,PJ,True,False,1,1,7500,525
07032090,PJ,PJ,True,False,2,2,337593.93,19316.76
07039010,PF,PF,True,False,-,-,171283,597.1
07039010,PF,PJ,True,False,1,1,51030.7,3575.86
07039010,PF,PJ,True,False,2,1,27964.64,2087.12
07039010,PF,PJ,True,False,2,2,3147041.98,214677.15
07039010,PJ,PF,False,True,2,2,617.2,0
07039010,PJ,PJ,True,False,2,2,66003.9,616.36
07039090,PF,PF,True,False,-,-,518857.41,1720.46
07039090,PF,PJ,True,False,1,1,2499.1,240
07039090,PF,PJ,True,False,2,1,461344.69,22136.94
07039090,PF,PJ,True,False,2,2,37076693.8,2640445.6
07039090,PJ,PF,False,True,2,2,69639.29999999999,0
07039090,PJ,PF,True,False,-,-,42.5,0
07039090,PJ,PJ,True,False,2,1,39809.96999999999,0
07039090,PJ,PJ,True,False,2,2,1798927.29,0
07041000,PF,PF,True,False,-,-,10932472.52,0
07041000,PF,PJ,True,False,1,1,19170,0
07041000,PF,PJ,True,False,2,1,1413626.64,0
07041000,PF,PJ,True,False,2,2,216688175.09,492.61
07041000,PJ,PF,False,True,2,1,6712.4,0
07041000,PJ,PF,False,True,2,2,6231071.72,90029.97
07041000,PJ,PF,True,False,-,-,2915923.1,0
07041000,PJ,PJ,True,False,2,1,1436689.35,0
07041000,PJ,PJ,True,False,2,2,28155875.31,0
07042000,PF,PF,True,False,-,-,15503.5,0
07042000,PF,PJ,True,False,2,1,105,5.25
07042000,PF,PJ,True,False,2,2,441445.6199999999,58.09
07042000,PJ,PF,False,True,2,1,1235,0
07042000,PJ,PF,False,True,2,2,69963.7,0
07042000,PJ,PJ,True,False,2,2,1676,0
07049000,PF,PF,True,False,-,-,10883491.54,0
07049000,PF,PJ,True,False,1,1,1350.4,0
07049000,PF,PJ,True,False,2,1,5813460.52,0
07049000,PF,PJ,True,False,2,2,158397828.56,72371.59999999999
07049000,PJ,PF,False,True,2,1,2369.2,0
07049000,PJ,PF,False,True,2,2,5615935.91,0
07049000,PJ,PF,True,False,-,-,1562.8,0
07049000,PJ,PJ,True,False,1,1,53.8,0
07049000,PJ,PJ,True,False,2,1,153942.27,0
07049000,PJ,PJ,True,False,2,2,11982232.13,0
07051100,PF,PF,True,False,-,-,112441.13,0
07051100,PF,PJ,True,False,1,1,56311.8,0
07051100,PF,PJ,True,False,2,1,1109039.25,0
07051100,PF,PJ,True,False,2,2,51555518.52,789.2
07051100,PJ,PF,False,True,2,1,400,0
07051100,PJ,PF,False,True,2,2,4314894.850000001,0
07051100,PJ,PF,True,False,-,-,921.5,0
07051100,PJ,PJ,True,False,2,1,261282.55,0
07051100,PJ,PJ,True,False,2,2,5785683.13,0
07051900,PF,PF,True,False,-,-,1062736.05,0
07051900,PF,PJ,True,False,1,1,1920.6,0
07051900,PF,PJ,True,False,2,1,1728934.06,0
07051900,PF,PJ,True,False,2,2,125307250.74,715.8100000000002
07051900,PJ,PF,False,True,2,2,1408421.77,0
07051900,PJ,PF,True,False,-,-,421.4,0
07051900,PJ,PJ,True,False,1,1,8.25,0
07051900,PJ,PJ,True,False,2,1,318223.63,0
07051900,PJ,PJ,True,False,2,2,26080101.09,0
07052100,PF,PF,True,False,-,-,697.5300000000001,0
07052100,PF,PJ,True,False,2,1,6393.63,0
07052100,PF,PJ,True,False,2,2,510165.75,0
07052100,PJ,PF,False,True,2,2,190,0
07052100,PJ,PJ,True,False,2,1,7141.599999999999,0
07052100,PJ,PJ,True,False,2,2,215319.8,0
07052900,PF,PF,True,False,-,-,3003.4,0
07052900,PF,PJ,True,False,1,1,3.4,0
07052900,PF,PJ,True,False,2,1,34512.45,0
07052900,PF,PJ,True,False,2,2,18644689.7,0.28
07052900,PJ,PF,False,True,2,2,101782.32,0
07052900,PJ,PF,True,False,-,-,82.5,0
07052900,PJ,PJ,True,False,2,1,9989.449999999999,0
07052900,PJ,PJ,True,False,2,2,2103819.64,0
07061000,PF,PF,True,False,-,-,32983284.33,18841.04
07061000,PF,PJ,True,False,2,1,23251533.07,28959.69
07061000,PF,PJ,True,False,2,2,621583881.37,99614.05
07061000,PJ,PF,False,True,2,1,11362.2,0
07061000,PJ,PF,False,True,2,2,42383358.13,32.85
07061000,PJ,PF,True,False,-,-,3251.8,0
07061000,PJ,PJ,True,False,1,1,7576.900000000001,0
07061000,PJ,PJ,True,False,2,1,432679.53,0
07061000,PJ,PJ,True,False,2,2,65835155.56999999,39485.58
07062900,PF,PJ,True,False,2,2,0,0
07069000,PF,PF,True,False,-,-,4609479.11,1400
07069000,PF,PJ,True,False,1,1,16.5,0
07069000,PF,PJ,True,False,2,1,1690894.78,1824
07069000,PF,PJ,True,False,2,2,83921381.81,226992.81
07069000,PJ,PF,False,True,2,1,2610.4,0
07069000,PJ,PF,False,True,2,2,334060.37,0
07069000,PJ,PF,True,False,-,-,347606,0
07069000,PJ,PJ,True,False,2,1,221949.75,0
07069000,PJ,PJ,True,False,2,2,19005454.33,0
07070000,PF,PF,True,False,-,-,14076.55,0
07070000,PF,PJ,True,False,2,1,61917.53999999999,0
07070000,PF,PJ,True,False,2,2,18364543.59,645503.4800000001
07070000,PJ,PF,False,True,2,1,3002.4,0
07070000,PJ,PF,False,True,2,2,1803666.57,0
07070000,PJ,PJ,True,False,2,1,13343,0
07070000,PJ,PJ,True,False,2,2,910271.31,0
07081000,PF,PF,True,False,-,-,6.93,0
07081000,PF,PJ,True,False,2,1,7597,0
07081000,PF,PJ,True,False,2,2,1271832.95,0
07081000,PJ,PF,False,True,2,1,2128.7,0
07081000,PJ,PF,False,True,2,2,90277.8,0
07081000,PJ,PJ,True,False,2,2,18410,0
07082000,PF,PF,True,False,-,-,103830,0
07082000,PF,PJ,True,False,2,1,30018,0
07082000,PF,PJ,True,False,2,2,7900512.81,223812.3
07082000,PJ,PF,False,True,2,2,80,0
07082000,PJ,PJ,True,False,2,2,280416,0
07089000,PF,PF,True,False,-,-,22131.26,0
07089000,PF,PJ,True,False,1,1,2060.599999999999,0
07089000,PF,PJ,True,False,2,1,323469.53,0
07089000,PF,PJ,True,False,2,2,14073784.22,5060.070000000002
07089000,PJ,PF,False,True,2,1,1317.6,0
07089000,PJ,PF,False,True,2,2,720647.8200000001,35.04
07089000,PJ,PJ,True,False,1,1,330,0
07089000,PJ,PJ,True,False,2,1,2515,0
07089000,PJ,PJ,True,False,2,2,172213.22,0
07092000,PF,PJ,True,False,2,2,1685,0
07092000,PJ,PF,False,True,2,1,2940.3,0
07092000,PJ,PF,False,True,2,2,44170.99999999999,0
07093000,PF,PF,True,False,-,-,23753.53,0
07093000,PF,PJ,True,False,2,1,92780.5,0
07093000,PF,PJ,True,False,2,2,8238015.34,0
07093000,PJ,PF,False,True,2,1,627.4,0
07093000,PJ,PF,False,True,2,2,684629.98,0
07093000,PJ,PJ,True,False,1,1,126,0
07093000,PJ,PJ,True,False,2,1,5248.46,0
07093000,PJ,PJ,True,False,2,2,83163.52,0
07094000,PF,PF,True,False,-,-,1272.28,0
07094000,PF,PJ,True,False,2,1,19413.08,0
07094000,PF,PJ,True,False,2,2,1511300.97,0
07094000,PJ,PF,False,True,2,2,10684,0
07094000,PJ,PJ,True,False,2,1,591.5,0
07094000,PJ,PJ,True,False,2,2,250790.98,0
07095100,PF,PJ,True,False,1,1,73038.9,0
07095100,PF,PJ,True,False,2,1,468050.76,0
07095100,PF,PJ,True,False,2,2,2895780.969999999,0
07095100,PJ,PF,False,True,2,2,353940.9500000001,0
07095100,PJ,PJ,True,False,2,1,189,0
07095100,PJ,PJ,True,False,2,2,367984.2099999999,0
07095200,PF,PJ,True,False,2,2,180,0
07095400,PF,PJ,True,False,2,2,13705.14,0
07095400,PJ,PJ,True,False,2,2,1159.34,0
07095900,PF,PF,True,False,-,-,1047757.94,0
07095900,PF,PJ,True,False,2,1,367136.8,0
07095900,PF,PJ,True,False,2,2,4184857.500000001,0
07095900,PJ,PF,False,True,2,2,3296.000000000001,0
07095900,PJ,PF,True,False,-,-,3752685.83,0
07095900,PJ,PJ,True,False,1,1,132270.2,0
07095900,PJ,PJ,True,False,2,1,1885662.69,0
07095900,PJ,PJ,True,False,2,2,18258615.45,0
07096000,PF,PF,True,False,-,-,381487.59,0
07096000,PF,PJ,True,False,1,1,1070.2,0
07096000,PF,PJ,True,False,2,1,1627981.82,210
07096000,PF,PJ,True,False,2,2,92625147.35,5855.35
07096000,PJ,PF,False,True,2,1,40064.6,0
07096000,PJ,PF,False,True,2,2,2089857.94,249.66
07096000,PJ,PF,True,False,-,-,638845,0
07096000,PJ,PJ,True,False,2,1,184114.75,0
07096000,PJ,PJ,True,False,2,2,6780373.45,0
07097000,PF,PF,True,False,-,-,1018.06,0
07097000,PF,PJ,True,False,1,1,31.4,0
07097000,PF,PJ,True,False,2,1,20929.87,0
07097000,PF,PJ,True,False,2,2,5027197.86,4.09
07097000,PJ,PF,False,True,2,2,117747.67,0
07097000,PJ,PF,True,False,-,-,45,0
07097000,PJ,PJ,True,False,2,1,11974.68,0
07097000,PJ,PJ,True,False,2,2,1027916.61,0
07099000,PF,PJ,True,False,2,1,87,0
07099000,PF,PJ,True,False,2,2,42925.49999999999,0
07099090,PF,PF,True,False,-,-,400,0
07099090,PF,PJ,True,False,2,1,39,0
07099090,PF,PJ,True,False,2,2,72941.65,0
07099100,PF,PJ,True,False,2,1,339.6600000000001,0
07099100,PF,PJ,True,False,2,2,52557.48,0
07099100,PJ,PJ,True,False,2,2,160,0
07099200,PF,PF,True,False,-,-,3900,468
07099200,PF,PJ,True,False,2,1,96439.4,1869
07099200,PF,PJ,True,False,2,2,1620,180
07099200,PJ,PF,False,True,2,2,1039826,0
07099300,PF,PF,True,False,-,-,13563610.22,1577.2
07099300,PF,PJ,True,False,1,1,92280,0
07099300,PF,PJ,True,False,2,1,7215062.29,0.4
07099300,PF,PJ,True,False,2,2,84661606.37,9872.03
07099300,PJ,PF,False,True,2,1,1329,0
07099300,PJ,PF,False,True,2,2,3407642.33,0
07099300,PJ,PF,True,False,-,-,127495,0
07099300,PJ,PJ,True,False,1,1,550,0
07099300,PJ,PJ,True,False,2,1,72177.76,0
07099300,PJ,PJ,True,False,2,2,1773313.53,0
07099911,PF,PJ,True,False,2,2,1774701.88,0
07099919,PF,PF,True,False,-,-,5349899.64,0
07099919,PF,PJ,True,False,1,1,63544.6,0
07099919,PF,PJ,True,False,2,1,2360565.04,0
07099919,PF,PJ,True,False,2,2,98006006.4,1751085.5
07099919,PJ,PF,False,True,2,1,67533.76,0
07099919,PJ,PF,False,True,2,2,47529322.81,612182.6400000001
07099919,PJ,PF,True,False,-,-,856999.85,0
07099919,PJ,PJ,True,False,1,1,50,0
07099919,PJ,PJ,True,False,2,1,80270.15,0
07099919,PJ,PJ,True,False,2,2,2230501.8,0
07099990,PF,PF,True,False,-,-,508091.54,0
07099990,PF,PJ,True,False,1,1,4193.599999999999,0
07099990,PF,PJ,True,False,2,1,1340176.18,78.29999999999998
07099990,PF,PJ,True,False,2,2,101024614.58,7648.61
07099990,PJ,PF,False,True,2,1,3301.4,0
07099990,PJ,PF,False,True,2,2,2546254.16,0
07099990,PJ,PJ,True,False,2,1,355137.9999999999,0
07099990,PJ,PJ,True,False,2,2,21631674.3,0
07101000,PF,PF,True,False,-,-,93347275.44,0
07101000,PF,PJ,True,False,1,1,39106.3,0
07101000,PF,PJ,True,False,2,1,47649073.55,7840
07101000,PF,PJ,True,False,2,2,938560831.04,57595.41
07101000,PJ,PF,False,True,2,1,1680,0
07101000,PJ,PF,False,True,2,2,651154.04,14.05
07101000,PJ,PF,True,False,-,-,1542962.14,0
07101000,PJ,PJ,True,False,1,1,6000,0
07101000,PJ,PJ,True,False,2,1,464800,0
07101000,PJ,PJ,True,False,2,2,50898781.71,131117.34
07102100,PF,PJ,True,False,2,2,125,0
07102100,PJ,PJ,True,False,2,2,14294.95,0
07102200,PF,PJ,True,False,2,2,2836175.08,137778.62
07102900,PF,PF,True,False,-,-,20147.6,0
07102900,PF,PJ,True,False,2,1,1697,0
07102900,PF,PJ,True,False,2,2,211129.76,0
07102900,PJ,PF,False,True,2,2,27,0
07102900,PJ,PJ,True,False,2,2,151631.92,0
07103000,PF,PF,True,False,-,-,7416.96,0
07103000,PF,PJ,True,False,2,1,15144.45,0
07103000,PF,PJ,True,False,2,2,287553.25,0
07103000,PJ,PF,False,True,2,2,862.5,0
07104000,PF,PF,True,False,-,-,9615565.639999999,0
07104000,PF,PJ,True,False,2,1,19865,0
07104000,PF,PJ,True,False,2,2,58438724.88999999,5185741.33
07104000,PJ,PF,False,True,2,2,2525580.5,0
07104000,PJ,PF,True,False,-,-,235,0
07104000,PJ,PJ,True,False,1,1,664.4,0
07104000,PJ,PJ,True,False,2,1,9664.09,0
07104000,PJ,PJ,True,False,2,2,433429.2199999999,0
07108000,PF,PF,True,False,-,-,9525.3,0
07108000,PF,PJ,True,False,1,1,427,0
07108000,PF,PJ,True,False,2,1,215340.48,0
07108000,PF,PJ,True,False,2,2,8303219.21,0
07108000,PJ,PF,False,True,2,1,2486.4,0
07108000,PJ,PF,False,True,2,2,59131.3,0
07108000,PJ,PF,True,False,-,-,229830.12,0
07108000,PJ,PJ,True,False,2,1,44082,0
07108000,PJ,PJ,True,False,2,2,10078300.73,0
07109000,PF,PF,True,False,-,-,1121497,0
07109000,PF,PJ,True,False,1,1,4900,0
07109000,PF,PJ,True,False,2,1,285674.86,0
07109000,PF,PJ,True,False,2,2,31761947.53,15.48
07109000,PJ,PJ,True,False,2,1,561142.2,0
07109000,PJ,PJ,True,False,2,2,36130168.35,0
07114000,PF,PJ,True,False,2,1,15507,0
07114000,PF,PJ,True,False,2,2,785196.41,0
07114000,PJ,PF,False,True,2,2,11880,0
07115100,PJ,PJ,True,False,2,2,980.1000000000003,0
07122000,PF,PF,True,False,-,-,10279802.77,5898.25
07122000,PF,PJ,True,False,1,1,1827,0
07122000,PF,PJ,True,False,2,1,14804500.22,0
07122000,PF,PJ,True,False,2,2,258373803.67,5007.74
07122000,PJ,PF,False,True,2,1,900,0
07122000,PJ,PF,False,True,2,2,84397.4,0
07122000,PJ,PJ,True,False,2,1,373844,0
07122000,PJ,PJ,True,False,2,2,6950532.42,0
07123100,PF,PJ,True,False,2,2,25215.1,0
07123100,PJ,PJ,True,False,2,2,28952.05,0
07123900,PF,PJ,True,False,2,2,74767,0
07129090,PF,PF,True,False,-,-,73.2,0
07129090,PF,PJ,True,False,1,1,34.8,0
07129090,PF,PJ,True,False,2,1,11191.56,72
07129090,PF,PJ,True,False,2,2,2237784.45,778.68
07129090,PJ,PF,False,True,2,2,6589.1,0
07129090,PJ,PJ,True,False,2,2,801620.21,0
07131010,PF,PF,True,False,-,-,117840,288
07131010,PF,PJ,True,False,2,2,5888289.5,243676.25
07131010,PJ,PF,False,True,2,2,12.5,0
07131010,PJ,PJ,True,False,2,2,401906.7,17139.4256
07131090,PF,PF,True,False,-,-,417602.09,0
07131090,PF,PJ,True,False,2,2,4525435.65,0
07131090,PJ,PF,False,True,2,2,2809815.52,0
07131090,PJ,PJ,True,False,2,1,310.3200000000001,0
07131090,PJ,PJ,True,False,2,2,855,0
07132090,PJ,PJ,True,False,2,2,870538.19,104464.59
07133110,PF,PJ,True,False,2,2,929292,0
07133190,PF,PF,True,False,-,-,15503773.82,3046.66
07133190,PF,PJ,True,False,2,1,628850.93,14910.89
07133190,PF,PJ,True,False,2,2,103411833.1,3759670.19
07133190,PJ,PF,False,True,2,2,1465656.45,0
07133190,PJ,PJ,True,False,2,2,2668595.11,0
07133210,PF,PJ,True,False,2,2,308380.1,0
07133290,PF,PF,True,False,-,-,69066.67,4834.39
07133290,PF,PJ,True,False,2,2,9385793.9,78087.62
07133290,PJ,PJ,True,False,2,2,5808160.65,0
07133311,PF,PF,True,False,-,-,1356903.78,42
07133311,PF,PJ,True,False,2,1,258900.77,24980
07133311,PF,PJ,True,False,2,2,45509026.11,1012395.06
07133311,PJ,PF,False,True,2,1,67725,0
07133311,PJ,PF,False,True,2,2,2995039.52,0
07133311,PJ,PJ,True,False,2,2,7163434.21,0
07133319,PF,PF,True,False,-,-,7223023.5,80167.6633
07133319,PF,PJ,True,False,2,1,9314445.09,55922.65
07133319,PF,PJ,True,False,2,2,554539722.25,12787751.6593
07133319,PJ,PF,False,True,2,1,3326049.91,0
07133319,PJ,PF,False,True,2,2,68902016.34,21111.86
07133319,PJ,PJ,True,False,2,2,26092077.24,12215.39
07133321,PF,PF,True,False,-,-,10388512.8,18662.03
07133321,PF,PJ,True,False,2,1,1532902.25,297.3
07133321,PF,PJ,True,False,2,2,23207531.29,33327.76
07133321,PJ,PJ,True,False,2,2,8893183.55,0
07133329,PF,PF,True,False,-,-,2968903.61,0
07133329,PF,PJ,True,False,2,1,642,52.88
07133329,PF,PJ,True,False,2,2,30470158.5,620045.75
07133329,PJ,PF,False,True,2,2,15853506.12,0
07133329,PJ,PJ,True,False,2,2,20124545.12,306.4135000000001
07133391,PF,PF,True,False,-,-,558013.2,6861.58
07133391,PF,PJ,True,False,2,2,62097717.26,705452.28
07133391,PJ,PF,False,True,2,2,550200,0
07133391,PJ,PJ,True,False,2,2,18120,0
07133399,PF,PF,True,False,-,-,77093902.7,811465.4229
07133399,PF,PJ,True,False,2,1,25780913.37,616702.4400000001
07133399,PF,PJ,True,False,2,2,2572634804.53,99918522.8178
07133399,PJ,PF,False,True,2,1,6527250.39,0
07133399,PJ,PF,False,True,2,2,53405431.64,134643.61
07133399,PJ,PF,True,False,-,-,84304,0
07133399,PJ,PJ,True,False,2,2,99913501.29,248477.02
07133490,PF,PJ,True,False,2,2,1233512,14389.2
07133510,PF,PF,True,False,-,-,523169.59,0
07133510,PF,PJ,True,False,2,2,1319598.33,468
07133590,PF,PF,True,False,-,-,17617895.19,15412.72
07133590,PF,PJ,True,False,2,1,3083655.41,259872.54
07133590,PF,PJ,True,False,2,2,208337080.81,3174892.73
07133590,PJ,PF,False,True,2,2,1141287.65,0
07133590,PJ,PJ,True,False,2,2,866130.0800000001,0
07133910,PF,PF,True,False,-,-,3418838,12852.8
07133910,PF,PJ,True,False,2,1,2760,0
07133910,PF,PJ,True,False,2,2,9459056.05,10392.24
07133990,PF,PF,True,False,-,-,1088973.1,144651.31
07133990,PF,PJ,True,False,2,1,2067344.64,16080
07133990,PF,PJ,True,False,2,2,33186759.65,1159854.53
07133990,PJ,PF,False,True,2,2,137080,0
07133990,PJ,PJ,True,False,2,2,1627793.66,0
07134010,PF,PJ,True,False,2,2,14.44,0
07135010,PF,PJ,True,False,2,2,2400,288
07136090,PF,PJ,True,False,2,2,1974401.2,25311.27
07139010,PF,PF,True,False,-,-,18000,3060
07139090,PF,PF,True,False,-,-,686664.3,13798.77
07139090,PF,PJ,True,False,2,1,492470.2,41468.9
07139090,PF,PJ,True,False,2,2,16748780.19,1713270.97
07139090,PJ,PF,False,True,2,1,420,0
07139090,PJ,PJ,True,False,2,2,10815,0
07141000,PF,PF,True,False,-,-,891336.28,441.02
07141000,PF,PJ,True,False,1,1,305355.5,0
07141000,PF,PJ,True,False,2,1,1625100.6,2486.4
07141000,PF,PJ,True,False,2,2,70570352.61,1323087.48
07141000,PJ,PF,False,True,2,1,1083482.85,0
07141000,PJ,PF,False,True,2,2,27727664.23,668759.8500000001
07141000,PJ,PF,True,False,-,-,2200,0
07141000,PJ,PJ,True,False,1,1,2750,0
07141000,PJ,PJ,True,False,2,1,35332.64,0
07141000,PJ,PJ,True,False,2,2,7783267.429999999,150259.27
07142000,PF,PF,True,False,-,-,3040184.37,0
07142000,PF,PJ,True,False,1,1,76003.5,0
07142000,PF,PJ,True,False,2,1,4133026.66,0
07142000,PF,PJ,True,False,2,2,48465091.99,151.2
07142000,PJ,PF,False,True,2,1,5863.2,0
07142000,PJ,PF,False,True,2,2,1214341.85,0
07142000,PJ,PF,True,False,-,-,308074,0
07142000,PJ,PJ,True,False,1,1,4165.1,0
07142000,PJ,PJ,True,False,2,1,209977.81,2296
07142000,PJ,PJ,True,False,2,2,7966560.65,5021.4
07143000,PF,PF,True,False,-,-,25190,0
07143000,PF,PJ,True,False,1,1,28000,0
07143000,PF,PJ,True,False,2,1,93050.93,0
07143000,PF,PJ,True,False,2,2,5961193.3,0
07143000,PJ,PF,False,True,2,1,5839.450000000001,0
07143000,PJ,PF,False,True,2,2,240791.25,0
07143000,PJ,PJ,True,False,2,1,2617.59,0
07143000,PJ,PJ,True,False,2,2,21736.2,0
07144000,PJ,PJ,True,False,2,2,444.1900000000002,0
07145000,PJ,PF,False,True,2,2,462,0
07149000,PF,PF,True,False,-,-,625050,0
07149000,PF,PJ,True,False,2,1,56935.5,0
07149000,PF,PJ,True,False,2,2,18398959.45,0
07149000,PJ,PF,False,True,2,2,95968.9,0
07149000,PJ,PJ,True,False,2,2,243056.64,0
08011100,PF,PF,True,False,-,-,563389.5,0
08011100,PF,PJ,True,False,1,1,30,0
08011100,PF,PJ,True,False,2,1,33180,0
08011100,PF,PJ,True,False,2,2,366617.64,0
08011100,PJ,PF,False,True,2,2,3985542.03,124382.18
08011200,PF,PJ,True,False,1,1,90352.59,0
08011200,PF,PJ,True,False,2,2,116513.75,0
08011200,PJ,PF,False,True,2,1,3200,0
08011200,PJ,PF,False,True,2,2,2168508.55,10121.83
08011900,PF,PF,True,False,-,-,5022593.8,336.42
08011900,PF,PJ,True,False,1,1,286719.41,0
08011900,PF,PJ,True,False,2,1,6072587.48,124632.34
08011900,PF,PJ,True,False,2,2,46279580.81,46161.91
08011900,PJ,PF,False,True,2,1,210134.6,0
08011900,PJ,PF,False,True,2,2,11358586.49,128756.06
08012100,PF,PF,True,False,-,-,31050,0
08012100,PF,PJ,True,False,2,1,26460,0
08012100,PF,PJ,True,False,2,2,776640.5,0
08012100,PJ,PF,False,True,2,2,17141,3034.97
08013100,PF,PF,True,False,-,-,700,0
08013100,PF,PJ,True,False,2,2,1537133.54,8845.2
08013100,PJ,PF,False,True,2,2,10682260.77,411204.78
08013200,PF,PJ,True,False,2,2,12782.5,0
08013200,PJ,PJ,True,False,2,2,167500,0
08023100,PF,PJ,True,False,2,2,1820,0
08023100,PJ,PF,False,True,2,2,90125,0
08023200,PF,PJ,True,False,2,2,5953.5,0
08023200,PJ,PF,False,True,2,2,67148.5,5487.080000000001
08024200,PJ,PF,False,True,2,2,435,0
08026100,PF,PF,True,False,-,-,15040,0
08029100,PF,PF,True,False,-,-,84,0
08029100,PF,PJ,True,False,2,1,160,0
08029100,PF,PJ,True,False,2,2,151853,0
08029900,PF,PF,True,False,-,-,65.6,0
08029900,PF,PJ,True,False,2,2,1206.4,0
08031000,PF,PF,True,False,-,-,2451611.12,0
08031000,PF,PJ,True,False,1,1,12150.5,0
08031000,PF,PJ,True,False,2,1,5311788.97,0
08031000,PF,PJ,True,False,2,2,188404455.22,0
08031000,PJ,PF,False,True,2,1,17397.05,0
08031000,PJ,PF,False,True,2,2,147100.35,0
08031000,PJ,PJ,True,False,2,1,1318225.75,0
08031000,PJ,PJ,True,False,2,2,5580530.2,0
08039000,PF,PF,True,False,-,-,5583238.66,3300
08039000,PF,PJ,True,False,1,1,44892.29,0
08039000,PF,PJ,True,False,2,1,21624075.79,40.24
08039000,PF,PJ,True,False,2,2,575547329.7,484602.3299999999
08039000,PJ,PF,False,True,2,1,3201.2,0
08039000,PJ,PF,False,True,2,2,3892286.92,1174.24
08039000,PJ,PJ,True,False,2,1,808820.68,0
08039000,PJ,PJ,True,False,2,2,77578002.85000001,0
08041010,PF,PF,True,False,-,-,25375,0
08041010,PF,PJ,True,False,2,2,4802388.199999999,0
08041010,PJ,PF,False,True,2,2,20,0
08041010,PJ,PJ,True,False,2,2,2163,0
08041020,PF,PJ,True,False,2,2,2575946.05,0
08042010,PF,PF,True,False,-,-,21452,0
08042010,PF,PJ,True,False,2,1,1521,0
08042010,PF,PJ,True,False,2,2,290210.5,11295.36
08042010,PJ,PF,True,False,-,-,134325,0
08042010,PJ,PJ,True,False,2,1,62264.22,0
08042010,PJ,PJ,True,False,2,2,5642910.47,0
08043000,PF,PF,True,False,-,-,1041157.8,0
08043000,PF,PJ,True,False,1,1,30038,0
08043000,PF,PJ,True,False,2,1,1462810.91,0
08043000,PF,PJ,True,False,2,2,76610498,161063.52
08043000,PJ,PF,False,True,2,1,196059.2,0
08043000,PJ,PF,False,True,2,2,15945243.25,4268.39
08044000,PF,PF,True,False,-,-,2805490.55,0
08044000,PF,PJ,True,False,1,1,765,0
08044000,PF,PJ,True,False,2,1,4048716.73,0
08044000,PF,PJ,True,False,2,2,70169808.75,13398.9
08044000,PJ,PF,False,True,2,1,979.4,0
08044000,PJ,PF,False,True,2,2,22943336.22,0
08044000,PJ,PF,True,False,-,-,8230.5,0
08044000,PJ,PJ,True,False,1,1,50691,0
08044000,PJ,PJ,True,False,2,1,111970.8,0
08044000,PJ,PJ,True,False,2,2,12364869.32,0
08045010,PF,PF,True,False,-,-,55052,0
08045010,PF,PJ,True,False,2,1,122833.9,0
08045010,PF,PJ,True,False,2,2,5301362.549999999,2205.24
08045010,PJ,PF,False,True,2,1,2499.2,0
08045010,PJ,PF,False,True,2,2,311128.85,0
08045010,PJ,PJ,True,False,2,1,60450.01,0
08045010,PJ,PJ,True,False,2,2,22438413.52,1515
08045020,PF,PF,True,False,-,-,4420445,0
08045020,PF,PJ,True,False,2,1,3854346.56,0
08045020,PF,PJ,True,False,2,2,72393419.41,0
08045020,PJ,PF,False,True,2,1,4065.3,0
08045020,PJ,PF,False,True,2,2,49863882.2,560362.6799999999
08045020,PJ,PF,True,False,-,-,38808,0
08045020,PJ,PJ,True,False,2,1,41268,0
08045020,PJ,PJ,True,False,2,2,4062448.83,0
08051000,PF,PF,True,False,-,-,35035473.55999999,161859.88
08051000,PF,PJ,True,False,1,1,623984.48,3060
08051000,PF,PJ,True,False,2,1,65582948.44,17548.81
08051000,PF,PJ,True,False,2,2,928691438.03,18221822.2
08051000,PJ,PF,False,True,2,1,98281.6,0
08051000,PJ,PF,False,True,2,2,28987947.62,668220.22
08051000,PJ,PF,True,False,-,-,4004522.07,0
08051000,PJ,PJ,True,False,1,1,320819.94,0
08051000,PJ,PJ,True,False,2,1,36769533.15,2669.31
08051000,PJ,PJ,True,False,2,2,1075872075.05,122569.55
08052000,PF,PF,True,False,-,-,131245.37,0
08052000,PF,PJ,True,False,1,1,10124,0
08052000,PF,PJ,True,False,2,1,273944.98,0
08052000,PF,PJ,True,False,2,2,5553064.830000002,0
08052100,PF,PF,True,False,-,-,8623287.8,5834.5
08052100,PF,PJ,True,False,1,1,192514.9,0
08052100,PF,PJ,True,False,2,1,5537417.89,1225
08052100,PF,PJ,True,False,2,2,116626991.5,93416.08000000002
08052100,PJ,PF,False,True,2,1,700.1,0
08052100,PJ,PF,False,True,2,2,829042.07,25879.48
08052100,PJ,PF,True,False,-,-,742351.38,0
08052100,PJ,PJ,True,False,2,1,1825860.23,0
08052100,PJ,PJ,True,False,2,2,85504018.02,2257.92
08052200,PF,PJ,True,False,2,2,393337.9,0
08052900,PF,PF,True,False,-,-,8300,0
08052900,PF,PJ,True,False,2,1,516,0
08052900,PF,PJ,True,False,2,2,149494.8,0
08052900,PJ,PF,False,True,2,2,27618.2,0
08055000,PF,PF,True,False,-,-,1451361.95,0
08055000,PF,PJ,True,False,2,1,2034029.55,1.8
08055000,PF,PJ,True,False,2,2,59019282.56,40266.44
08055000,PJ,PF,False,True,2,1,4743.5,0
08055000,PJ,PF,False,True,2,2,131225.85,1149.33
08055000,PJ,PF,True,False,-,-,3694.78,0
08055000,PJ,PJ,True,False,2,1,821330.01,0
08055000,PJ,PJ,True,False,2,2,83501921.82,190.42
08059000,PF,PJ,True,False,2,1,111041,0
08059000,PF,PJ,True,False,2,2,2687890.1,0
08059000,PJ,PF,False,True,2,2,2714.05,0
08059000,PJ,PJ,True,False,2,1,460,0
08059000,PJ,PJ,True,False,2,2,232129.3,0
08061000,PF,PF,True,False,-,-,278812.76,11.52
08061000,PF,PJ,True,False,2,1,945428.7,0
08061000,PF,PJ,True,False,2,2,141478576.57,47835.00000000001
08061000,PJ,PF,False,True,2,1,654954.2,0
08061000,PJ,PF,False,True,2,2,143386465.7,490938.68
08061000,PJ,PJ,True,False,2,2,6343730,0
08062000,PF,PJ,True,False,2,2,22388.4,0
08071100,PF,PF,True,False,-,-,17655302.78,562.09
08071100,PF,PJ,True,False,1,1,54000,0
08071100,PF,PJ,True,False,2,1,5258262.03,100350.44
08071100,PF,PJ,True,False,2,2,135759769.17,3239.33
08071100,PJ,PF,False,True,2,1,3320,0
08071100,PJ,PF,False,True,2,2,83876.70000000001,0
08071100,PJ,PF,True,False,-,-,87040,0
08071100,PJ,PJ,True,False,2,1,16390,0
08071100,PJ,PJ,True,False,2,2,689579.3500000001,0
08071900,PF,PF,True,False,-,-,124801.22,0
08071900,PF,PJ,True,False,2,1,472250.9,0
08071900,PF,PJ,True,False,2,2,11917286.9,0
08071900,PJ,PF,False,True,2,1,8554.8,0
08071900,PJ,PF,False,True,2,2,69169.79999999999,0
08072000,PF,PF,True,False,-,-,6261586.02,0
08072000,PF,PJ,True,False,1,1,231348.11,0
08072000,PF,PJ,True,False,2,1,8222152.42,0
08072000,PF,PJ,True,False,2,2,433746639.19,35791.52
08072000,PJ,PF,False,True,2,1,5563.2,0
08072000,PJ,PF,False,True,2,2,8803905.39,0
08072000,PJ,PJ,True,False,1,1,42,0
08072000,PJ,PJ,True,False,2,1,1663.37,0
08072000,PJ,PJ,True,False,2,2,696385.8,0
08081000,PF,PF,True,False,-,-,565148.97,0
08081000,PF,PJ,True,False,2,1,1886601.56,0
08081000,PF,PJ,True,False,2,2,284978878.99,0
08081000,PJ,PF,False,True,2,1,12455.9,0
08081000,PJ,PF,False,True,2,2,4763552.87,0
08081000,PJ,PF,True,False,-,-,400,0
08081000,PJ,PJ,True,False,2,1,9800,0
08081000,PJ,PJ,True,False,2,2,6893472.86,0
08083000,PF,PJ,True,False,2,1,97940.4,0
08083000,PF,PJ,True,False,2,2,234898.28,0
08083000,PJ,PF,False,True,2,1,3414.2,0
08083000,PJ,PF,False,True,2,2,52070.59999999999,0
08084000,PF,PF,True,False,-,-,5400,0
08091000,PF,PJ,True,False,2,2,61690.3,0
08091000,PJ,PF,False,True,2,2,355421,0
08092900,PF,PF,True,False,-,-,18530,0
08092900,PF,PJ,True,False,2,2,1157382.11,0
08093010,PF,PF,True,False,-,-,39,0
08093010,PF,PJ,True,False,2,1,198855,0
08093010,PF,PJ,True,False,2,2,16109513.34,0
08093010,PJ,PF,False,True,2,2,30180.9,0
08093010,PJ,PJ,True,False,2,1,12281,0
08093010,PJ,PJ,True,False,2,2,6737165.6,0
08093020,PF,PJ,True,False,2,1,35691.5,0
08093020,PF,PJ,True,False,2,2,1433705.54,0
08093020,PJ,PF,False,True,2,1,797.4,0
08093020,PJ,PF,False,True,2,2,16656.3,0
08093020,PJ,PJ,True,False,2,2,93720,0
08094000,PF,PF,True,False,-,-,750,0
08094000,PF,PJ,True,False,2,1,99984.8,0
08094000,PF,PJ,True,False,2,2,5933339.63,0
08094000,PJ,PF,False,True,2,1,350,0
08094000,PJ,PF,False,True,2,2,73817.72,35.79
08094000,PJ,PF,True,False,-,-,1500,300
08094000,PJ,PJ,True,False,2,1,14000,0
08094000,PJ,PJ,True,False,2,2,10572235.58,0
08101000,PF,PF,True,False,-,-,11706344.6,2170.64
08101000,PF,PJ,True,False,1,1,24686.5,0
08101000,PF,PJ,True,False,2,1,8654292.09,332.69
08101000,PF,PJ,True,False,2,2,183868183.75,207249.03
08101000,PJ,PF,False,True,2,1,3189,0
08101000,PJ,PF,False,True,2,2,132173.55,0
08102000,PF,PF,True,False,-,-,107,0
08102000,PF,PJ,True,False,2,1,13667.55,0
08102000,PF,PJ,True,False,2,2,854113,0
08104000,PF,PJ,True,False,2,1,200,0
08104000,PF,PJ,True,False,2,2,49953.72,1715
08104000,PJ,PF,False,True,2,2,320,0
08104000,PJ,PJ,True,False,2,2,17459,0
08105000,PF,PJ,True,False,2,1,118624.94,0
08105000,PF,PJ,True,False,2,2,82913.23,0
08105000,PJ,PF,False,True,2,1,1431.2,0
08105000,PJ,PF,False,True,2,2,31180.5,0
08107000,PF,PF,True,False,-,-,16640,0
08107000,PF,PJ,True,False,2,1,68921,0
08107000,PF,PJ,True,False,2,2,3604407.56,0
08107000,PJ,PF,False,True,2,2,188051.5,0
08107000,PJ,PF,True,False,-,-,81605,0
08107000,PJ,PJ,True,False,1,1,6000,0
08107000,PJ,PJ,True,False,2,1,150233.32,0
08107000,PJ,PJ,True,False,2,2,23989912.12,0
08109011,PF,PJ,True,False,2,2,2173.01,0
08109011,PJ,PJ,True,False,2,1,12000,0
08109011,PJ,PJ,True,False,2,2,3165037.61,0
08109012,PF,PJ,True,False,2,1,11100,0
08109012,PF,PJ,True,False,2,2,8589188.549999999,0
08109012,PJ,PJ,True,False,2,2,2757316.93,0
08109013,PF,PJ,True,False,2,2,72095,8526
08109013,PJ,PJ,True,False,2,1,15,0
08109013,PJ,PJ,True,False,2,2,485,0
08109014,PF,PJ,True,False,2,1,2428,0
08109014,PF,PJ,True,False,2,2,1769715.8,0
08109015,PF,PF,True,False,-,-,421500,0
08109015,PF,PJ,True,False,2,1,13764,0
08109015,PF,PJ,True,False,2,2,18152117.18,0
08109015,PJ,PF,False,True,2,1,2903.1,0
08109015,PJ,PF,False,True,2,2,899807.22,0
08109015,PJ,PJ,True,False,2,1,3750,0
08109015,PJ,PJ,True,False,2,2,2213832.84,0
08109016,PF,PJ,True,False,2,1,3430,0
08109016,PF,PJ,True,False,2,2,6283785.600000001,0
08109016,PJ,PF,False,True,2,2,3746.6,0
08109016,PJ,PJ,True,False,2,2,71295.3,0
08109017,PF,PJ,True,False,2,2,245,0
08109017,PJ,PF,False,True,2,2,246,0
08109090,PF,PF,True,False,-,-,951456.1100000001,0
08109090,PF,PJ,True,False,2,1,859290.31,444
08109090,PF,PJ,True,False,2,2,4584376.46,0
08109090,PJ,PF,False,True,2,2,2899113.2,249527.11
08109090,PJ,PJ,True,False,2,2,352472.01,0
08111000,PF,PF,True,False,-,-,1377290,0
08111000,PF,PJ,True,False,2,1,122963.4,0
08111000,PF,PJ,True,False,2,2,5035393.1,23764.78
08112000,PF,PF,True,False,-,-,1010.3,0
08112000,PF,PJ,True,False,1,1,60,0
08112000,PF,PJ,True,False,2,1,240,0
08112000,PF,PJ,True,False,2,2,49456,360
08112000,PJ,PJ,True,False,2,1,88689.31,0
08112000,PJ,PJ,True,False,2,2,115121.15,0
08119000,PF,PF,True,False,-,-,29400,0
08119000,PF,PJ,True,False,2,1,404220.5,0
08119000,PF,PJ,True,False,2,2,834697.18,1920
08119000,PJ,PF,False,True,2,2,65649671.01000001,0
08121000,PF,PJ,True,False,2,1,132,0
08121000,PF,PJ,True,False,2,2,1019,0
08132010,PF,PJ,True,False,2,2,4732.940000000001,0
08132020,PF,PJ,True,False,2,2,10656.3,0
08132020,PJ,PJ,True,False,2,2,33762.5,0
08133000,PF,PJ,True,False,2,1,4954.41,0
08133000,PF,PJ,True,False,2,2,51965,0
08134010,PF,PJ,True,False,2,2,4839.939999999999,0
08140000,PF,PF,True,False,-,-,1934.4,367.54
08140000,PF,PJ,True,False,2,2,978,0
09000000,PF,PJ,True,False,2,2,0,0
09011110,PF,PF,True,False,-,-,18430451.89,6086.79
09011110,PF,PJ,True,False,1,1,176348.2,4950
09011110,PF,PJ,True,False,2,1,30109397.06,445963.02
09011110,PF,PJ,True,False,2,2,7720594792.13,7822507.38
09011110,PJ,PF,False,True,2,1,543500.25,0
09011110,PJ,PF,False,True,2,2,657469524.98,49840.07
09011110,PJ,PF,True,False,-,-,230620,1327.92
09011110,PJ,PJ,True,False,1,1,2250,0
09011110,PJ,PJ,True,False,2,1,1669345.01,15715.89
09011110,PJ,PJ,True,False,2,2,695617493.76,96510.06
09011190,PF,PF,True,False,-,-,159735.15,0
09011190,PF,PJ,True,False,2,1,358050,2240
09011190,PF,PJ,True,False,2,2,34757495.99,137829.52
09011190,PJ,PF,False,True,2,1,40,0
09011190,PJ,PF,False,True,2,2,895929.65,0
09011190,PJ,PJ,True,False,2,2,395246.99,0
09011200,PF,PJ,True,False,2,2,2306251.12,0
09011200,PJ,PF,False,True,2,1,2160,0
09011200,PJ,PJ,True,False,2,2,4049255.19,0
09012100,PF,PF,True,False,-,-,614576,0
09012100,PF,PJ,True,False,2,1,200300.05,6896.02
09012100,PF,PJ,True,False,2,2,197518906.95,505.61
09012100,PJ,PJ,True,False,2,2,390335.49,0
09012200,PF,PJ,True,False,2,2,1266608.39,0
09019000,PF,PF,True,False,-,-,1534274.61,140933.9699999999
09019000,PF,PJ,True,False,2,1,1414.7,0
09019000,PF,PJ,True,False,2,2,1155041.23,144
09019000,PJ,PJ,True,False,2,2,210,0
09021000,PF,PJ,True,False,2,1,386.9299999999997,0
09021000,PF,PJ,True,False,2,2,3458.29,0
09021000,PJ,PJ,True,False,2,1,149.4,0
09022000,PF,PJ,True,False,2,2,160,0
09030010,PF,PJ,True,False,2,2,7816.21,0
09030090,PF,PF,True,False,-,-,215620.9,0
09030090,PF,PJ,True,False,2,1,6918.94,0
09030090,PF,PJ,True,False,2,2,2135384.03,16093.01
09030090,PJ,PF,False,True,2,2,608863.58,3693.000000000001
09041100,PF,PF,True,False,-,-,43049.2,0
09041100,PF,PJ,True,False,2,1,1500,0
09041100,PF,PJ,True,False,2,2,23810605.52,0
09041100,PJ,PF,False,True,2,2,5651237.2,22579.94
09041200,PF,PJ,True,False,2,1,30200,0
09041200,PF,PJ,True,False,2,2,2562781.5,216058.43
09042100,PF,PJ,True,False,2,2,929850,0
09051000,PF,PF,True,False,-,-,325,0
09051000,PF,PJ,True,False,2,2,450,0
09083100,PJ,PJ,True,False,2,2,6689869.73,0
09092100,PF,PF,True,False,-,-,21534,2584.08
09092100,PF,PJ,True,False,2,2,1031810.02,0
09092200,PF,PJ,True,False,2,1,106983,12837.96
09092200,PF,PJ,True,False,2,2,82173.5,8142.12
09096110,PF,PJ,True,False,2,1,6259.849999999999,0
09096110,PF,PJ,True,False,2,2,676288.0799999998,0
09096210,PJ,PJ,True,False,2,1,261,0
09096210,PJ,PJ,True,False,2,2,2606.100000000001,0
09100000,PF,PF,True,False,-,-,0,0
09101100,PF,PF,True,False,-,-,10524,0
09101100,PF,PJ,True,False,2,1,120882.4,0
09101100,PF,PJ,True,False,2,2,15306753.34,0
09101100,PJ,PF,False,True,2,1,479.2,0
09101100,PJ,PF,False,True,2,2,93458.70000000001,1685.839999999999
09101100,PJ,PJ,True,False,2,1,168.7,0
09101100,PJ,PJ,True,False,2,2,3808,0
09101200,PF,PJ,True,False,2,2,33459.56,0
09101200,PJ,PJ,True,False,2,1,13.3,0
09101200,PJ,PJ,True,False,2,2,22.40000000000001,0
09102000,PJ,PJ,True,False,2,2,4205,0
09103000,PJ,PF,False,True,2,2,150,13.88
09104000,PF,PJ,True,False,2,2,1058,0
09109100,PF,PF,True,False,-,-,35.5,0
09109100,PF,PJ,True,False,2,2,2634.100000000001,0
09109900,PF,PF,True,False,-,-,95.88,0
09109900,PF,PJ,True,False,2,1,688.01,0
09109900,PF,PJ,True,False,2,2,918455.0699999998,0
09109900,PJ,PF,False,True,2,2,30825.8,190.1599999999999
09109900,PJ,PJ,True,False,2,1,847.3000000000003,0
09109900,PJ,PJ,True,False,2,2,1167177.04,1270.3
09999000,PF,PF,True,False,-,-,0,0
09999000,PF,PJ,True,False,2,2,0,0
09999990,PF,PF,True,False,-,-,0,0
09999999,PF,PF,True,False,-,-,0,0
09999999,PF,PJ,True,False,2,2,0,0
10011090,PF,PJ,True,False,2,2,754749.2,0
10011100,PF,PF,True,False,-,-,25875721.7,65484.46
10011100,PF,PJ,True,False,2,1,894984,2799.94
10011100,PF,PJ,True,False,2,2,180916258.79,1048927.04
10011100,PJ,PF,False,True,2,2,11625421.78,0
10011100,PJ,PF,True,False,-,-,8998.8,431.94
10011100,PJ,PJ,True,False,2,2,19853637.56,28227.67
10011900,PF,PF,True,False,-,-,10012311.29,6628.12
10011900,PF,PJ,True,False,2,1,4844183.13,23443.22
10011900,PF,PJ,True,False,2,2,449828565.29,3325589.209999999
10011900,PJ,PF,False,True,2,1,15000,0
10011900,PJ,PF,False,True,2,2,56529312.86,161059.43
10011900,PJ,PJ,True,False,2,1,148008.12,0
10011900,PJ,PJ,True,False,2,2,50949562.99,7.3799
10019090,PF,PJ,True,False,2,2,2850989.8,0
10019100,PF,PF,True,False,-,-,2601832.01,994.56
10019100,PF,PJ,True,False,2,1,50400,2517.84
10019100,PF,PJ,True,False,2,2,45382765.98,417291.65
10019100,PJ,PF,False,True,2,2,3662261.41,0
10019100,PJ,PJ,True,False,2,2,367428.27,0
10019900,PF,PF,True,False,-,-,13479875.11,39159.32
10019900,PF,PJ,True,False,2,1,11707982.64,41813.18
10019900,PF,PJ,True,False,2,2,942380185.02,6945997.109999999
10019900,PJ,PF,False,True,2,1,9006,0
10019900,PJ,PF,False,True,2,2,266847006.01,1174530.95
10019900,PJ,PJ,True,False,2,2,42877975.8,450069.23
10021000,PF,PJ,True,False,2,2,699035.4199999999,36721.17
10021000,PJ,PJ,True,False,2,2,1264072.39,60699.124
10029000,PF,PF,True,False,-,-,252716,0
10029000,PF,PJ,True,False,2,2,5569011.16,543997.66
10029000,PJ,PF,False,True,2,2,41800,0
10029090,PF,PJ,True,False,2,2,0,0
10031000,PF,PF,True,False,-,-,1673404,526.11
10031000,PF,PJ,True,False,2,1,8706,0
10031000,PF,PJ,True,False,2,2,2640719.93,1865.66
10031000,PJ,PF,False,True,2,2,112660.2,0
10031000,PJ,PJ,True,False,2,2,2342996.31,0
10039010,PF,PJ,True,False,2,1,68620,0
10039010,PF,PJ,True,False,2,2,14033118.12,198095.45
10039010,PJ,PF,False,True,2,2,2150363.4,45297.25
10039010,PJ,PJ,True,False,2,1,167816,0
10039010,PJ,PJ,True,False,2,2,4045862.81,0
10039080,PF,PF,True,False,-,-,479993.8,0
10039080,PF,PJ,True,False,2,1,81752.3,393.79
10039080,PF,PJ,True,False,2,2,5318637.49,0
10039080,PJ,PF,False,True,2,2,1904163.98,33350.22
10039090,PF,PF,True,False,-,-,1485317.15,85
10039090,PF,PJ,True,False,2,1,15140,0
10039090,PF,PJ,True,False,2,2,3920359.42,0
10039090,PJ,PF,False,True,2,2,888474.7599999999,27139.78
10039090,PJ,PJ,True,False,2,2,1616688.82,0
10041000,PF,PF,True,False,-,-,6253745.11,21084.88
10041000,PF,PJ,True,False,2,1,72610,3053.28
10041000,PF,PJ,True,False,2,2,20688985.27,306008.11
10041000,PJ,PF,False,True,2,1,4098,0
10041000,PJ,PF,False,True,2,2,7572023.71,30419.73
10041000,PJ,PJ,True,False,2,2,949580.29,40111.3419
10049000,PF,PF,True,False,-,-,43880867.45,123608.76
10049000,PF,PJ,True,False,1,1,106678.98,0
10049000,PF,PJ,True,False,2,1,3632992.01,55720.96999999999
10049000,PF,PJ,True,False,2,2,70197354.35,516882.15
10049000,PJ,PF,False,True,2,1,208883.3,0
10049000,PJ,PF,False,True,2,2,10276167.86,176446.04
10049000,PJ,PF,True,False,-,-,14252,0
10049000,PJ,PJ,True,False,2,2,446769.33,9707.04
10051000,PF,PF,True,False,-,-,36982275.21,34776.86
10051000,PF,PJ,True,False,1,1,25664.8,0
10051000,PF,PJ,True,False,2,1,360957.6,4921.72
10051000,PF,PJ,True,False,2,2,490106074.52,17234323.5
10051000,PJ,PF,False,True,2,2,4469687.999999998,0
10051000,PJ,PJ,True,False,2,2,3903810.05,152653.7
10059010,PF,PF,True,False,-,-,3499973772.52,14342554.4637
10059010,PF,PJ,True,False,1,1,1044086.93,17621.4
10059010,PF,PJ,True,False,2,1,539329779.15,2562824.5091
10059010,PF,PJ,True,False,2,2,34993571548.53999,108846173.2009
10059010,PJ,PF,False,True,2,1,23711020.84,149779.42
10059010,PJ,PF,False,True,2,2,2317061176.5,16995268.44
10059010,PJ,PF,True,False,-,-,517344.09,16939.75
10059010,PJ,PJ,True,False,1,1,425.2,0
10059010,PJ,PJ,True,False,2,1,2491498.62,0
10059010,PJ,PJ,True,False,2,2,359520893.01,4878799.739999999
10059090,PF,PF,True,False,-,-,52110028.83,640401.9699999999
10059090,PF,PJ,True,False,1,1,74153.78,1567.17
10059090,PF,PJ,True,False,2,1,4094161.2,110302.36
10059090,PF,PJ,True,False,2,2,745559690.3,17972124.11
10059090,PJ,PF,False,True,2,1,656.7,0
10059090,PJ,PF,False,True,2,2,5286346.579999999,139935.18
10059090,PJ,PF,True,False,-,-,18579,693.75
10059090,PJ,PJ,True,False,2,2,58160951.81,17457867.64
10061010,PF,PF,True,False,-,-,88433851.24,656917.11
10061010,PF,PJ,True,False,1,1,7280,349.44
10061010,PF,PJ,True,False,2,1,2992773.99,0
10061010,PF,PJ,True,False,2,2,404586859.4,3649276.48
10061010,PJ,PF,False,True,2,2,608259.45,0
10061091,PF,PF,True,False,-,-,30000,0
10061091,PF,PJ,True,False,2,1,66000,4320
10061091,PF,PJ,True,False,2,2,27703760.67,853278.5700000002
10061092,PF,PF,True,False,-,-,41859086.68,184471.1
10061092,PF,PJ,True,False,2,1,15368552.16,271355.7
10061092,PF,PJ,True,False,2,2,8281184655.55,126710685.03
10061092,PJ,PF,False,True,2,2,51521630.58000001,1346110.68
10061092,PJ,PJ,True,False,2,2,724912.5,0
10062010,PF,PJ,True,False,2,2,355230.23,0
10062020,PF,PF,True,False,-,-,759000,0
10062020,PF,PJ,True,False,1,1,1155,80.86
10062020,PF,PJ,True,False,2,1,9588,745.69
10062020,PF,PJ,True,False,2,2,3629548,15503.6
10062020,PJ,PF,False,True,2,2,106719.54,8324.12
10063011,PF,PF,True,False,-,-,434466.4,496.37
10063011,PF,PJ,True,False,2,1,609649.67,68875.48
10063011,PF,PJ,True,False,2,2,16587944.78,56342.27
10063019,PF,PF,True,False,-,-,898919.66,0
10063019,PF,PJ,True,False,2,1,52500,0
10063019,PF,PJ,True,False,2,2,68398374.47,654157.7499999998
10063021,PF,PF,True,False,-,-,279451.87,0
10063021,PF,PJ,True,False,2,2,3809802.11,83762.34
10063021,PJ,PF,False,True,2,2,400971.6,0
10063021,PJ,PJ,True,False,2,2,196340.5,0
10063029,PF,PF,True,False,-,-,1205568.02,0
10063029,PF,PJ,True,False,2,1,502566.08,0
10063029,PF,PJ,True,False,2,2,26678838.76,135074.72
10063029,PJ,PF,False,True,2,2,36000,0
10064000,PF,PF,True,False,-,-,71068,0
10064000,PF,PJ,True,False,2,1,142500,0
10064000,PF,PJ,True,False,2,2,9090428.01,56590.26
10070090,PF,PF,True,False,-,-,589984.6,0
10070090,PF,PJ,True,False,2,2,23308689.1,840164.5299999998
10070090,PJ,PF,False,True,2,2,786567.64,22418.23
10071000,PF,PF,True,False,-,-,18579705.13,120218.87
10071000,PF,PJ,True,False,1,1,639,0
10071000,PF,PJ,True,False,2,1,1276931.5,3842.6
10071000,PF,PJ,True,False,2,2,133104544.31,2526208.05
10071000,PJ,PJ,True,False,2,2,4763239.420000001,0
10079000,PF,PF,True,False,-,-,362298819,1059474.8098
10079000,PF,PJ,True,False,1,1,5965,756.55
10079000,PF,PJ,True,False,2,1,47261931.13,17520.593
10079000,PF,PJ,True,False,2,2,1213107591.74,9965994.9623
10079000,PJ,PF,False,True,2,2,30629575.58,227682.19
10079000,PJ,PF,True,False,-,-,31184.98,0
10079000,PJ,PJ,True,False,2,1,664538.0000000001,0
10079000,PJ,PJ,True,False,2,2,61694261.28,4883.58
10081010,PF,PF,True,False,-,-,367152.85,9774.92
10081010,PF,PJ,True,False,2,1,62480,0
10081010,PF,PJ,True,False,2,2,5269658.53,19462.53
10081010,PJ,PJ,True,False,2,2,19154.7,0
10081090,PF,PF,True,False,-,-,2266518.43,19955.4
10081090,PF,PJ,True,False,2,1,23000,960
10081090,PF,PJ,True,False,2,2,31290242.43,56728.28999999999
10081090,PJ,PF,False,True,2,1,11088,0
10081090,PJ,PF,False,True,2,2,1933018.14,0
10081090,PJ,PJ,True,False,2,2,3404501.92,0
10082010,PF,PF,True,False,-,-,163530,30345
10082010,PF,PJ,True,False,2,1,513428,65478.96
10082010,PF,PJ,True,False,2,2,3447383.5,413686.02
10082110,PF,PF,True,False,-,-,18363840.05,154797.6
10082110,PF,PJ,True,False,1,1,5425,0
10082110,PF,PJ,True,False,2,1,2998130.97,7184.72
10082110,PF,PJ,True,False,2,2,86465749.61,1043953.4465
10082110,PJ,PF,False,True,2,2,53088,9024.96
10082110,PJ,PJ,True,False,2,2,990481.2300000001,0
10082190,PF,PF,True,False,-,-,352537.26,2901
10082190,PF,PJ,True,False,1,1,3491,0
10082190,PF,PJ,True,False,2,1,1851616.71,112910.11
10082190,PF,PJ,True,False,2,2,2628704.01,74703.89
10082190,PJ,PJ,True,False,2,2,33714,0
10082910,PF,PF,True,False,-,-,51943477.97,577458.3430999999
10082910,PF,PJ,True,False,1,1,780,0
10082910,PF,PJ,True,False,2,1,3520407.02,31537.32
10082910,PF,PJ,True,False,2,2,196740274.54,6712582.656199999
10082910,PJ,PF,False,True,2,2,1313321.89,734.88
10082910,PJ,PJ,True,False,2,2,534512,0
10082990,PF,PF,True,False,-,-,587677.03,2277.31
10082990,PF,PJ,True,False,1,1,1560.25,188.04
10082990,PF,PJ,True,False,2,1,204166.17,13076.6
10082990,PF,PJ,True,False,2,2,5262174.05,127683.06
10083010,PF,PJ,True,False,2,2,133000,0
10083090,PF,PF,True,False,-,-,14320,0
10085090,PF,PF,True,False,-,-,202298.33,0
10085090,PF,PJ,True,False,2,1,797910,84715.2
10085090,PF,PJ,True,False,2,2,651732.5,7854
10086010,PF,PF,True,False,-,-,196272,0
10086010,PF,PJ,True,False,2,1,38000,0
10086010,PF,PJ,True,False,2,2,1531639,14652
10086010,PJ,PJ,True,False,2,2,608691.46,0
10086090,PF,PF,True,False,-,-,30274,0
10086090,PF,PJ,True,False,2,1,173868.7,0
10086090,PF,PJ,True,False,2,2,742458.33,32334.07
10086090,PJ,PF,False,True,2,2,27983.08,386.55
10086090,PJ,PJ,True,False,2,2,4254731.45,0
10089010,PF,PF,True,False,-,-,242282,1201.44
10089010,PF,PJ,True,False,2,1,86532,4153.530000000001
10089010,PF,PJ,True,False,2,2,6358438.39,208802.09
10089010,PJ,PF,False,True,2,2,6026603.76,80168.3
10089010,PJ,PJ,True,False,2,2,2231223.07,0
10089090,PF,PF,True,False,-,-,38350751.49,132147.08
10089090,PF,PJ,True,False,2,1,6094956.85,41610.02
10089090,PF,PJ,True,False,2,2,54409939.52,1071258.19
10089090,PJ,PF,False,True,2,2,284260.59,8480.710000000001
10089090,PJ,PJ,True,False,2,2,22045.69,0
11010010,PF,PF,True,False,-,-,3230368.65,4634.120000000001
11010010,PF,PJ,True,False,2,1,3158959.19,0
11010010,PF,PJ,True,False,2,2,124538083.68,602879.4900000001
11010010,PJ,PF,False,True,2,2,475301.02,0
11010010,PJ,PJ,True,False,2,1,612940.4,0
11010010,PJ,PJ,True,False,2,2,16079819.55,0
11010020,PF,PJ,True,False,2,2,180317.73,0
11022000,PF,PF,True,False,-,-,303589.16,1200
11022000,PF,PJ,True,False,2,2,967925.4699999999,0
11022000,PJ,PF,False,True,2,2,7611084,246408.85
11029000,PF,PF,True,False,-,-,59325,0
11029000,PF,PJ,True,False,2,2,40882.92,4905.95
11031100,PF,PF,True,False,-,-,144059.4,0
11031100,PF,PJ,True,False,2,1,182555.2,0
11031100,PF,PJ,True,False,2,2,25380570.96,215843.13
11031100,PJ,PF,False,True,2,2,167892,0
11031100,PJ,PJ,True,False,2,2,50628.1,0
11031300,PF,PF,True,False,-,-,12498301.91,18.14
11031300,PF,PJ,True,False,2,1,3524191.48,0
11031300,PF,PJ,True,False,2,2,22978623.24,608796.1699999999
11031300,PJ,PJ,True,False,2,2,2191565.55,0
11031900,PF,PF,True,False,-,-,1080834.91,0
11031900,PF,PJ,True,False,2,2,22859963.86,190480.73
11041200,PF,PF,True,False,-,-,11735684.43,79853.04999999999
11041200,PF,PJ,True,False,2,1,978271.59,0
11041200,PF,PJ,True,False,2,2,18927242.29,61809.75
11041200,PJ,PF,False,True,2,1,74254.4,1618.75
11041200,PJ,PF,False,True,2,2,4299796.62,507147.57
11041200,PJ,PJ,True,False,2,1,6000,0
11041200,PJ,PJ,True,False,2,2,238479.44,0
11041900,PF,PF,True,False,-,-,713999,0
11041900,PF,PJ,True,False,2,1,14729,0
11041900,PF,PJ,True,False,2,2,13387192.13,817292.0000000002
11041900,PJ,PJ,True,False,2,2,206175.65,0
11042200,PF,PF,True,False,-,-,949407.54,0
11042200,PF,PJ,True,False,2,2,1124923.08,10333.56
11042200,PJ,PF,False,True,2,1,12000,0
11042200,PJ,PF,False,True,2,2,1099005.7,0
11042300,PF,PF,True,False,-,-,97971200.94,235925.4
11042300,PF,PJ,True,False,2,1,4176240.19,31629.29
11042300,PF,PJ,True,False,2,2,134236453.86,186005.34
11042300,PJ,PF,False,True,2,1,4300,0
11042300,PJ,PF,False,True,2,2,3710759.84,2539.43
11042300,PJ,PJ,True,False,2,1,10535.27,0
11042300,PJ,PJ,True,False,2,2,6329908.27,0
11042900,PF,PF,True,False,-,-,39599.47,0
11042900,PF,PJ,True,False,2,1,25623,0
11042900,PF,PJ,True,False,2,2,1265460.47,12400.08
11042900,PJ,PJ,True,False,2,2,862564,0
11043000,PF,PF,True,False,-,-,121300,0
11043000,PF,PJ,True,False,2,2,334713.72,0
11043000,PJ,PJ,True,False,2,2,1256250,0
11061000,PJ,PF,False,True,2,2,1440,133.2
11062000,PF,PJ,True,False,1,1,312.5,21.88
11062000,PF,PJ,True,False,2,1,133864,13.18
11062000,PF,PJ,True,False,2,2,9646885.09,0
11062000,PJ,PF,False,True,2,2,121457,0
11081200,PF,PF,True,False,-,-,198396.98,0
11081200,PF,PJ,True,False,2,2,977434.0499999999,0
11081400,PF,PF,True,False,-,-,800,0
11081400,PF,PJ,True,False,1,1,5100,0
11081400,PF,PJ,True,False,2,1,142100,0
11081400,PF,PJ,True,False,2,2,262205.66,0
12010010,PF,PF,True,False,-,-,1509002.4,0
12010010,PF,PJ,True,False,2,2,41581262.24,1069088.23
12010090,PJ,PF,False,True,2,2,71543091.28000002,0
12011000,PF,PF,True,False,-,-,476372303.34,3623211.24
12011000,PF,PJ,True,False,2,1,16628157.53,365413.32
12011000,PF,PJ,True,False,2,2,3418475871.1,37489301.3935
12011000,PJ,PF,False,True,2,2,85422438.92,12249.89
12011000,PJ,PF,True,False,-,-,21450,1029.6
12011000,PJ,PJ,True,False,2,2,116693928.3,900640.38
12019000,PF,PF,True,False,-,-,683572746,6030179.7426
12019000,PF,PJ,True,False,1,1,42822,2373.84
12019000,PF,PJ,True,False,2,1,141870309.5,1281823.15
12019000,PF,PJ,True,False,2,2,79143501380.69,80624246.48110001
12019000,PJ,PF,False,True,2,1,127680,0
12019000,PJ,PF,False,True,2,2,6248203590.74,4694229.92
12019000,PJ,PF,True,False,-,-,12375,0
12019000,PJ,PJ,True,False,2,1,439234.67,0
12019000,PJ,PJ,True,False,2,2,763240263.71,2799489.22
12023000,PF,PJ,True,False,2,2,550000,0
12023000,PJ,PF,True,False,-,-,1085000,26040
12023000,PJ,PJ,True,False,2,2,30148495.8,17424
12024100,PF,PF,True,False,-,-,145109.18,708.75
12024100,PF,PJ,True,False,2,2,109084689.39,8499611.229999999
12024100,PJ,PF,False,True,2,2,6379480.78,242193.3
12024100,PJ,PJ,True,False,1,1,4200,0
12024100,PJ,PJ,True,False,2,1,379318,0
12024100,PJ,PJ,True,False,2,2,361710310.7,219419.4436
12024200,PF,PJ,True,False,2,2,306634.58,36778.15
12024200,PJ,PF,False,True,2,2,120,11.1
12024200,PJ,PJ,True,False,2,1,68750,0
12024200,PJ,PJ,True,False,2,2,44079122.83,2313.0574
12030000,PF,PF,True,False,-,-,126360,0
12030000,PF,PJ,True,False,2,2,1020000,0
12040010,PF,PJ,True,False,2,2,418649.07,50237.90999999999
12040090,PF,PF,True,False,-,-,37740,1448.16
12040090,PF,PJ,True,False,2,1,38860,3233.1
12040090,PF,PJ,True,False,2,2,2305142.6,54408.43
12040090,PJ,PF,False,True,2,2,1276349.64,34122.57
12050010,PF,PF,True,False,-,-,23445,1156.33
12050010,PF,PJ,True,False,2,1,27877.5,837.28
12050010,PF,PJ,True,False,2,2,204945.99,24593.52
12050090,PF,PJ,True,False,2,2,726508.11,34872.42000000001
12051010,PF,PF,True,False,-,-,480262,373.44
12051010,PF,PJ,True,False,2,1,9737.5,467.4
12051010,PF,PJ,True,False,2,2,2713969.08,77571.61
12051010,PJ,PF,False,True,2,2,50960,0
12051010,PJ,PJ,True,False,2,2,50034.25,0
12051090,PF,PF,True,False,-,-,150110,0
12051090,PF,PJ,True,False,2,1,187296.66,4387.4
12051090,PF,PJ,True,False,2,2,46558602.59,35075.69
12051090,PJ,PF,False,True,2,2,28208078.13,120724.78
12059010,PF,PF,True,False,-,-,93911.54000000001,2036.65
12059010,PF,PJ,True,False,2,2,11812098.57,0
12059010,PJ,PF,False,True,2,2,371429.59,0
12059090,PF,PF,True,False,-,-,17400,0
12059090,PF,PJ,True,False,2,1,16500,0
12059090,PF,PJ,True,False,2,2,7711550.189999999,25875.29
12059090,PJ,PF,False,True,2,2,98758.85,0
12060010,PF,PF,True,False,-,-,14390,0
12060010,PF,PJ,True,False,2,2,2370200.45,182836.71
12060090,PF,PF,True,False,-,-,6900,212.98
12060090,PF,PJ,True,False,2,1,789605,66583.70999999999
12060090,PF,PJ,True,False,2,2,35606684.53,557438.85
12060090,PJ,PF,False,True,2,1,277820,0
12060090,PJ,PF,False,True,2,2,9196257.5,297156.01
12071010,PJ,PF,False,True,2,1,2496,0
12071090,PF,PF,True,False,-,-,12000,0
12071090,PF,PJ,True,False,2,1,101871.5,12224.58
12071090,PF,PJ,True,False,2,2,9526961.100000001,0
12071090,PJ,PF,False,True,2,2,23530862.7,604.8
12072100,PF,PF,True,False,-,-,27337912.47,29654.46
12072100,PF,PJ,True,False,2,1,11669.64,77.81
12072100,PF,PJ,True,False,2,2,156568364.21,48656.61
12072900,PF,PF,True,False,-,-,179693776.86,1370684.8805
12072900,PF,PJ,True,False,1,1,17048.86,818.34
12072900,PF,PJ,True,False,2,1,10426749.23,50709.11
12072900,PF,PJ,True,False,2,2,1079437671.35,10894655.4807
12072900,PJ,PF,False,True,2,2,1097089.58,124629.86
12072900,PJ,PJ,True,False,2,2,7774866.6,0
12073010,PF,PJ,True,False,2,2,2053926.8,151917.22
12073090,PF,PF,True,False,-,-,12986,0
12073090,PF,PJ,True,False,2,2,21080449.8,2013590.88
12074010,PF,PF,True,False,-,-,122950,0
12074010,PF,PJ,True,False,2,1,16800,0
12074010,PF,PJ,True,False,2,2,48292104.45,440.95
12074090,PF,PF,True,False,-,-,29671388.91,281614.04
12074090,PF,PJ,True,False,2,1,5116878,0
12074090,PF,PJ,True,False,2,2,1032998228.07,3804674.26
12074090,PJ,PF,False,True,2,2,2307775.53,0
12074090,PJ,PJ,True,False,2,2,38624.19,0
12075010,PF,PF,True,False,-,-,44800,0
12075010,PF,PJ,True,False,2,2,15000,0
12075010,PJ,PF,False,True,2,2,150,0
12075090,PF,PJ,True,False,2,2,5567138.91,48571.31
12075090,PJ,PF,False,True,2,2,1307733.18,44201.28000000001
12075090,PJ,PJ,True,False,2,1,97.5,0
12075090,PJ,PJ,True,False,2,2,2916.62,0
12076090,PF,PJ,True,False,2,2,170812.4,20497.49
12077010,PF,PJ,True,False,2,2,29000,0
12077090,PF,PJ,True,False,2,2,14000,0
12079190,PF,PF,True,False,-,-,6500,1105
12079910,PF,PF,True,False,-,-,6534002.25,376.32
12079910,PF,PJ,True,False,2,1,188104.33,0
12079910,PF,PJ,True,False,2,2,19839590.11,195392.89
12079990,PF,PF,True,False,-,-,6287155.3,964
12079990,PF,PJ,True,False,2,1,759817.12,7594
12079990,PF,PJ,True,False,2,2,16367111.73,488344.61
12079990,PJ,PF,False,True,2,2,23782424.55999999,0
12081000,PF,PF,True,False,-,-,48895579.61,18397.05
12081000,PF,PJ,True,False,1,1,17100,2052
12081000,PF,PJ,True,False,2,1,1326322.09,912
12081000,PF,PJ,True,False,2,2,1143083853.42,1261155.65
12081000,PJ,PF,False,True,2,1,1069050,0
12081000,PJ,PF,False,True,2,2,3612775.82,0
12081000,PJ,PJ,True,False,2,2,31129366.58,81601.28
12089000,PF,PF,True,False,-,-,25728,0
12089000,PF,PJ,True,False,2,1,10050,0
12089000,PF,PJ,True,False,2,2,2580510.79,0
12091000,PF,PJ,True,False,2,2,365540,0
12092100,PF,PF,True,False,-,-,121255.62,0
12092100,PF,PJ,True,False,2,2,92340,0
12092200,PF,PF,True,False,-,-,39660,0
12092200,PF,PJ,True,False,2,1,20160,0
12092200,PF,PJ,True,False,2,2,9000,0
12092400,PF,PF,True,False,-,-,5149069.98,7216.799999999999
12092400,PF,PJ,True,False,2,1,299348.5,779.52
12092400,PF,PJ,True,False,2,2,61028782.61,1592627.24
12092500,PF,PF,True,False,-,-,12223947.4,3061.8
12092500,PF,PJ,True,False,2,1,26189,0
12092500,PF,PJ,True,False,2,2,5397552.43,19020
12092500,PJ,PF,False,True,2,1,23622,0
12092500,PJ,PF,False,True,2,2,1180489.5,990.6800000000001
12092900,PF,PF,True,False,-,-,101134523.86,703735.7052
12092900,PF,PJ,True,False,1,1,480,33.6
12092900,PF,PJ,True,False,2,1,7810856.41,192716.72
12092900,PF,PJ,True,False,2,2,867241854.3,28460374.27
12092900,PJ,PF,False,True,2,1,1000,0
12092900,PJ,PF,False,True,2,2,1383454.26,0
12092900,PJ,PF,True,False,-,-,130240,9066.400000000001
12092900,PJ,PJ,True,False,2,1,58525.02,0
12092900,PJ,PJ,True,False,2,2,8069446.32,146675.52
12093000,PF,PF,True,False,-,-,517032.5,35950.7
12093000,PF,PJ,True,False,2,1,388412,45709.44
12093000,PF,PJ,True,False,2,2,9462949.84,339263.77
12099100,PF,PF,True,False,-,-,4774287.09,14418.47
12099100,PF,PJ,True,False,2,1,19544.4,331.13
12099100,PF,PJ,True,False,2,2,4470331.87,54842.97
12099100,PJ,PF,False,True,2,2,1642.94,15.61
12099100,PJ,PJ,True,False,2,2,424966.8,0
12099900,PF,PF,True,False,-,-,857852.61,167.54
12099900,PF,PJ,True,False,2,1,42579,307.85
12099900,PF,PJ,True,False,2,2,21801054.07,970033.0999999999
12099900,PJ,PF,False,True,2,2,5000,0
12099900,PJ,PF,True,False,-,-,28800,0
12099900,PJ,PJ,True,False,2,2,263380,0
12102010,PF,PJ,True,False,2,1,5550,0
12102010,PF,PJ,True,False,2,2,1400,0
12112000,PJ,PJ,True,False,2,2,45170.57999999999,0
12113000,PF,PJ,True,False,2,2,12366.55,0
12114000,PF,PF,True,False,-,-,928664,763.6800000000001
12114000,PF,PJ,True,False,2,1,51600,0
12114000,PF,PJ,True,False,2,2,456315,0
12116000,PJ,PF,False,True,2,2,39229,0
12119000,PF,PJ,True,False,2,2,0,0
12119010,PF,PJ,True,False,2,1,66.19999999999999,0
12119010,PF,PJ,True,False,2,2,40820.11,0
12119010,PJ,PJ,True,False,2,2,34720.88,0
12119090,PF,PF,True,False,-,-,482133.86,0
12119090,PF,PJ,True,False,1,1,75.29999999999998,0
12119090,PF,PJ,True,False,2,1,36897.91,9.12
12119090,PF,PJ,True,False,2,2,6192582.93,41987.55
12119090,PJ,PF,False,True,2,1,2000,0
12119090,PJ,PF,False,True,2,2,8088.6,305.6399999999999
12119090,PJ,PF,True,False,-,-,30000,1050
12119090,PJ,PJ,True,False,2,1,10864.59,0
12119090,PJ,PJ,True,False,2,2,1002809.53,0
12122100,PF,PF,True,False,-,-,19000,570
12129100,PF,PF,True,False,-,-,169320,0
12129100,PF,PJ,True,False,2,1,32350,0
12129100,PF,PJ,True,False,2,2,2494564.3,0
12129200,PJ,PF,False,True,2,2,206097387.38,1206427.26
12129300,PF,PF,True,False,-,-,11513868.58,0
12129300,PF,PJ,True,False,2,1,18147.2,0
12129300,PF,PJ,True,False,2,2,1211794076.57,4731642.47
12129300,PJ,PF,False,True,2,2,1940632524.97,9616604.83
12129300,PJ,PJ,True,False,2,2,89892418.13,831488.5800000001
12129900,PJ,PF,False,True,2,2,0,0
12129990,PF,PF,True,False,-,-,1837923.2,124.61
12129990,PF,PJ,True,False,2,1,233747,17208
12129990,PF,PJ,True,False,2,2,15351757.4,1415285.54
12129990,PJ,PF,False,True,2,2,258276614.13,1193964.3
12129990,PJ,PJ,True,False,2,2,1069606.070000001,0
12130000,PF,PF,True,False,-,-,24778107.7,144393.01
12130000,PF,PJ,True,False,1,1,70968.1,881.8000000000001
12130000,PF,PJ,True,False,2,1,2122855.1,98349.33000000002
12130000,PF,PJ,True,False,2,2,15453511.12,669031.81
12130000,PJ,PF,False,True,2,1,89625,0
12130000,PJ,PF,True,False,-,-,9600,0
12130000,PJ,PJ,True,False,2,2,1381292.8,0
12141000,PF,PF,True,False,-,-,170291.33,0
12141000,PF,PJ,True,False,2,1,12695,0
12141000,PF,PJ,True,False,2,2,109216.97,0
12149000,PF,PF,True,False,-,-,259838998.3,300704.25
12149000,PF,PJ,True,False,1,1,274458.2,621.07
12149000,PF,PJ,True,False,2,1,6208839.76,48819.81
12149000,PF,PJ,True,False,2,2,105678957.52,967289
12149000,PJ,PF,False,True,2,2,102363.09,0
12149000,PJ,PF,True,False,-,-,2607798.38,87088.1
12149000,PJ,PJ,True,False,1,1,42210,0
12149000,PJ,PJ,True,False,2,1,1428397.8,1847.22
12149000,PJ,PJ,True,False,2,2,10236154.88,26491.12
13019010,PF,PJ,True,False,2,2,273965.7,0
13019090,PF,PJ,True,False,2,1,48778.8,0
13019090,PF,PJ,True,False,2,2,7844529.79,167133.97
13019090,PJ,PF,False,True,2,1,169330,0
13019090,PJ,PF,False,True,2,2,225008,0
13019090,PJ,PJ,True,False,2,1,33944.4,0
13019090,PJ,PJ,True,False,2,2,6146721.52,0
13021190,PF,PJ,True,False,2,1,18000,0
13021910,PF,PJ,True,False,1,1,5500,0
13021910,PF,PJ,True,False,2,2,1055784,0
13021999,PF,PJ,True,False,2,2,875,0
13023220,PF,PF,True,False,-,-,256750,0
14019000,PF,PF,True,False,-,-,24080,0
14019000,PF,PJ,True,False,2,2,49441.8,0
14042090,PF,PF,True,False,-,-,10130332.17,172060.94
14042090,PF,PJ,True,False,2,1,352956,3205.44
14042090,PF,PJ,True,False,2,2,45810094.91,1483680.38
14049010,PF,PF,True,False,-,-,16854865.06,3953.08
14049010,PF,PJ,True,False,2,1,320726.5,0
14049010,PF,PJ,True,False,2,2,29907683.08,0
14049010,PJ,PJ,True,False,2,2,73520,0
14049090,PF,PF,True,False,-,-,1231029.98,27471.36
14049090,PF,PJ,True,False,2,1,32608.8,0
14049090,PF,PJ,True,False,2,2,21921313.26,6392.6
14049090,PJ,PF,False,True,2,2,1634668.59,870.9671
15012000,PF,PJ,True,False,2,2,8071251.05,0
15021011,PF,PF,True,False,-,-,999000,0
15021011,PF,PJ,True,False,2,2,461760,0
15021019,PF,PJ,True,False,2,2,36841,0
15030000,PF,PJ,True,False,2,2,1710600,0
15060000,PJ,PJ,True,False,2,2,1677824,0
15071000,PF,PF,True,False,-,-,3689855.03,315163.12
15071000,PF,PJ,True,False,2,1,37858,1971.6
15071000,PF,PJ,True,False,2,2,13038272.96,894650.5200000001
15071000,PJ,PF,False,True,2,2,23903,0
15071000,PJ,PJ,True,False,2,2,157338.94,0
15079011,PF,PJ,True,False,2,2,287322.5,0
15079019,PF,PJ,True,False,2,2,72000,0
15079090,PF,PF,True,False,-,-,1484.44,0
15079090,PF,PJ,True,False,2,2,90,0
15099010,PF,PJ,True,False,2,1,7150,0
15121110,PF,PJ,True,False,2,2,323641.93,0
15122100,PF,PJ,True,False,2,2,19339427,0
15122910,PF,PJ,True,False,2,2,74338,0
15141100,PF,PJ,True,False,2,2,873623.89,0
15141910,PF,PJ,True,False,2,2,987204.66,0
15152990,PF,PJ,True,False,2,2,33140.14,0
15162000,PF,PF,True,False,-,-,20502.9,0
15162000,PF,PJ,True,False,2,2,310544,0
15180090,PF,PJ,True,False,2,2,79400,0
15211000,PF,PF,True,False,-,-,21180.47,2541.67
15211000,PF,PJ,True,False,2,2,6471886.430000001,32145.48
15211000,PJ,PF,False,True,2,2,32589029.67,0
16010000,PF,PF,True,False,-,-,65527,6061.309999999999
16010000,PF,PJ,True,False,2,1,39020,3609.36
16010000,PJ,PF,False,True,2,1,11060,0
16023290,PF,PF,True,False,-,-,2403.9,0
16023290,PF,PJ,True,False,2,1,19370,0
16023290,PF,PJ,True,False,2,2,9877.6,0
16025000,PF,PF,True,False,-,-,6917944.600000001,0
16025000,PF,PJ,True,False,2,1,35442.67999999999,0
16025000,PF,PJ,True,False,2,2,11403061.61,0
16041310,PF,PJ,True,False,2,2,27700,0
16051000,PF,PJ,True,False,2,1,8600,0
17011200,PF,PF,True,False,-,-,1329030.95,0
17011200,PF,PJ,True,False,2,1,402451,0
17011200,PF,PJ,True,False,2,2,5533570.53,0
17011200,PJ,PJ,True,False,2,1,5400,0
17011200,PJ,PJ,True,False,2,2,328125,0
17011300,PF,PF,True,False,-,-,7700.83,0
17011400,PF,PF,True,False,-,-,214878,0
17011400,PF,PJ,True,False,2,2,71000,0
17011400,PJ,PF,False,True,2,2,1099745.69,0
17021900,PJ,PF,False,True,2,1,37200,0
17031000,PJ,PF,False,True,2,2,240,22.2
17041000,PJ,PF,False,True,2,1,30.05,0
17049020,PJ,PF,False,True,2,1,121.94,0
17049090,PJ,PF,False,True,2,1,32.25,0
18010000,PF,PF,True,False,-,-,433988.75,0
18010000,PF,PJ,True,False,2,1,50422.5,5220.07
18010000,PF,PJ,True,False,2,2,83901311.85000001,77954.89
18010000,PJ,PF,False,True,2,2,82057337.97,2305474.98
18020000,PF,PJ,True,False,2,2,2300,0
18050000,PF,PJ,True,False,2,2,8745.5,0
18063110,PJ,PF,False,True,2,1,10,0
18069000,PJ,PF,False,True,2,1,69.03999999999999,0
19019020,PF,PF,True,False,-,-,734,0
19019020,PF,PJ,True,False,1,1,530.1,0
19019020,PF,PJ,True,False,2,1,7839.699999999999,0
19019020,PF,PJ,True,False,2,2,47877.44,0
19021100,PF,PF,True,False,-,-,150,0
19021100,PF,PJ,True,False,2,2,6856585,0
19023000,PF,PF,True,False,-,-,38251,0
19023000,PF,PJ,True,False,2,2,4211999.08,0
19041000,PF,PF,True,False,-,-,4648,0
19041000,PF,PJ,True,False,2,2,797212.24,0
19043000,PF,PF,True,False,-,-,2948,0
19043000,PF,PJ,True,False,2,2,1488121.3,0
19049000,PF,PF,True,False,-,-,1853497.47,0
19049000,PF,PJ,True,False,2,2,1850706.6,6868.799999999999
19053200,PJ,PF,False,True,2,1,6,0
19059020,PF,PF,True,False,-,-,40000,0
19059090,PF,PF,True,False,-,-,491550.39,3715.2
19059090,PF,PJ,True,False,2,2,929930.2,5845.26
20011000,PF,PJ,True,False,2,2,18299,0
20019000,PF,PF,True,False,-,-,4860,0
20019000,PF,PJ,True,False,2,1,375.36,0
20019000,PF,PJ,True,False,2,2,943028.66,90530
20019000,PJ,PF,False,True,2,2,5452.5,0
20021000,PF,PF,True,False,-,-,58543,0
20021000,PF,PJ,True,False,2,1,7175.51,0
20021000,PF,PJ,True,False,2,2,2039521.8,0
20031000,PF,PJ,True,False,1,1,2356,0
20031000,PF,PJ,True,False,2,1,12555,0
20031000,PF,PJ,True,False,2,2,42230,0
20041000,PF,PF,True,False,-,-,219550,0
20041000,PF,PJ,True,False,2,1,117200,0
20041000,PF,PJ,True,False,2,2,2578227.2,0
20052000,PF,PF,True,False,-,-,506.59,0
20052000,PF,PJ,True,False,1,1,43.4,0
20052000,PF,PJ,True,False,2,1,5596.52,0
20052000,PF,PJ,True,False,2,2,22731681.79,0
20054000,PF,PJ,True,False,2,2,17810.3,0
20054000,PJ,PF,False,True,2,2,9980,0
20055100,PF,PF,True,False,-,-,13175406.86,3120
20055100,PF,PJ,True,False,2,1,6662808,60694.8
20055100,PF,PJ,True,False,2,2,157287838.76,3958142.64
20055100,PJ,PF,False,True,2,2,6347899.29,0
20055100,PJ,PJ,True,False,2,2,9763954.73,7107.809999999999
20056000,PF,PJ,True,False,2,2,261,0
20057000,PF,PJ,True,False,2,2,49000,0
20057000,PJ,PF,False,True,2,2,80,7.4
20058000,PF,PF,True,False,-,-,684753.64,0
20058000,PF,PJ,True,False,2,1,86000,0
20058000,PF,PJ,True,False,2,2,385261.46,11178.72
20058000,PJ,PF,False,True,2,2,9004.11,0
20059100,PF,PJ,True,False,2,1,16.9,0
20059900,PF,PF,True,False,-,-,28.8,0
20059900,PF,PJ,True,False,2,1,209.4,0
20059900,PF,PJ,True,False,2,2,37482.00000000001,0
20060000,PF,PF,True,False,-,-,81055,0
20060000,PF,PJ,True,False,2,1,46828.78999999999,0
20060000,PF,PJ,True,False,2,2,6852643.85,0
20060000,PJ,PF,False,True,2,2,49200,0
20060000,PJ,PJ,True,False,2,2,150,0
20071000,PJ,PF,False,True,2,1,46400,0
20079910,PF,PF,True,False,-,-,2340,0
20079910,PF,PJ,True,False,2,1,360,0
20079910,PF,PJ,True,False,2,2,1155,0
20079921,PF,PF,True,False,-,-,403900.76,0
20079921,PF,PJ,True,False,2,1,2425.2,0
20079921,PF,PJ,True,False,2,2,28070,0
20079922,PF,PF,True,False,-,-,18312,0
20079922,PF,PJ,True,False,2,2,4338.130000000001,0
20079923,PF,PJ,True,False,2,1,73269.11,0
20079923,PF,PJ,True,False,2,2,8699856.89,0
20079925,PF,PJ,True,False,2,2,617478.2999999999,0
20079926,PF,PJ,True,False,2,2,1931.2,0
20079927,PF,PF,True,False,-,-,20450,0
20079927,PF,PJ,True,False,2,1,2979.18,0
20079927,PF,PJ,True,False,2,2,590042.9400000001,0
20079927,PJ,PJ,True,False,2,2,127309.7,0
20079990,PF,PJ,True,False,2,2,4933934.4,0
20081100,PF,PJ,True,False,2,1,210640,0
20081100,PF,PJ,True,False,2,2,932998.62,31043.1
20081100,PJ,PJ,True,False,2,2,15415859.83,41090.4
20082090,PF,PJ,True,False,2,2,18425,360
20087020,PJ,PJ,True,False,2,2,43750.3,0
20088000,PF,PF,True,False,-,-,280,0
20088000,PF,PJ,True,False,2,1,3012.21,0
20088000,PF,PJ,True,False,2,2,1831,0
20089100,PF,PF,True,False,-,-,179120,0
20089100,PF,PJ,True,False,2,1,6371.52,0
20089100,PJ,PJ,True,False,2,1,12983.1,0
20089100,PJ,PJ,True,False,2,2,627197.65,0
20089900,PF,PF,True,False,-,-,829.8,0
20089900,PF,PJ,True,False,2,1,3386,0
20089900,PF,PJ,True,False,2,2,48886.3,0
20089900,PJ,PF,False,True,2,1,7447,0
20091100,PF,PJ,True,False,2,2,11641.35,1396.96
20091100,PJ,PJ,True,False,2,2,52130,0
20093900,PF,PJ,True,False,2,2,211642.2,0
20094900,PF,PF,True,False,-,-,1050,0
20094900,PF,PJ,True,False,2,2,22310,0
20098912,PF,PF,True,False,-,-,10,0
20098912,PF,PJ,True,False,2,2,5440,0
20098913,PF,PF,True,False,-,-,105700,0
20098913,PF,PJ,True,False,2,1,14,0
20098913,PF,PJ,True,False,2,2,32599649.25,1176
20098913,PJ,PJ,True,False,2,2,9434.7,0
20098921,PF,PJ,True,False,2,1,9,0
21011110,PF,PJ,True,False,2,1,56688,0
21011110,PF,PJ,True,False,2,2,3235595.76,0
21011110,PJ,PF,False,True,2,2,152000,0
21021090,PF,PJ,True,False,2,2,5308.54,0
21022000,PF,PJ,True,False,2,2,20304.64,0
21022000,PJ,PF,True,False,-,-,9600,0
21031010,PF,PJ,True,False,2,2,426.6,0
21033021,PF,PJ,True,False,2,2,1435.5,0
21033021,PJ,PF,False,True,2,2,1471.100000000001,0.65
21033029,PF,PJ,True,False,2,2,778,0
21039021,PF,PJ,True,False,2,1,36909.92,0
21039021,PF,PJ,True,False,2,2,773059.87,0
21039029,PF,PF,True,False,-,-,6.9,0
21039029,PF,PJ,True,False,2,1,17.7,0
21039029,PF,PJ,True,False,2,2,16613.4,0
21039099,PF,PJ,True,False,2,2,3375,0
21041011,PF,PF,True,False,-,-,6.9,0
21041011,PF,PJ,True,False,2,1,104,0
21041011,PF,PJ,True,False,2,2,59038.10000000001,0
21061000,PF,PF,True,False,-,-,30000,0
21061000,PF,PJ,True,False,2,2,2399547.88,0
21061000,PJ,PJ,True,False,2,2,865343.24,0
21069029,PF,PJ,True,False,2,1,1355.96,0
21069029,PF,PJ,True,False,2,2,272937.81,0
21069030,PF,PF,True,False,-,-,14392.6,0
21069030,PF,PJ,True,False,2,1,5019.73,29
21069030,PF,PJ,True,False,2,2,3558.8,0
21069030,PJ,PJ,True,False,2,2,336,40.32
21069090,PF,PF,True,False,-,-,380763.5,0
21069090,PF,PJ,True,False,2,1,1530,0
21069090,PF,PJ,True,False,2,2,1341260.2,4755.63
21069090,PJ,PJ,True,False,2,2,204,0
22011000,PF,PJ,True,False,2,1,1500,0
22011000,PF,PJ,True,False,2,2,1038094.68,0
22019000,PF,PF,True,False,-,-,1440,172.8
22019000,PF,PJ,True,False,2,1,360,0
22019000,PF,PJ,True,False,2,2,500,0
22021000,PJ,PF,False,True,2,2,92.5,0
22030000,PJ,PF,False,True,2,1,11285,28.08
22030000,PJ,PF,False,True,2,2,11526,0
22042100,PF,PF,True,False,-,-,9000,0
22043000,PF,PJ,True,False,2,1,3388.7,0
22071090,PJ,PF,False,True,2,2,0,0
22072019,PJ,PF,False,True,2,2,210983.52,0
22082000,PF,PJ,True,False,2,1,3200,0
22082000,PF,PJ,True,False,2,2,8495.5,0
22084000,PJ,PF,False,True,2,2,150000,30000
22089000,PJ,PF,True,False,-,-,10000,0
23011010,PF,PJ,True,False,2,2,188063,0
23011010,PJ,PJ,True,False,2,2,13597.5,0
23011090,PF,PF,True,False,-,-,1191428,0
23011090,PF,PJ,True,False,2,2,4665,0
23011090,PJ,PJ,True,False,2,2,2123547.6,0
23012010,PF,PF,True,False,-,-,219179.8,0
23012010,PF,PJ,True,False,2,1,706805,0
23012010,PF,PJ,True,False,2,2,11945573.41,15384
23012010,PJ,PJ,True,False,2,1,23753.17,0
23012090,PF,PJ,True,False,2,2,42735,0
23021000,PF,PF,True,False,-,-,59313285.97,114916.83
23021000,PF,PJ,True,False,1,1,119658.91,0
23021000,PF,PJ,True,False,2,1,517912.87,990.96
23021000,PF,PJ,True,False,2,2,30573846.8,27594.16
23021000,PJ,PF,False,True,2,1,4000,0
23021000,PJ,PF,False,True,2,2,372417.7,1159.83
23021000,PJ,PF,True,False,-,-,33530.5,0
23021000,PJ,PJ,True,False,1,1,8369,0
23021000,PJ,PJ,True,False,2,1,300600,0
23021000,PJ,PJ,True,False,2,2,10771062.27,0
23021010,PF,PF,True,False,-,-,0,0
23021010,PF,PJ,True,False,2,2,0,0
23021099,PF,PF,True,False,-,-,0,0
23023010,PF,PF,True,False,-,-,4398103.58,471.14
23023010,PF,PJ,True,False,2,1,57078,2901.6
23023010,PF,PJ,True,False,2,2,798797.2,0
23023010,PJ,PF,False,True,2,1,1000,0
23023010,PJ,PF,False,True,2,2,38095.35,0
23023010,PJ,PJ,True,False,2,2,559022.15,0
23023090,PF,PF,True,False,-,-,2156373.97,4543.86
23023090,PF,PJ,True,False,1,1,2500,0
23023090,PF,PJ,True,False,2,1,23479.33,0
23023090,PF,PJ,True,False,2,2,4590990.38,19264.21
23023090,PJ,PF,False,True,2,2,70002.44,0
23023090,PJ,PJ,True,False,2,2,649778.92,0
23024000,PF,PF,True,False,-,-,2876429.86,22446.2
23024000,PF,PJ,True,False,2,1,104411.64,760.51
23024000,PF,PJ,True,False,2,2,1588349.42,2428.01
23024000,PJ,PF,False,True,2,1,10500,0
23024000,PJ,PF,False,True,2,2,266676.82,3866.89
23025000,PF,PF,True,False,-,-,13690823.29,122487.57
23025000,PF,PJ,True,False,2,1,26756,4156.440000000001
23025000,PF,PJ,True,False,2,2,3968339.38,324145.6299999999
23025000,PJ,PF,False,True,2,2,73042.68,0
23025000,PJ,PJ,True,False,2,2,206012.4,0
23031000,PF,PF,True,False,-,-,264391,0
23032000,PF,PF,True,False,-,-,16582.32,65.08
23032000,PF,PJ,True,False,2,2,5277540.819999999,0
23032000,PJ,PF,True,False,-,-,1743,0
23032000,PJ,PJ,True,False,2,2,710032.03,0
23033000,PF,PF,True,False,-,-,45000,0
23033000,PF,PJ,True,False,2,2,88500,0
23040010,PF,PF,True,False,-,-,3428456.45,224
23040010,PF,PJ,True,False,2,1,1570,0
23040010,PF,PJ,True,False,2,2,204045.07,456
23040010,PJ,PF,False,True,2,2,8740,0
23040010,PJ,PJ,True,False,2,2,51160,0
23040090,PF,PF,True,False,-,-,40690458.18,124400.15
23040090,PF,PJ,True,False,1,1,839.34,100.72
23040090,PF,PJ,True,False,2,1,1732520.86,11444.84
23040090,PF,PJ,True,False,2,2,15453820.1,441117.8200000001
23040090,PJ,PF,False,True,2,2,3711703.5,0
23040090,PJ,PJ,True,False,2,2,538407.6,0
23050000,PJ,PJ,True,False,2,2,338615,28460.09
23061000,PF,PF,True,False,-,-,47270284.98,324622.55
23061000,PF,PJ,True,False,2,1,5303427.7,13580.94
23061000,PF,PJ,True,False,2,2,111979896.19,1645746.28
23061000,PJ,PJ,True,False,2,2,5103568.350000001,0
23062000,PF,PJ,True,False,2,2,78875,0
23063010,PF,PF,True,False,-,-,198389.6,0
23063090,PF,PF,True,False,-,-,465653.19,0
23063090,PF,PJ,True,False,2,2,596038.58,9690
23065000,PF,PJ,True,False,2,1,7.9,0
23069010,PF,PF,True,False,-,-,33112.00999999999,0
23069010,PF,PJ,True,False,2,1,4512.18,0
23069010,PF,PJ,True,False,2,2,4190,0
23069090,PF,PF,True,False,-,-,400114.33,0
23069090,PF,PJ,True,False,2,2,1839517.47,0
23080000,PF,PF,True,False,-,-,31733433.47,20179.98
23080000,PF,PJ,True,False,1,1,19680,0
23080000,PF,PJ,True,False,2,1,109204.9,273.97
23080000,PF,PJ,True,False,2,2,6252579.9,55347.13
23080000,PJ,PF,False,True,2,1,1500,0
23080000,PJ,PJ,True,False,2,2,2930108.12,0
23091000,PF,PF,True,False,-,-,1019859.97,0
23091000,PF,PJ,True,False,2,1,3899.42,0
23091000,PF,PJ,True,False,2,2,200150.4,0
23099010,PF,PF,True,False,-,-,7645600.47,44050.58999999999
23099010,PF,PJ,True,False,1,1,1397,167.64
23099010,PF,PJ,True,False,2,1,175864.15,11392.5
23099010,PF,PJ,True,False,2,2,5428377.24,6248.030000000001
23099010,PJ,PF,False,True,2,2,7357935.48,0
23099010,PJ,PF,True,False,-,-,1475429.65,1352.4
23099010,PJ,PJ,True,False,2,1,35923.10000000001,0
23099010,PJ,PJ,True,False,2,2,12956516.25,479.67
23099020,PF,PF,True,False,-,-,231186,1894.66
23099020,PF,PJ,True,False,2,2,30030,3603.599999999999
23099020,PJ,PJ,True,False,2,2,29778,0
23099040,PF,PJ,True,False,2,2,6899.28,0
23099090,PF,PF,True,False,-,-,5229281.8,1982.98
23099090,PF,PJ,True,False,2,1,12214.44,0
23099090,PF,PJ,True,False,2,2,6037074.35,11915.89
23099090,PJ,PF,False,True,2,1,3200,0
23099090,PJ,PF,False,True,2,2,45295,0
23099090,PJ,PF,True,False,-,-,120173.85,2649.84
23099090,PJ,PJ,True,False,2,2,12532376.81,0
24011030,PF,PJ,True,False,2,2,69286,0
24011030,PJ,PF,False,True,2,2,301917.85,0
24011090,PJ,PF,False,True,2,2,2113417.7,0
24012090,PF,PJ,True,False,2,2,216840,26020.8
24031900,PJ,PF,False,True,2,1,15450,0
25010011,PF,PF,True,False,-,-,12440,137.6
25010011,PF,PJ,True,False,2,2,5577.83,0
25010011,PJ,PJ,True,False,2,2,8498,0
25010019,PF,PF,True,False,-,-,14000,0
25010020,PF,PJ,True,False,2,2,15154.89,31.58
25010090,PF,PF,True,False,-,-,20323.2,0
25010090,PF,PJ,True,False,2,2,6600,0
25030090,PF,PF,True,False,-,-,14452,0
25030090,PF,PJ,True,False,2,2,223509.99,0
25030090,PJ,PJ,True,False,2,2,7686.22,0
25041000,PF,PF,True,False,-,-,1555.69,11.13
25041000,PF,PJ,True,False,2,1,8295.66,597.29
25041000,PF,PJ,True,False,2,2,93493.18,1235.09
25041000,PJ,PF,False,True,2,2,8608.97,0
25049000,PF,PJ,True,False,2,2,13,0
25051000,PF,PF,True,False,-,-,796.83,135.46
25051000,PF,PJ,True,False,2,1,3680,110.4
25051000,PF,PJ,True,False,2,2,95823.03,2874.68
25051000,PJ,PF,False,True,2,2,1171.82,331.05
25059000,PF,PF,True,False,-,-,28200,0
25059000,PF,PJ,True,False,2,2,58745,0
25059000,PJ,PF,False,True,2,2,860.25,71.55
25070010,PJ,PJ,True,False,2,2,464777.2,80442.83
25081000,PJ,PF,False,True,2,2,1000,0
25081000,PJ,PJ,True,False,2,2,289684.5,0
25084090,PF,PF,True,False,-,-,14474.79,0
25084090,PF,PJ,True,False,1,1,54,0
25084090,PF,PJ,True,False,2,1,3150.52,0
25084090,PF,PJ,True,False,2,2,32269.85,17.51
25084090,PJ,PF,False,True,2,1,7540,0
25101090,PF,PJ,True,False,2,2,30612.11,0
25120000,PF,PJ,True,False,2,2,13757.5,412.74
25171000,PF,PF,True,False,-,-,179691.8,3570
25171000,PF,PJ,True,False,1,1,90,4.32
25171000,PF,PJ,True,False,2,1,3686,1.73
25171000,PF,PJ,True,False,2,2,558046.25,58184.93
25171000,PJ,PF,False,True,2,2,561.94,51.98
25172000,PF,PF,True,False,-,-,172215.88,0
25174900,PF,PF,True,False,-,-,12000,0
25174900,PF,PJ,True,False,2,2,116519.19,0
25174900,PJ,PF,False,True,2,2,31576.3,0
25174900,PJ,PJ,True,False,2,2,5204.85,0
25181000,PF,PF,True,False,-,-,1346351.96,0
25181000,PF,PJ,True,False,1,1,28450,0
25181000,PF,PJ,True,False,2,2,3629595.7,0
25181000,PJ,PF,False,True,2,2,310983.1,564.48
25182000,PF,PF,True,False,-,-,789145,0
25182000,PF,PJ,True,False,2,1,425,0
25182000,PF,PJ,True,False,2,2,262683,0
25182000,PJ,PF,False,True,2,2,198360,0
25191000,PF,PF,True,False,-,-,689602.49,0
25199090,PF,PJ,True,False,2,2,403.24,0
25201019,PF,PF,True,False,-,-,344834.9,0
25202010,PF,PJ,True,False,2,2,10000,480
25202090,PF,PF,True,False,-,-,802209.56,1181.16
25202090,PF,PJ,True,False,2,2,174427.2,0
25210000,PF,PF,True,False,-,-,1563602.43,0
25210000,PF,PJ,True,False,2,2,2312215.52,0
25210000,PJ,PF,False,True,2,2,430264.26,0
25221000,PF,PF,True,False,-,-,45304.8,0
25221000,PF,PJ,True,False,2,1,5.66,0
25221000,PF,PJ,True,False,2,2,16279.5,0
25222000,PF,PJ,True,False,2,2,3568,0
25223000,PF,PF,True,False,-,-,5700,0
25232910,PF,PF,True,False,-,-,3888.02,433.78
25232910,PJ,PF,False,True,2,2,1051.73,97.28
25241000,PF,PF,True,False,-,-,73400,0
25252000,PF,PJ,True,False,2,2,4686,0
25280000,PF,PF,True,False,-,-,95475,614.25
25280000,PF,PJ,True,False,2,2,7600,0
25301090,PF,PJ,True,False,2,2,273709.44,2268.46
25309090,PF,PF,True,False,-,-,30808.75,0
25309090,PF,PJ,True,False,2,1,45,2.16
25309090,PF,PJ,True,False,2,2,7519.58,6.72
25309090,PJ,PJ,True,False,2,2,800,0
26011290,PF,PJ,True,False,2,2,7,0
26012000,PJ,PF,False,True,2,2,9081.6,0
26020010,PF,PF,True,False,-,-,13825,0
26080090,PF,PF,True,False,-,-,7884,0
26090000,PJ,PF,False,True,2,2,9470608.639999999,0
26159000,PJ,PF,False,True,2,2,6943089.029999999,0
27012000,PF,PF,True,False,-,-,267265.09,496.89
27012000,PF,PJ,True,False,2,2,269824.09,540
27079990,PF,PJ,True,False,2,2,3075,0
27101229,PF,PJ,True,False,2,2,1360,0
27101259,PF,PF,True,False,-,-,17340.21,3641.33
27101259,PJ,PF,False,True,2,2,661.8499999999999,0
27101911,PF,PF,True,False,-,-,196155.8,37385.98
27101911,PF,PJ,True,False,2,2,34676.66,0
27101921,PF,PF,True,False,-,-,229586.73,0
27101921,PF,PJ,True,False,2,2,458143.88,0
27101921,PJ,PF,False,True,2,2,61672.31,0
27101921,PJ,PJ,True,False,2,2,71371.28,0
27101931,PF,PJ,True,False,2,2,1291.67,0
27101932,PF,PF,True,False,-,-,8612.98,200.55
27101932,PF,PJ,True,False,2,2,239583.36,440.06
27101932,PJ,PF,False,True,2,1,120,0
27101932,PJ,PF,False,True,2,2,44,0
27101991,PF,PF,True,False,-,-,1140,0
27101992,PF,PJ,True,False,2,2,571.74,0
27101999,PF,PJ,True,False,2,2,2690,0
27101999,PJ,PJ,True,False,2,2,1765.5,0
27102000,PF,PJ,True,False,2,2,125.52,27.61
27109900,PF,PJ,True,False,2,1,120,14.4
27109900,PF,PJ,True,False,2,2,49757.71,0
27109900,PJ,PF,False,True,2,2,15358.4,0
27109900,PJ,PJ,True,False,2,2,47565.9,0
27112990,PF,PJ,True,False,2,2,169731.52,0
27129000,PF,PJ,True,False,2,2,117092,14037.24
27139000,PF,PJ,True,False,2,1,3744,748.8
27139000,PF,PJ,True,False,2,2,37479.3,1620.96
27160000,PF,PF,True,False,-,-,1331.16,0
27160000,PJ,PF,False,True,2,2,723804.4199999999,108639.2
28012090,PF,PJ,True,False,2,2,325.09,61.77
28020000,PF,PF,True,False,-,-,6660,0
28044000,PF,PJ,True,False,2,2,1782,0
28092011,PJ,PJ,True,False,2,2,1788,0
28100010,PF,PF,True,False,-,-,600,0
28100010,PF,PJ,True,False,2,2,926.7,0
28111990,PF,PJ,True,False,2,2,109326.99,0
28112210,PJ,PJ,True,False,2,2,436.8,0
28151100,PF,PJ,True,False,2,2,47.99,9.12
28151200,PF,PJ,True,False,2,2,900,180
28249010,PF,PJ,True,False,2,2,682,0
28273190,PF,PF,True,False,-,-,14470,372.48
28273190,PF,PJ,True,False,2,1,26001.25,1872.09
28273995,PF,PF,True,False,-,-,311444.01,0
28274911,PF,PJ,True,False,2,2,627900,75348
28275900,PF,PF,True,False,-,-,119770,0
28275900,PF,PJ,True,False,2,2,43680,0
28289011,PF,PJ,True,False,2,2,14.7,2.5
28289011,PJ,PF,False,True,2,2,54.12,5
28299019,PF,PJ,True,False,2,1,18000,0
28331900,PF,PJ,True,False,2,2,492.65,0
28332100,PF,PF,True,False,-,-,33939.03,115.2
28332100,PF,PJ,True,False,2,2,19637.61,352.01
28332100,PJ,PJ,True,False,2,2,1985,0
28332200,PF,PF,True,False,-,-,18000,0
28332400,PF,PJ,True,False,2,2,6697.51,68.03999999999999
28332520,PF,PJ,True,False,2,2,77256.14,1866.21
28332990,PF,PF,True,False,-,-,1760,211.2
28332990,PF,PJ,True,False,2,2,402.5,19.32
28332990,PJ,PJ,True,False,2,2,5040,907.2
28352500,PF,PF,True,False,-,-,232850,0
28352500,PF,PJ,True,False,2,2,121838.95,0
28352960,PF,PF,True,False,-,-,36934,1539.55
28363000,PF,PJ,True,False,2,2,1629.74,0
28363000,PJ,PJ,True,False,2,2,30282,0
28365000,PF,PF,True,False,-,-,621667.2,0
28365000,PF,PJ,True,False,2,1,1217.85,87.69
28365000,PJ,PF,False,True,2,2,62723.1,0
28429000,PF,PJ,True,False,2,2,4522.5,292.57
28444310,PF,PF,True,False,-,-,2899.28,0
28445000,PF,PJ,True,False,2,2,760.26,0
28470000,PF,PJ,True,False,2,2,2075.5,0
28500010,PF,PF,True,False,-,-,6180,0
28521022,PF,PF,True,False,-,-,262983.45,0
28521029,PF,PF,True,False,-,-,2241315.56,0
29012900,PF,PJ,True,False,2,2,980.6199999999999,0
29021100,PF,PJ,True,False,2,2,24,5.28
29031500,PJ,PF,False,True,2,1,9.5,0
29034510,PJ,PF,False,True,2,2,140000,0
29121100,PJ,PJ,True,False,2,2,15765.84,0
29181400,PF,PF,True,False,-,-,925,0
29189991,PF,PF,True,False,-,-,182290,0
29189991,PF,PJ,True,False,2,1,280,0
29189991,PF,PJ,True,False,2,2,6730,0
29209039,PJ,PJ,True,False,2,2,14300.4,0
29211121,PF,PF,True,False,-,-,13734.64,0
29214322,PF,PF,True,False,-,-,2700,324
29221100,PF,PF,True,False,-,-,813,0
29224110,PJ,PJ,True,False,2,2,225400,0
29224190,PF,PF,True,False,-,-,252.54,0
29224190,PF,PJ,True,False,2,1,20639.52,0
29224190,PF,PJ,True,False,2,2,87322.59,0
29224190,PJ,PJ,True,False,2,2,19656,0
29224990,PF,PJ,True,False,2,2,28835.5,0
29225099,PF,PJ,True,False,2,1,57,0
29225099,PJ,PJ,True,False,2,2,82316.5,0
29239090,PJ,PJ,True,False,2,2,17682.71,3182.88
29304010,PF,PJ,True,False,2,1,128.78,0
29304090,PF,PF,True,False,-,-,375,0
29304090,PF,PJ,True,False,2,2,72754.5,0
29309035,PF,PF,True,False,-,-,3824.48,0
29309041,PF,PJ,True,False,2,1,2040,0
29309041,PF,PJ,True,False,2,2,274,0
29315994,PF,PF,True,False,-,-,24000,0
29319021,PF,PF,True,False,-,-,1970,0
29329911,PF,PF,True,False,-,-,992613.0499999999,876.75
29329911,PF,PJ,True,False,2,1,99848,2961.84
29329911,PF,PJ,True,False,2,2,3564865.91,125839.12
29329994,PF,PF,True,False,-,-,52289.4,0
29333389,PF,PJ,True,False,2,2,1590.48,0
29333922,PF,PJ,True,False,2,2,10416.74,0
29335371,PF,PF,True,False,-,-,3063021.16,0
29335371,PF,PJ,True,False,2,2,314646.5,0
29336913,PF,PF,True,False,-,-,30000,3600
29336913,PF,PJ,True,False,2,2,23250.32,0
29337210,PF,PF,True,False,-,-,353500.5,0
29337220,PF,PF,True,False,-,-,79200,0
29339115,PF,PF,True,False,-,-,2248655.5,0
29339963,PF,PJ,True,False,2,2,1308,0
29362790,PF,PF,True,False,-,-,4500,0
29375000,PF,PJ,True,False,2,2,250850,0
29391169,PF,PF,True,False,-,-,2934891.62,18416.65
29411020,PF,PF,True,False,-,-,597,0
29420000,PF,PF,True,False,-,-,255872.4,0
29420000,PF,PJ,True,False,1,1,444,0
29420000,PF,PJ,True,False,2,1,1605,0
29420000,PF,PJ,True,False,2,2,198386.6,23806.39
29420000,PJ,PF,False,True,2,2,20044.84,0
29420000,PJ,PF,True,False,-,-,16400,0
29420000,PJ,PJ,True,False,2,2,66928.78,0
30012090,PJ,PJ,True,False,2,2,7.5,0
30021229,PF,PJ,True,False,2,2,200095.2,0
30023090,PF,PF,True,False,-,-,4192.559999999999,0
30024270,PJ,PJ,True,False,2,2,42360.59,0
30024280,PF,PJ,True,False,2,2,1315.16,0
30024290,PF,PJ,True,False,2,2,22375.5,0
30024290,PJ,PJ,True,False,2,2,126000,0
30024991,PJ,PJ,True,False,2,2,229.43,0
30024999,PF,PF,True,False,-,-,46029.33,0
30024999,PF,PJ,True,False,2,1,456.2,32.85
30024999,PF,PJ,True,False,2,2,9420,0
30024999,PJ,PF,False,True,2,2,1157.5,0
30024999,PJ,PJ,True,False,2,2,603.36,0
30029000,PF,PF,True,False,-,-,494876.88,673.42
30029000,PF,PJ,True,False,2,2,84129.67,4089.52
30029000,PJ,PF,False,True,2,2,1488.06,0
30029091,PF,PF,True,False,-,-,598.56,0
30029099,PF,PF,True,False,-,-,8400,0
30029099,PF,PJ,True,False,2,2,180,0
30039016,PF,PJ,True,False,2,2,1016.4,0
30041012,PJ,PJ,True,False,2,2,35513.93,0
30042019,PF,PJ,True,False,2,2,16264.68,0
30042019,PJ,PJ,True,False,2,2,71887.58,0
30042041,PF,PJ,True,False,2,2,9720,0
30042069,PJ,PJ,True,False,2,2,36542.9,0
30042099,PJ,PJ,True,False,2,2,96142.67,0
30043210,PJ,PJ,True,False,2,2,329.9,0
30043911,PF,PJ,True,False,2,2,91650,0
30043915,PF,PF,True,False,-,-,800,0
30043939,PJ,PJ,True,False,2,2,32.96,0
30044990,PF,PJ,True,False,2,2,67322.51000000001,0
30045020,PF,PF,True,False,-,-,590.94,0
30045090,PJ,PJ,True,False,2,2,130.8,0
30049023,PJ,PJ,True,False,2,2,26.5,0
30049043,PJ,PJ,True,False,2,2,9.49,0
30049059,PF,PF,True,False,-,-,2081.92,0
30049063,PF,PJ,True,False,2,2,39937.5,0
30049069,PF,PJ,True,False,2,2,4190.56,0
30049069,PJ,PJ,True,False,2,2,8037.18,0
30049071,PJ,PJ,True,False,2,2,320.46,0
30049072,PF,PF,True,False,-,-,2354.9,65.94
30049079,PJ,PJ,True,False,2,2,75443.61,0
30049099,PF,PJ,True,False,2,2,104982.56,190.18
30049099,PJ,PJ,True,False,2,2,7494.19,0
30089199,PF,PJ,True,False,2,2,0,0
31010000,PF,PF,True,False,-,-,224825671.09,1330660.41
31010000,PF,PJ,True,False,1,1,66706.39,0
31010000,PF,PJ,True,False,2,1,3406390.02,27150.11
31010000,PF,PJ,True,False,2,2,72186942.41000001,668351.81
31010000,PJ,PF,False,True,2,2,780937,12987
31010000,PJ,PF,True,False,-,-,2448897.84,25003.51
31010000,PJ,PJ,True,False,1,1,111550.46,0
31010000,PJ,PJ,True,False,2,1,3299846.370000001,4678.26
31010000,PJ,PJ,True,False,2,2,52106140.16,97438.04000000001
31021010,PF,PF,True,False,-,-,5399212.9,18110.73
31021010,PF,PJ,True,False,2,1,97954.95,6945.3
31021010,PF,PJ,True,False,2,2,20649309.22,1151324.33
31021010,PJ,PF,False,True,2,2,27555,0
31021010,PJ,PF,True,False,-,-,20,0
31021010,PJ,PJ,True,False,2,2,508128.03,512.14
31021090,PF,PF,True,False,-,-,436858.24,6875.28
31021090,PF,PJ,True,False,2,1,201550.47,9789.81
31021090,PF,PJ,True,False,2,2,184733.54,3272.68
31022100,PF,PF,True,False,-,-,1898574.63,16190.16
31022100,PF,PJ,True,False,2,2,1592586.68,34810.12
31022100,PJ,PF,False,True,2,2,182556.92,0
31022990,PF,PF,True,False,-,-,18656,0
31022990,PF,PJ,True,False,2,2,42840.03,0
31022990,PJ,PJ,True,False,2,2,1425,42.75
31024000,PF,PF,True,False,-,-,24357.2,1169.15
31024000,PF,PJ,True,False,2,2,5113.4,0
31024000,PJ,PJ,True,False,2,2,191100,5734.15
31025011,PF,PF,True,False,-,-,2485.1,0
31025090,PF,PF,True,False,-,-,406257.54,0
31025090,PF,PJ,True,False,2,1,141917,4171.77
31025090,PF,PJ,True,False,2,2,21995.95,0
31025090,PJ,PF,True,False,-,-,3025517.810000001,112212.53
31025090,PJ,PJ,True,False,2,2,3920345.419999999,7574.25
31026000,PF,PF,True,False,-,-,39080.24,0
31026000,PF,PJ,True,False,2,2,10465,313.96
31026000,PJ,PF,False,True,2,2,10352,0
31026000,PJ,PJ,True,False,2,2,25115.73,753.62
31028000,PF,PF,True,False,-,-,29444,36
31028000,PF,PJ,True,False,2,1,16878.33,1215.24
31028000,PF,PJ,True,False,2,2,5040,0
31028000,PJ,PJ,True,False,2,2,160,0
31029000,PF,PF,True,False,-,-,4977973.98,73466.27
31029000,PF,PJ,True,False,2,1,940,67.68
31029000,PF,PJ,True,False,2,2,421006.89,5257.39
31029000,PJ,PJ,True,False,2,2,871692,22284.26
31031100,PF,PF,True,False,-,-,830318.7,16557.77
31031100,PF,PJ,True,False,2,2,2658553.55,102703.98
31031900,PF,PF,True,False,-,-,7639803.7,131408.09
31031900,PF,PJ,True,False,2,2,346757.6,0
31039011,PF,PF,True,False,-,-,33565.93,827.12
31039011,PF,PJ,True,False,2,2,180106.53,0
31039019,PF,PF,True,False,-,-,10438.49,0
31039090,PF,PF,True,False,-,-,400123.55,0
31039090,PF,PJ,True,False,2,1,1069737.29,77021.09
31039090,PF,PJ,True,False,2,2,205017.53,3563.47
31042010,PF,PF,True,False,-,-,5283731.01,29863.36
31042010,PF,PJ,True,False,2,1,115764.07,5570.21
31042010,PF,PJ,True,False,2,2,6519869.69,165174.3
31042010,PJ,PF,False,True,2,2,187601.72,0
31042010,PJ,PJ,True,False,2,2,90890,0
31042090,PF,PF,True,False,-,-,98430769.46,46642.85
31042090,PF,PJ,True,False,2,1,168208.27,11592.96
31042090,PF,PJ,True,False,2,2,12149944.81,825411.3200000001
31042090,PJ,PF,False,True,2,2,700762.21,21351.24
31042090,PJ,PJ,True,False,2,2,8653.92,0
31043010,PF,PJ,True,False,2,1,119,8.57
31049090,PF,PF,True,False,-,-,2661834.8,30396.33
31049090,PF,PJ,True,False,2,1,84471.46,6081.94
31049090,PF,PJ,True,False,2,2,178686.81,5967.33
31049090,PJ,PJ,True,False,2,2,109630,18255.03
31051000,PF,PF,True,False,-,-,434245.67,1687.34
31051000,PF,PJ,True,False,2,1,1071345.3,77136.86
31051000,PF,PJ,True,False,2,2,624688.07,18690.71
31051000,PJ,PF,False,True,2,2,127146.3,21.97
31051000,PJ,PJ,True,False,2,2,76947.6,0
31052000,PF,PF,True,False,-,-,48211556.44,37004.21
31052000,PF,PJ,True,False,1,1,54,0
31052000,PF,PJ,True,False,2,1,19849019.21,1429527.89
31052000,PF,PJ,True,False,2,2,18322165.8,296494
31052000,PJ,PF,False,True,2,2,1416723.86,24
31052000,PJ,PJ,True,False,2,2,378513,7038.199999999999
31053000,PF,PF,True,False,-,-,1797404.4,0
31054000,PF,PF,True,False,-,-,5772456.81,19403.58
31054000,PF,PJ,True,False,2,1,14733917.45,1060842.06
31054000,PF,PJ,True,False,2,2,2663033.99,57232.25999999999
31054000,PJ,PF,False,True,2,2,1377865.45,0
31054000,PJ,PJ,True,False,2,2,11550,0
31055100,PF,PF,True,False,-,-,811005,0
31055100,PF,PJ,True,False,2,1,189,13.61
31055900,PF,PF,True,False,-,-,4945817.48,10940.4
31055900,PF,PJ,True,False,2,1,25370.8,1826.7
31055900,PF,PJ,True,False,2,2,14293822.32,7458.84
31055900,PJ,PF,False,True,2,2,687267.92,0
31055900,PJ,PJ,True,False,2,2,36827.06,87.09
31056000,PF,PF,True,False,-,-,7564221.66,36206.05
31056000,PF,PJ,True,False,2,1,124553.05,8920.15
31056000,PF,PJ,True,False,2,2,9898118.639999999,1107.04
31056000,PJ,PF,False,True,2,2,607600,0
31059019,PF,PF,True,False,-,-,1226677.97,0
31059019,PF,PJ,True,False,2,1,27480,1978.56
31059019,PF,PJ,True,False,2,2,107283.64,0
31059019,PJ,PJ,True,False,2,2,116330.01,0
31059090,PF,PF,True,False,-,-,4526371.73,57585.04
31059090,PF,PJ,True,False,2,1,1355148.26,94960.42
31059090,PF,PJ,True,False,2,2,4520296.23,36874.55
31059090,PJ,PF,False,True,2,2,235631.8,66.63
31059090,PJ,PJ,True,False,2,2,584671.08,16067.27
32041100,PF,PJ,True,False,2,2,16099,632.06
32041830,PJ,PJ,True,False,2,2,47.25,0
32064990,PF,PJ,True,False,2,2,83960.06,0
32081010,PF,PJ,True,False,2,2,515.54,0
32081010,PJ,PF,False,True,2,2,309,0
32082011,PF,PJ,True,False,2,2,114,0
32082019,PF,PJ,True,False,2,2,1239.14,0
32082020,PF,PJ,True,False,2,2,72.03,0
32082020,PJ,PF,False,True,2,2,93.51,0
32089010,PF,PJ,True,False,2,2,1027.1,0
32091010,PF,PJ,True,False,2,2,245.93,0
32091010,PJ,PF,False,True,2,2,1114.8,0
32099019,PF,PF,True,False,-,-,45.7,0
32100010,PF,PJ,True,False,2,2,226.59,0
32139000,PJ,PF,False,True,2,1,59,0
32141010,PF,PJ,True,False,2,2,245.76,0
32159000,PJ,PJ,True,False,2,2,334.61,0
33011300,PF,PF,True,False,-,-,99164,0
33011300,PF,PJ,True,False,2,1,70017.08,0
33011300,PF,PJ,True,False,2,2,3069828.489999999,0
33011300,PJ,PJ,True,False,2,2,6930,0
33012400,PF,PJ,True,False,2,2,123,0
33012918,PF,PJ,True,False,2,2,22875,0
33012919,PF,PF,True,False,-,-,16830,0
33012919,PF,PJ,True,False,2,1,485847.4,19812.3
33012919,PF,PJ,True,False,2,2,6561769.489999999,0
33012990,PF,PF,True,False,-,-,14088,0
33030010,PJ,PF,False,True,2,2,1.8,0
33049910,PJ,PF,False,True,2,2,65.36,0
33049910,PJ,PJ,True,False,2,2,61.5,0
33049990,PF,PJ,True,False,2,2,1595.7,0
33051000,PF,PF,True,False,-,-,189,0
33059000,PF,PF,True,False,-,-,468,0
33059000,PJ,PF,False,True,2,2,15,0
33074900,PF,PF,True,False,-,-,4,0
33074900,PF,PJ,True,False,2,2,279.73,40.99
33074900,PJ,PF,False,True,2,1,25.5,0
33079000,PF,PF,True,False,-,-,112543.68,0
34011190,PF,PJ,True,False,2,2,790.8000000000001,150.25
34011190,PJ,PJ,True,False,2,2,2195.43,395.1899999999999
34012010,PF,PJ,True,False,2,2,137.5,0
34013000,PF,PF,True,False,-,-,1784103.34,0
34013000,PF,PJ,True,False,2,1,927481.3500000001,0
34013000,PF,PJ,True,False,2,2,797300.34,0
34023990,PF,PJ,True,False,2,1,4280.31,308.18
34023990,PF,PJ,True,False,2,2,35,7.7
34024190,PF,PJ,True,False,2,2,4855.28,922.5
34025000,PJ,PF,False,True,2,2,17.94,1.65
34029011,PF,PF,True,False,-,-,123856.3,0
34029011,PF,PJ,True,False,2,2,805.33,26.17
34029011,PJ,PF,False,True,2,2,960,0
34029011,PJ,PJ,True,False,2,2,41000,0
34029019,PF,PF,True,False,-,-,25325.3,1161.6
34029019,PF,PJ,True,False,2,2,1471.01,0
34029019,PJ,PJ,True,False,2,2,12167.46,0
34029029,PF,PF,True,False,-,-,797579.12,14400
34029029,PF,PJ,True,False,2,2,33470.89,0
34029039,PF,PJ,True,False,2,2,2596.58,62.55
34029039,PJ,PF,False,True,2,2,70,0
34029090,PF,PF,True,False,-,-,19277.13,0
34029090,PF,PJ,True,False,2,1,160,11.52
34029090,PF,PJ,True,False,2,2,4014.2,79.94
34029090,PJ,PF,False,True,2,2,1150,0
34029090,PJ,PJ,True,False,2,2,28380,5108.389999999999
34031900,PJ,PF,False,True,2,2,60,0
34049029,PF,PJ,True,False,2,2,180,0
34053000,PF,PJ,True,False,2,2,149.1,24
34060000,PJ,PF,False,True,1,1,36.72,0
34070010,PJ,PF,False,True,2,2,6.9,1.59
35021900,PF,PF,True,False,-,-,35609.9,7121.98
35021900,PF,PJ,True,False,1,1,89,17.8
35021900,PF,PJ,True,False,2,1,11626,2325.2
35021900,PF,PJ,True,False,2,2,177656.6,35531.32000000001
35040020,PF,PF,True,False,-,-,248505.83,0
35040020,PF,PJ,True,False,2,2,7343745.810000001,0
35040030,PF,PJ,True,False,2,2,705,0
35052000,PF,PJ,True,False,2,2,83.84,0
35061090,PF,PF,True,False,-,-,9600,0
35061090,PF,PJ,True,False,2,2,413.79,9.68
35061090,PJ,PF,False,True,2,2,9.8,2.25
35069110,PF,PJ,True,False,2,2,716.66,0
35069120,PF,PF,True,False,-,-,2901.61,0
35069120,PF,PJ,True,False,2,2,77211.45999999999,0
35069120,PJ,PJ,True,False,2,2,28302.09,0
35069190,PF,PJ,True,False,2,2,339.34,32
35069190,PJ,PF,False,True,2,1,11.55,0
35069190,PJ,PF,False,True,2,2,438.17,0
35069900,PF,PF,True,False,-,-,250259.36,4210.11
35069900,PF,PJ,True,False,2,2,40,8.8
35079039,PF,PJ,True,False,2,2,20789.4,0
35079049,PF,PF,True,False,-,-,44164.8,0
35079049,PF,PJ,True,False,2,2,752192.6799999999,0
36061000,PF,PJ,True,False,2,2,2500,0
37079010,PF,PJ,True,False,2,2,6.74,0.81
38012090,PF,PJ,True,False,2,2,11.71,0
38029040,PF,PJ,True,False,2,2,190.6,0
38051000,PF,PF,True,False,-,-,48986.33,0
38085200,PF,PF,True,False,-,-,14274.34,0
38085200,PF,PJ,True,False,2,2,223046.4,360
38085925,PF,PF,True,False,-,-,51591.4,0
38085925,PF,PJ,True,False,2,1,118.52,8.53
38085929,PF,PF,True,False,-,-,343453.75,0
38085929,PF,PJ,True,False,2,1,53181.46,3829.06
38085929,PF,PJ,True,False,2,2,7301.02,90.31
38086100,PF,PJ,True,False,2,2,1000,120
38086210,PF,PF,True,False,-,-,1731.45,0
38086290,PF,PF,True,False,-,-,6719323.1,18227.52
38086290,PF,PJ,True,False,2,1,3133.83,225.63
38086290,PF,PJ,True,False,2,2,1529371.67,301
38086290,PJ,PF,False,True,2,2,577414.55,0
38086990,PF,PF,True,False,-,-,4138968.04,0
38086990,PF,PJ,True,False,2,1,66352,4777.34
38086990,PF,PJ,True,False,2,2,2020600.18,7172.900000000001
38086990,PJ,PF,False,True,2,2,1234293,0
38086990,PJ,PJ,True,False,2,2,274280.72,0
38089111,PF,PF,True,False,-,-,280000,47600
38089111,PF,PJ,True,False,2,2,89418.29999999999,0
38089119,PF,PF,True,False,-,-,3049610.23,0
38089119,PF,PJ,True,False,2,2,1053766.83,69.63
38089119,PJ,PF,False,True,2,2,129,0
38089119,PJ,PJ,True,False,2,2,257419.91,0
38089120,PF,PF,True,False,-,-,26825,0
38089191,PF,PF,True,False,-,-,6060897.25,5080.32
38089191,PF,PJ,True,False,2,1,5076.8,0
38089191,PF,PJ,True,False,2,2,1714062.37,0
38089191,PJ,PF,False,True,2,2,26977.5,0
38089191,PJ,PJ,True,False,2,2,1432.5,0
38089192,PF,PF,True,False,-,-,33873.13,0
38089192,PF,PJ,True,False,2,1,567.36,40.85
38089192,PJ,PJ,True,False,2,2,27021.65,0
38089194,PF,PJ,True,False,2,2,211310.91,0
38089195,PF,PF,True,False,-,-,50187.89,0
38089195,PF,PJ,True,False,2,2,7250,0
38089196,PF,PF,True,False,-,-,320,0
38089197,PF,PF,True,False,-,-,350670,0
38089197,PF,PJ,True,False,2,1,3253.8,0
38089197,PF,PJ,True,False,2,2,4896484.6,0
38089197,PJ,PJ,True,False,2,2,54330.46,0
38089199,PF,PF,True,False,-,-,39490564.96,2712.1522
38089199,PF,PJ,True,False,2,1,588674.18,37407.63
38089199,PF,PJ,True,False,2,2,23592126.12,33682.49000000001
38089199,PJ,PF,False,True,2,2,1044539.61,0
38089199,PJ,PJ,True,False,2,2,1571267.89,0
38089211,PF,PF,True,False,-,-,3557.8,0
38089211,PF,PJ,True,False,2,2,4711.8,0
38089219,PF,PF,True,False,-,-,344714.24,0
38089219,PF,PJ,True,False,2,1,48534.09,3494.45
38089219,PJ,PJ,True,False,2,2,2800,0
38089220,PF,PF,True,False,-,-,429962.6,0
38089291,PF,PF,True,False,-,-,105468.07,0
38089291,PF,PJ,True,False,2,2,17672.18,0
38089291,PJ,PF,False,True,2,2,3950,0
38089291,PJ,PJ,True,False,2,2,237443.49,0
38089292,PF,PJ,True,False,2,2,2317287.64,0
38089292,PJ,PJ,True,False,2,2,30088.5,0
38089293,PF,PF,True,False,-,-,5375104.49,1894.46
38089293,PF,PJ,True,False,2,1,18288.16,1185.62
38089293,PF,PJ,True,False,2,2,1507947.05,0
38089293,PJ,PF,False,True,2,2,0,0
38089295,PF,PJ,True,False,2,2,418912,0
38089296,PF,PF,True,False,-,-,22540,0
38089296,PF,PJ,True,False,2,2,11835.79,619.77
38089297,PF,PF,True,False,-,-,1257530.33,0
38089297,PF,PJ,True,False,2,2,265474.14,0
38089297,PJ,PF,False,True,2,2,289480,0
38089299,PF,PF,True,False,-,-,23333550.19,46378.03019999999
38089299,PF,PJ,True,False,2,1,2061321.88,147820.51
38089299,PF,PJ,True,False,2,2,38339105.14,14547.59
38089299,PJ,PF,False,True,2,2,3100641.3,0
38089299,PJ,PJ,True,False,2,2,913120.3,0
38089311,PF,PJ,True,False,2,2,348506.57,9392.62
38089311,PJ,PJ,True,False,2,2,300,0
38089319,PF,PF,True,False,-,-,431191.91,0
38089319,PF,PJ,True,False,2,1,820,59.04
38089319,PF,PJ,True,False,2,2,385708,0
38089319,PJ,PJ,True,False,2,2,222075.35,0
38089321,PJ,PJ,True,False,2,2,1164.6,0
38089322,PF,PF,True,False,-,-,567232.01,198.8252
38089322,PF,PJ,True,False,2,1,51371.28999999999,3666.33
38089322,PF,PJ,True,False,2,2,532810.79,0
38089322,PJ,PF,False,True,2,2,63055,0
38089322,PJ,PJ,True,False,2,2,98434.23999999999,0
38089323,PF,PF,True,False,-,-,2145327.42,143.81
38089323,PF,PJ,True,False,2,1,31502.44,2106.18
38089323,PF,PJ,True,False,2,2,1767102.66,0
38089323,PJ,PF,False,True,2,2,76380,0
38089324,PF,PF,True,False,-,-,8212623.53,4660.4396
38089324,PF,PJ,True,False,2,1,92042.14,5773.98
38089324,PF,PJ,True,False,2,2,8471427.86,0
38089324,PJ,PF,False,True,2,2,1170169.04,0
38089324,PJ,PJ,True,False,2,2,220238.09,0
38089325,PF,PF,True,False,-,-,2544,305.28
38089326,PF,PF,True,False,-,-,1384.98,0
38089326,PF,PJ,True,False,2,2,3773.11,0
38089327,PF,PF,True,False,-,-,1271567.49,3019.5156
38089327,PF,PJ,True,False,2,1,750,54
38089327,PF,PJ,True,False,2,2,238031.28,0
38089328,PF,PF,True,False,-,-,3151,0
38089329,PF,PF,True,False,-,-,10688515.19,7798.690000000001
38089329,PF,PJ,True,False,2,1,838085.35,59566.73
38089329,PF,PJ,True,False,2,2,13630776,5845.01
38089329,PJ,PF,False,True,2,2,2209201.99,0
38089329,PJ,PJ,True,False,2,2,629151.82,0
38089351,PF,PF,True,False,-,-,34059.96,0
38089359,PF,PF,True,False,-,-,1441310.4,2102.71
38089359,PF,PJ,True,False,2,1,2472,0
38089359,PF,PJ,True,False,2,2,835288.4,0
38089359,PJ,PF,False,True,2,2,7181.1,0
38089359,PJ,PJ,True,False,2,2,298700,0
38089419,PF,PF,True,False,-,-,108214.66,0
38089419,PF,PJ,True,False,2,1,5150.28,0
38089419,PF,PJ,True,False,2,2,2760.59,35.85
38089419,PJ,PJ,True,False,2,2,306523.12,0
38089429,PF,PF,True,False,-,-,20999.2,3528
38089429,PF,PJ,True,False,2,2,81539.52,0
38089429,PJ,PJ,True,False,2,2,61007.1,0
38089919,PF,PJ,True,False,2,2,66521.76,0
38089919,PJ,PJ,True,False,2,2,582.67,0
38089991,PF,PF,True,False,-,-,182479.8,0
38089991,PJ,PJ,True,False,2,2,61658.71000000001,0
38089993,PF,PF,True,False,-,-,264003.88,0
38089993,PF,PJ,True,False,2,1,69643.45,4207.93
38089993,PF,PJ,True,False,2,2,722104.96,0
38089993,PJ,PJ,True,False,2,2,638248.58,0
38089995,PF,PF,True,False,-,-,519500.16,0
38089995,PF,PJ,True,False,2,1,153,11.02
38089995,PF,PJ,True,False,2,2,823206.15,7706.13
38089995,PJ,PJ,True,False,2,2,14500,0
38089996,PF,PJ,True,False,2,2,72000,0
38089996,PJ,PJ,True,False,2,2,1182.16,0
38089999,PF,PF,True,False,-,-,2013553.43,283.2
38089999,PF,PJ,True,False,2,1,672591.3200000001,48356.16
38089999,PF,PJ,True,False,2,2,1878324.55,307.42
38089999,PJ,PJ,True,False,2,2,147443.31,0
38091090,PF,PJ,True,False,2,2,286.6,54.45
38099190,PJ,PJ,True,False,1,1,74,5.58
38099390,PF,PF,True,False,-,-,671162.4,0
38109000,PF,PJ,True,False,2,2,411.97,0
38112140,PF,PF,True,False,-,-,1840,0
38112190,PF,PJ,True,False,2,2,2050,0
38112990,PF,PJ,True,False,2,2,1742.97,348.59
38119010,PF,PJ,True,False,2,2,11725.21,0
38140090,PF,PJ,True,False,2,2,155.59,0
38190000,PF,PJ,True,False,2,1,323.19,63.02
38190000,PF,PJ,True,False,2,2,4748.339999999999,0
38200000,PF,PJ,True,False,2,2,44746.19,0
38210000,PF,PF,True,False,-,-,30793.16,0
38210000,PF,PJ,True,False,2,2,114554.66,2323.08
38210000,PJ,PF,False,True,2,2,1200,0
38244000,PJ,PF,False,True,2,2,59.11,16.7
38249077,PF,PF,True,False,-,-,10916.68,524
38249079,PF,PJ,True,False,2,2,10293.42,0
38249919,PF,PJ,True,False,2,2,60,0
38249929,PF,PF,True,False,-,-,460656.5,0
38249929,PF,PJ,True,False,2,2,355541.28,0
38249931,PF,PJ,True,False,2,2,234.2,0
38249941,PF,PJ,True,False,2,2,115.98,0
38249941,PJ,PF,False,True,2,2,245518.94,0
38249977,PF,PF,True,False,-,-,109272,3012.13
38249977,PF,PJ,True,False,2,1,8433.5,607.21
38249977,PF,PJ,True,False,2,2,109320.02,9549.65
38249977,PJ,PJ,True,False,2,2,495589,14320.98
38249979,PF,PF,True,False,-,-,69384.72,2099.77
38249979,PF,PJ,True,False,2,1,8390.66,604.13
38249979,PF,PJ,True,False,2,2,2775670.9,11415.15
38249979,PJ,PJ,True,False,2,2,246284.41,3763.06
38249986,PF,PF,True,False,-,-,14742,0
38249988,PF,PJ,True,False,2,2,69476,0
38249989,PF,PJ,True,False,2,2,4881.45,0
38249989,PJ,PJ,True,False,2,2,760,0
38256100,PF,PJ,True,False,2,2,82958.39999999998,0
38259000,PF,PF,True,False,-,-,331439.6,0
39019090,PJ,PF,False,True,2,1,5.9,0
39029000,PJ,PJ,True,False,2,2,12600,2267.95
39039090,PF,PF,True,False,-,-,1400,0
39052100,PF,PJ,True,False,2,2,6073.6,0
39069019,PF,PJ,True,False,2,2,117.04,0
39069045,PF,PF,True,False,-,-,1093.79,0
39069045,PF,PJ,True,False,2,2,278.1,0
39069049,PF,PF,True,False,-,-,6483.75,0
39079911,PJ,PF,False,True,2,1,19.35,0
39079919,PF,PJ,True,False,2,2,122,0
39095011,PF,PJ,True,False,2,2,360.45,0
39095019,PF,PJ,True,False,2,2,900,0
39100013,PF,PJ,True,False,2,2,72.18,0
39100030,PJ,PJ,True,False,2,1,14407.4,0
39100030,PJ,PJ,True,False,2,2,6743.14,0
39100090,PF,PJ,True,False,2,2,52,11.44
39119013,PJ,PF,False,True,2,1,400,0
39121110,PF,PJ,True,False,2,2,518.97,22.07
39121120,PJ,PJ,True,False,2,2,593950,0
39131000,PJ,PJ,True,False,2,2,280,0
39151000,PF,PJ,True,False,2,1,3440,0
39151000,PF,PJ,True,False,2,2,1,0
39153000,PF,PF,True,False,-,-,474,85.32000000000001
39153000,PF,PJ,True,False,1,1,1634.75,0
39153000,PF,PJ,True,False,2,1,2123.4,0
39153000,PF,PJ,True,False,2,2,1237.69,0
39153000,PJ,PJ,True,False,1,1,10789.53,108.59
39159000,PF,PF,True,False,-,-,29790,0
39159000,PF,PJ,True,False,1,1,88798,0
39159000,PF,PJ,True,False,2,1,574322.26,996.48
39159000,PF,PJ,True,False,2,2,159516.36,330.11
39159000,PJ,PF,False,True,2,1,19053,0
39159000,PJ,PF,False,True,2,2,5205.389999999999,0
39159000,PJ,PF,True,False,-,-,13763,0
39159000,PJ,PJ,True,False,1,1,6711.1,0
39159000,PJ,PJ,True,False,2,1,57384.5,0
39159000,PJ,PJ,True,False,2,2,80501.16,0
39169090,PF,PJ,True,False,2,2,64.57,0
39171029,PF,PJ,True,False,2,2,50251.83,9527.24
39172100,PF,PF,True,False,-,-,50390.5,66.39
39172100,PF,PJ,True,False,2,2,270,0
39172300,PF,PF,True,False,-,-,7300,0
39172300,PF,PJ,True,False,2,1,7040,0
39172300,PF,PJ,True,False,2,2,12170.43,1217.14
39172900,PF,PF,True,False,-,-,43000,0
39172900,PF,PJ,True,False,2,1,2370,0
39173100,PF,PF,True,False,-,-,1572.29,0
39173100,PF,PJ,True,False,2,1,1185,0
39173100,PF,PJ,True,False,2,2,5547.66,230.47
39173100,PJ,PF,False,True,2,2,3711,659.45
39173100,PJ,PJ,True,False,2,2,444.05,0
39173229,PF,PF,True,False,-,-,395,0
39173229,PF,PJ,True,False,2,2,1455.02,291
39173229,PJ,PF,False,True,2,1,3.95,0
39173240,PF,PJ,True,False,2,2,1172,0
39173290,PF,PF,True,False,-,-,12799.5,157.52
39173290,PF,PJ,True,False,2,1,700,0
39173290,PF,PJ,True,False,2,2,45769.3,7798.34
39173300,PF,PJ,True,False,2,2,3357.76,537.79
39173900,PF,PF,True,False,-,-,400,0
39173900,PF,PJ,True,False,2,2,7478.27,945.6
39174010,PF,PJ,True,False,2,2,354,0
39174090,PF,PF,True,False,-,-,200000,0
39174090,PF,PJ,True,False,2,2,9938.49,963.23
39174090,PJ,PF,False,True,2,1,386.96,0
39174090,PJ,PF,False,True,2,2,2050.97,89.05
39189000,PJ,PJ,True,False,2,2,6912,0
39191010,PJ,PF,False,True,2,2,9.8,2.25
39191020,PF,PJ,True,False,2,2,139.11,0
39191090,PF,PJ,True,False,2,2,225.96,18.88
39199090,PJ,PF,False,True,2,1,150,0
39201010,PF,PJ,True,False,2,2,160,0
39201099,PF,PF,True,False,-,-,309167.22,5020.8
39201099,PF,PJ,True,False,2,1,412034.9,1608.2
39201099,PF,PJ,True,False,2,2,11900.15,168
39201099,PJ,PJ,True,False,2,2,443.3,0
39204310,PF,PJ,True,False,2,2,55849.5,3909.47
39205900,PJ,PJ,True,False,2,2,770.68,138.73
39209990,PF,PF,True,False,-,-,398,0
39209990,PF,PJ,True,False,2,1,900,0
39209990,PF,PJ,True,False,2,2,1011.54,148.05
39209990,PJ,PF,False,True,2,2,1361.25,0
39211900,PF,PJ,True,False,2,2,9134.09,1173
39219012,PF,PF,True,False,-,-,200,0
39219012,PF,PJ,True,False,1,1,200,0
39219012,PF,PJ,True,False,2,1,2760,0
39219012,PF,PJ,True,False,2,2,900,0
39219090,PF,PJ,True,False,2,1,50022,0
39219090,PF,PJ,True,False,2,2,450,0
39229000,PJ,PF,False,True,2,2,149.73,0
39231090,PF,PF,True,False,-,-,124400,0
39231090,PF,PJ,True,False,2,2,1007906.24,0
39231090,PJ,PF,False,True,2,2,3920,0
39232110,PF,PF,True,False,-,-,2739,0
39232110,PF,PJ,True,False,2,2,230,0
39232190,PF,PJ,True,False,2,1,33066.5,0
39232190,PF,PJ,True,False,2,2,28081.87,253.96
39232190,PJ,PF,False,True,2,1,20.75,0
39232190,PJ,PJ,True,False,2,2,2147.4,0
39232910,PF,PF,True,False,-,-,37.5,0
39232910,PF,PJ,True,False,2,1,1500,0
39232910,PF,PJ,True,False,2,2,74851.56,12251.58
39232910,PJ,PJ,True,False,2,2,4742.47,0
39232990,PF,PF,True,False,-,-,3481,0
39232990,PF,PJ,True,False,2,2,54,0
39232990,PJ,PF,False,True,2,2,6274.5,0
39232990,PJ,PJ,True,False,2,2,10.9,0
39233090,PF,PF,True,False,-,-,112503.4,0
39233090,PF,PJ,True,False,2,2,10207.42,1274.92
39233090,PJ,PF,False,True,2,1,600,0
39235000,PF,PJ,True,False,2,2,3357.57,643.56
39235000,PJ,PF,False,True,2,1,1.25,0
39239000,PJ,PF,False,True,2,1,149.2,0
39239010,PF,PJ,True,False,2,1,3450,414
39239090,PF,PF,True,False,-,-,3056,17.28
39239090,PF,PJ,True,False,2,1,24365,4077.8
39239090,PF,PJ,True,False,2,2,24196,180.4
39239090,PJ,PJ,True,False,2,2,21566.62,0
39241000,PF,PF,True,False,-,-,164680,0
39241000,PF,PJ,True,False,2,2,1071.48,193.32
39241000,PJ,PF,False,True,2,1,1541.3,0
39241000,PJ,PF,False,True,2,2,33.49,0
39249000,PF,PF,True,False,-,-,658300,0
39249000,PF,PJ,True,False,2,2,95.36,0
39249000,PJ,PF,False,True,2,1,983.87,0
39249000,PJ,PJ,True,False,2,1,30,6.300000000000001
39251000,PF,PF,True,False,-,-,42585,4203
39251000,PF,PJ,True,False,2,2,371822.95,41704.74
39251000,PJ,PF,False,True,2,2,30000,0
39259090,PF,PF,True,False,-,-,91236.9,0
39259090,PF,PJ,True,False,2,2,6646270.71,226.67
39259090,PJ,PF,False,True,2,2,16.44,0
39262000,PF,PJ,True,False,2,2,6701.31,628.87
39263000,PF,PJ,True,False,2,1,2,0
39263000,PF,PJ,True,False,2,2,56.2,9.68
39263000,PJ,PF,False,True,2,2,320105.64,0
39269010,PF,PJ,True,False,2,2,586.21,22.47
39269021,PF,PJ,True,False,2,2,4269.96,0
39269022,PF,PJ,True,False,2,1,31953.59999999999,2097
39269022,PF,PJ,True,False,2,2,198716.0600000002,22747.71
39269040,PF,PF,True,False,-,-,79380,0
39269061,PF,PJ,True,False,2,2,350.84,68.56
39269069,PF,PJ,True,False,2,2,11901.35,469.06
39269090,PF,PF,True,False,-,-,52111.21,2618.47
39269090,PF,PJ,True,False,2,1,5853,0
39269090,PF,PJ,True,False,2,2,92325.02,2222.32
39269090,PJ,PF,False,True,2,1,6854.05,0
39269090,PJ,PF,False,True,2,2,154.7,0
39269090,PJ,PF,True,False,-,-,1450,0
39269090,PJ,PJ,True,False,2,2,98034.4,58.84
40011000,PF,PF,True,False,-,-,78714.93,0
40011000,PF,PJ,True,False,2,1,513790.63,60168
40011000,PF,PJ,True,False,2,2,23126767.11,2315321.45
40011000,PJ,PF,False,True,2,2,607210.28,0
40011000,PJ,PJ,True,False,2,1,11877,0
40011000,PJ,PJ,True,False,2,2,11410,0
40012100,PF,PJ,True,False,2,2,10115167.4,871110.97
40012920,PF,PJ,True,False,2,2,1240463.57,126939.54
40012990,PF,PJ,True,False,2,2,3008149.56,327993.33
40012990,PJ,PF,False,True,2,2,32743.49,0
40021919,PF,PJ,True,False,2,2,1016,0
40021920,PF,PJ,True,False,2,2,257,0
40029100,PF,PJ,True,False,2,2,357317.77,32094.95
40029100,PJ,PJ,True,False,2,1,42091.24000000001,0
40040000,PJ,PJ,True,False,2,2,1000,0
40059190,PF,PJ,True,False,2,2,357.09,5.59
40069000,PF,PJ,True,False,2,2,1161.6,25
40069000,PJ,PF,False,True,2,2,3.9,0.89
40082100,PF,PJ,True,False,2,2,3270.39,0
40082900,PF,PJ,True,False,2,2,28.73,0
40091100,PF,PJ,True,False,2,2,3311.1,662.22
40092110,PF,PJ,True,False,2,2,158271.17,1036.96
40092190,PF,PJ,True,False,2,2,2497.19,499.44
40092190,PJ,PF,False,True,2,1,74.61,0
40092210,PF,PJ,True,False,2,2,458.2,87.06
40092290,PF,PJ,True,False,2,2,665.5,133.1
40093100,PF,PJ,True,False,2,2,6624.18,1014.53
40093290,PF,PJ,True,False,2,2,4414.93,0
40094100,PF,PF,True,False,-,-,816.26,171.41
40094100,PF,PJ,True,False,2,2,754.72,149.73
40094290,PF,PJ,True,False,2,2,6620.77,1109.53
40101100,PF,PF,True,False,-,-,37.01,7.77
40101200,PF,PJ,True,False,2,2,41840.31,3569.46
40101900,PF,PF,True,False,-,-,330,69.3
40101900,PF,PJ,True,False,2,2,639.55,0
40103100,PF,PJ,True,False,2,2,18901.09,1588.51
40103200,PF,PJ,True,False,2,2,3099.7,0
40103200,PJ,PJ,True,False,2,2,948.54,170.74
40103300,PF,PJ,True,False,2,2,20539.12,0
40103300,PJ,PF,False,True,2,2,627.17,0
40103400,PF,PJ,True,False,2,2,4331.92,0
40103500,PF,PJ,True,False,2,2,1850.32,0
40103600,PF,PJ,True,False,2,2,2706.29,42.03
40103900,PF,PF,True,False,-,-,340.8,71.56
40103900,PF,PJ,True,False,2,1,176.76,0
40103900,PF,PJ,True,False,2,2,791201.81,3665.71
40103900,PJ,PF,False,True,2,1,225,0
40111000,PF,PF,True,False,-,-,7196.46,1511.25
40111000,PF,PJ,True,False,2,2,45029,7277
40111000,PJ,PF,False,True,2,2,127363.25,0
40112090,PF,PF,True,False,-,-,15950,2020
40112090,PF,PJ,True,False,2,2,24200,4068
40114000,PF,PJ,True,False,2,1,1403020.800000001,0
40117010,PF,PF,True,False,-,-,50000,7825
40117010,PF,PJ,True,False,2,2,43720.8,6462.58
40117090,PF,PF,True,False,-,-,147200,5511
40117090,PF,PJ,True,False,2,2,308901.12,10351.8
40117090,PJ,PF,False,True,2,2,108901,2870.92
40117090,PJ,PJ,True,False,2,2,10400,0
40118090,PF,PJ,True,False,2,2,672.91,0
40119090,PF,PJ,True,False,2,2,4350.52,483.78
40119090,PJ,PF,False,True,2,2,8900.64,399.02
40121000,PF,PF,True,False,-,-,2375,0
40121100,PJ,PF,False,True,2,2,449,0
40121100,PJ,PJ,True,False,2,2,1480,266.4
40121200,PF,PJ,True,False,2,2,25000,0
40121200,PJ,PF,False,True,2,1,1,0
40122000,PF,PF,True,False,-,-,10000,0
40122000,PF,PJ,True,False,2,1,8441.55,909.31
40122000,PF,PJ,True,False,2,2,26480,1117.2
40122000,PJ,PF,False,True,2,1,1750,0
40122000,PJ,PF,False,True,2,2,5550,0
40122000,PJ,PJ,True,False,2,1,40046.88,0
40122000,PJ,PJ,True,False,2,2,7358,0
40129010,PF,PJ,True,False,2,2,565.5,0
40129090,PF,PJ,True,False,2,1,50000,0
40129090,PF,PJ,True,False,2,2,59220.4,12186.45
40131010,PF,PJ,True,False,2,2,3911.68,550
40131010,PJ,PF,False,True,2,2,1245,0
40131090,PF,PF,True,False,-,-,302.38,63.49
40131090,PF,PJ,True,False,2,2,21834.55,0
40131090,PJ,PF,False,True,2,2,60.9,0
40139000,PF,PF,True,False,-,-,631.99,132.71
40139000,PF,PJ,True,False,2,2,44890.34,4419.88
40151900,PF,PJ,True,False,2,1,37.38,0
40151900,PF,PJ,True,False,2,2,2084.64,180.95
40151900,PJ,PJ,True,False,2,2,49.62,0
40159000,PJ,PJ,True,False,2,2,67.5,12.15
40161010,PF,PF,True,False,-,-,580000,0
40161010,PF,PJ,True,False,2,2,45427.31,0
40161090,PF,PF,True,False,-,-,569360,6120
40161090,PF,PJ,True,False,2,2,7790223.259999999,0
40169300,PF,PF,True,False,-,-,2746.78,186.52
40169300,PF,PJ,True,False,2,2,2080132.82,6768.6
40169300,PJ,PF,False,True,2,1,19263.96,0
40169300,PJ,PF,False,True,2,2,1283.68,96.53
40169300,PJ,PJ,True,False,2,2,386,69.48
40169400,PF,PF,True,False,-,-,5341.2,0
40169910,PF,PJ,True,False,2,2,2499.1,284.29
40169990,PF,PJ,True,False,2,2,20263.37,846.48
40170000,PF,PJ,True,False,2,2,785.73,3.25
40170000,PJ,PF,False,True,2,2,25000,0
41012000,PF,PF,True,False,-,-,29400,0
41012000,PF,PJ,True,False,2,2,0,0
41015010,PF,PJ,True,False,2,2,133122.5,15974.7
41021000,PF,PF,True,False,-,-,812,0
41021000,PF,PJ,True,False,2,1,4708.9,0
41021000,PF,PJ,True,False,2,2,173227.47,0
41021000,PJ,PF,False,True,2,2,3040.5,0
41022900,PF,PJ,True,False,2,2,570612.29,0
41022900,PJ,PF,False,True,2,2,1669,0
41033000,PF,PF,True,False,-,-,240066.4,1413.3
41033000,PF,PJ,True,False,1,1,14610,0
41033000,PF,PJ,True,False,2,1,601395.4,0
41033000,PF,PJ,True,False,2,2,41356726.47,0
41041111,PF,PF,True,False,-,-,2086756.67,68483.14
41041111,PF,PJ,True,False,2,2,439858.16,16054.82
41041114,PF,PJ,True,False,2,2,108000,12960
41041124,PF,PJ,True,False,2,2,29080,0
41044920,PF,PF,True,False,-,-,78300,0
41044920,PF,PJ,True,False,2,2,120367.62,0
41051029,PF,PJ,True,False,2,2,1240,0
41062200,PF,PJ,True,False,2,2,89005.9,0
41079110,PF,PF,True,False,-,-,528500.5,0
41079110,PF,PJ,True,False,2,2,1831218.1,0
41079210,PF,PF,True,False,-,-,120808.3,0
41079210,PF,PJ,True,False,2,2,321619.78,0
41079910,PF,PF,True,False,-,-,12454482.3,0
41079910,PF,PJ,True,False,2,2,1464481.42,0
41079910,PJ,PJ,True,False,2,2,2500,0
41132000,PF,PF,True,False,-,-,111764.4,7823.51
41132000,PF,PJ,True,False,2,1,24366.6,0
41132000,PF,PJ,True,False,2,2,348240.42,7026.6
41408416,PF,PF,True,False,-,-,0,0
42010010,PF,PJ,True,False,2,2,40.5,0
42021210,PJ,PF,False,True,2,2,106.48,12.57
42021220,PJ,PF,False,True,2,2,72.33,0
42021900,PJ,PF,False,True,2,2,3555,0
42022100,PJ,PF,False,True,2,1,6000,0
42022900,PJ,PF,False,True,2,1,47.87,0
42023100,PF,PF,True,False,-,-,174550.5,0
42023100,PJ,PF,False,True,2,2,1845,0
42029200,PJ,PF,False,True,2,1,1878,0
42031000,PJ,PF,False,True,2,2,111.1,0
42032900,PF,PJ,True,False,2,2,2136.36,6.97
42033000,PJ,PF,False,True,2,1,960,0
43013000,PF,PJ,True,False,2,2,379.7,0
43021910,PF,PF,True,False,-,-,26040,0
43021910,PF,PJ,True,False,2,2,5200,0
43023000,PF,PJ,True,False,2,2,4236.41,0
43039000,PF,PF,True,False,-,-,144000,0
43039000,PF,PJ,True,False,2,2,150800,0
44011000,PF,PF,True,False,-,-,31584,947.52
44011000,PF,PJ,True,False,2,1,13818,414.5400000000001
44011000,PF,PJ,True,False,2,2,66277,1993.48
44011100,PF,PF,True,False,-,-,1832069.6,9010.859999999999
44011100,PF,PJ,True,False,2,1,843606.34,64367.80999999999
44011100,PF,PJ,True,False,2,2,75888373.51,319419.43
44011100,PJ,PF,False,True,2,2,5301133.95,196540.88
44011100,PJ,PF,True,False,-,-,19583.14,0
44011100,PJ,PJ,True,False,2,1,396465.9400000001,0
44011200,PF,PF,True,False,-,-,11599888.31,107607.07
44011200,PF,PJ,True,False,1,1,17168,515.04
44011200,PF,PJ,True,False,2,1,7913402.05,46722.64
44011200,PF,PJ,True,False,2,2,133029061.49,1200934.99
44011200,PJ,PF,False,True,2,2,16895957.72,3700
44011200,PJ,PJ,True,False,2,1,38064.2,487.7
44011200,PJ,PJ,True,False,2,2,464250,210
44012100,PF,PF,True,False,-,-,1047441.05,0
44012100,PF,PJ,True,False,2,1,391863.62,44031.46999999999
44012100,PF,PJ,True,False,2,2,44252334.50999999,725300.6900000009
44012100,PJ,PF,False,True,2,1,1500.8,0
44012100,PJ,PF,False,True,2,2,3176704.7,0
44012200,PF,PF,True,False,-,-,8499259.370000001,44718.13
44012200,PF,PJ,True,False,2,1,2843038.66,58504
44012200,PF,PJ,True,False,2,2,216523351.69,151612.6600000001
44012200,PJ,PF,False,True,2,1,47175,0
44012200,PJ,PF,False,True,2,2,5444566.489999999,13815.15
44013000,PF,PF,True,False,-,-,9712,0
44013100,PF,PF,True,False,-,-,413056.3,0
44013100,PF,PJ,True,False,1,1,60,0
44013100,PF,PJ,True,False,2,1,177757.7,0
44013100,PF,PJ,True,False,2,2,14710,0
44013200,PF,PF,True,False,-,-,19800,0
44013200,PJ,PJ,True,False,2,2,6000,0
44013900,PF,PF,True,False,-,-,13670274.93,6642.9
44013900,PF,PJ,True,False,1,1,2600,468
44013900,PF,PJ,True,False,2,1,9011561.62,13098.82
44013900,PF,PJ,True,False,2,2,79340075.53,46716.58
44013900,PJ,PF,False,True,2,2,3067111.71,85940.50000000003
44013900,PJ,PF,True,False,-,-,21827.95,0
44013900,PJ,PJ,True,False,2,1,338819.34,0
44013900,PJ,PJ,True,False,2,2,144631.16,0
44014100,PF,PF,True,False,-,-,2755852.600000001,0
44014100,PF,PJ,True,False,2,1,27986.49,0
44014100,PF,PJ,True,False,2,2,115616.87,0
44014900,PF,PF,True,False,-,-,500758.48,29770.90000000001
44014900,PF,PJ,True,False,2,1,301632.7,0
44014900,PF,PJ,True,False,2,2,12417060.43,0
44014900,PJ,PJ,True,False,2,1,98417.17,0
44014900,PJ,PJ,True,False,2,2,6449,0
44021000,PF,PJ,True,False,2,2,7000,840
44022000,PF,PJ,True,False,2,2,451875,0
44029000,PF,PF,True,False,-,-,240751.9,4363.18
44029000,PF,PJ,True,False,1,1,105960.7,2306.69
44029000,PF,PJ,True,False,2,1,3287268.18,311532.11
44029000,PF,PJ,True,False,2,2,165033764.33,2837839.470000001
44031100,PF,PJ,True,False,2,1,980473.48,0
44031100,PF,PJ,True,False,2,2,34294836.25,0
44031100,PJ,PF,False,True,2,1,78835,1695.75
44031100,PJ,PF,False,True,2,2,2073405,0
44031200,PF,PF,True,False,-,-,1022530.69,142388.19
44031200,PF,PJ,True,False,2,1,30183.53,5517.54
44031200,PF,PJ,True,False,2,2,1406547.8,259565.13
44031200,PJ,PF,False,True,2,1,174863,0
44032100,PF,PF,True,False,-,-,1093646.51,0
44032100,PF,PJ,True,False,2,1,968813.9199999999,28410.05
44032100,PF,PJ,True,False,2,2,41744223.59,800508.69
44032100,PJ,PF,False,True,2,1,82406.4,0
44032100,PJ,PF,False,True,2,2,15587229.16,0
44032200,PF,PF,True,False,-,-,75210.80000000002,0
44032200,PF,PJ,True,False,2,1,8063722.83,30806.04
44032200,PF,PJ,True,False,2,2,194846540.61,855301
44032200,PJ,PF,False,True,2,1,323541.39,0
44032200,PJ,PF,False,True,2,2,2934584.42,35.77
44032200,PJ,PJ,True,False,2,2,710659.9099999999,0
44032300,PF,PF,True,False,-,-,607692.51,0
44032500,PF,PJ,True,False,2,1,12930.5,0
44032600,PF,PF,True,False,-,-,1478187.23,0
44032600,PF,PJ,True,False,2,1,905011.7500000001,0
44032600,PF,PJ,True,False,2,2,6479859.84,0
44034200,PF,PF,True,False,-,-,8743.75,1367.57
44034200,PF,PJ,True,False,1,1,937.5,0
44034200,PF,PJ,True,False,2,1,87357.93,0
44034200,PF,PJ,True,False,2,2,178443.91,23.37
44034900,PF,PF,True,False,-,-,3495143.449999999,17282.22
44034900,PF,PJ,True,False,2,1,11784814.12,32538.02
44034900,PF,PJ,True,False,2,2,69040719.23,572529.48
44034900,PJ,PF,False,True,2,1,3508,0
44034900,PJ,PF,False,True,2,2,62921.10000000001,0
44039800,PF,PF,True,False,-,-,6725350.23,80695.61999999998
44039800,PF,PJ,True,False,1,1,48041,489.6
44039800,PF,PJ,True,False,2,1,11248804.65,217688.1599999999
44039800,PF,PJ,True,False,2,2,141364494.66,3115344.31
44039800,PJ,PF,False,True,2,1,209155.6,0
44039800,PJ,PF,False,True,2,2,38928702.53,0
44039800,PJ,PF,True,False,-,-,56765.75,0
44039800,PJ,PJ,True,False,2,1,999893.8099999999,0
44039800,PJ,PJ,True,False,2,2,2601344.42,47946.17679999999
44039900,PF,PF,True,False,-,-,26716121.81,32116.82
44039900,PF,PJ,True,False,1,1,396.15,0
44039900,PF,PJ,True,False,2,1,44937011.81,306708.31
44039900,PF,PJ,True,False,2,2,183577117.52,546233.06
44039900,PJ,PF,False,True,2,1,1331185,0
44039900,PJ,PF,False,True,2,2,4509126.8,5438.24
44039900,PJ,PJ,True,False,2,1,315796.56,1934.26
44039900,PJ,PJ,True,False,2,2,1616998.81,121914.9
44041000,PF,PF,True,False,-,-,34050,5066
44041000,PF,PJ,True,False,2,2,2079966.51,4579.969999999999
44041000,PJ,PF,False,True,2,1,171700,0
44041000,PJ,PF,False,True,2,2,9524,0
44042000,PF,PF,True,False,-,-,6325,639
44042000,PF,PJ,True,False,2,2,8750,1050
44042000,PJ,PF,False,True,2,2,6238.7,0
44069100,PF,PJ,True,False,2,2,54040,6484.8
44071100,PF,PF,True,False,-,-,9141.61,0
44071100,PF,PJ,True,False,2,1,2769433.77,20265.53
44071100,PF,PJ,True,False,2,2,29496344.9,14394.33
44071100,PJ,PF,False,True,2,1,900825,0
44071100,PJ,PF,False,True,2,2,22171.9,0
44071100,PJ,PF,True,False,-,-,6012.85,0
44071100,PJ,PJ,True,False,1,1,35,0
44071100,PJ,PJ,True,False,2,2,274031.8,0
44071300,PF,PF,True,False,-,-,37682.81,0
44071900,PF,PF,True,False,-,-,6500,1105
44071900,PF,PJ,True,False,2,1,173303.81,0
44071900,PF,PJ,True,False,2,2,4127132.68,0
44072100,PF,PJ,True,False,2,2,34066,0
44072200,PF,PJ,True,False,2,2,2619,314.28
44072300,PF,PJ,True,False,2,1,136400,0
44072300,PF,PJ,True,False,2,2,657728.62,0
44072920,PF,PF,True,False,-,-,600,102
44072990,PF,PF,True,False,-,-,9285.86,1206.42
44072990,PF,PJ,True,False,2,2,106160.39,8297.19
44072990,PJ,PF,False,True,2,1,42790.3,0
44072990,PJ,PF,False,True,2,2,93137.59999999999,9064.479999999998
44079960,PF,PJ,True,False,2,2,750627.8999999999,0
44079970,PF,PJ,True,False,2,1,418507.2,92071.57999999999
44079990,PF,PF,True,False,-,-,1546438.56,10997.62
44079990,PF,PJ,True,False,1,1,900,0
44079990,PF,PJ,True,False,2,1,607837.8399999999,55933.48000000001
44079990,PF,PJ,True,False,2,2,17997104.51,28879.02
44079990,PJ,PF,False,True,2,1,183141.72,0
44079990,PJ,PF,False,True,2,2,143364.22,0
44079990,PJ,PJ,True,False,2,2,20000,0
44081091,PF,PJ,True,False,2,2,163791,0
44081091,PJ,PF,False,True,2,2,489500.34,0
44092900,PF,PF,True,False,-,-,13000,2210
44092900,PF,PJ,True,False,2,1,181.9,0
44092900,PF,PJ,True,False,2,2,510767.6,0
44109000,PF,PJ,True,False,2,2,250,30
44123300,PF,PJ,True,False,2,1,12749.69,0
44123300,PF,PJ,True,False,2,2,503704.4,56610
44124100,PF,PJ,True,False,2,2,20005,0
44130000,PF,PF,True,False,-,-,17000,0
44130000,PF,PJ,True,False,2,1,88872.76,0
44130000,PF,PJ,True,False,2,2,19089.92,0
44130000,PJ,PF,False,True,2,1,3000,0
44130000,PJ,PJ,True,False,2,2,15000,0
44149000,PF,PJ,True,False,2,2,103684.5,0
44151000,PF,PF,True,False,-,-,2820,0
44151000,PF,PJ,True,False,2,2,672,0
44152000,PF,PJ,True,False,2,1,2360,0
44152000,PF,PJ,True,False,2,2,17961.47,118.35
44152000,PJ,PJ,True,False,2,2,1515,0
44160090,PJ,PF,False,True,2,1,49808.31999999999,0
44170020,PF,PJ,True,False,2,2,330.86,23.82
44170090,PF,PF,True,False,-,-,3920,326.4
44170090,PF,PJ,True,False,2,2,320,38.4
44170090,PJ,PF,False,True,2,1,39720,0
44170090,PJ,PJ,True,False,2,1,21000,0
44181900,PF,PF,True,False,-,-,30000,5100
44187900,PF,PF,True,False,-,-,2189.6,262.75
44189900,PF,PJ,True,False,2,2,58,0
44199000,PJ,PF,False,True,2,1,490,0
44209000,PF,PJ,True,False,2,1,3605,0
44209000,PF,PJ,True,False,2,2,74666,0
44219900,PF,PJ,True,False,2,2,540,5.4
44219900,PJ,PJ,True,False,2,2,12500,0
45049000,PF,PJ,True,False,2,2,1598.72,19.11
46019200,PF,PJ,True,False,2,2,25499.9,254.98
46021900,PJ,PF,False,True,2,2,60,0
46021900,PJ,PF,True,False,-,-,10.6,2.23
47032900,PJ,PF,False,True,2,2,16764652.44,0
47061000,PF,PJ,True,False,2,2,377191.8,0
47062000,PJ,PF,False,True,2,2,4150,0
47071000,PF,PJ,True,False,2,1,3452,0
47071000,PF,PJ,True,False,2,2,112.43,0
47071000,PJ,PF,False,True,2,2,6568.1,6.390000000000001
47072000,PF,PJ,True,False,2,1,17270,0
47079000,PF,PF,True,False,-,-,4758,108.24
47079000,PF,PJ,True,False,1,1,2735,0
47079000,PF,PJ,True,False,2,1,104821.98,3721.43
47079000,PF,PJ,True,False,2,2,35412.69,1650.06
47079000,PJ,PF,False,True,2,2,3694,0
47079000,PJ,PF,True,False,-,-,400,0
47079000,PJ,PJ,True,False,1,1,3.56,0
47079000,PJ,PJ,True,False,2,1,5255,0
47079000,PJ,PJ,True,False,2,2,12493.6,0
48025499,PJ,PF,False,True,2,1,8.5,0
48025610,PF,PF,True,False,-,-,8531753.3,0
48025610,PF,PJ,True,False,2,2,47498.62,0
48025610,PJ,PF,False,True,2,2,212.3,48.65000000000001
48059100,PJ,PF,False,True,2,2,3.8,0.87
48059300,PJ,PF,False,True,2,2,3200.04,608.01
48081000,PJ,PF,False,True,2,1,2326.05,0
48102990,PJ,PF,False,True,2,1,31.8,0
48109290,PJ,PF,False,True,2,2,20.8,4.76
48114110,PJ,PF,False,True,2,2,147.9,2.27
48119010,PF,PF,True,False,-,-,689892.31,0
48119010,PF,PJ,True,False,2,2,47405635.97,14556.87
48119011,PF,PF,True,False,-,-,19625,0
48119011,PF,PJ,True,False,2,2,51771.04,1408.77
48171000,PJ,PF,False,True,2,2,2.4,0.55
48181000,PF,PJ,True,False,2,2,953.41,181.15
48181000,PJ,PF,False,True,2,2,21.99,0
48182000,PJ,PF,False,True,2,2,1305,0
48183000,PF,PJ,True,False,2,2,1302.05,193.46
48183000,PJ,PF,False,True,2,1,1.45,0
48189090,PF,PJ,True,False,2,1,168,11.76
48189090,PF,PJ,True,False,2,2,9574.43,0
48191000,PF,PF,True,False,-,-,8940,0
48191000,PF,PJ,True,False,2,2,18116.37,0
48191000,PJ,PF,False,True,2,1,276,0
48191000,PJ,PJ,True,False,2,1,390.5,0
48191000,PJ,PJ,True,False,2,2,3927,0
48192000,PJ,PF,False,True,2,1,16,0
48193000,PF,PJ,True,False,2,2,155.63,26.45
48194000,PF,PF,True,False,-,-,1620,77.76
48194000,PF,PJ,True,False,2,2,12826.88,410.76
48195000,PF,PF,True,False,-,-,5200,624
48195000,PF,PJ,True,False,2,1,10600,1200
48195000,PF,PJ,True,False,2,2,33910,1478.4
48195000,PJ,PJ,True,False,2,1,4285,0
48195000,PJ,PJ,True,False,2,2,866464.9,0
48201000,PJ,PJ,True,False,2,2,2056,370.08
48203000,PF,PJ,True,False,2,2,1573.62,4.7
48205000,PF,PJ,True,False,2,1,42,0
48234000,PJ,PF,False,True,2,2,24.06,0
48237000,PF,PF,True,False,-,-,27388.50000000001,4858.720000000002
48237000,PF,PJ,True,False,1,1,45.85,9.17
48237000,PF,PJ,True,False,2,1,2262.25,384.05
48237000,PF,PJ,True,False,2,2,12090.65,754.0300000000002
48237000,PJ,PJ,True,False,2,2,2071.72,0
48239099,PF,PJ,True,False,2,2,959.48,90.09
49019100,PJ,PF,False,True,2,2,44.9,0
49019900,PF,PF,True,False,-,-,65,0
49019900,PJ,PF,False,True,2,1,115,0
49019900,PJ,PF,False,True,2,2,685.9,0
49089000,PF,PJ,True,False,2,2,607.96,15.29
49111010,PF,PF,True,False,-,-,90000,0
49111090,PF,PJ,True,False,2,2,46,0
49119900,PJ,PJ,True,False,2,2,735,132.27
50010000,PJ,PF,False,True,2,2,41179.8,0
50030010,PJ,PF,False,True,2,2,10.66,2.06
51011110,PF,PJ,True,False,2,2,136998.77,0
51011110,PJ,PF,False,True,2,2,54884.01,0
51011190,PF,PJ,True,False,2,1,845,0
51011190,PF,PJ,True,False,2,2,378533.01,0
51011190,PJ,PF,False,True,2,2,8745.7,0
51011900,PJ,PF,False,True,2,2,59.75,0
51012100,PF,PJ,True,False,2,2,26589.4,0
51012100,PJ,PF,False,True,2,2,1813.71,0
51099000,PF,PJ,True,False,2,2,38250,0
51111110,PF,PJ,True,False,2,2,10368,0
51121910,PF,PJ,True,False,2,1,0,0
51121910,PJ,PF,False,True,2,2,31,0
52010010,PF,PF,True,False,-,-,11980540.3,180708.67
52010010,PF,PJ,True,False,2,1,15555.65,546.56
52010010,PF,PJ,True,False,2,2,524542026.72,16310603.94
52010020,PF,PF,True,False,-,-,13892289.27,29838.92
52010020,PF,PJ,True,False,2,1,663068.2,0
52010020,PF,PJ,True,False,2,2,15723976718.59,860191764.1286
52010090,PF,PF,True,False,-,-,6372125.28,61954.89999999999
52010090,PF,PJ,True,False,2,1,411887.84,2118.61
52010090,PF,PJ,True,False,2,2,162736532.64,6106682.29
52010090,PJ,PJ,True,False,2,2,190148,0
52021000,PF,PJ,True,False,2,2,100988,19187.72
52029100,PF,PJ,True,False,2,2,1556555.29,64933.69
52029900,PF,PF,True,False,-,-,10623893.48,126379.82
52029900,PF,PJ,True,False,2,1,2230969,51841.19999999999
52029900,PF,PJ,True,False,2,2,72973031.16,4963724.199999999
52030000,PF,PF,True,False,-,-,764750,0
52030000,PF,PJ,True,False,2,1,29700,0
52030000,PF,PJ,True,False,2,2,56114540.19,0
52042000,PF,PJ,True,False,2,2,1231015,81151.05
52071000,PF,PJ,True,False,2,2,191074.64,22928.95
52079000,PF,PJ,True,False,2,1,42,5.04
52084200,PF,PJ,True,False,2,2,865.5799999999999,147.15
52093200,PF,PJ,True,False,2,2,1529.92,74.3
53013000,PJ,PF,False,True,2,2,12,1.11
53039090,PF,PJ,True,False,2,2,249843.8,0
53050090,PJ,PF,False,True,2,2,5099253.25,0
53081000,PF,PF,True,False,-,-,4410,0
54072000,PF,PJ,True,False,2,2,6650,0
54077100,PJ,PF,False,True,2,2,1200,0
56012110,PF,PJ,True,False,2,2,339764.84,0
56022100,PF,PJ,True,False,2,2,15920.43,0
56031390,PF,PF,True,False,-,-,192.5,32.72
56031420,PF,PF,True,False,-,-,1243.21,0.98
56031420,PF,PJ,True,False,2,1,26.96,0
56031420,PF,PJ,True,False,2,2,1383.95,1.16
56049022,PF,PJ,True,False,2,2,26,0
56074900,PF,PJ,True,False,2,2,365.28,0
56075090,PF,PJ,True,False,2,2,180,0
56079010,PF,PJ,True,False,2,2,226169.55,13210.05
56079090,PJ,PF,False,True,2,1,1500,0
58022000,PF,PJ,True,False,2,2,35,0
58071000,PJ,PF,False,True,2,1,500,0
59061000,PF,PJ,True,False,2,2,2416.13,14.31
59090000,PF,PF,True,False,-,-,490,0
59090000,PF,PJ,True,False,2,1,398,0
59090000,PF,PJ,True,False,2,2,6366.39,301.4
59100000,PF,PF,True,False,-,-,35000,0
59100000,PF,PJ,True,False,2,2,505,0
60059090,PF,PF,True,False,-,-,81922.61,0
60063490,PF,PF,True,False,-,-,58635,1677.01
60063490,PF,PJ,True,False,2,1,653500,1445
60063490,PF,PJ,True,False,2,2,21,0
61013000,PJ,PF,False,True,2,1,120,0
61023000,PF,PJ,True,False,2,2,208823.67,0
61032200,PJ,PF,False,True,2,1,339.8,0
61032300,PF,PJ,True,False,2,2,192,0
61034900,PF,PJ,True,False,2,2,1441.05,249.98
61034900,PJ,PF,False,True,2,1,208,0
61034900,PJ,PF,False,True,2,2,32,0
61042200,PJ,PF,False,True,2,1,544.7,0
61044200,PJ,PF,False,True,2,1,239.8,0
61044300,PJ,PF,False,True,2,1,194.9,0
61044300,PJ,PF,False,True,2,2,350.64,0
61046200,PJ,PF,False,True,2,1,635.9,0
61046300,PJ,PF,False,True,2,1,2216,0
61046900,PJ,PF,False,True,2,1,20,0
61051000,PF,PJ,True,False,2,2,1469.59,176.32
61051000,PJ,PF,False,True,2,1,99.9,0
61052000,PF,PJ,True,False,2,2,635.85,0
61059000,PF,PJ,True,False,2,2,1078.91,183.41
61061000,PJ,PF,False,True,2,1,288.9,0
61062000,PJ,PF,False,True,2,1,2540,0
61083100,PJ,PF,False,True,2,1,89.9,0
61091000,PF,PJ,True,False,2,2,386986.5699999999,253.91
61099000,PF,PF,True,False,-,-,552.82,0
61099000,PF,PJ,True,False,2,2,76.26,0
61099000,PJ,PJ,True,False,2,2,114,13.68
61112000,PJ,PF,False,True,2,1,159.9,0
61121100,PF,PJ,True,False,2,2,1307213.6,0
61121900,PJ,PF,False,True,2,2,24,0
61122000,PF,PJ,True,False,2,2,7048.949999999999,244.44
61124900,PJ,PF,False,True,2,1,47.64,0
61130000,PF,PJ,True,False,2,2,2425,0
61142000,PF,PJ,True,False,2,2,5554.860000000001,0
61143000,PF,PJ,True,False,2,2,414.65,0
61143000,PJ,PF,False,True,2,1,159,0
61149090,PF,PJ,True,False,2,2,768.2,98.95
61161000,PF,PJ,True,False,2,1,49.5,0
61169300,PF,PJ,True,False,2,2,430.54,27.38
61169300,PJ,PF,True,False,-,-,60.72,0
61169900,PF,PJ,True,False,2,2,535.73,0
61171000,PJ,PF,False,True,2,1,10,0
62013000,PF,PF,True,False,-,-,858,0
62013000,PJ,PF,False,True,2,2,105514.2,0
62019000,PJ,PF,False,True,2,1,199.91,0
62032200,PJ,PF,False,True,2,1,269.9,0
62034200,PF,PJ,True,False,2,2,1160.3,139.23
62034200,PJ,PJ,True,False,2,2,2836,349.68
62041300,PJ,PF,False,True,2,1,210,0
62042900,PJ,PF,False,True,2,1,30.42,0
62043900,PJ,PF,False,True,2,1,210,0
62044200,PJ,PF,False,True,2,1,1719.9,0
62044900,PJ,PF,False,True,2,1,436.61,0
62044900,PJ,PF,False,True,2,2,15,0
62045200,PJ,PF,False,True,2,1,210,0
62045200,PJ,PF,False,True,2,2,929,0
62045300,PJ,PF,False,True,2,2,7.29,0
62045900,PJ,PF,False,True,2,1,182.15,0
62046200,PF,PF,True,False,-,-,439493.55,0
62046200,PF,PJ,True,False,2,2,124179,0
62046300,PJ,PF,False,True,2,2,9.72,0
62046900,PJ,PF,False,True,2,1,548.96,0
62046900,PJ,PF,False,True,2,2,30,0
62052000,PF,PJ,True,False,2,2,1804.46,216.48
62059090,PJ,PJ,True,False,2,2,2809.88,366.88
62062000,PF,PJ,True,False,2,2,20888,0
62063000,PF,PJ,True,False,2,2,180,0
62064000,PJ,PF,False,True,2,2,86.29,0
62069000,PF,PJ,True,False,2,2,73.54,0
62069000,PJ,PF,False,True,2,1,1399.56,0
62069000,PJ,PJ,True,False,2,2,558,89.28
62079100,PF,PJ,True,False,2,2,300.19,0
62092000,PJ,PF,False,True,2,1,147.97,7.96
62099090,PJ,PF,False,True,2,2,17890,0
62105000,PJ,PF,False,True,2,1,15.96,0
62111200,PJ,PF,False,True,2,1,80,0
62129000,PF,PJ,True,False,2,2,1093.14,0
62151000,PF,PF,True,False,-,-,263.5,0
62160000,PF,PJ,True,False,2,2,1557.81,1.86
62160000,PJ,PJ,True,False,2,2,24.74,0
62171000,PJ,PF,False,True,2,1,60.3,0
63021000,PF,PJ,True,False,2,2,225.19,0
63022100,PF,PF,True,False,-,-,29592.5,0
63026000,PF,PJ,True,False,2,2,1241.46,0
63029100,PF,PF,True,False,-,-,43802,0
63029100,PF,PJ,True,False,2,1,148000,0
63029100,PF,PJ,True,False,2,2,2.57,0
63039900,PJ,PF,False,True,2,2,26.6,0
63051000,PF,PJ,True,False,2,2,2250,0
63051000,PJ,PF,False,True,2,2,19835,0
63052000,PF,PJ,True,False,2,2,940598.53,112885.93
63053200,PF,PF,True,False,-,-,132526.55,268.2
63053200,PF,PJ,True,False,1,1,4470,0
63053200,PF,PJ,True,False,2,1,14675.4,191.25
63053200,PF,PJ,True,False,2,2,293139.83,30909.75
63053200,PJ,PF,False,True,2,2,45369.88,130.56
63053200,PJ,PJ,True,False,1,1,4761.32,111
63053200,PJ,PJ,True,False,2,2,21532.5,1233.9
63053310,PF,PF,True,False,-,-,52985.9,0
63053310,PF,PJ,True,False,2,2,17550,0
63053390,PF,PJ,True,False,2,1,1126.5,191.51
63053390,PF,PJ,True,False,2,2,7274.52,227.66
63053390,PJ,PF,False,True,2,2,19444,0
63053390,PJ,PJ,True,False,2,1,3329,0
63053390,PJ,PJ,True,False,2,2,9268,0
63059000,PF,PF,True,False,-,-,1560,187.2
63059000,PF,PJ,True,False,2,2,5495,78.85
63059000,PJ,PF,False,True,2,2,8980,0
63061990,PJ,PJ,True,False,2,1,33,0
63062910,PJ,PF,False,True,2,2,77000,0
63071000,PF,PJ,True,False,2,2,165.86,32.44
63072000,PF,PJ,True,False,2,2,1424.58,0
63079010,PF,PJ,True,False,2,2,16428.34,1665.16
63080000,PJ,PF,False,True,2,2,880,0
63090010,PF,PJ,True,False,2,2,2049.54,358.22
63090010,PJ,PF,False,True,2,1,21261.89,102.15
63090010,PJ,PF,False,True,2,2,3757.11,0
63090090,PF,PF,True,False,-,-,123840,569.96
63090090,PJ,PF,False,True,2,1,62,0
63090090,PJ,PF,False,True,2,2,86,0
64011000,PF,PJ,True,False,2,2,163350,15109.83
64019200,PF,PJ,True,False,2,2,10168.29,142.49
64019990,PF,PJ,True,False,2,2,2474.51,14.45
64021900,PF,PJ,True,False,2,2,2804.52,83.16
64022000,PJ,PF,False,True,2,1,70.6,0
64031900,PF,PJ,True,False,2,2,717.75,85.53999999999999
64034000,PF,PJ,True,False,2,2,3012.94,157.56
64039190,PF,PJ,True,False,2,2,2782.63,347.64
64039990,PF,PJ,True,False,2,2,35815.3,578.36
64039990,PJ,PF,False,True,2,2,137.88,0
64041900,PJ,PF,False,True,2,1,847.01,0
64042000,PF,PJ,True,False,2,2,155.43,0
64042000,PJ,PF,False,True,2,1,2751.23,0
64052000,PF,PJ,True,False,2,2,14544.18,1745.3
64052000,PJ,PF,False,True,2,1,279,0
64059000,PF,PJ,True,False,2,2,755.16,0
64059000,PJ,PF,False,True,2,1,26,0
64059000,PJ,PJ,True,False,2,2,1740,313.2
64069090,PF,PJ,True,False,2,2,1008.56,0
65050011,PF,PJ,True,False,2,2,1297.37,82.27
65050012,PF,PJ,True,False,2,2,219.05,0
65050012,PJ,PJ,True,False,2,2,118.25,14.19
65061000,PF,PJ,True,False,2,2,13593.86,272.19
65061000,PJ,PF,False,True,2,2,312.66,0
65069900,PJ,PF,False,True,2,1,7.75,0
65070000,PF,PJ,True,False,2,2,142.18,0
66019190,PF,PJ,True,False,2,2,778.47,0
66020000,PF,PJ,True,False,2,2,764.54,0
67029000,PF,PF,True,False,-,-,6148,0
68022100,PF,PF,True,False,-,-,8641.869999999999,0.86
68022100,PF,PJ,True,False,1,1,115,5.52
68022100,PF,PJ,True,False,2,1,1644.5,0
68022100,PF,PJ,True,False,2,2,4499.88,78.24
68029200,PF,PF,True,False,-,-,86150,0
68029990,PF,PF,True,False,-,-,8806.41,0
68029990,PF,PJ,True,False,2,1,1821,0
68029990,PF,PJ,True,False,2,2,25917.81,0
68042211,PF,PJ,True,False,2,2,3947.65,184.79
68042219,PF,PJ,True,False,2,2,227.19,0
68051000,PF,PJ,True,False,2,2,10041.24,0
68052000,PF,PJ,True,False,2,2,2041.1,0
68053020,PF,PJ,True,False,2,2,2539.68,73.5
68053090,PF,PJ,True,False,2,2,16.28,0
68062000,PF,PF,True,False,-,-,975,0
68062000,PF,PJ,True,False,2,2,9947.7,0
68069090,PJ,PF,False,True,2,2,21000,5512.5
68071000,PF,PJ,True,False,2,2,510,0
68101100,PF,PF,True,False,-,-,10000,1700
68101100,PF,PJ,True,False,2,2,342261.01,0
68101100,PJ,PF,True,False,-,-,400,0
68101900,PF,PF,True,False,-,-,2120,0
68101900,PF,PJ,True,False,2,1,462,0
68101900,PF,PJ,True,False,2,2,375.66,0
68101900,PJ,PF,False,True,2,2,175508.75,21061.05
68109100,PF,PF,True,False,-,-,11000,1820
68109100,PF,PJ,True,False,2,2,8580,1458.6
68109900,PF,PF,True,False,-,-,139185,0
68114000,PJ,PJ,True,False,2,2,109171.59,19650.89
68118200,PF,PF,True,False,-,-,2600,0
68129910,PF,PJ,True,False,2,2,79.3,9.52
68132000,PF,PJ,True,False,2,2,5886.96,1295.14
68132000,PJ,PF,False,True,2,1,8350,0
68138110,PF,PJ,True,False,2,2,3010.07,541.51
68138190,PF,PJ,True,False,2,2,3029,545.1
68138910,PF,PJ,True,False,2,2,1244.98,134.13
69021019,PF,PF,True,False,-,-,3600,756
69022091,PF,PJ,True,False,2,2,127,0
69031030,PF,PJ,True,False,2,2,106.64,0
69032020,PF,PJ,True,False,2,2,2063.09,0
69041000,PJ,PF,False,True,2,2,2253.3,208.43
69051000,PF,PF,True,False,-,-,12693.66,0
69111010,PJ,PF,False,True,2,1,118,0
69111090,PJ,PF,False,True,2,1,3837.1,0
69120000,PJ,PF,False,True,2,1,294.7,0
69139000,PF,PF,True,False,-,-,46102.51,11.52
69139000,PF,PJ,True,False,2,1,4081.96,0
69139000,PF,PJ,True,False,2,2,12565.76,15.84
69149000,PF,PF,True,False,-,-,60000,0
69149000,PF,PJ,True,False,2,2,780,0
70010000,PJ,PJ,True,False,2,2,100,0
70023100,PF,PJ,True,False,2,2,145,0
70042000,PF,PJ,True,False,2,2,7.68,0
70071100,PF,PJ,True,False,2,2,4800,0
70071900,PF,PJ,True,False,2,2,1459,0
70071900,PJ,PJ,True,False,2,1,3000,0
70072100,PJ,PJ,True,False,2,2,480,86.4
70091000,PF,PJ,True,False,2,2,283,0
70091000,PJ,PF,False,True,2,2,699,0
70099200,PF,PJ,True,False,2,2,895,0
70109012,PF,PJ,True,False,2,2,7037,0
70109022,PF,PJ,True,False,1,1,660,0
70109022,PF,PJ,True,False,2,1,807.3,96.88
70109090,PF,PJ,True,False,2,2,21,0
70111010,PF,PJ,True,False,2,2,22,0
70132800,PJ,PF,False,True,2,1,1170,0
70133700,PJ,PF,False,True,2,1,569.7,0
70134290,PJ,PF,False,True,2,1,83,0
70139110,PF,PF,True,False,-,-,1343,0
70139110,PF,PJ,True,False,2,1,145,0
70139900,PF,PF,True,False,-,-,115443.8,0
70139900,PF,PJ,True,False,2,2,380,0
70159020,PF,PJ,True,False,2,2,2259.3,0
71031000,PF,PF,True,False,-,-,22,0
71081210,PJ,PF,False,True,2,2,9598.34,0
71081310,PJ,PF,False,True,2,2,88621.76999999999,0
71129100,PJ,PF,False,True,2,1,6650,0
71129900,PJ,PF,False,True,2,2,23850,0
71131100,PJ,PF,False,True,2,1,4032,0
71131100,PJ,PF,False,True,2,2,100,0
71131900,PJ,PF,False,True,2,1,18073.86,0
71131900,PJ,PF,False,True,2,2,153566.78,0
71171900,PJ,PF,False,True,2,1,12,0
71171900,PJ,PF,False,True,2,2,6,0
71179000,PJ,PF,False,True,2,1,1519.4,0
72015000,PJ,PF,False,True,2,2,5400,0
72021900,PF,PJ,True,False,2,2,102,0
72039000,PF,PJ,True,False,2,2,8.43,1.43
72041000,PF,PF,True,False,-,-,33544.8,2670.15
72041000,PF,PJ,True,False,2,1,78212.4,6831.3
72041000,PF,PJ,True,False,2,2,38327.27,1959.27
72041000,PJ,PF,False,True,2,1,5009,0
72041000,PJ,PF,False,True,2,2,60775.58,4906.31
72042100,PJ,PF,False,True,2,2,3170,0
72042100,PJ,PJ,True,False,2,2,36000,0
72042900,PF,PF,True,False,-,-,63840,319.2
72042900,PF,PJ,True,False,1,1,3698,18
72042900,PF,PJ,True,False,2,1,137593.6,14620.23
72042900,PF,PJ,True,False,2,2,138917.05,1447.95
72042900,PJ,PF,False,True,1,1,800,0
72042900,PJ,PF,False,True,2,1,4350,0
72042900,PJ,PF,False,True,2,2,674523.08,232.96
72042900,PJ,PF,True,False,-,-,13691,0
72042900,PJ,PJ,True,False,1,1,1400,0
72042900,PJ,PJ,True,False,2,1,120522.5,1512
72042900,PJ,PJ,True,False,2,2,2738.5,59.15
72043000,PF,PF,True,False,-,-,2077243.88,1769.01
72043000,PF,PJ,True,False,1,1,12614,0
72043000,PF,PJ,True,False,2,1,308266.59,15313.1
72043000,PF,PJ,True,False,2,2,648299.04,14134.11
72043000,PJ,PF,False,True,2,1,58595.15,0
72043000,PJ,PF,False,True,2,2,445169.9,6170.68
72043000,PJ,PF,True,False,-,-,6531,0
72043000,PJ,PJ,True,False,1,1,272,0
72043000,PJ,PJ,True,False,2,1,140256,0
72043000,PJ,PJ,True,False,2,2,345533,0
72044100,PJ,PF,False,True,2,2,7254,0
72044100,PJ,PJ,True,False,2,1,396.9,0
72044900,PF,PF,True,False,-,-,800,0
72044900,PF,PJ,True,False,1,1,5238,890.46
72044900,PF,PJ,True,False,2,1,258188.6,3726.65
72044900,PF,PJ,True,False,2,2,26612,19.92
72044900,PJ,PF,False,True,2,1,7536,0
72044900,PJ,PF,False,True,2,2,163987.29,0
72044900,PJ,PJ,True,False,2,1,12990,0
72044900,PJ,PJ,True,False,2,2,6032.5,0
72045000,PF,PF,True,False,-,-,181000,120
72045000,PF,PJ,True,False,2,1,45000,0
72045000,PJ,PF,False,True,2,1,87486,0
72045000,PJ,PF,False,True,2,2,31020,0
72052990,PF,PJ,True,False,2,2,1500,255
72069000,PF,PJ,True,False,2,2,896.3399999999999,0
72083690,PF,PJ,True,False,1,1,9000,30
72083690,PF,PJ,True,False,2,2,183910,100
72085200,PF,PJ,True,False,2,2,783.74,148.91
72103090,PF,PF,True,False,-,-,2669.5,520.55
72104110,PF,PJ,True,False,2,2,384.75,46.17
72131000,PF,PJ,True,False,2,2,3699560,0
72131000,PJ,PJ,True,False,2,1,10500,0
72142000,PJ,PF,False,True,2,2,462.76,42.81
72155000,PF,PJ,True,False,2,2,250,0
72163100,PF,PJ,True,False,2,2,7895.4,0
72163200,PF,PF,True,False,-,-,236700,0
72171019,PF,PF,True,False,-,-,80800,13736
72171019,PF,PJ,True,False,2,1,37335.08,0
72171019,PF,PJ,True,False,2,2,252000.02,42840
72171090,PF,PF,True,False,-,-,2772,0
72171090,PJ,PF,False,True,2,2,91.58,8.47
72172010,PF,PF,True,False,-,-,30800,0
72172090,PF,PF,True,False,-,-,17500,0
72193400,PJ,PF,True,False,-,-,8.5,0
72230000,PF,PJ,True,False,2,2,1882.73,0
72292000,PF,PJ,True,False,2,2,1195.81,0
73011000,PF,PJ,True,False,2,2,80000,0
73023000,PF,PF,True,False,-,-,500,0
73023000,PF,PJ,True,False,2,2,1144,74.28
73024000,PF,PJ,True,False,2,2,255.03,0
73030000,PF,PF,True,False,-,-,276000,0
73030000,PF,PJ,True,False,2,2,233453.32,74.35
73041100,PF,PJ,True,False,2,2,316.72,69.68
73041900,PF,PF,True,False,-,-,72300,0
73042310,PF,PJ,True,False,2,2,118.67,26.11
73043910,PF,PJ,True,False,2,2,60,12
73049019,PF,PF,True,False,-,-,6000,0
73066100,PF,PJ,True,False,2,1,5431.75,651.81
73069090,PF,PJ,True,False,2,2,47,0
73069090,PJ,PF,False,True,2,1,46.8,0
73071910,PF,PF,True,False,-,-,303258.62,0
73071910,PF,PJ,True,False,2,2,313594.47,0
73071910,PJ,PF,False,True,2,2,761.25,160.06
73071920,PF,PJ,True,False,2,2,6840.299999999999,979.0799999999999
73071920,PJ,PF,False,True,2,1,91.8,0
73072100,PF,PJ,True,False,2,2,274.23,46.62
73072200,PF,PF,True,False,-,-,2980.8,581.26
73072200,PF,PJ,True,False,2,2,93.46,0
73072900,PF,PF,True,False,-,-,121.5,25.52
73072900,PF,PJ,True,False,2,2,13.81,2.76
73079100,PF,PJ,True,False,2,2,485.87,69.45
73079200,PF,PF,True,False,-,-,10000,0
73079200,PF,PJ,True,False,2,2,14766.46,2919.11
73079200,PJ,PF,False,True,2,2,112.25,23.6
73079200,PJ,PJ,True,False,2,2,1198,0
73079900,PF,PF,True,False,-,-,92.24,19.36
73079900,PF,PJ,True,False,2,2,4798.18,741.11
73083000,PF,PF,True,False,-,-,21344.98,0
73084000,PF,PF,True,False,-,-,1400,168
73084000,PJ,PF,False,True,2,2,1188.09,109.89
73089010,PF,PF,True,False,-,-,56929.14,7498.33
73089010,PF,PJ,True,False,2,2,6945.98,393.45
73089010,PJ,PF,False,True,2,1,793.73,0
73089090,PF,PF,True,False,-,-,44848.39,8072.69
73089090,PF,PJ,True,False,2,2,80,0
73090010,PF,PJ,True,False,2,2,19500,0
73090090,PF,PF,True,False,-,-,2000,24
73090090,PF,PJ,True,False,2,2,150005.66,950.04
73090090,PJ,PF,False,True,2,2,78250,0
73090090,PJ,PF,True,False,-,-,71800,0
73101010,PF,PF,True,False,-,-,10000,0
73101010,PF,PJ,True,False,2,1,1000,0
73101010,PF,PJ,True,False,2,2,15600,2652
73101090,PJ,PF,False,True,2,2,4251,0
73101090,PJ,PJ,True,False,2,1,385,0
73101090,PJ,PJ,True,False,2,2,6040,0
73102190,PJ,PJ,True,False,2,2,3.58,0
73102990,PF,PF,True,False,-,-,15000,2550
73102990,PJ,PJ,True,False,2,1,1183,0
73110000,PJ,PF,False,True,2,2,1080,0
73121090,PF,PJ,True,False,2,2,75.75,0
73129000,PF,PF,True,False,-,-,1000,0
73129000,PF,PJ,True,False,2,2,596.5,0
73130000,PF,PF,True,False,-,-,1400,0
73130000,PF,PJ,True,False,2,1,9668,1643.56
73130000,PF,PJ,True,False,2,2,112433.7,36
73141900,PF,PF,True,False,-,-,4999.94,599.99
73142000,PF,PF,True,False,-,-,10000,1200
73142000,PF,PJ,True,False,2,2,65624.93,1220
73143900,PF,PF,True,False,-,-,27733.33,0
73144100,PF,PF,True,False,-,-,8000,0
73145000,PF,PJ,True,False,2,2,147000,0
73151100,PF,PJ,True,False,2,2,6336.53,1136.62
73151210,PF,PJ,True,False,2,2,25431.06,0
73151900,PF,PJ,True,False,2,2,833.87,0
73158100,PF,PJ,True,False,2,2,17901.14,3488.25
73158200,PF,PJ,True,False,2,2,4026.77,684.5500000000001
73159000,PF,PJ,True,False,2,2,1290.16,75.00999999999999
73170090,PF,PJ,True,False,1,1,47.5,0
73170090,PF,PJ,True,False,2,1,2100,0
73170090,PJ,PJ,True,False,1,1,2703.88,3.45
73181100,PF,PJ,True,False,2,2,576,97.92
73181200,PF,PF,True,False,-,-,1566120.18,0
73181200,PF,PJ,True,False,2,1,82430,0
73181200,PF,PJ,True,False,2,2,878073.6499999999,215.21
73181200,PJ,PF,False,True,2,1,169.9,0
73181300,PF,PJ,True,False,2,2,116.15,22.07
73181400,PF,PJ,True,False,2,2,3646.61,0
73181500,PF,PF,True,False,-,-,305.45,64.14
73181500,PF,PJ,True,False,2,2,104120.12,12374.96
73181500,PJ,PF,False,True,2,1,185.24,0
73181500,PJ,PF,False,True,2,2,63.26,0
73181600,PF,PJ,True,False,2,2,230774.7,2584.37
73181600,PJ,PF,False,True,2,2,135103.34,0
73181900,PF,PF,True,False,-,-,5165,0
73181900,PF,PJ,True,False,2,2,10213.04,1340.84
73182100,PF,PJ,True,False,2,2,4893.63,426.59
73182100,PJ,PF,False,True,2,1,1260,0
73182100,PJ,PF,False,True,2,2,54.6,0
73182200,PF,PF,True,False,-,-,413056,0
73182200,PF,PJ,True,False,2,2,19072.42,1809.34
73182300,PF,PJ,True,False,2,2,535.66,0
73182300,PJ,PF,False,True,2,2,341.45,0
73182400,PF,PJ,True,False,2,2,34589.88,5453.66
73182400,PJ,PF,False,True,2,2,31.04,0
73182900,PF,PF,True,False,-,-,1805.68,332.89
73182900,PF,PJ,True,False,2,2,235439.1,2759.6
73182900,PJ,PF,False,True,2,1,262,0
73182900,PJ,PF,False,True,2,2,742.85,0
73201000,PF,PJ,True,False,2,2,4971,576.25
73202010,PF,PF,True,False,-,-,58.35,12.25
73202010,PF,PJ,True,False,2,2,12770.21,1224.4
73209000,PF,PF,True,False,-,-,12.39,2.6
73209000,PF,PJ,True,False,2,2,19330.11,2815.11
73211100,PF,PF,True,False,-,-,1089.9,185.28
73229010,PF,PJ,True,False,2,2,140,0
73231000,PF,PJ,True,False,2,2,1105.12,167.98
73239300,PF,PJ,True,False,2,2,860.32,98.4
73239300,PJ,PF,False,True,2,1,5279.2,0
73241000,PJ,PF,False,True,2,2,386.56,0
73249000,PJ,PF,False,True,2,2,20000,0
73251000,PF,PJ,True,False,2,2,350,19.6
73259910,PF,PJ,True,False,2,2,1805.66,314.04
73259990,PF,PF,True,False,-,-,343.85,72.2
73259990,PF,PJ,True,False,2,2,32,0
73261900,PF,PJ,True,False,2,2,61788.92,2435.58
73262000,PF,PJ,True,False,2,2,373.76,0
73269090,PF,PF,True,False,-,-,14904,148.25
73269090,PF,PJ,True,False,1,1,3176,0
73269090,PF,PJ,True,False,2,1,922.5,156.82
73269090,PF,PJ,True,False,2,2,15744.52,1663.41
73269090,PJ,PF,False,True,2,1,128.04,0
73269090,PJ,PF,False,True,2,2,710,142.21
74040000,PF,PJ,True,False,1,1,10472,0
74040000,PF,PJ,True,False,2,1,335572.57,789.25
74040000,PF,PJ,True,False,2,2,37122,0
74040000,PJ,PF,False,True,2,2,6,0
74040000,PJ,PJ,True,False,2,2,62704,0
74072921,PF,PJ,True,False,2,2,1040,0
74111010,PJ,PF,False,True,2,2,2212.34,0
74121000,PJ,PF,False,True,2,2,728.4399999999999,0
74122000,PF,PJ,True,False,2,2,3226.48,254.27
74122000,PJ,PF,False,True,2,1,170.48,0
74122000,PJ,PF,False,True,2,2,1553.56,0
74152100,PF,PJ,True,False,2,2,100.4,7.23
74152900,PF,PJ,True,False,2,2,2665.7,319.88
74153300,PF,PF,True,False,-,-,4.44,0.93
74153300,PF,PJ,True,False,2,2,11899.89,1085.92
74153300,PJ,PF,False,True,2,2,100,0
74153900,PF,PJ,True,False,2,2,176,9.86
74181000,PJ,PF,False,True,2,2,2200,0
76020000,PF,PJ,True,False,2,1,2475,0
76020000,PJ,PF,False,True,2,1,895,0
76020000,PJ,PF,False,True,2,2,71129.15,84.87
76020000,PJ,PJ,True,False,2,2,197000,0
76042100,PJ,PF,False,True,2,1,182.7,0
76042920,PJ,PF,False,True,2,1,3460,0
76061220,PF,PJ,True,False,2,2,743204.25,0
76072000,PF,PJ,True,False,2,2,7469.15,460.42
76072000,PJ,PF,False,True,2,1,12.45,0
76082090,PF,PJ,True,False,2,2,423,0
76090000,PF,PF,True,False,-,-,267,52.06
76090000,PF,PJ,True,False,2,2,415.57,0
76090000,PJ,PF,False,True,2,2,142.8,0
76129012,PJ,PJ,True,False,2,1,1500,0
76129090,PJ,PF,False,True,2,1,54.9,0
76151000,PJ,PF,False,True,2,1,192.8,0
76161000,PF,PJ,True,False,2,2,190.74,0
76169900,PF,PJ,True,False,2,2,3090.81,0
78020000,PJ,PF,False,True,2,1,400,0
79020000,PF,PF,True,False,-,-,2500,0
80012000,PF,PJ,True,False,2,2,84,0
80030000,PF,PJ,True,False,2,2,81,16.2
81019700,PF,PF,True,False,-,-,98440,1220.16
81019700,PF,PJ,True,False,2,1,34606,0
81019700,PF,PJ,True,False,2,2,109580,0
81029700,PF,PF,True,False,-,-,14850,1530
81029700,PF,PJ,True,False,2,1,41113.53000000001,560
81029700,PF,PJ,True,False,2,2,77728.95999999999,96
81029700,PJ,PJ,True,False,2,1,526.5,0
81029900,PF,PJ,True,False,2,2,8548,0
81093900,PF,PF,True,False,-,-,63000,7560
81093900,PF,PJ,True,False,2,2,14000,1680
81121300,PF,PJ,True,False,2,2,14003,2520.54
81125200,PF,PF,True,False,-,-,4062112,0
81125200,PF,PJ,True,False,2,1,1410,239.7
81125200,PF,PJ,True,False,2,2,104800,0
81126100,PF,PF,True,False,-,-,1000,120
81126100,PF,PJ,True,False,2,1,4875,702.96
81126100,PF,PJ,True,False,2,2,9329,947.88
82011000,PF,PJ,True,False,2,2,5000,0
82013000,PF,PJ,True,False,2,2,15000,0
82016000,PF,PJ,True,False,2,1,209.94,0
82019000,PF,PF,True,False,-,-,45,0
82019000,PJ,PF,False,True,2,1,600,0
82019000,PJ,PF,False,True,2,2,39.97,7.8
82021000,PF,PJ,True,False,2,2,300,51
82022000,PF,PJ,True,False,2,2,1604.38,0
82023900,PF,PJ,True,False,2,2,17,0
82024000,PF,PJ,True,False,2,2,1127.4,0
82029100,PF,PJ,True,False,2,2,222.49,0
82031010,PF,PJ,True,False,2,2,1322.42,0
82031010,PJ,PF,False,True,2,2,54.9,0
82032010,PF,PJ,True,False,2,2,2531.51,506.3
82032010,PJ,PF,False,True,2,1,1456,0
82034000,PF,PJ,True,False,2,2,588.34,117.67
82041100,PF,PJ,True,False,2,2,808.81,161.76
82041200,PF,PJ,True,False,2,2,1424.97,284.99
82042000,PF,PJ,True,False,2,2,5206.23,1041.25
82052000,PF,PJ,True,False,2,2,138.26,27.65
82053000,PF,PF,True,False,-,-,100,0
82053000,PF,PJ,True,False,2,2,13000,520
82054000,PF,PJ,True,False,2,2,1075.24,5.05
82055100,PJ,PF,False,True,2,1,258.8,0
82055900,PF,PF,True,False,-,-,960,0
82055900,PF,PJ,True,False,2,2,350.31,70.06
82055900,PJ,PF,False,True,2,2,130.71,23.54
82056000,PF,PJ,True,False,2,2,398.14,79.63
82060000,PF,PJ,True,False,2,2,1220,207.4
82060000,PJ,PF,False,True,2,2,152.98,0
82075011,PF,PJ,True,False,2,2,64.03,12.8
82075019,PF,PJ,True,False,2,2,11.5,2.3
82079000,PF,PJ,True,False,2,2,383.29,27.6
82082000,PF,PF,True,False,-,-,41250,0
82084000,PF,PF,True,False,-,-,770499.53,28104.9
82084000,PF,PJ,True,False,2,2,5128969.61,100.53
82089000,PF,PJ,True,False,2,2,21.14,0
82111000,PJ,PF,False,True,2,1,109.9,0
82119100,PF,PJ,True,False,2,2,1843.38,371.26
82119100,PJ,PF,False,True,2,1,405.35,0
82121020,PF,PJ,True,False,2,2,73506.59999999999,0
82130000,PF,PF,True,False,-,-,5000,0
82130000,PJ,PF,False,True,2,2,5.9,1.35
82141000,PJ,PF,False,True,2,2,12.9,2.96
82152000,PF,PJ,True,False,2,2,2868,0
82152000,PJ,PF,False,True,2,1,1274.7,0
82159910,PJ,PF,False,True,2,1,411.2,0
83011000,PF,PJ,True,False,2,2,325.06,13.27
83013000,PF,PJ,True,False,2,2,3276,0
83014000,PF,PJ,True,False,2,2,1713.2,144.11
83014000,PJ,PF,False,True,2,2,898.6999999999999,0
83015000,PF,PJ,True,False,2,2,130.08,21.24
83016000,PF,PJ,True,False,2,2,62,0
83017000,PF,PJ,True,False,2,2,193.73,0
83021000,PF,PJ,True,False,2,2,27.5,4.68
83021000,PJ,PF,False,True,2,1,2.1,0
83021000,PJ,PF,False,True,2,2,150.08,0
83023000,PF,PJ,True,False,2,2,1389.56,0
83023000,PJ,PF,False,True,2,2,196900,0
83024100,PF,PJ,True,False,2,2,1349.92,161.99
83024200,PF,PJ,True,False,2,2,189.24,22.71
83024900,PF,PJ,True,False,2,2,309.18,58.75
83025000,PJ,PF,False,True,2,1,10.54,0
83040000,PJ,PF,False,True,2,1,200,0
83052000,PF,PJ,True,False,2,2,25.75,3.09
83062900,PF,PF,True,False,-,-,8,0
83071090,PF,PF,True,False,-,-,792.1,154.46
83071090,PF,PJ,True,False,2,2,68565.42,0
83071090,PJ,PJ,True,False,2,2,311080,9334.27
83081000,PF,PJ,True,False,2,2,14960,0
83082000,PF,PJ,True,False,2,2,2.16,0
83100000,PF,PJ,True,False,2,2,278.89,0
83111000,PF,PJ,True,False,2,2,979.57,166.53
84042000,PF,PF,True,False,-,-,3363.18,706.27
84042000,PF,PJ,True,False,2,2,612,134.64
84069011,PJ,PF,False,True,2,1,60,0
84069019,PF,PJ,True,False,2,2,984.72,118.17
84072190,PF,PF,True,False,-,-,20300,0
84072190,PF,PJ,True,False,2,2,0.5,0.1
84079990,PF,PJ,True,False,2,2,0,0
84081090,PF,PJ,True,False,2,2,4402.74,71.82
84081090,PJ,PF,False,True,2,1,20000,3600
84082020,PF,PJ,True,False,2,1,12000,288
84082020,PJ,PF,False,True,2,1,220000,0
84082090,PF,PJ,True,False,2,2,8050,6
84082090,PJ,PF,False,True,2,2,30,0
84082090,PJ,PJ,True,False,2,2,20000,0
84089010,PF,PJ,True,False,2,1,20000,0
84089090,PF,PJ,True,False,2,2,100,0
84089090,PJ,PF,False,True,2,2,270,0
84099112,PJ,PF,False,True,2,2,0.01,0
84099113,PJ,PF,False,True,2,2,355.95,0
84099114,PF,PF,True,False,-,-,50000,120
84099114,PF,PJ,True,False,2,2,4077.87,815.57
84099116,PF,PJ,True,False,2,2,1019.14,158.52
84099120,PF,PJ,True,False,2,2,3700,740
84099140,PF,PF,True,False,-,-,1000,0
84099190,PF,PJ,True,False,2,2,265.44,31.85
84099912,PF,PF,True,False,-,-,8500,29.75
84099914,PF,PJ,True,False,2,2,525.43,108.37
84099929,PF,PJ,True,False,2,2,1224.3,269.35
84099930,PF,PJ,True,False,2,2,1320,264
84099961,PF,PJ,True,False,2,2,2136.99,363.29
84099969,PF,PJ,True,False,2,1,10000,0
84099969,PF,PJ,True,False,2,2,9222.15,1567.77
84099969,PJ,PF,False,True,2,2,2768.16,0
84099999,PF,PJ,True,False,2,2,4615.71,333.56
84099999,PJ,PF,False,True,2,2,380000,59470
84099999,PJ,PJ,True,False,2,2,3699.84,0
84109000,PF,PJ,True,False,2,2,144.54,10.41
84119100,PF,PJ,True,False,2,2,45,7.65
84119100,PJ,PF,False,True,2,2,3264.23,0
84122110,PF,PJ,True,False,2,2,35561.14,2689.99
84122900,PF,PF,True,False,-,-,6989.5,551.74
84122900,PF,PJ,True,False,2,2,81791.59,10815.77
84122900,PJ,PF,False,True,2,1,3320,0
84123110,PF,PJ,True,False,2,2,1588,0
84129080,PF,PJ,True,False,2,2,1636.43,0
84129090,PF,PF,True,False,-,-,605.71,127.19
84129090,PF,PJ,True,False,2,2,96,0
84131900,PF,PJ,True,False,2,2,40.5,0
84132000,PF,PJ,True,False,2,2,1135.28,227.06
84133020,PF,PJ,True,False,2,2,3866.66,773.33
84133020,PJ,PF,False,True,2,1,420,0
84133030,PF,PJ,True,False,2,2,29963.39,312
84133030,PJ,PF,False,True,2,1,1700,0
84133090,PF,PJ,True,False,2,2,18820.55,2250.11
84133090,PJ,PF,False,True,2,1,390,0
84133090,PJ,PF,False,True,2,2,66737.04000000001,0
84135010,PF,PF,True,False,-,-,1505,255.85
84135090,PF,PJ,True,False,2,1,10000,240
84135090,PF,PJ,True,False,2,2,3800,0
84136011,PF,PF,True,False,-,-,30000,0
84136011,PF,PJ,True,False,2,2,6392.45,653.86
84136011,PJ,PF,False,True,2,1,7400,0
84136011,PJ,PJ,True,False,2,2,2000,0
84136090,PF,PJ,True,False,2,2,940,0
84137010,PF,PJ,True,False,2,2,31825,0
84137010,PJ,PF,False,True,2,2,2602.35,470
84137090,PF,PF,True,False,-,-,64340,737.8
84137090,PF,PJ,True,False,2,2,3950.67,120.62
84137090,PJ,PF,False,True,2,2,370.81,0
84138100,PF,PJ,True,False,2,1,420,55.4
84138100,PF,PJ,True,False,2,2,41540.5,9070.51
84138100,PJ,PF,False,True,2,2,7000,0
84139190,PF,PJ,True,False,2,2,13631.08,553.14
84139190,PJ,PF,False,True,2,2,611.7,0
84142000,PJ,PF,False,True,2,1,17.95,0
84143091,PJ,PF,False,True,2,2,379,0
84145190,PF,PF,True,False,-,-,10000,510
84145190,PF,PJ,True,False,2,2,30117.16,0
84145990,PF,PF,True,False,-,-,19660,1352.6
84145990,PF,PJ,True,False,2,2,2823.9,283.67
84145990,PJ,PF,False,True,2,2,25008.2,74.9
84146000,PJ,PF,False,True,2,1,3992,0
84148011,PF,PF,True,False,-,-,500,35
84148011,PF,PJ,True,False,2,2,5339.59,299.1
84148011,PJ,PF,False,True,2,2,7500,1968.75
84148019,PF,PF,True,False,-,-,625,0
84148019,PF,PJ,True,False,2,2,234.32,20.62
84148019,PJ,PF,False,True,2,2,10,0
84149020,PF,PJ,True,False,2,2,12521.94,1300.2
84149020,PJ,PF,False,True,2,2,16450,0
84149032,PF,PJ,True,False,2,2,739.4,0
84149039,PF,PF,True,False,-,-,33.54,7.04
84149039,PF,PJ,True,False,2,2,431.05,86.21000000000001
84149039,PJ,PF,False,True,2,1,5450,0
84151011,PJ,PF,False,True,2,2,18132.65,1563.64
84158290,PF,PJ,True,False,2,2,11900,119
84159090,PF,PJ,True,False,2,2,344,0
84159090,PJ,PF,False,True,2,2,4980,0
84171010,PF,PF,True,False,-,-,621349.03,0
84182100,PF,PJ,True,False,2,2,2200,22
84184000,PJ,PF,False,True,2,2,3699,0
84185010,PF,PJ,True,False,2,2,2400,24
84186920,PF,PF,True,False,-,-,130000,0
84186920,PF,PJ,True,False,2,2,45000,0
84186920,PJ,PJ,True,False,2,2,25000,0
84186940,PF,PJ,True,False,2,2,30000,299.98
84186999,PF,PJ,True,False,2,2,2200,22
84193400,PF,PF,True,False,-,-,52142.58,0
84194010,PJ,PF,False,True,2,2,3830001.22,0
84195090,PJ,PF,False,True,2,2,125000,0
84198110,PJ,PF,False,True,2,2,10000,0
84198190,PJ,PF,False,True,2,2,3648.95,0
84211190,PF,PJ,True,False,2,2,1290,245.1
84211290,PF,PJ,True,False,2,2,7995711.73,65591.44
84212100,PF,PJ,True,False,2,2,230,39.1
84212300,PF,PF,True,False,-,-,34057.32,537.01
84212300,PF,PJ,True,False,2,2,573666.73,15087.8
84212300,PJ,PF,False,True,2,1,760,0
84212300,PJ,PJ,True,False,2,2,211.56,0
84212930,PF,PJ,True,False,2,2,9611.35,0
84212990,PF,PF,True,False,-,-,444.87,93.4
84212990,PF,PJ,True,False,2,2,85199.95,4871.88
84213100,PF,PF,True,False,-,-,3086.9,648.2299999999999
84213100,PF,PJ,True,False,2,2,122114.88,2190.98
84213100,PJ,PF,False,True,2,2,142.41,0
84213200,PJ,PF,False,True,2,2,4312,0
84213910,PF,PJ,True,False,2,2,853.99,0
84213990,PF,PJ,True,False,2,2,59983.41,4333.35
84213990,PJ,PF,False,True,2,2,40010,0
84213990,PJ,PJ,True,False,2,2,434.62,0
84219199,PF,PJ,True,False,2,2,671,0
84219910,PF,PJ,True,False,2,2,41998.92,3250
84219999,PF,PF,True,False,-,-,504.28,105.88
84219999,PF,PJ,True,False,2,2,106394.68,8982.12
84219999,PJ,PF,False,True,2,2,219243.5,0
84221900,PJ,PF,False,True,2,2,2100,0
84224010,PF,PJ,True,False,2,2,419000,0
84224090,PF,PJ,True,False,2,1,2010,0
84224090,PJ,PF,False,True,2,2,80000,0
84229090,PF,PJ,True,False,2,2,150000,8400
84229090,PJ,PJ,True,False,2,2,500,0
84233011,PF,PJ,True,False,2,2,5166.5,51.66
84233090,PF,PF,True,False,-,-,35900,0
84238190,PJ,PF,False,True,2,2,104.46,0
84243010,PF,PJ,True,False,2,2,756.76,0
84243090,PF,PJ,True,False,2,2,70345.55,0
84243090,PJ,PF,False,True,2,2,45,11.81
84244100,PF,PF,True,False,-,-,1261908,11499.31
84244100,PF,PJ,True,False,2,1,430000,4299.74
84244100,PF,PJ,True,False,2,2,1017650,13661.59
84244100,PJ,PF,True,False,-,-,30000,0
84244100,PJ,PJ,True,False,2,2,50392.78,0
84244900,PF,PF,True,False,-,-,13424548.73,44977.46
84244900,PF,PJ,True,False,2,1,620000,0
84244900,PF,PJ,True,False,2,2,17848550.34,90233.52
84244900,PJ,PF,False,True,2,2,32136221.86,23900
84244900,PJ,PJ,True,False,2,1,103500,0
84244900,PJ,PJ,True,False,2,2,1620604,0
84248221,PF,PF,True,False,-,-,2639300.39,0
84248221,PF,PJ,True,False,2,2,18253.02,0
84248221,PJ,PF,False,True,2,2,50747.66,1442.01
84248229,PF,PF,True,False,-,-,109880,829.6
84248229,PF,PJ,True,False,2,2,787857.01,6799.59
84248229,PJ,PF,False,True,2,2,1830798,0
84248290,PF,PF,True,False,-,-,27775256.37,279349.31
84248290,PF,PJ,True,False,2,2,12325429,122743.32
84248290,PJ,PF,False,True,2,2,605000,0
84248910,PF,PJ,True,False,2,2,76,0
84248990,PF,PF,True,False,-,-,378463.68,3749.85
84248990,PF,PJ,True,False,2,1,2500,300
84248990,PF,PJ,True,False,2,2,371034,3499.86
84248990,PJ,PF,False,True,2,2,680000,115600
84249090,PF,PF,True,False,-,-,60,0
84249090,PF,PJ,True,False,2,2,1415977.33,12221.31
84249090,PJ,PF,False,True,2,2,17404.94,0
84251910,PJ,PF,False,True,2,1,400,0
84253990,PJ,PF,False,True,2,2,9000,0
84254200,PF,PJ,True,False,2,2,1096.45,219.29
84254200,PJ,PF,False,True,2,2,1305,0
84264110,PF,PJ,True,False,2,2,15201,0
84264910,PF,PJ,True,False,2,1,2000,0
84264910,PJ,PF,False,True,2,2,20500,0
84264990,PF,PF,True,False,-,-,420000,0
84264990,PJ,PJ,True,False,2,2,21000,0
84269100,PJ,PF,False,True,2,2,50000,0
84269900,PJ,PF,False,True,2,2,600000,41625
84271019,PF,PJ,True,False,2,1,50000,0
84271090,PJ,PF,False,True,2,2,110000,14135
84272090,PF,PJ,True,False,2,2,231998,0
84272090,PJ,PF,False,True,2,2,915000,0
84279000,PF,PJ,True,False,2,2,360000,3599.79
84281000,PJ,PF,False,True,2,2,65000,0
84282090,PF,PJ,True,False,2,2,7675.8,921.1
84283200,PF,PJ,True,False,2,2,20500,0
84283200,PJ,PF,False,True,2,2,35000,0
84283300,PF,PJ,True,False,2,2,1088.26,61.22
84289090,PF,PF,True,False,-,-,17950,0
84291110,PF,PJ,True,False,2,2,279300,0
84291190,PF,PF,True,False,-,-,1147000,0
84291190,PF,PJ,True,False,2,1,62000,0
84291190,PJ,PF,True,False,-,-,157000,0
84292010,PJ,PJ,True,False,2,2,400000,0
84292090,PF,PF,True,False,-,-,170000,1199.95
84292090,PF,PJ,True,False,2,2,920000,10120
84292090,PJ,PF,True,False,-,-,40000,0
84294000,PF,PF,True,False,-,-,58500,2295
84295119,PF,PF,True,False,-,-,389197.5,1049.94
84295119,PF,PJ,True,False,2,1,174000,1739.89
84295119,PF,PJ,True,False,2,2,550000,3999.84
84295119,PJ,PF,False,True,2,2,540000,73109.35
84295119,PJ,PJ,True,False,2,2,400000,0
84295191,PF,PF,True,False,-,-,400000,0
84295192,PF,PJ,True,False,2,2,65000,0
84295199,PF,PF,True,False,-,-,4109474.5,25068.64
84295199,PF,PJ,True,False,2,2,1572334.05,20557.99
84295219,PF,PF,True,False,-,-,5152500,23573.95
84295219,PF,PJ,True,False,2,1,1895000,8749.470000000001
84295219,PF,PJ,True,False,2,2,1120000,3199.81
84295219,PJ,PF,False,True,2,1,380000,0
84295219,PJ,PF,False,True,2,2,400000,0
84295290,PF,PJ,True,False,2,2,59500,0
84295900,PF,PF,True,False,-,-,2569820,7039.69
84295900,PF,PJ,True,False,2,1,240000,2399.86
84295900,PF,PJ,True,False,2,2,610000,1999.88
84295900,PJ,PF,False,True,2,1,395000,0
84295900,PJ,PF,False,True,2,2,265000,0
84303110,PF,PJ,True,False,2,2,87750,0
84305000,PF,PJ,True,False,2,2,45000,0
84306100,PF,PJ,True,False,2,2,960.26,22.81
84306919,PJ,PF,False,True,2,2,14960,3012.94
84306990,PF,PF,True,False,-,-,7164500.66,2932.82
84306990,PF,PJ,True,False,2,2,902793.28,60
84306990,PJ,PF,False,True,2,2,251829.8,0
84306990,PJ,PJ,True,False,2,2,75000,0
84311090,PF,PJ,True,False,2,2,34.48,6.9
84312011,PF,PJ,True,False,2,2,10000,0
84313900,PF,PJ,True,False,2,2,3365.46,557.79
84314100,PF,PJ,True,False,2,2,368.82,70.08
84314310,PF,PJ,True,False,2,2,390,66.3
84314923,PF,PF,True,False,-,-,44500,0
84314923,PJ,PF,False,True,2,2,78250,0
84314929,PF,PF,True,False,-,-,15400,153.99
84314929,PF,PJ,True,False,2,2,33156.99000000001,5633.3
84314929,PJ,PF,False,True,2,2,13433.37,0
84321000,PF,PF,True,False,-,-,257992.95,1254.87
84321000,PF,PJ,True,False,2,2,81309.4,7887.119999999999
84321000,PJ,PF,False,True,2,2,505000,0
84322100,PF,PF,True,False,-,-,2191777.49,15374.08
84322100,PF,PJ,True,False,2,1,105500,1659.96
84322100,PF,PJ,True,False,2,2,800950,5209.21
84322100,PJ,PF,False,True,2,2,129500,0
84322900,PF,PF,True,False,-,-,970240.94,2563.26
84322900,PF,PJ,True,False,2,2,382730.24,3417.58
84322900,PJ,PF,False,True,2,2,680932.27,32283.39
84322900,PJ,PJ,True,False,2,2,3000,0
84323110,PF,PF,True,False,-,-,11772130,74482.61
84323110,PF,PJ,True,False,2,1,140000,0
84323110,PF,PJ,True,False,2,2,11890605.6,106529.24
84323110,PJ,PF,False,True,2,1,115000,0
84323110,PJ,PF,False,True,2,2,21375369.69,18157.5
84323110,PJ,PJ,True,False,2,2,95000,0
84323190,PF,PF,True,False,-,-,1541546.15,13014.9
84323190,PF,PJ,True,False,2,2,1847800,16177.01
84323190,PJ,PF,False,True,2,1,45000,0
84323190,PJ,PF,False,True,2,2,435000,0
84323190,PJ,PF,True,False,-,-,43390,0
84323190,PJ,PJ,True,False,2,2,354591.36,0
84323910,PF,PF,True,False,-,-,3504000,2534.9
84323910,PF,PJ,True,False,2,2,802411.11,4800
84323910,PJ,PF,False,True,2,2,874000,2631.5
84323990,PF,PF,True,False,-,-,5986773.94,48558.55
84323990,PF,PJ,True,False,1,1,2864,486.88
84323990,PF,PJ,True,False,2,1,36050,1318.7
84323990,PF,PJ,True,False,2,2,4922606.4,38458.39
84323990,PJ,PF,False,True,2,2,605000,0
84324100,PF,PF,True,False,-,-,12000,102
84324100,PF,PJ,True,False,2,2,1102277.08,0
84324100,PJ,PF,False,True,2,1,10000,0
84324100,PJ,PF,False,True,2,2,402250,0
84324200,PF,PF,True,False,-,-,10037833.87,46818.32000000001
84324200,PF,PJ,True,False,2,1,3000,360
84324200,PF,PJ,True,False,2,2,3414780.11,35027.75
84324200,PJ,PF,False,True,2,2,1713175,1188.25
84328000,PF,PF,True,False,-,-,5155841.12,165096.32
84328000,PF,PJ,True,False,2,1,196000,1849.91
84328000,PF,PJ,True,False,2,2,4025178.1,12817.29
84328000,PJ,PF,False,True,2,2,1357000,659.98
84328000,PJ,PF,True,False,-,-,100000,0
84328000,PJ,PJ,True,False,2,2,395000,0
84329000,PF,PF,True,False,-,-,1640223.69,4121.34
84329000,PF,PJ,True,False,2,1,415944,0
84329000,PF,PJ,True,False,2,2,9608201.19,282380.24
84329000,PJ,PF,False,True,2,1,20330.55,0
84329000,PJ,PF,False,True,2,2,1490242.07,9028.96
84329000,PJ,PF,True,False,-,-,15060,0
84329000,PJ,PJ,True,False,1,1,53.74,0
84329000,PJ,PJ,True,False,2,2,148214,364.8
84331100,PF,PF,True,False,-,-,8000,80
84331100,PF,PJ,True,False,2,2,4591.11,51.56
84331100,PJ,PF,False,True,2,2,74000,0
84331900,PF,PJ,True,False,2,2,578.21,127.21
84331900,PJ,PF,False,True,2,2,5000,0
84332010,PF,PF,True,False,-,-,253000,229.99
84332010,PF,PJ,True,False,2,2,777303.7,4659.75
84332010,PJ,PF,False,True,2,2,233000,2775
84332010,PJ,PF,True,False,-,-,165000,0
84332090,PF,PF,True,False,-,-,4029000,12139.3
84332090,PF,PJ,True,False,2,1,210000,499.98
84332090,PF,PJ,True,False,2,2,1488400,10782.34
84332090,PJ,PF,False,True,2,2,456000,11082.5
84333000,PF,PF,True,False,-,-,322000,499.96
84333000,PF,PJ,True,False,2,2,384000,0
84333000,PJ,PF,False,True,2,2,120000,0
84334000,PF,PF,True,False,-,-,1657456,899.95
84334000,PF,PJ,True,False,2,2,180000,299.99
84334000,PJ,PF,False,True,2,2,300000,0
84334000,PJ,PJ,True,False,2,2,350000,0
84335100,PF,PF,True,False,-,-,53156445.64,217266.74
84335100,PF,PJ,True,False,2,1,2951900,20349.6
84335100,PF,PJ,True,False,2,2,46090497.96,418131.97
84335100,PJ,PF,False,True,2,2,70106768.01,135723
84335100,PJ,PJ,True,False,2,2,800000,0
84335200,PF,PF,True,False,-,-,337000,0
84335200,PF,PJ,True,False,2,2,467000,700
84335200,PJ,PF,False,True,2,2,48000,0
84335300,PF,PF,True,False,-,-,36000,0
84335911,PF,PJ,True,False,2,2,650000,6499.61
84335919,PF,PF,True,False,-,-,32308602.38,0
84335919,PF,PJ,True,False,2,2,2770055,7622.070000000001
84335919,PJ,PF,False,True,2,2,320000,0
84335990,PF,PF,True,False,-,-,9845150,63742.52
84335990,PF,PJ,True,False,2,1,445000,3749.88
84335990,PF,PJ,True,False,2,2,9260405.5,80566.29000000001
84335990,PJ,PF,False,True,2,2,17180563.26,37138.75
84335990,PJ,PJ,True,False,2,2,1403381.42,0
84336010,PF,PJ,True,False,2,2,70160,0
84336010,PJ,PF,False,True,2,2,25000,0
84336029,PF,PJ,True,False,2,2,2000,20
84336090,PF,PF,True,False,-,-,21000,0
84336090,PF,PJ,True,False,2,2,63000,629.97
84336090,PJ,PF,False,True,2,2,110000,0
84339010,PF,PF,True,False,-,-,23592.55,287.62
84339010,PF,PJ,True,False,2,2,5273.01,461.87
84339010,PJ,PF,False,True,2,2,3000,0
84339090,PF,PF,True,False,-,-,374000,0
84339090,PF,PJ,True,False,2,1,8000,192
84339090,PF,PJ,True,False,2,2,2915272.62,39028.24
84339090,PJ,PF,False,True,2,1,4000,0
84339090,PJ,PF,False,True,2,2,788077.59,0
84339090,PJ,PJ,True,False,2,1,4000,0
84339090,PJ,PJ,True,False,2,2,22000,0
84341000,PF,PF,True,False,-,-,50000,0
84341000,PF,PJ,True,False,2,2,865000,8649.48
84342010,PJ,PF,False,True,2,2,155180,0
84349000,PF,PJ,True,False,2,2,2960,207.22
84361000,PF,PF,True,False,-,-,1332891,2952.26
84361000,PF,PJ,True,False,2,1,55000,549.98
84361000,PF,PJ,True,False,2,2,225000,1799.93
84361000,PJ,PF,False,True,2,1,20000,0
84361000,PJ,PF,False,True,2,2,860544,10080.03
84361000,PJ,PJ,True,False,2,2,135000,0
84362100,PF,PJ,True,False,2,1,48752.04,0
84362900,PF,PJ,True,False,2,1,16720,2006.4
84368000,PF,PF,True,False,-,-,7448262.83,17499.59
84368000,PF,PJ,True,False,2,1,549000,50
84368000,PF,PJ,True,False,2,2,3803896.6,21856.28
84368000,PJ,PF,False,True,2,2,1452450,22689
84368000,PJ,PJ,True,False,2,2,8828.11,0
84369100,PJ,PJ,True,False,2,2,9747,0
84369900,PF,PF,True,False,-,-,31899.68,864.29
84369900,PF,PJ,True,False,2,2,29554.43,1650.8
84369900,PJ,PF,False,True,2,2,161000,0
84369900,PJ,PJ,True,False,2,2,6966.5,0
84371000,PF,PF,True,False,-,-,267000,999.96
84371000,PF,PJ,True,False,2,1,169000,0
84371000,PF,PJ,True,False,2,2,100,0
84378010,PF,PF,True,False,-,-,17000,0
84379000,PF,PF,True,False,-,-,16970,0
84379000,PJ,PF,False,True,2,2,731000,0
84384000,PF,PJ,True,False,2,1,20000,0
84386000,PJ,PF,False,True,2,2,103000,0
84413090,PF,PF,True,False,-,-,8250,0
84424020,PF,PJ,True,False,2,2,384.61,0
84433232,PJ,PF,False,True,2,2,624.9,0
84433240,PF,PJ,True,False,2,2,1614,16.14
84439110,PF,PF,True,False,-,-,200.88,42.18
84439110,PF,PJ,True,False,2,2,2764.02,102.82
84462100,PF,PF,True,False,-,-,25000,0
84482030,PF,PF,True,False,-,-,490000,1899.92
84483290,PF,PJ,True,False,2,2,547981.3400000001,0
84483390,PF,PJ,True,False,2,2,12.3,2.09
84483390,PJ,PF,False,True,2,2,11000,0
84490099,PJ,PF,False,True,2,2,50000,0
84502090,PF,PJ,True,False,2,2,1799,0
84513099,PF,PJ,True,False,2,1,10000,99.99
84518000,PF,PF,True,False,-,-,230000,0
84559000,PF,PJ,True,False,2,2,5000,6
84601900,PF,PJ,True,False,2,2,75,0
84603900,PJ,PF,False,True,2,2,3000,0
84609090,PF,PF,True,False,-,-,144,0
84614099,PJ,PF,False,True,2,2,243708.18,0
84626100,PF,PJ,True,False,2,2,8000,0
84629000,PF,PJ,True,False,2,2,17937.42,0
84659310,PF,PF,True,False,-,-,440,0
84659900,PJ,PF,False,True,2,2,107000,0
84669320,PF,PF,True,False,-,-,200,0
84669360,PF,PJ,True,False,2,2,13.7,0.99
84671190,PJ,PJ,True,False,2,2,553487.69,0
84671900,PF,PJ,True,False,2,2,8277.73,1632.76
84672200,PF,PJ,True,False,2,2,3300,33
84672992,PF,PJ,True,False,2,2,1117.5,98.35
84678100,PF,PF,True,False,-,-,8000,80
84678100,PF,PJ,True,False,1,1,3500,0
84678900,PF,PF,True,False,-,-,20000,0
84678900,PF,PJ,True,False,2,2,5000,0
84679200,PF,PJ,True,False,2,2,469,0
84679200,PJ,PJ,True,False,2,2,100,0
84679900,PF,PF,True,False,-,-,45,0
84689010,PF,PJ,True,False,2,2,370.9,0
84689090,PF,PJ,True,False,2,2,13.08,0.73
84713019,PJ,PF,False,True,2,2,1000,0
84714100,PF,PJ,True,False,2,2,62800,0
84715010,PF,PJ,True,False,2,1,1000,0
84715010,PF,PJ,True,False,2,2,3769.65,331.36
84715090,PJ,PF,False,True,2,2,499.49,0
84716052,PJ,PF,False,True,2,2,68.26,0
84717040,PJ,PF,False,True,2,2,175.16,0
84718000,PF,PJ,True,False,2,2,691.31,0
84733031,PF,PJ,True,False,2,2,2160,259.2
84733042,PF,PF,True,False,-,-,200,0
84743100,PF,PF,True,False,-,-,5000,50
84743100,PF,PJ,True,False,2,1,800,96
84743100,PJ,PJ,True,False,2,2,3000,0
84749000,PF,PJ,True,False,2,2,124,0
84768990,PF,PF,True,False,-,-,26106.66,0
84772010,PF,PJ,True,False,2,2,289.37,49.19
84781010,PF,PF,True,False,-,-,100000,999.96
84798190,PF,PF,True,False,-,-,2500,300
84798210,PF,PF,True,False,-,-,70000,0
84798210,PF,PJ,True,False,2,2,347000,3469.79
84798210,PJ,PF,False,True,2,2,51.33,0
84798290,PF,PJ,True,False,2,2,1020.16,204.03
84798290,PJ,PF,False,True,2,2,10500,1890
84798940,PF,PF,True,False,-,-,272900,0
84798940,PF,PJ,True,False,2,2,4469.28,0
84798940,PJ,PF,False,True,2,2,28000,0
84798940,PJ,PJ,True,False,2,2,7333328.44,0
84798999,PF,PJ,True,False,2,2,5959.25,375.66
84799090,PF,PJ,True,False,2,2,26604.6,4078.57
84799090,PJ,PF,False,True,2,1,2410,0
84807910,PF,PF,True,False,-,-,367.5,0
84811000,PF,PJ,True,False,2,2,7761.14,1132.62
84811000,PJ,PF,False,True,2,2,5000,0
84812019,PF,PJ,True,False,2,2,16964.78,563.6
84812090,PF,PJ,True,False,2,2,36188.38,3920.6
84813000,PF,PF,True,False,-,-,25000,0
84813000,PF,PJ,True,False,2,2,2230.47,161.83
84814000,PF,PJ,True,False,2,2,5366.48,544.84
84818011,PJ,PF,False,True,2,1,68,0
84818019,PF,PJ,True,False,2,2,81641.62,67.63
84818019,PJ,PF,False,True,2,1,27.75,0
84818021,PF,PJ,True,False,2,2,614.5999999999999,0
84818092,PF,PJ,True,False,2,2,19877.99,1102.04
84818092,PJ,PF,False,True,2,2,243.21,0
84818093,PF,PJ,True,False,2,2,300,36
84818094,PF,PJ,True,False,2,2,2629.8,315.58
84818095,PF,PJ,True,False,2,2,1420.41,36.78
84818096,PF,PF,True,False,-,-,164.58,34.55
84818096,PF,PJ,True,False,2,2,4885.62,23.13
84818099,PF,PJ,True,False,2,2,18476.42,2745.84
84818099,PJ,PJ,True,False,2,2,64400,0
84819010,PF,PF,True,False,-,-,2984259.35,0
84819010,PF,PJ,True,False,2,2,319200,0
84819010,PJ,PF,False,True,2,2,83.3,0
84819090,PF,PJ,True,False,2,2,17218.3,708.61
84821010,PF,PF,True,False,-,-,7525.01,1580.22
84821010,PF,PJ,True,False,2,2,104948.78,4484.099999999999
84821010,PJ,PF,False,True,2,2,6563.83,0
84821090,PF,PF,True,False,-,-,1618.12,339.8
84821090,PF,PJ,True,False,2,2,10061.01,435.32
84822010,PF,PJ,True,False,2,2,27374.33,964.87
84822010,PJ,PF,False,True,2,2,1100,0
84822090,PF,PJ,True,False,2,2,19361.31,1008.95
84822090,PJ,PF,False,True,2,1,713.84,0
84823000,PF,PJ,True,False,2,2,994.2,57.02
84824000,PF,PJ,True,False,2,1,966.24,0
84824000,PF,PJ,True,False,2,2,555.38,24.62
84824000,PJ,PF,False,True,2,1,2728.48,0
84825010,PF,PJ,True,False,2,2,6666870.12,0
84825010,PJ,PF,False,True,2,2,365.36,0
84825090,PF,PJ,True,False,2,2,13247.44,1788.73
84828000,PF,PJ,True,False,2,2,36794.28,6572.95
84829120,PF,PJ,True,False,2,2,1637.63,360.28
84829130,PF,PJ,True,False,2,2,1763.49,211.62
84829190,PF,PJ,True,False,2,2,80,0
84829910,PF,PJ,True,False,2,2,3596.26,280.32
84829910,PJ,PF,False,True,2,2,600,0
84829990,PF,PJ,True,False,2,1,3080,0
84829990,PF,PJ,True,False,2,2,4689.63,393.82
84831019,PF,PJ,True,False,2,1,1386,270.27
84831019,PF,PJ,True,False,2,2,824104,0
84831020,PF,PJ,True,False,2,2,248.76,42.29
84831030,PF,PJ,True,False,2,2,15118.24,1878.52
84831040,PJ,PF,False,True,2,1,3600,0.02
84831050,PJ,PJ,True,False,2,1,2000,0
84831090,PF,PJ,True,False,2,2,30015.11,1305.67
84831090,PJ,PF,False,True,2,2,990.42,159.95
84832000,PF,PJ,True,False,2,2,45195.59,6982.12
84833010,PF,PJ,True,False,2,2,44459.23,5302.18
84833029,PF,PJ,True,False,2,2,260,52
84833029,PJ,PF,False,True,2,1,670,0
84833090,PF,PJ,True,False,2,2,19196.51,2334.74
84834010,PF,PJ,True,False,2,2,22821.81,1847.99
84834010,PJ,PF,False,True,2,1,32500,0
84834010,PJ,PJ,True,False,2,2,5000,0
84834090,PF,PF,True,False,-,-,3007.12,0
84834090,PF,PJ,True,False,2,2,78602.45999999999,8436.6
84834090,PJ,PF,False,True,2,2,2164.14,0
84835010,PF,PJ,True,False,2,2,11998.17,1152.64
84835090,PF,PF,True,False,-,-,620.26,130.25
84835090,PF,PJ,True,False,2,2,11549,444.8
84835090,PJ,PF,False,True,2,1,800,0
84836019,PF,PJ,True,False,2,2,532.78,104.64
84836090,PF,PF,True,False,-,-,302.7,52.59
84836090,PF,PJ,True,False,2,2,3312.12,300.33
84839000,PF,PJ,True,False,2,1,5000,120
84839000,PF,PJ,True,False,2,2,42757.33,4915.11
84839000,PJ,PF,False,True,2,2,315,0
84839000,PJ,PJ,True,False,2,2,14786.13,2508.49
84841000,PF,PJ,True,False,2,2,5800.4,1104.1
84841000,PJ,PF,False,True,2,1,400,0
84842000,PF,PF,True,False,-,-,1177.47,247.25
84842000,PF,PJ,True,False,2,2,27547.56,2535.05
84849000,PF,PJ,True,False,2,2,9982.45,1264.46
84852000,PF,PJ,True,False,2,2,2338.44,168.3
84879000,PF,PF,True,False,-,-,90151.8,931.83
84879000,PF,PJ,True,False,2,2,18179.96,2174.76
84879000,PJ,PF,False,True,2,1,380,0
84879000,PJ,PF,False,True,2,2,700000,0
85011019,PF,PJ,True,False,1,1,34000,0
85011019,PF,PJ,True,False,2,2,10000,0
85013110,PF,PJ,True,False,2,2,26326.31,772.74
85013110,PJ,PF,False,True,2,1,20,0
85013120,PF,PF,True,False,-,-,35000,349.99
85013220,PF,PF,True,False,-,-,42107.86,421.05
85013220,PF,PJ,True,False,2,2,25000,249.98
85013220,PJ,PF,False,True,2,2,494.99,0
85013320,PF,PF,True,False,-,-,289418.39,2894.01
85015210,PJ,PF,False,True,2,2,33288.92,0
85016200,PF,PF,True,False,-,-,15000,149.99
85016200,PJ,PF,False,True,2,2,35000,4200
85016300,PF,PF,True,False,-,-,138000,0
85017210,PF,PJ,True,False,2,2,15000,1800
85021110,PF,PF,True,False,-,-,57293.96,497.94
85021110,PF,PJ,True,False,2,1,7500,0
85021210,PF,PF,True,False,-,-,12526.58,125.26
85022011,PJ,PF,False,True,2,1,20000,0
85022011,PJ,PJ,True,False,2,2,10000,0
85030090,PF,PF,True,False,-,-,15067.34,0
85030090,PF,PJ,True,False,2,2,360.8,79.37
85042100,PF,PF,True,False,-,-,14900,0
85042100,PF,PJ,True,False,2,1,21490,3653.3
85042100,PF,PJ,True,False,2,2,19979.08,3396.44
85042100,PJ,PF,False,True,2,1,14500,0
85042300,PJ,PF,False,True,2,2,40000,0
85043111,PF,PF,True,False,-,-,2900,0
85043221,PJ,PF,False,True,2,1,5000,0
85043300,PF,PJ,True,False,2,1,6500,0
85044021,PJ,PF,False,True,2,1,86.4,0
85044030,PJ,PF,False,True,2,2,197.22,0
85044040,PJ,PF,False,True,2,2,1951.04,0
85044050,PJ,PF,False,True,2,2,124,0
85052090,PF,PJ,True,False,2,2,1582.23,189.87
85059080,PF,PJ,True,False,2,2,68.07,0
85065090,PF,PJ,True,False,2,2,179,34.91
85071090,PF,PJ,True,False,2,2,26573.85,5185.8
85071090,PJ,PF,False,True,2,1,2190,0
85071090,PJ,PF,False,True,2,2,1732.9,0
85071090,PJ,PJ,True,False,2,2,279,0
85072010,PF,PJ,True,False,2,2,650.99,0
85072010,PJ,PF,False,True,2,1,262,0
85072010,PJ,PF,False,True,2,2,259.8,0
85072090,PF,PF,True,False,-,-,800,160
85078000,PF,PJ,True,False,2,2,462,101.64
85081100,PJ,PF,False,True,2,1,167.75,0
85086000,PF,PJ,True,False,2,2,163,0
85094030,PF,PJ,True,False,2,2,1120,8.5
85094090,PF,PJ,True,False,2,2,215000,4300
85098090,PF,PF,True,False,-,-,1575265.17,0
85098090,PF,PJ,True,False,2,2,336000,0
85098090,PJ,PF,False,True,2,2,8628,0
85101000,PJ,PF,False,True,2,2,170.05,0
85111000,PF,PJ,True,False,2,2,50.22,0
85113010,PF,PF,True,False,-,-,20000,0
85113010,PJ,PF,False,True,2,2,22000,2035
85113020,PF,PJ,True,False,2,2,284.31,48.33
85115010,PF,PJ,True,False,2,2,83.32,14.16
85118010,PF,PJ,True,False,2,2,44,0
85118030,PF,PJ,True,False,2,2,108.34,18.42
85118090,PJ,PF,False,True,2,2,80000,0
85119000,PF,PJ,True,False,2,2,1930.06,130.46
85122011,PF,PJ,True,False,2,2,3178.17,411.25
85122011,PJ,PF,False,True,2,1,5000,0
85122011,PJ,PF,False,True,2,2,500.4,0
85122011,PJ,PJ,True,False,2,2,45000,0
85122021,PF,PJ,True,False,2,2,65,0
85122023,PF,PJ,True,False,2,2,328,49.02
85122029,PF,PJ,True,False,2,2,731.51,0
85123000,PF,PJ,True,False,2,2,50,9.5
85124010,PF,PJ,True,False,2,2,21532.75,2106.89
85129000,PF,PF,True,False,-,-,55.03,11.55
85129000,PF,PJ,True,False,2,2,2157.33,16.97
85131010,PF,PJ,True,False,2,2,1450,0
85141090,PF,PJ,True,False,2,2,53582.2,0
85151100,PF,PJ,True,False,2,2,150,30
85153100,PF,PF,True,False,-,-,1625,0
85161000,PF,PJ,True,False,2,2,659,79.08
85161000,PJ,PF,False,True,2,2,1503.36,0
85163100,PJ,PF,False,True,2,1,110,0
85165000,PJ,PF,False,True,2,2,2889.69,110.75
85166000,PJ,PF,False,True,2,2,513.22,149.93
85167910,PJ,PF,False,True,2,2,369.83,66.57
85167990,PJ,PF,False,True,2,2,14.6,0
85171100,PJ,PF,False,True,2,2,553.54,0
85171300,PJ,PF,False,True,2,1,37150,245
85171300,PJ,PF,False,True,2,2,280174.62,12.3
85171431,PJ,PF,False,True,2,1,2100,0
85176130,PJ,PF,False,True,2,2,3900,0
85176239,PJ,PF,False,True,2,2,934.47,0
85176241,PJ,PF,False,True,2,2,27935.53,0
85176262,PJ,PF,False,True,2,1,23970.11,64.75
85176262,PJ,PF,False,True,2,2,4965,0
85176277,PF,PJ,True,False,2,2,11418.96,2154.28
85176277,PJ,PF,False,True,2,1,1200,0
85176277,PJ,PF,False,True,2,2,106.66,0
85176299,PF,PJ,True,False,2,2,237,0
85182200,PJ,PF,False,True,2,1,263.54,0
85182200,PJ,PF,False,True,2,2,2005.97,0
85183000,PJ,PF,False,True,2,2,105.81,0
85219000,PF,PF,True,False,-,-,10000,0
85219000,PJ,PF,False,True,2,1,50,0
85219000,PJ,PF,False,True,2,2,10262.03,0
85235190,PF,PJ,True,False,2,2,1165.27,0
85235290,PF,PJ,True,False,2,2,3176.04,0
85255029,PF,PJ,True,False,2,2,1100,11
85256010,PF,PJ,True,False,2,2,9000,89.99
85258911,PJ,PF,False,True,2,1,200,0
85261000,PF,PJ,True,False,2,2,8000,0
85269100,PF,PF,True,False,-,-,10000,0
85269100,PF,PJ,True,False,2,2,314122.5,1118.42
85269100,PJ,PF,False,True,2,2,42974,0
85285200,PJ,PF,False,True,2,2,659.99,0
85285200,PJ,PJ,True,False,2,2,2500,0
85285900,PF,PJ,True,False,2,2,32000,0
85287200,PF,PF,True,False,-,-,25000,0
85287200,PJ,PF,False,True,2,1,70,0
85287200,PJ,PF,False,True,2,2,18049.97,0
85291090,PF,PJ,True,False,2,2,1537.52,292.13
85291090,PJ,PJ,True,False,2,2,310,55.81
85299012,PJ,PF,False,True,2,2,100,0
85299020,PJ,PF,False,True,2,1,260,0
85311090,PJ,PF,False,True,2,2,85192.99,0
85312000,PF,PJ,True,False,2,2,2294.45,390.05
85318000,PJ,PF,False,True,2,1,8100,0
85321000,PF,PJ,True,False,2,2,183.75,31.24
85332900,PJ,PF,False,True,2,2,269044,0
85333110,PJ,PF,False,True,2,1,500,0
85334092,PF,PJ,True,False,2,2,2150000,0
85334099,PF,PJ,True,False,2,2,4711.62,518.09
85352900,PJ,PF,False,True,2,2,230880,0
85353028,PF,PJ,True,False,2,2,58,0
85354090,PF,PJ,True,False,2,2,2096.13,0
85359090,PF,PJ,True,False,2,2,56.38,9.59
85359090,PJ,PF,False,True,2,2,296.4,0
85359090,PJ,PJ,True,False,2,1,1400,0
85361000,PF,PJ,True,False,2,2,27.52,5.03
85362000,PF,PJ,True,False,2,1,1000,120
85362000,PF,PJ,True,False,2,2,3745.21,637.1899999999999
85363090,PF,PF,True,False,-,-,77100,312
85363090,PF,PJ,True,False,2,2,456.8,30.58
85364100,PF,PJ,True,False,2,2,100926.6,0
85364900,PF,PF,True,False,-,-,536.72,112.71
85364900,PF,PJ,True,False,2,2,4860.809999999999,201.76
85365090,PF,PF,True,False,-,-,53460,0
85365090,PF,PJ,True,False,2,2,34846.16,606.34
85365090,PJ,PF,False,True,2,1,168,0
85365090,PJ,PF,False,True,2,2,2563.62,122.26
85366910,PF,PJ,True,False,2,2,277789.49,15.52
85366910,PJ,PF,False,True,2,2,395.91,0
85366990,PF,PJ,True,False,2,2,264.58,15.33
85366990,PJ,PF,False,True,2,2,77.22,0
85369010,PF,PJ,True,False,2,2,812,0
85369020,PJ,PF,False,True,2,2,1065.4,0
85369040,PF,PJ,True,False,2,2,120,24
85369050,PF,PJ,True,False,2,2,2834.96,339.01
85369090,PF,PJ,True,False,2,2,8197.86,1005.64
85369090,PJ,PF,False,True,2,2,160414.67,0
85371020,PF,PJ,True,False,2,1,2600,312
85371090,PF,PJ,True,False,2,2,7533,1083
85372090,PF,PJ,True,False,2,2,10,2.2
85372090,PJ,PF,False,True,2,2,2246.75,165.43
85381000,PF,PJ,True,False,2,1,450,54
85381000,PF,PJ,True,False,2,2,139.5,27.9
85381000,PJ,PF,False,True,2,2,196.16,0
85389010,PF,PJ,True,False,2,2,875.32,0
85389090,PF,PJ,True,False,2,2,17087.97,3103.66
85391010,PF,PJ,True,False,2,2,449,0
85392110,PF,PJ,True,False,2,2,205,42.7
85392110,PJ,PF,False,True,2,2,740.24,0
85392190,PF,PJ,True,False,2,2,45,9.9
85392910,PF,PJ,True,False,2,2,395.4,0
85392910,PJ,PF,False,True,2,2,218.62,0
85392990,PF,PJ,True,False,2,2,15,3.3
85399090,PF,PJ,True,False,2,2,282.05,0
85402090,PJ,PF,False,True,2,1,145.71,0
85419010,PF,PJ,True,False,2,2,1222,0
85423120,PJ,PF,False,True,2,1,30,0
85423999,PJ,PF,False,True,2,2,46.57,0
85432000,PF,PJ,True,False,2,2,1540.08,88.02
85437020,PF,PF,True,False,-,-,598950,0
85437039,PJ,PF,False,True,2,1,3980,0
85437099,PF,PJ,True,False,2,2,15612.98,2175.79
85437099,PJ,PF,False,True,2,1,10,0
85441100,PJ,PF,False,True,2,1,1500,0
85441990,PF,PJ,True,False,2,2,1600.95,320.19
85443000,PF,PJ,True,False,2,2,39381.53,4307.77
85443000,PJ,PF,False,True,2,2,84.04,0
85444200,PF,PF,True,False,-,-,660.55,79.27
85444200,PF,PJ,True,False,2,2,12416.14,738.62
85444200,PJ,PF,False,True,2,1,2000,0
85444200,PJ,PF,False,True,2,2,125.93,0
85444900,PF,PJ,True,False,2,2,29658.83,3701.28
85444900,PJ,PF,False,True,2,2,3587.6,0
85446000,PF,PJ,True,False,2,2,254.6,0
85446000,PJ,PF,False,True,2,1,10,0
85459030,PF,PJ,True,False,2,2,2597,0
85459030,PJ,PF,False,True,2,1,64.06,0
85461000,PF,PF,True,False,-,-,500,0
85462000,PF,PJ,True,False,2,2,1239.3,148.72
85469000,PF,PJ,True,False,2,2,162,27.54
85471000,PF,PJ,True,False,2,2,329.05,0
85472090,PF,PJ,True,False,2,2,2161.2,0
85479000,PF,PJ,True,False,2,2,789.21,0
85491100,PF,PJ,True,False,2,1,1797.5,305.57
85491100,PF,PJ,True,False,2,2,35900,0
85491100,PJ,PF,False,True,2,2,2264.5,0
85492900,PF,PF,True,False,-,-,2250,270
86061000,PF,PF,True,False,-,-,2000,20
86071990,PF,PJ,True,False,2,2,546,0
86072900,PF,PJ,True,False,2,2,180,0
86073000,PF,PJ,True,False,2,2,1517.14,2.91
86080011,PF,PJ,True,False,2,2,3844.09,845.7
86090000,PF,PJ,True,False,2,2,8000,960
86090000,PJ,PF,True,False,-,-,1200,0
86090000,PJ,PJ,True,False,2,2,17050,0
87011000,PF,PF,True,False,-,-,7822595.74,12829.29
87011000,PF,PJ,True,False,2,1,235000,1449.91
87011000,PF,PJ,True,False,2,2,3870148.1,13499.22
87011000,PJ,PF,False,True,2,1,235000,0
87011000,PJ,PF,False,True,2,2,1850000,0
87011000,PJ,PF,True,False,-,-,260000,0
87011000,PJ,PJ,True,False,2,1,25000,0
87011000,PJ,PJ,True,False,2,2,430000,0
87012000,PJ,PF,False,True,2,2,362000,0
87012100,PF,PF,True,False,-,-,50000,0
87012100,PF,PJ,True,False,2,2,2070000,197000.08
87012100,PJ,PF,False,True,2,1,70000,0
87012100,PJ,PF,False,True,2,2,1001000,0
87012100,PJ,PJ,True,False,2,2,590000,0
87012900,PF,PF,True,False,-,-,250000,0
87012900,PF,PJ,True,False,2,1,300000,0
87012900,PF,PJ,True,False,2,2,275000,0
87013000,PF,PF,True,False,-,-,1091686.4,8840.56
87013000,PF,PJ,True,False,2,2,686800,6867.59
87013000,PJ,PF,False,True,2,1,120000,0
87019090,PF,PF,True,False,-,-,1395000,0
87019090,PJ,PF,False,True,2,2,1700000,0
87019100,PF,PF,True,False,-,-,1059000,749.96
87019100,PF,PJ,True,False,2,2,1092000,8999.46
87019100,PJ,PF,False,True,2,2,1832000,5740.66
87019100,PJ,PF,True,False,-,-,330000,0
87019100,PJ,PJ,True,False,2,2,58000,0
87019200,PF,PF,True,False,-,-,1095000,0
87019200,PF,PJ,True,False,2,2,475000,349.98
87019200,PJ,PF,False,True,2,1,400000,37000
87019200,PJ,PF,False,True,2,2,410000,0
87019200,PJ,PF,True,False,-,-,40000,0
87019200,PJ,PJ,True,False,2,2,260000,0
87019300,PF,PF,True,False,-,-,7042016,11290.53
87019300,PF,PJ,True,False,2,1,310000,0
87019300,PF,PJ,True,False,2,2,4911097,3419.8
87019300,PJ,PF,False,True,2,2,10051681.62,5466.93
87019300,PJ,PF,True,False,-,-,10000,0
87019300,PJ,PJ,True,False,2,1,175000,0
87019300,PJ,PJ,True,False,2,2,1437500,0
87019410,PF,PF,True,False,-,-,1332000,0
87019410,PF,PJ,True,False,2,2,740000,0
87019490,PF,PF,True,False,-,-,12504242.98,70599
87019490,PF,PJ,True,False,2,2,7706761.95,20935.32
87019490,PJ,PF,False,True,2,1,100000,0
87019490,PJ,PF,False,True,2,2,11948171,26340
87019490,PJ,PF,True,False,-,-,332000,0
87019490,PJ,PJ,True,False,2,2,1541000,0
87019510,PF,PF,True,False,-,-,1202424.37,0
87019510,PF,PJ,True,False,2,1,300000,0
87019510,PF,PJ,True,False,2,2,857000,169.99
87019510,PJ,PF,False,True,2,2,250000,0
87019590,PF,PF,True,False,-,-,28971053.97,145923.36
87019590,PF,PJ,True,False,2,1,185000,3249.95
87019590,PF,PJ,True,False,2,2,15825804.03,114694.65
87019590,PJ,PF,False,True,2,2,16916559.91,0
87019590,PJ,PF,True,False,-,-,1636000,0
87019590,PJ,PJ,True,False,2,2,1728000,0
87021000,PJ,PF,False,True,2,2,145000,0
87029000,PJ,PF,False,True,2,2,373800,0
87032100,PF,PF,True,False,-,-,372500,687.5
87032100,PF,PJ,True,False,2,2,218000,2179.87
87032100,PJ,PF,False,True,2,2,13362189.79,6789.91
87032210,PJ,PF,False,True,2,1,110000,0
87032210,PJ,PF,False,True,2,2,16936916.36,6475
87032290,PJ,PF,False,True,2,2,1254000,0
87032310,PJ,PF,False,True,2,1,424000,0
87032310,PJ,PF,False,True,2,2,97246059.86,420029.5
87032310,PJ,PJ,True,False,2,2,102500,0
87032390,PJ,PF,False,True,2,2,1360970,0
87032410,PJ,PF,False,True,2,2,9085983.09,0
87032490,PJ,PF,False,True,2,2,861150,0
87033110,PJ,PF,False,True,2,2,90000,0
87033190,PJ,PF,False,True,2,2,98000,0
87033210,PJ,PF,False,True,2,2,3417990,0
87033290,PJ,PF,False,True,2,2,1261091,0
87033310,PF,PJ,True,False,2,2,434820,0
87033310,PJ,PF,False,True,2,1,150000,13875
87033310,PJ,PF,False,True,2,2,7215711,4197.5
87033390,PJ,PF,False,True,2,2,2749000,0
87033390,PJ,PF,True,False,-,-,560000,0
87034000,PJ,PF,False,True,2,2,1163150,0
87036000,PJ,PF,False,True,2,2,1444900,0
87038000,PJ,PF,False,True,2,2,905000,0
87039000,PF,PF,True,False,-,-,200000,0
87039000,PF,PJ,True,False,2,1,130000,0
87039000,PF,PJ,True,False,2,2,35000,0
87039000,PJ,PF,False,True,2,1,16000,0
87039000,PJ,PF,False,True,2,2,2042650.77,0
87041090,PJ,PF,False,True,2,1,57000,0
87041090,PJ,PF,False,True,2,2,370000,0
87042110,PF,PF,True,False,-,-,280000,0
87042110,PF,PJ,True,False,2,2,12300,2706
87042110,PJ,PF,False,True,2,1,140000,0
87042110,PJ,PF,False,True,2,2,2932499.7,0
87042110,PJ,PF,True,False,-,-,60000,0
87042120,PJ,PF,False,True,2,2,90000,0
87042190,PF,PF,True,False,-,-,122391.5,1223.84
87042190,PF,PJ,True,False,2,2,169900,0
87042190,PJ,PF,False,True,2,2,14489825,3723
87042190,PJ,PF,True,False,-,-,250000,0
87042210,PF,PJ,True,False,2,2,820000,0
87042210,PJ,PF,False,True,2,1,670000,0
87042210,PJ,PF,False,True,2,2,1790000,76500
87042230,PJ,PF,False,True,2,2,15000,0
87042290,PJ,PF,False,True,2,2,520000,0
87042310,PF,PJ,True,False,2,1,200000,0
87042310,PJ,PF,False,True,2,2,3057200,15600
87042390,PF,PF,True,False,-,-,270000,0
87043110,PF,PF,True,False,-,-,53000,0
87043110,PF,PJ,True,False,2,2,114000,1139.93
87043110,PJ,PF,False,True,2,2,384742,0
87043120,PJ,PF,False,True,2,2,611550,0
87043190,PF,PF,True,False,-,-,158000,0
87043190,PF,PJ,True,False,2,2,381000,1299.92
87043190,PJ,PF,False,True,2,2,6466259.09,0
87043190,PJ,PJ,True,False,2,2,64000,0
87043210,PF,PF,True,False,-,-,750000,0
87045200,PJ,PF,False,True,2,2,200000,0
87049000,PF,PF,True,False,-,-,354000,14160
87049000,PF,PJ,True,False,2,2,207858.72,0
87049000,PJ,PF,False,True,2,2,548000,0
87051020,PF,PJ,True,False,2,2,50206,0
87051090,PF,PF,True,False,-,-,679850,1768.39
87051090,PF,PJ,True,False,2,2,610000,999.96
87059010,PJ,PF,False,True,2,2,225000,0
87059090,PF,PJ,True,False,2,2,70000,699.96
87059090,PJ,PF,False,True,2,2,110000,0
87071000,PJ,PF,False,True,2,2,374000,0
87079090,PF,PJ,True,False,2,1,10000,1200
87079090,PJ,PF,False,True,2,1,29800,0
87079090,PJ,PF,False,True,2,2,290000,0
87081000,PF,PJ,True,False,2,2,4942.139999999999,797.14
87081000,PJ,PF,False,True,2,2,674,0
87082911,PF,PJ,True,False,2,1,300,0
87082911,PF,PJ,True,False,2,2,1300,286
87082912,PF,PF,True,False,-,-,176000,2304
87082913,PJ,PF,False,True,2,2,260.1,0
87082919,PF,PJ,True,False,2,2,3449.44,4.2
87082919,PJ,PF,False,True,2,1,400,0
87082993,PF,PJ,True,False,2,2,20,0
87082999,PF,PF,True,False,-,-,81591.35,181.33
87082999,PF,PJ,True,False,2,1,700,84
87082999,PF,PJ,True,False,2,2,254683.55,2920.83
87082999,PJ,PF,False,True,2,1,14108.24,0
87082999,PJ,PF,False,True,2,2,936.1899999999999,0
87083011,PF,PJ,True,False,2,2,57.42,0
87083019,PF,PJ,True,False,2,2,736.02,27.17
87083090,PF,PF,True,False,-,-,620.86,130.38
87083090,PF,PJ,True,False,2,2,4041.26,218.63
87083090,PJ,PF,False,True,2,1,104.4,0
87083090,PJ,PF,False,True,2,2,366.15,0
87084019,PF,PJ,True,False,2,2,9700.03,1442.8
87084019,PJ,PJ,True,False,2,2,45000,0
87084080,PF,PJ,True,False,2,2,2527.7,258.68
87084090,PF,PJ,True,False,2,1,300,0
87084090,PF,PJ,True,False,2,2,2478,0
87084090,PJ,PF,False,True,2,1,500,0
87084090,PJ,PJ,True,False,2,2,5000,0
87085011,PF,PJ,True,False,2,2,29698.28,4471.54
87085080,PF,PJ,True,False,1,1,1197.6,0
87085080,PF,PJ,True,False,2,2,1835.85,367.17
87085091,PF,PJ,True,False,2,2,5288.18,1155.41
87085099,PF,PF,True,False,-,-,99480.52,0
87085099,PF,PJ,True,False,2,2,34437.56,2416.76
87087010,PF,PJ,True,False,2,2,326,0
87087090,PF,PF,True,False,-,-,454.76,95.5
87087090,PF,PJ,True,False,2,2,24389.34,5347.78
87087090,PJ,PF,False,True,2,2,6600,0
87088000,PF,PF,True,False,-,-,7089,128.69
87088000,PF,PJ,True,False,2,2,12289.42,1819.58
87088000,PJ,PF,False,True,2,2,50.35,0
87089100,PF,PJ,True,False,2,2,525.78,88
87089100,PJ,PF,False,True,2,1,0.03,0
87089200,PF,PJ,True,False,2,2,1107.27,243.6
87089300,PF,PJ,True,False,2,2,25479.23,2490.08
87089300,PJ,PF,False,True,2,1,9120.83,0
87089300,PJ,PF,False,True,2,2,7252.3,0
87089412,PF,PF,True,False,-,-,512464,0
87089412,PF,PJ,True,False,2,2,391178.45,0
87089483,PJ,PF,False,True,2,1,1101.05,0
87089490,PF,PJ,True,False,2,2,8122.09,18.3
87089510,PJ,PF,False,True,2,2,783.28,0
87089529,PF,PF,True,False,-,-,3600,0
87089990,PF,PF,True,False,-,-,31032.66,1416.85
87089990,PF,PJ,True,False,2,1,174807.14,5174.21
87089990,PF,PJ,True,False,2,2,822799.26,92780.98
87089990,PJ,PF,False,True,2,1,350,0
87089990,PJ,PF,False,True,2,2,365032.55,0
87089990,PJ,PF,True,False,-,-,7100,0
87089990,PJ,PJ,True,False,2,1,70900,0
87089990,PJ,PJ,True,False,2,2,416353.48,0
87091100,PF,PJ,True,False,2,2,1516.84,303.37
87091100,PJ,PF,False,True,2,1,45000,0
87091100,PJ,PF,False,True,2,2,1806718.11,0
87099000,PF,PJ,True,False,2,2,24.5,0
87099000,PJ,PF,False,True,2,2,242000,0
87112010,PF,PJ,True,False,2,2,40000,399.98
87112010,PJ,PF,False,True,2,2,17000,0
87112020,PF,PF,True,False,-,-,495477,219.55
87112020,PF,PJ,True,False,2,1,4000,0
87112020,PF,PJ,True,False,2,2,22600,0
87112020,PJ,PF,False,True,2,2,380225,0
87112020,PJ,PJ,True,False,2,2,14000,0
87112090,PF,PF,True,False,-,-,44000,0
87112090,PJ,PF,False,True,2,1,20000,0
87113000,PF,PF,True,False,-,-,368900,0
87113000,PJ,PF,False,True,2,2,200602,0
87114000,PJ,PF,False,True,2,2,57000,0
87115000,PJ,PF,False,True,2,2,552000,0
87116000,PJ,PF,False,True,2,2,4000,0
87120010,PF,PF,True,False,-,-,20000,0
87141000,PF,PF,True,False,-,-,19000,0
87141000,PF,PJ,True,False,2,2,7009.860000000001,741.42
87149200,PF,PJ,True,False,2,2,331.05,0
87149311,PF,PF,True,False,-,-,110000,0
87149311,PF,PJ,True,False,2,2,522900,0
87149410,PF,PJ,True,False,2,2,1080,0
87150000,PJ,PF,False,True,2,2,20000,0
87162000,PF,PF,True,False,-,-,4082000,9492.76
87162000,PF,PJ,True,False,2,1,22529,0
87162000,PF,PJ,True,False,2,2,370500,1889.89
87162000,PJ,PF,False,True,2,1,328000,0
87162000,PJ,PF,False,True,2,2,2263038.54,2492.49
87162000,PJ,PF,True,False,-,-,21000,0
87162000,PJ,PJ,True,False,2,2,50000,925
87163100,PF,PF,True,False,-,-,125650,0
87163900,PF,PF,True,False,-,-,4000,80
87163900,PF,PJ,True,False,2,2,45000,0
87163900,PJ,PF,False,True,2,2,724000,0
87164000,PF,PJ,True,False,2,2,240000,0
87164000,PJ,PF,False,True,2,1,30000,0
87164000,PJ,PF,False,True,2,2,3000,0
87168000,PF,PJ,True,False,2,1,500,60
87168000,PF,PJ,True,False,2,2,40000,0
87168000,PJ,PF,False,True,2,2,2500,0
87169010,PJ,PF,False,True,2,2,60000,5550
87169090,PF,PF,True,False,-,-,18,0
87169090,PF,PJ,True,False,2,2,253729.34,4587.42
87169090,PJ,PJ,True,False,2,1,560,0
88022022,PJ,PF,False,True,2,2,360000,0
88023031,PJ,PF,False,True,2,2,1578780,0
88073000,PF,PJ,True,False,2,2,1330.65,266.13
89019000,PF,PF,True,False,-,-,100978.04,0
89020090,PJ,PF,False,True,2,1,1500,0
89032100,PJ,PF,False,True,2,2,11800,0
89039900,PF,PF,True,False,-,-,20000,0
89039900,PJ,PF,False,True,2,2,100000,0
89079000,PF,PF,True,False,-,-,9200,0
89768400,PF,PJ,True,False,2,2,0,0
90019010,PF,PJ,True,False,2,2,6.779999999999999,0
90022010,PF,PJ,True,False,2,2,4188.25,0
90022090,PF,PJ,True,False,2,2,227.5,0
90031910,PJ,PF,False,True,2,1,15.5,0
90041000,PJ,PF,False,True,2,1,3717.82,0
90049020,PF,PJ,True,False,2,2,3182.43,176.74
90049020,PJ,PJ,True,False,2,2,690,124.2
90111000,PF,PJ,True,False,2,2,1280156.5,0
90131010,PF,PF,True,False,-,-,9570,0
90152090,PF,PJ,True,False,2,2,240,0
90158090,PF,PJ,True,False,2,2,68,0
90172000,PF,PJ,True,False,2,2,853.2,102.38
90172000,PJ,PF,False,True,2,2,4.9,1.13
90178010,PJ,PF,False,True,2,1,56.7,0
90178090,PF,PF,True,False,-,-,1727148,0
90178090,PF,PJ,True,False,2,2,2764205,4116.6
90182090,PJ,PF,False,True,2,1,150000,0
90200010,PF,PJ,True,False,2,2,1811.43,0
90200090,PF,PJ,True,False,2,2,998.4300000000001,17
90211010,PF,PJ,True,False,2,2,10802.5,0
90212110,PJ,PF,False,True,2,2,76.99,0
90213919,PF,PF,True,False,-,-,195542.6,0
90213919,PF,PJ,True,False,2,2,337500,0
90213999,PF,PF,True,False,-,-,107500,0
90213999,PF,PJ,True,False,2,2,351000,0
90219080,PF,PF,True,False,-,-,12125409.75,0
90258000,PF,PJ,True,False,2,2,30703.68,0
90261019,PF,PJ,True,False,2,2,6377.09,0
90261029,PF,PJ,True,False,2,2,1905.87,0
90262010,PF,PJ,True,False,2,2,2311.79,330.81
90262090,PF,PJ,True,False,2,2,3637.45,564.68
90268000,PF,PJ,True,False,2,2,30096.38,5718.320000000001
90269010,PF,PJ,True,False,2,2,1279.19,153.51
90282010,PF,PJ,True,False,2,2,9067.15,1722.76
90291010,PF,PJ,True,False,2,2,706,0
90292010,PF,PJ,True,False,2,2,30156.53,2272
90299010,PF,PJ,True,False,2,2,63.13,10.73
90303100,PF,PJ,True,False,2,2,225.95,45.19
90303390,PF,PF,True,False,-,-,474789.45,2499.86
90303390,PF,PJ,True,False,2,1,723500,7234.57
90303390,PF,PJ,True,False,2,2,819000,8189.51
90314990,PF,PF,True,False,-,-,8350.25,1753.55
90314990,PF,PJ,True,False,2,2,27440.98,3996.54
90318040,PF,PJ,True,False,2,2,11000,1320
90318060,PF,PJ,True,False,2,2,4200,273
90318099,PF,PJ,True,False,2,2,49695,5326.13
90321010,PF,PJ,True,False,2,2,354,0
90321090,PF,PJ,True,False,2,2,981.8100000000001,84.03999999999999
90322000,PF,PJ,True,False,2,2,952.86,187.01
90328100,PF,PJ,True,False,2,2,34.85,0
90328911,PF,PJ,True,False,2,1,100,0
90328911,PF,PJ,True,False,2,2,518,0
90328911,PJ,PF,False,True,2,2,1455,0
90328929,PF,PJ,True,False,2,2,4045.58,485.47
90328929,PJ,PF,False,True,2,1,485,0
90328929,PJ,PF,False,True,2,2,20000,3900
90328981,PF,PJ,True,False,2,2,1820.18,0
90328981,PJ,PF,False,True,2,1,285,0
90328982,PF,PJ,True,False,2,2,1315.65,0
90328989,PF,PJ,True,False,2,2,2610.04,0
90328990,PF,PJ,True,False,2,2,7635.76,1258.03
90329091,PF,PJ,True,False,2,2,594.01,0
90329099,PF,PJ,True,False,2,2,439.5,87.9
90330000,PF,PF,True,False,-,-,113800,0
91061000,PF,PJ,True,False,2,2,430.74,0
91139000,PJ,PF,False,True,2,2,2,0
91149000,PF,PJ,True,False,2,2,300,21.6
93062900,PF,PJ,True,False,2,2,750,90
93063000,PF,PJ,True,False,2,2,240,0
94018000,PF,PJ,True,False,2,2,5586,55.86
94019900,PF,PF,True,False,-,-,4000,140
94032010,PF,PJ,True,False,2,2,10000,0
94032090,PJ,PF,False,True,2,2,961.9,0
94032090,PJ,PJ,True,False,2,2,824.01,98.88
94033000,PF,PF,True,False,-,-,100,12
94033000,PF,PJ,True,False,2,2,5750,57.5
94033000,PJ,PF,False,True,2,1,12600,0
94033000,PJ,PF,False,True,2,2,82.8,0
94033000,PJ,PJ,True,False,2,2,798,95.76
94035000,PF,PJ,True,False,2,2,12600,125.99
94035000,PJ,PF,False,True,2,1,199.9,0
94036000,PF,PF,True,False,-,-,100,0
94037000,PF,PJ,True,False,1,1,76000,0
94042900,PJ,PF,False,True,2,2,1020,0
94051990,PJ,PF,False,True,2,2,69.95,0
94069090,PF,PF,True,False,-,-,47300,199.99
95030010,PF,PF,True,False,-,-,2100,252
95030099,PJ,PF,False,True,2,1,23.95,0
95049010,PF,PF,True,False,-,-,3500.12,420.01
95059000,PF,PF,True,False,-,-,10150,0
95059000,PJ,PF,False,True,2,1,61.75,0
95071000,PF,PF,True,False,-,-,2400,0
96019000,PF,PF,True,False,-,-,8875.4,0
96034010,PF,PJ,True,False,2,2,54,0
96034090,PF,PJ,True,False,2,2,104.64,0
96035000,PF,PJ,True,False,2,2,7071.18,471.36
96035000,PJ,PF,False,True,2,1,1000,0
96039000,PF,PJ,True,False,2,2,120,0
96039000,PJ,PF,False,True,2,1,0.95,0
96039000,PJ,PJ,True,False,2,2,536905.8999999999,0
96061000,PF,PJ,True,False,2,2,188,31.96
96062100,PF,PJ,True,False,2,2,1288,0
96062900,PF,PF,True,False,-,-,1211843,0
96062900,PF,PJ,True,False,2,1,75000,0
96062900,PF,PJ,True,False,2,2,395625.62,0
96082000,PJ,PF,False,True,2,2,39.9,9.150000000000002
96082000,PJ,PJ,True,False,2,2,19.9,3.58
96089989,PJ,PF,False,True,2,2,1083.1,0
96091000,PF,PJ,True,False,2,2,15,0
96091000,PJ,PF,False,True,2,2,66.4,15.22
96121000,PJ,PF,False,True,2,2,69.02,0
96139000,PF,PJ,True,False,2,2,189,0
96170010,PJ,PF,False,True,2,1,639.8,0
97019100,PJ,PF,False,True,2,2,60340,0
97019900,PJ,PF,False,True,2,1,100000,0
97069000,PF,PF,True,False,-,-,899870.49,0
99920000,PF,PJ,True,False,2,2,0,0
99999991,PF,PF,True,False,-,-,0,0
99999991,PF,PJ,True,False,2,2,0,0
99999998,PF,PF,True,False,-,-,0,0
99999999,PF,PF,True,False,-,-,0,0
99999999,PF,PJ,True,False,1,1,0,0
99999999,PF,PJ,True,False,2,1,0,0
99999999,PF,PJ,True,False,2,2,0,0
