ncm,valor_antes_tratamento,valor_apos_tratamento,diferenca
00000000,4737193051.059999,0,-4737193051.059999
00000001,900111.04,0,-900111.04
00000002,892.56,0,-892.56
00000003,2176.6,0,-2176.6
00000004,52.65,0,-52.65
00000005,2800,0,-2800
00000006,10800,0,-10800
00000007,843.04,0,-843.04
00000008,60,0,-60
00000009,7618,0,-7618
00000010,50,0,-50
00000018,55,0,-55
00000019,28409.90000000002,0,-28409.90000000002
00000020,12,0,-12
00000021,1278.4,0,-1278.4
00000022,13030.19,0,-13030.19
00000035,375,0,-375
00000038,315.35,0,-315.35
00000039,8762.810000000001,0,-8762.810000000001
00000044,370,0,-370
00000048,1.4,0,-1.4
00000060,5168.15,0,-5168.15
00000068,26370.1,0,-26370.1
00000069,770,0,-770
00000070,635,0,-635
00000072,3680,0,-3680
00000073,57972,0,-57972
00000075,250,0,-250
00000084,102333.66,0,-102333.66
00000085,6339.1,0,-6339.1
00000087,4195,0,-4195
00000090,56,0,-56
00000096,2813,0,-2813
00000098,8958.64,0,-8958.64
00000099,69736.62999999999,0,-69736.62999999999
00000100,4036.33,0,-4036.33
00000102,570,0,-570
00000226,145.08,0,-145.08
00000704,322,0,-322
00000705,511,0,-511
00000706,5620,0,-5620
00000732,3715.75,0,-3715.75
00000736,395,0,-395
00001199,90,0,-90
00001404,384355,0,-384355
00001507,479.2,0,-479.2
00001902,140,0,-140
00003050,50,0,-50
00003141,3240,0,-3240
00004516,190,0,-190
00004604,30,0,-30
00006206,1950,0,-1950
00006908,6905,0,-6905
00008000,126,0,-126
00008311,20,0,-20
00008403,10285.56,0,-10285.56
00008923,220,0,-220
00009088,4.7,0,-4.7
00009876,320,0,-320
00009879,60,0,-60
00010021,9.1,0,-9.1
00012321,479,0,-479
00012345,52,0,-52
00012802,753547.91,0,-753547.91
00014424,3657,0,-3657
00020013,120,0,-120
00020304,130,0,-130
00022255,85.65,0,-85.65
00023336,63,0,-63
00024941,27,0,-27
00025283,450,0,-450
00025524,142,0,-142
00030121,25,0,-25
00061044,154,0,-154
00062044,92,0,-92
00071320,116.91,0,-116.91
00080620,320,0,-320
00085017,789713.56,0,-789713.56
00095750,14990,0,-14990
00097507,444,0,-444
00099991,1080,0,-1080
00101112,41.75,0,-41.75
00110814,47.96,0,-47.96
00120201,2.8,0,-2.8
00123456,315,0,-315
00125474,52.76,0,-52.76
00133402,35.5,0,-35.5
00155366,75.72,0,-75.72
00160413,200,0,-200
00190190,272,0,-272
00199900,7.4,0,-7.4
00209001,189.9,0,-189.9
00210201,120,0,-120
00220210,220,0,-220
00220600,24,0,-24
00229000,5270,0,-5270
00250100,80,0,-80
00255887,100,0,-100
00264211,250,0,-250
00300450,736,0,-736
00312700,266,0,-266
00320820,108,0,-108
00321490,6473.8,0,-6473.8
00324900,425,0,-425
00350610,32.8,0,-32.8
00350691,40,0,-40
00360439,6100,0,-6100
00380891,180050,0,-180050
00381400,1495,0,-1495
00382440,124.8,0,-124.8
00392410,967.5,0,-967.5
00401502,120,0,-120
00423100,550,0,-550
00600411,63000,0,-63000
00600413,13500,0,-13500
00610000,145.88,0,-145.88
00618781,260,0,-260
00620342,220,0,-220
00620590,103.8,0,-103.8
00621600,119,0,-119
00630790,923,0,-923
00643896,3100,0,-3100
00660191,43.98,0,-43.98
00680520,20,0,-20
00680530,150,0,-150
00703101,695.1199999999999,0,-695.1199999999999
00713331,94.9,0,-94.9
00730840,420,0,-420
00731815,142.32,0,-142.32
00731816,170015.9,0,-170015.9
00732399,82.9,0,-82.9
00805896,811.8,0,-811.8
00809855,19.9,0,-19.9
00820750,40,0,-40
00830710,60,0,-60
00840999,162.24,0,-162.24
00841934,79000,0,-79000
00846593,1100,0,-1100
00848180,2800,0,-2800
00848210,4000.48,0,-4000.48
00848340,210,0,-210
00851310,15,0,-15
00853990,18,0,-18
00870200,3022,0,-3022
00870321,100,0,-100
00870830,246,0,-246
00870899,13553.22,0,-13553.22
00888008,800,0,-800
01000000,2210.75,0,-2210.75
01000158,1173,0,-1173
01002281,582.4,0,-582.4
01002900,4252,0,-4252
01005000,16640,0,-16640
01007875,14.9,0,-14.9
01010101,1950.29,0,-1950.29
01011010,1951154.9,1951154.9,0
01011090,1420160.79,1420160.79,0
01011100,3425.7,3425.7,0
01011900,11309.39,11309.39,0
01012000,1832,1832,0
01012010,1139.46,0,-1139.46
01012011,964.96,0,-964.96
01012020,2620,0,-2620
01012021,230,0,-230
01012100,26417118.9,26417118.9,0
01012900,182340177.34,182340177.34,0
01013000,3657931.17,3657931.17,0
01019000,22951502.67,22951502.67,0
01019010,60,60,0
01019090,64478.25,64478.25,0
01019900,20.06,0,-20.06
01020090,583197.14,0,-583197.14
01020300,219.84,0,-219.84
01021010,304269.19,304269.19,0
01021090,320.49,320.49,0
01022110,342710415.49,342710415.49,0
01022190,6811685984.11,6811685984.11,0
01022911,1326831595.84,1326831595.84,0
01022919,4648616416.200003,4648616416.200003,0
01022990,19873976173.41999,19873976173.41999,0
01023110,1950363.22,1950363.22,0
01023190,49733049.42,49733049.42,0
01023911,2455609.43,2455609.43,0
01023919,18713444.99,18713444.99,0
01023990,33926711.05,33926711.05,0
01029000,19559681573.51999,19559681573.51999,0
01029019,24471.16,24471.16,0
01029090,123259548.7,123259548.7,0
01031000,91760297.65,91760297.65,0
01039100,125142472.1,125142472.1,0
01039200,151513973.44,151513973.44,0
01041003,319,0,-319
01041011,2211019.87,2211019.87,0
01041019,8120923.570000002,8120923.570000002,0
01041090,9516649.15,9516649.15,0
01042010,7798571.69,7798571.69,0
01042090,3367654.81,3367654.81,0
01050099,49,0,-49
01051110,433362495.05,433362495.05,0
01051190,435745600.65,435745600.65,0
01051200,64456.34,64456.34,0
01051300,56638.84,56638.84,0
01051400,25352.64,25352.64,0
01051500,38960.06,38960.06,0
01051900,6343.22,6343.22,0
01054070,900,0,-900
01059400,70468470.97,70468470.97,0
01059900,136393387.76,136393387.76,0
01060508,1270,0,-1270
01061000,5100,0,-5100
01061100,485794.83,485794.83,0
01061200,211942.55,211942.55,0
01061300,84120.9,84120.9,0
01061400,5613,5613,0
01061900,8259399.15,8259399.15,0
01062000,16523.2,16523.2,0
01063000,6000,0,-6000
01063100,1600586.83,1600586.83,0
01063200,38007.6,38007.6,0
01063310,14143.42,14143.42,0
01063390,3806106.11,3806106.11,0
01063900,24485548.51,24485548.51,0
01064100,13978.4,13978.4,0
01064900,2590778.49,2590778.49,0
01068045,209.6,0,-209.6
01069000,50299935.59,50299935.59,0
01069010,14.85,0,-14.85
01071200,78.87,0,-78.87
01071400,18.53,0,-18.53
01075000,87,0,-87
01100034,210,0,-210
01131000,1350,0,-1350
01201049,27.98,0,-27.98
01253610,1200,0,-1200
01254554,75,0,-75
01352962,470.96,0,-470.96
01403100,21000,0,-21000
01482556,3.6,0,-3.6
01511900,420,0,-420
01693005,30,0,-30
01703200,29.71,0,-29.71
01842055,172,0,-172
01901200,69.8,0,-69.8
02010210,250,0,-250
02010990,2559,0,-2559
02011000,10897443.34,10897443.34,0
02011300,625.53,0,-625.53
02011900,194.78,0,-194.78
02012010,10593025.61,10593025.61,0
02012020,7750014.970000001,7750014.970000001,0
02012090,62690397.19,62690397.19,0
02012092,2057.76,0,-2057.76
02012093,278.76,0,-278.76
02012096,17.88,0,-17.88
02012100,210,0,-210
02013000,61306645.96,61306645.96,0
02020000,272.93,0,-272.93
02021000,921785.39,921785.39,0
02022010,2474890.21,2474890.21,0
02022020,602723.27,602723.27,0
02022090,4286777.21,4286777.21,0
02023000,19732921.77,19732921.77,0
02030605,495,0,-495
02031000,213.66,0,-213.66
02031100,6944408.23,6944408.23,0
02031200,2366504.06,2366504.06,0
02031900,6545064.270000001,6545064.270000001,0
02031999,41000.82,0,-41000.82
02032100,682492.3699999999,682492.3699999999,0
02032200,955104.5800000002,955104.5800000002,0
02032900,10741990.77,10741990.77,0
02041000,32540.09,32540.09,0
02042100,26528.62,26528.62,0
02042200,143401.68,143401.68,0
02042300,18071.48,18071.48,0
02043000,18055.08,18055.08,0
02044100,3298.4,3298.4,0
02044200,173671.59,173671.59,0
02044300,197543.8300000001,197543.8300000001,0
02045000,89160.57,89160.57,0
02050000,1541803.45,1541803.45,0
02059000,2449.98,0,-2449.98
02061000,3653887.96,3653887.96,0
02062100,33646.52,33646.52,0
02062200,2351841.2,2351841.2,0
02062910,834536.7699999999,834536.7699999999,0
02062990,1037954.14,1037954.14,0
02063000,916286.9700000001,916286.9700000001,0
02064100,78342.57,78342.57,0
02064900,307831.9,307831.9,0
02068000,70845.77000000002,70845.77000000002,0
02069000,554.21,554.21,0
02069090,2620.2,0,-2620.2
02070000,248.92,0,-248.92
02070020,7875,0,-7875
02071100,2760795.03,2760795.03,0
02071200,2848923.849999999,2848923.849999999,0
02071210,3285450.279999999,3285450.279999999,0
02071220,723417.18,723417.18,0
02071300,3754758.429999999,3754758.429999999,0
02071400,36545763.23000002,36545763.23000002,0
02072400,49743.88,49743.88,0
02072500,227495.7399999999,227495.7399999999,0
02072600,9016.71,9016.71,0
02072700,233667.64,233667.64,0
02074100,4384.73,4384.73,0
02074200,36106.81,36106.81,0
02074300,18616.35,18616.35,0
02074400,4082.25,4082.25,0
02074500,33246.41,33246.41,0
02075200,42773.39999999999,42773.39999999999,0
02075400,9406.34,9406.34,0
02075500,295151.54,295151.54,0
02076000,9310.47,9310.47,0
02081000,714.5799999999999,714.5799999999999,0
02083000,344.14,344.14,0
02084000,788.15,788.15,0
02085000,1622.58,1622.58,0
02086000,1070.09,1070.09,0
02089000,40515.25,40515.25,0
02091011,108623.87,108623.87,0
02091019,26360.42,26360.42,0
02091021,180760.32,180760.32,0
02091029,1324318.63,1324318.63,0
02099000,8445.27,8445.27,0
02101000,6786.900000000001,0,-6786.900000000001
02101100,280301.06,280301.06,0
02101200,4060032.24,4060032.24,0
02101900,4324851.81,4324851.81,0
02102000,31601753.49,31601753.49,0
02109100,7874.309999999999,7874.309999999999,0
02109200,241.95,241.95,0
02109300,86.6,86.6,0
02109900,11008.73,11008.73,0
02109911,34762.95000000001,34762.95000000001,0
02109919,307203.75,307203.75,0
02109920,10579.3,10579.3,0
02109930,398.98,398.98,0
02109940,1572.26,1572.26,0
02109990,284824.08,284824.08,0
02120700,125,0,-125
02122000,837.1,0,-837.1
02145962,180,0,-180
02165444,180,0,-180
02169010,42,0,-42
02201100,2.5,0,-2.5
02203000,2011.9,0,-2011.9
02259265,201.85,0,-201.85
02309909,2880,0,-2880
02348987,69,0,-69
02365986,1525.15,0,-1525.15
02369875,63,0,-63
02410213,10,0,-10
02587744,42.5,0,-42.5
02636859,10,0,-10
02710193,3770,0,-3770
02804400,3300,0,-3300
02844852,15,0,-15
02896402,58.5,0,-58.5
02985023,40,0,-40
02985309,60,0,-60
03011000,37880.68,37880.68,0
03011110,2172.08,2172.08,0
03011190,2652832.47,2652832.47,0
03011900,94254.87000000001,94254.87000000001,0
03019110,2002796.76,2002796.76,0
03019190,106660.78,106660.78,0
03019210,90,90,0
03019290,32493.25,32493.25,0
03019310,123300,123300,0
03019390,41139.5,41139.5,0
03019410,211.94,211.94,0
03019490,2025.2,2025.2,0
03019510,725.25,725.25,0
03019590,732.6,732.6,0
03019911,18122479.63,18122479.63,0
03019912,358500,358500,0
03019919,5138598.840000001,5138598.840000001,0
03019990,874698.75,874698.75,0
03019991,9706294.43,9706294.43,0
03019992,4994,4994,0
03019999,6109791.24,6109791.24,0
03021100,207503.92,207503.92,0
03021300,122399.5,122399.5,0
03021400,63387.25999999999,63387.25999999999,0
03021900,757595.9100000001,757595.9100000001,0
03022200,41.08,41.08,0
03022300,2188.48,2188.48,0
03022400,34917.5,34917.5,0
03022900,406764.49,406764.49,0
03023100,7807.63,7807.63,0
03023200,10072.34,10072.34,0
03023300,20975.9,20975.9,0
03023400,898.97,898.97,0
03023500,78.4,78.4,0
03023600,284.67,284.67,0
03023900,101791.87,101791.87,0
03024000,27206.88,27206.88,0
03024100,18,18,0
03024210,83.45,83.45,0
03024290,69272.74,69272.74,0
03024300,63199.42,63199.42,0
03024400,5610,5610,0
03024500,2062.75,2062.75,0
03024600,14,14,0
03024700,349202.69,349202.69,0
03024910,22451.41,22451.41,0
03024990,1422685.98,1422685.98,0
03025100,3850.49,3850.49,0
03025200,614.79,614.79,0
03025300,56117.23999999998,56117.23999999998,0
03025400,1043.24,1043.24,0
03025500,114.22,114.22,0
03025600,426.21,426.21,0
03025900,14447.21,14447.21,0
03026942,2133379.18,2133379.18,0
03026943,10000,10000,0
03026945,8250,8250,0
03026953,5087.99,5087.99,0
03026954,13125.8,13125.8,0
03026990,62257.96,62257.96,0
03027100,3466289.43,3466289.43,0
03027290,15488.17,15488.17,0
03027300,3575.28,3575.28,0
03027400,1280,1280,0
03027900,4264.79,4264.79,0
03028100,20018.46,20018.46,0
03028200,143,143,0
03028400,435.87,435.87,0
03028910,478,478,0
03028922,1148.45,1148.45,0
03028923,2120,2120,0
03028924,335.18,335.18,0
03028931,57.65,57.65,0
03028932,214129.64,214129.64,0
03028933,865107.32,865107.32,0
03028934,5768.9,5768.9,0
03028935,550.63,550.63,0
03028937,1486271.64,1486271.64,0
03028938,3845.81,3845.81,0
03028941,4527.36,4527.36,0
03028942,15626.76,15626.76,0
03028943,217711.12,217711.12,0
03028944,5839563.310000001,5839563.310000001,0
03028945,38707.96,38707.96,0
03028990,1360940.46,1360940.46,0
03029100,4376.8,4376.8,0
03029110,402527.13,402527.13,0
03029190,62702.63,62702.63,0
03029200,528.88,528.88,0
03029900,2060666.08,2060666.08,0
03031035,716.8,0,-716.8
03031100,25953.94,25953.94,0
03031200,592.5999999999999,592.5999999999999,0
03031300,14112.19,14112.19,0
03031900,90172.21999999999,90172.21999999999,0
03032300,48568.66,48568.66,0
03032410,205.42,205.42,0
03032490,1255.95,1255.95,0
03032500,35,35,0
03032600,75,75,0
03032900,62534.75999999998,62534.75999999998,0
03033100,149,149,0
03033200,25859.14,25859.14,0
03033300,571.3,571.3,0
03033400,199.74,199.74,0
03033900,43541.14,43541.14,0
03034100,45.8,45.8,0
03034200,12909.3,12909.3,0
03034300,56649.58,56649.58,0
03034400,915.59,915.59,0
03034500,150,150,0
03034600,2661.34,2661.34,0
03034900,35135.83,35135.83,0
03035100,39852.10000000001,39852.10000000001,0
03035200,750,750,0
03035300,209453.68,209453.68,0
03035400,324038.44,324038.44,0
03035500,4580,4580,0
03035700,199,199,0
03035910,8.99,8.99,0
03035990,179506.83,179506.83,0
03036219,1730,1730,0
03036300,130407.55,130407.55,0
03036400,9200,9200,0
03036500,6677.659999999998,6677.659999999998,0
03036700,155.97,155.97,0
03036800,97.31,97.31,0
03036990,11081,11081,0
03037500,54.5,54.5,0
03037952,4080.73,4080.73,0
03037953,22400,22400,0
03037990,13100,13100,0
03038111,446.89,446.89,0
03038114,5219.57,5219.57,0
03038119,189147.5,189147.5,0
03038190,1754.92,1754.92,0
03038200,239.78,239.78,0
03038311,345,345,0
03038312,206,206,0
03038319,4177.6,4177.6,0
03038329,36258.11,36258.11,0
03038400,570,570,0
03038910,89271.76000000001,89271.76000000001,0
03038920,291244.92,291244.92,0
03038933,13601.78,13601.78,0
03038943,560.78,560.78,0
03038945,55467.7,55467.7,0
03038946,18.9,18.9,0
03038951,49379.73,49379.73,0
03038952,1028669.08,1028669.08,0
03038953,152955.24,152955.24,0
03038954,57.86,57.86,0
03038955,1062.19,1062.19,0
03038956,18301.43,18301.43,0
03038961,22111.85,22111.85,0
03038962,1185.1,1185.1,0
03038963,566614.88,566614.88,0
03038964,759436.92,759436.92,0
03038965,17152.59,17152.59,0
03038990,1010600.63,1010600.63,0
03039110,157.8,157.8,0
03039190,219275.4100000001,219275.4100000001,0
03039200,32.5,32.5,0
03039920,524.49,524.49,0
03039990,87684.62,87684.62,0
03042090,1561.93,1561.93,0
03042930,130.62,130.62,0
03043100,551491.97,551491.97,0
03043210,111.28,111.28,0
03043290,158730.71,158730.71,0
03043300,83.6,83.6,0
03043900,120131.08,120131.08,0
03044100,35010.05000000001,35010.05000000001,0
03044200,1350,1350,0
03044300,511.02,511.02,0
03044400,39360,39360,0
03044600,7806.650000000001,7806.650000000001,0
03044700,207.8,207.8,0
03044800,250,250,0
03044920,75.84,75.84,0
03044990,15700.7,15700.7,0
03045100,62226.23,62226.23,0
03045200,831.3499999999999,831.3499999999999,0
03045300,41867.79,41867.79,0
03045400,1271.61,1271.61,0
03045600,80.4,80.4,0
03045900,5327.15,5327.15,0
03046100,1119797.37,1119797.37,0
03046210,398,398,0
03046290,162235.94,162235.94,0
03046900,6625.59,6625.59,0
03047100,2553.3,2553.3,0
03047200,1954.400000000001,1954.400000000001,0
03047300,2704.77,2704.77,0
03047400,72924.73000000001,72924.73000000001,0
03047500,4660.61,4660.61,0
03047900,698.49,698.49,0
03048100,146460.84,146460.84,0
03048200,611.28,611.28,0
03048300,124075.47,124075.47,0
03048600,394.8,394.8,0
03048700,858.98,858.98,0
03048890,22757.91999999999,22757.91999999999,0
03048990,211507.4300000001,211507.4300000001,0
03049100,874.5,874.5,0
03049211,209,209,0
03049212,227.3,227.3,0
03049219,1177.1,1177.1,0
03049222,6682,6682,0
03049229,1167.62,1167.62,0
03049300,27570.97,27570.97,0
03049400,6203.039999999998,6203.039999999998,0
03049500,9805.930000000002,9805.930000000002,0
03049600,3760.2,3760.2,0
03049700,3855.5,3855.5,0
03049900,722691.5599999999,722691.5599999999,0
03052000,1115.72,1115.72,0
03052010,216.84,216.84,0
03052090,335828.64,335828.64,0
03053100,5985,5985,0
03053210,3084.07,3084.07,0
03053220,1587.66,1587.66,0
03053230,29.9,29.9,0
03053290,503409.69,503409.69,0
03053900,113778.1,113778.1,0
03053990,18,18,0
03054100,9086.64,9086.64,0
03054200,612,612,0
03054400,3747.89,3747.89,0
03054910,1225.81,1225.81,0
03054920,37.99,37.99,0
03054990,258.25,258.25,0
03055100,84895.16,84895.16,0
03055200,1148.96,1148.96,0
03055310,2837.74,2837.74,0
03055390,4331.040000000001,4331.040000000001,0
03055400,125.54,125.54,0
03055900,19463.13,19463.13,0
03055905,1328.4,0,-1328.4
03056200,63193.92999999999,63193.92999999999,0
03056300,197,197,0
03056400,160,160,0
03056910,3438.82,3438.82,0
03056990,38581.18000000001,38581.18000000001,0
03057100,705,705,0
03057200,6121.160000000002,6121.160000000002,0
03057900,10477.54,10477.54,0
03061110,92468.84,92468.84,0
03061190,9908.3,9908.3,0
03061200,486961.15,486961.15,0
03061300,11671.8,11671.8,0
03061400,3116.71,3116.71,0
03061610,4554.799999999999,4554.799999999999,0
03061690,23320.37999999999,23320.37999999999,0
03061710,137004.3,137004.3,0
03061790,287814.1,287814.1,0
03061910,2522.5,2522.5,0
03061990,1735215.36,1735215.36,0
03062100,4,4,0
03063100,938.16,938.16,0
03063300,12,12,0
03063600,293436.11,293436.11,0
03063910,4.99,4.99,0
03063990,26922.46,26922.46,0
03069300,1180,1180,0
03069500,210611.72,210611.72,0
03069910,3850,3850,0
03069990,14563.64,14563.64,0
03071100,1452.5,1452.5,0
03071200,29.85,29.85,0
03071900,3755.2,3755.2,0
03072100,48882.86,48882.86,0
03072200,86699.7,86699.7,0
03072900,21452.78,21452.78,0
03073100,113.8,113.8,0
03073200,4626.01,4626.01,0
03073900,2751.19,2751.19,0
03074200,6143,6143,0
03074310,533854.5800000001,533854.5800000001,0
03074320,1845.47,1845.47,0
03074900,101273.28,101273.28,0
03074919,45400,45400,0
03075100,4916.23,4916.23,0
03075200,89288.45999999999,89288.45999999999,0
03075900,27942.88,27942.88,0
03076000,39.28,39.28,0
03077100,126,126,0
03077200,109.95,109.95,0
03077900,862,862,0
03078100,1456.52,1456.52,0
03078200,128.9,128.9,0
03078300,115.6,115.6,0
03079100,1558,1558,0
03079200,554.4100000000001,554.4100000000001,0
03079900,3789.99,3789.99,0
03081100,1335.11,1335.11,0
03081900,81930.71,81930.71,0
03082100,31.8,31.8,0
03082900,21710,21710,0
03089000,9037.68,9037.68,0
03091000,50109.20999999996,50109.20999999996,0
03099000,121276.82,121276.82,0
03105600,4315,0,-4315
03201402,450,0,-450
03214900,13.5,0,-13.5
03216548,8.5,0,-8.5
03230015,159442.15,0,-159442.15
03232323,3800,0,-3800
03303330,880,0,-880
03380000,178.25,0,-178.25
03402500,169.6,0,-169.6
03402903,607.2,0,-607.2
03409203,672,0,-672
03433100,483.95,0,-483.95
03506190,34.8,0,-34.8
03654123,1826,0,-1826
03808419,200.99,0,-200.99
03917490,18,0,-18
03923211,824,0,-824
03923219,3040,0,-3040
03923900,4050,0,-4050
03926906,25.2,0,-25.2
04006200,160,0,-160
04009390,578.9,0,-578.9
04011010,880476.6700000002,880476.6700000002,0
04011090,374491.28,374491.28,0
04011210,1797,0,-1797
04011400,554,0,-554
04012010,10290925.11,10290925.11,0
04012090,1036296.78,1036296.78,0
04013010,8019.46,8019.46,0
04013020,43.58000000000001,0,-43.58000000000001
04013021,592.4599999999999,592.4599999999999,0
04013029,367.9499999999999,367.9499999999999,0
04014010,316722.44,316722.44,0
04014021,105823.96,105823.96,0
04014029,58330.73000000001,58330.73000000001,0
04015010,5335003.279999997,5335003.279999997,0
04015021,2231047.589999998,2231047.589999998,0
04015029,795201.09,795201.09,0
04016699,64,0,-64
04017000,861.5,0,-861.5
04021010,29471.24999999999,29471.24999999999,0
04021090,277330.05,277330.05,0
04022110,5482794.299999999,5482794.299999999,0
04022120,99876.89000000001,99876.89000000001,0
04022130,121703.88,121703.88,0
04022910,109933.63,109933.63,0
04022920,13764.38,13764.38,0
04022930,102469.79,102469.79,0
04029100,19539.69999999999,19539.69999999999,0
04029900,3890186.479999996,3890186.479999996,0
04029990,46.6,0,-46.6
04031000,9766.08,9766.08,0
04032000,1243289.149999999,1243289.149999999,0
04039000,722974.7699999996,722974.7699999996,0
04040013,140,0,-140
04041000,18597504.01,18597504.01,0
04049000,5993850.6,5993850.6,0
04051000,1353999.129999998,1353999.129999998,0
04051900,24,0,-24
04052000,4009.119999999996,4009.119999999996,0
04059010,45298,45298,0
04059090,14756.25999999999,14756.25999999999,0
04061000,1559.7,0,-1559.7
04061010,9077569.830000004,9077569.830000004,0
04061090,2203956.809999996,2203956.809999996,0
04062000,552705.13,552705.13,0
04063000,223584.11,223584.11,0
04064000,83388.04000000001,83388.04000000001,0
04069000,20.5,0,-20.5
04069010,493070.1200000001,493070.1200000001,0
04069011,119.65,0,-119.65
04069020,673800.7300000001,673800.7300000001,0
04069021,28.58,0,-28.58
04069030,148287.76,148287.76,0
04069090,497251.6300000001,497251.6300000001,0
04070011,9243.080000000002,9243.080000000002,0
04070090,9288.35,9288.35,0
04071100,209111084.1,209111084.1,0
04071900,642712.5499999999,642712.5499999999,0
04072100,74842637.39,74842637.39,0
04072900,7352102.63,7352102.63,0
04079000,8477158.34,8477158.34,0
04081100,7210.809999999999,7210.809999999999,0
04081900,27884.73,27884.73,0
04089100,584116.38,584116.38,0
04089900,1598625.31,1598625.31,0
04090000,484224.38,484224.38,0
04091010,1131.15,0,-1131.15
04096010,20.93,0,-20.93
04100000,9908.37,9908.37,0
04101000,15241.31,15241.31,0
04109000,57694.43999999999,57694.43999999999,0
04240618,399.99,0,-399.99
04248121,7.6,0,-7.6
04414000,1980,0,-1980
04421230,378,0,-378
04479990,2180,0,-2180
04602000,3065.9,0,-3065.9
04779099,425,0,-425
05010000,15870.85,15870.85,0
05021011,2333.68,2333.68,0
05021019,7334.289999999999,7334.289999999999,0
05021090,4611.56,4611.56,0
05029010,407.38,407.38,0
05029020,51.94,51.94,0
05032015,51.95999999999999,0,-51.95999999999999
05032900,3149.76,0,-3149.76
05040010,39.46,0,-39.46
05040011,2603260921.119999,2603260921.119999,0
05040012,1171533.75,1171533.75,0
05040013,73316.76999999999,73316.76999999999,0
05040019,4734.04,4734.04,0
05040090,90369.48999999998,90369.48999999998,0
05051000,209.62,209.62,0
05059000,583736.2,583736.2,0
05061000,29281.55,29281.55,0
05069000,3352683.23,3352683.23,0
05070000,41.64,0,-41.64
05079000,196031.31,196031.31,0
05080000,240261.37,240261.37,0
05100010,5586.98,5586.98,0
05100090,2612254.79,2612254.79,0
05111000,231303661.07,231303661.07,0
05119110,2212.75,2212.75,0
05119190,3032742.03,3032742.03,0
05119910,71900233.28,71900233.28,0
05119920,56774614.44,56774614.44,0
05119930,2613.09,2613.09,0
05119990,6,6,0
05119991,4584.9,4584.9,0
05119999,15402076.6,15402076.6,0
05154145,156,0,-156
05187481,7.8,0,-7.8
05405060,630,0,-630
05471230,7756.56,0,-7756.56
05607509,228.39,0,-228.39
06010001,299,0,-299
06011000,1577789.95,1577789.95,0
06012000,33496862.53,33496862.53,0
06020989,62589.77,0,-62589.77
06021000,5865135.160000004,5865135.160000004,0
06022000,19385347.1,19385347.1,0
06022200,64669,0,-64669
06022902,1200,0,-1200
06023000,2476053.79,2476053.79,0
06024000,20071.23,20071.23,0
06028990,240,0,-240
06029010,119394.92,119394.92,0
06029020,79854.48999999999,0,-79854.48999999999
06029021,55427244.96000001,55427244.96000001,0
06029029,47516178.11,47516178.11,0
06029069,31500,0,-31500
06029081,138753807.56,138753807.56,0
06029082,3582920.92,3582920.92,0
06029083,30548104.65000001,30548104.65000001,0
06029089,94671887.18,94671887.18,0
06029090,89663689.93,89663689.93,0
06031000,4141.96,4141.96,0
06031100,491495.6799999999,491495.6799999999,0
06031200,24815.96,24815.96,0
06031300,126536.29,126536.29,0
06031400,56997.99,56997.99,0
06031500,26061.22,26061.22,0
06031900,2042837.25,2042837.25,0
06039000,1881228.14,1881228.14,0
06040000,121.29,0,-121.29
06041000,10,10,0
06042000,162176.58,162176.58,0
06049000,1560411.73,1560411.73,0
06049100,1368,1368,0
06109100,250,0,-250
06170000,704.98,0,-704.98
06205900,66.9,0,-66.9
06377024,310,0,-310
06505901,700,0,-700
06805000,16.92,0,-16.92
06914900,529,0,-529
06934090,24.75,0,-24.75
07000000,260.45,0,-260.45
07010000,250,0,-250
07011000,78385198.89000002,78385198.89000002,0
07019000,132269017.85,132269017.85,0
07020000,24182307.66,24182307.66,0
07021400,15.5,0,-15.5
07024000,185.33,0,-185.33
07031001,111.86,0,-111.86
07031010,1705.71,0,-1705.71
07031011,27982323.11,27982323.11,0
07031019,16238288.98,16238288.98,0
07031021,1905.82,1905.82,0
07031029,78214.53,78214.53,0
07032000,13.49,0,-13.49
07032010,31390669.28,31390669.28,0
07032090,187675243,187675243,0
07033070,439.8,0,-439.8
07039010,225279.23,225279.23,0
07039090,5298112,5298112,0
07040000,66.06,0,-66.06
07041000,11231651.71,11231651.71,0
07041001,835.1600000000002,0,-835.1600000000002
07042000,52559.82,52559.82,0
07042100,117.38,0,-117.38
07049000,9996150.31,9996150.31,0
07049002,315.69,0,-315.69
07049003,33,0,-33
07050190,35,0,-35
07051000,44.97,0,-44.97
07051100,755880.9799999995,755880.9799999995,0
07051900,4907198.599999996,4907198.599999996,0
07052100,1362434.04,1362434.04,0
07052900,266829.35,266829.35,0
07060000,13557.65,0,-13557.65
07061000,57659878.28000002,57659878.28000002,0
07069000,7510698.739999999,7510698.739999999,0
07070000,4499726.239999999,4499726.239999999,0
07081000,131557.51,131557.51,0
07082000,62922.75,62922.75,0
07082999,1923,0,-1923
07089000,1686567.07,1686567.07,0
07089001,673.1700000000001,0,-673.1700000000001
07089493,1900,0,-1900
07089990,2691.82,0,-2691.82
07091000,503.03,503.03,0
07092000,19787.05,19787.05,0
07093000,203046.87,203046.87,0
07094000,24947.92,24947.92,0
07095100,10075.52,10075.52,0
07095200,6478.370000000001,6478.370000000001,0
07095300,158.91,158.91,0
07095400,275.56,275.56,0
07095500,2317.78,2317.78,0
07095600,8216,8216,0
07095900,2557371.67,2557371.67,0
07096000,3167862.689999999,3167862.689999999,0
07096004,45.98,0,-45.98
07096007,93.97999999999999,0,-93.97999999999999
07097000,35673.47,35673.47,0
07099000,6447.219999999999,6447.219999999999,0
07099011,95.64,95.64,0
07099090,10891.9,10891.9,0
07099100,17180.85,17180.85,0
07099200,30112.76,30112.76,0
07099300,12704712.74,12704712.74,0
07099600,44.9,0,-44.9
07099909,461.28,0,-461.28
07099911,16800863.32,16800863.32,0
07099919,2471865.95,2471865.95,0
07099990,4341855.989999998,4341855.989999998,0
07101000,30322713.63000001,30322713.63000001,0
07101220,8,0,-8
07102100,45724.53,45724.53,0
07102200,3395.829999999999,3395.829999999999,0
07102900,73945.81999999996,73945.81999999996,0
07103000,2565.4,2565.4,0
07104000,3469067.78,3469067.78,0
07108000,626712.38,626712.38,0
07109000,737585.2,737585.2,0
07112010,2216.1,2216.1,0
07112020,1021.26,1021.26,0
07112090,1696.52,1696.52,0
07114000,149995.27,149995.27,0
07115100,1702.690000000001,1702.690000000001,0
07115900,14877.63,14877.63,0
07119000,88481.50000000003,88481.50000000003,0
07121000,6.97,0,-6.97
07122000,8360636.12,8360636.12,0
07123100,17391.28,17391.28,0
07123200,408.32,408.32,0
07123300,207.99,207.99,0
07123400,3725.78,3725.78,0
07123900,229251,229251,0
07129010,263477.4,263477.4,0
07129090,10655999.13,10655999.13,0
07131010,2280332.14,2280332.14,0
07131090,125479.31,125479.31,0
07132010,15581.94,15581.94,0
07132090,56842.01000000001,56842.01000000001,0
07133000,5143.42,0,-5143.42
07133110,1528716.6,1528716.6,0
07133119,59,0,-59
07133190,2158182.45,2158182.45,0
07133210,1112746.63,1112746.63,0
07133290,1882768.68,1882768.68,0
07133300,80139.52,0,-80139.52
07133311,26266525.22,26266525.22,0
07133313,1056.95,0,-1056.95
07133319,14733456.39,14733456.39,0
07133320,12.98,0,-12.98
07133321,35775624.23999999,35775624.23999999,0
07133329,3511873.64,3511873.64,0
07133390,5.98,0,-5.98
07133391,130275527.27,130275527.27,0
07133392,4276.999999999999,0,-4276.999999999999
07133399,83804109.31,83804109.31,0
07133410,1463.16,1463.16,0
07133490,780.75,780.75,0
07133510,563764.05,563764.05,0
07133590,13917647.5,13917647.5,0
07133910,5024523.310000001,5024523.310000001,0
07133990,9882631.949999997,9882631.949999997,0
07134010,17,17,0
07134090,152642.99,152642.99,0
07135010,378.75,378.75,0
07135090,137267.01,137267.01,0
07136010,470049.82,470049.82,0
07136090,194689.11,194689.11,0
07139010,71599.22,71599.22,0
07139090,3928692.57,3928692.57,0
07141000,4806542.739999999,4806542.739999999,0
07141004,84,0,-84
07142000,9793208.549999999,9793208.549999999,0
07142001,483.0600000000001,0,-483.0600000000001
07143000,3101358.51,3101358.51,0
07144000,2436.16,2436.16,0
07145000,18702.46,18702.46,0
07149000,2252440.13,2252440.13,0
07161000,174.94,0,-174.94
07200000,64,0,-64
07308900,9500,0,-9500
07318000,214.4,0,-214.4
07320000,110,0,-110
07378199,159,0,-159
07833399,987,0,-987
07891103,16,0,-16
07907000,20,0,-20
08000000,375.87,0,-375.87
08010900,3853.5,0,-3853.5
08011100,1043797.12,1043797.12,0
08011110,2664.37,2664.37,0
08011190,905.26,905.26,0
08011200,20403.33,20403.33,0
08011900,608468.5,608468.5,0
08012100,20979.94,20979.94,0
08012200,88753.20999999999,88753.20999999999,0
08013100,9339.149999999996,9339.149999999996,0
08013200,194047.11,194047.11,0
08021100,2635.900000000001,2635.900000000001,0
08021200,32479.99000000001,32479.99000000001,0
08021201,80.64,0,-80.64
08022100,893.0899999999999,893.0899999999999,0
08022200,1399.81,1399.81,0
08023100,55036.94,55036.94,0
08023200,76884.9,76884.9,0
08024100,7393.969999999999,7393.969999999999,0
08024200,1470.57,1470.57,0
08025100,6284.269999999999,6284.269999999999,0
08025200,13096.42,13096.42,0
08026100,1846.15,1846.15,0
08026200,5721.3,5721.3,0
08027000,224.03,224.03,0
08029000,3004.99,3004.99,0
08029100,25563.38,25563.38,0
08029200,2374.58,2374.58,0
08029900,9167.57,9167.57,0
08030000,40055.02999999998,40055.02999999998,0
08031000,5294470.049999999,5294470.049999999,0
08039000,6868854.8,6868854.8,0
08041010,45639.22000000001,45639.22000000001,0
08041020,46329.89,46329.89,0
08042010,13670.46,13670.46,0
08042020,2644.96,2644.96,0
08043000,5278834.47,5278834.47,0
08043001,52.5,0,-52.5
08044000,10439799.88,10439799.88,0
08045010,126703.14,126703.14,0
08045020,5247014.480000001,5247014.480000001,0
08045030,17168.2,17168.2,0
08051000,52991452.27999999,52991452.27999999,0
08052000,4245.599999999999,4245.599999999999,0
08052019,159.6,0,-159.6
08052100,3751840.04,3751840.04,0
08052200,3678.63,3678.63,0
08052900,1299262.31,1299262.31,0
08053000,1304.08,1304.08,0
08053020,100.8,0,-100.8
08054000,1818.17,1818.17,0
08055000,6985755.779999999,6985755.779999999,0
08059000,3497514.629999999,3497514.629999999,0
08060000,78.24,0,-78.24
08061000,1389644.759999998,1389644.759999998,0
08061010,25.35,0,-25.35
08062000,281810.05,281810.05,0
08071000,17.32,0,-17.32
08071100,11928037.33,11928037.33,0
08071900,1533417.709999999,1533417.709999999,0
08072000,9801730.530000001,9801730.530000001,0
08081000,3596956.349999999,3596956.349999999,0
08082010,2344.34,2344.34,0
08082020,2169.38,2169.38,0
08083000,2669333.67,2669333.67,0
08083019,15887.3,0,-15887.3
08084000,229925.6,229925.6,0
08091000,24849.82,24849.82,0
08092100,2688.88,2688.88,0
08092900,18385.28,18385.28,0
08093010,513674.24,513674.24,0
08093020,74484.33999999998,74484.33999999998,0
08094000,681661.2000000001,681661.2000000001,0
08099999,580,0,-580
08101000,22511678.81,22511678.81,0
08102000,9505.449999999995,9505.449999999995,0
08103000,13.21,13.21,0
08104000,64920.96,64920.96,0
08105000,245441.9,245441.9,0
08107000,1050640.12,1050640.12,0
08109000,7542.24,7542.24,0
08109001,77.09,0,-77.09
08109011,51586.08,51586.08,0
08109012,7002.95,7002.95,0
08109013,1202.93,1202.93,0
08109014,139744.16,139744.16,0
08109015,676318.71,676318.71,0
08109016,586878.4199999999,586878.4199999999,0
08109017,180349.65,180349.65,0
08109090,618277.86,618277.86,0
08111000,256188.31,256188.31,0
08112000,8975.14,8975.14,0
08119000,708579.2800000001,708579.2800000001,0
08121000,7781.029999999999,7781.029999999999,0
08129000,52550.23000000001,52550.23000000001,0
08131000,63932.54000000001,63932.54000000001,0
08132010,50679.62,50679.62,0
08132020,74358.16000000002,74358.16000000002,0
08133000,53450.13,53450.13,0
08134010,3929.140000000002,3929.140000000002,0
08134090,26611.45999999999,26611.45999999999,0
08135000,114878.66,114878.66,0
08140000,404906.65,404906.65,0
08194686,143,0,-143
08201400,48.89,0,-48.89
08205590,40,0,-40
08213000,55,0,-55
08232010,94,0,-94
08253285,70,0,-70
08317280,10.9,0,-10.9
08409912,250,0,-250
08413302,85.37,0,-85.37
08414801,2100.5,0,-2100.5
08424812,411.6,0,-411.6
08424821,424,0,-424
08432900,7109.57,0,-7109.57
08467119,1032.5,0,-1032.5
08481801,855.5,0,-855.5
08482090,80,0,-80
08503090,5071.08,0,-5071.08
08507109,8819.5,0,-8819.5
08511900,677,0,-677
08515010,5900,0,-5900
08517624,6000,0,-6000
08544900,303.75,0,-303.75
08708000,231,0,-231
08708800,908.61,0,-908.61
08708990,9400,0,-9400
08749200,221.9,0,-221.9
08789200,35.3,0,-35.3
08859630,55,0,-55
08925613,33.99,0,-33.99
08990000,129.62,0,-129.62
08990021,399,0,-399
08990040,204,0,-204
08990055,511.29,0,-511.29
08990099,180.3,0,-180.3
08999000,4998.88,0,-4998.88
08999200,2638.74,0,-2638.74
08999900,165,0,-165
08999990,3400,0,-3400
08999999,15.2,0,-15.2
09011110,43101755.25,43101755.25,0
09011190,1254269.64,1254269.64,0
09011200,124495.28,124495.28,0
09012000,4804.849999999999,0,-4804.849999999999
09012100,31446522.25000001,31446522.25000001,0
09012200,314655.55,314655.55,0
09019000,1740681.76,1740681.76,0
09021000,171655.83,171655.83,0
09022000,13926.64,13926.64,0
09023000,30295.84,30295.84,0
09024000,2670.47,2670.47,0
09030000,3093.55,0,-3093.55
09030010,122633.87,122633.87,0
09030090,1941328.059999998,1941328.059999998,0
09041000,22,0,-22
09041100,609473.22,609473.22,0
09041200,384061.33,384061.33,0
09042000,518.0400000000001,518.0400000000001,0
09042100,224482.18,224482.18,0
09042200,102805.96,102805.96,0
09051000,55247.60000000001,55247.60000000001,0
09052000,3379.2,3379.2,0
09061000,33.75,33.75,0
09061100,81821.63,81821.63,0
09061900,164660.24,164660.24,0
09062000,133750.99,133750.99,0
09070000,459.39,459.39,0
09071000,91682.29000000001,91682.29000000001,0
09072000,9841.349999999999,9841.349999999999,0
09081000,12,12,0
09081100,12054.19,12054.19,0
09081200,18367.5,18367.5,0
09082100,34.90000000000001,34.90000000000001,0
09083100,225.04,225.04,0
09083200,3605.86,3605.86,0
09090290,399,0,-399
09092000,1043.23,1043.23,0
09092100,89038.24000000002,89038.24000000002,0
09092200,11709.52,11709.52,0
09093000,1081.18,1081.18,0
09093100,52946.15999999999,52946.15999999999,0
09093200,49096.06999999999,49096.06999999999,0
09096110,123241.15,123241.15,0
09096120,12220.13,12220.13,0
09096190,17385.26,17385.26,0
09096210,6311.8,6311.8,0
09096220,127.46,127.46,0
09096290,42199.91000000001,42199.91000000001,0
09101000,19.09,19.09,0
09101100,489807.54,489807.54,0
09101200,21348.6,21348.6,0
09102000,291437.08,291437.08,0
09103000,90219.32000000002,90219.32000000002,0
09104000,11.95,11.95,0
09109100,30356.42,30356.42,0
09109900,320390.9,320390.9,0
09135802,28,0,-28
09164856,350,0,-350
09179528,12,0,-12
09194070,14,0,-14
09194080,7596,0,-7596
09358980,89,0,-89
09385089,110,0,-110
09401690,9828.78,0,-9828.78
09512798,124,0,-124
09529850,50,0,-50
09603100,120,0,-120
09603900,64,0,-64
10000000,127429.01,0,-127429.01
10000001,63573.9,0,-63573.9
10000011,2080,0,-2080
10003167,125,0,-125
10007900,50.37,0,-50.37
10007901,32.76,0,-32.76
10011010,66813.82,66813.82,0
10011090,190800,190800,0
10011100,221640906.82,221640906.82,0
10011900,21268266.11,21268266.11,0
10012011,14770.62999999999,0,-14770.62999999999
10016000,170,0,-170
10019000,24298.3,0,-24298.3
10019010,136.8,136.8,0
10019100,75786919.11,75786919.11,0
10019900,70500751.79,70500751.79,0
10020010,49.5,49.5,0
10021000,10641359.96,10641359.96,0
10021002,239.7,0,-239.7
10021144,17,0,-17
10025486,17.5,0,-17.5
10029000,1429453.61,1429453.61,0
10029646,1440,0,-1440
10030091,7,7,0
10030098,210,210,0
10030722,170,0,-170
10031000,39469526.43999999,39469526.43999999,0
10039010,2362777.279999999,2362777.279999999,0
10039080,3061378.72,3061378.72,0
10039090,3517617.57,3517617.57,0
10040010,2440,2440,0
10040090,1258.7,1258.7,0
10041000,43344363.64,43344363.64,0
10045916,180,0,-180
10049000,58307297.50999999,58307297.50999999,0
10049020,36.9,0,-36.9
10051000,10584046853.78,10584046853.78,0
10051500,4000,0,-4000
10052000,7538.5,0,-7538.5
10052920,1155.75,0,-1155.75
10058000,20,0,-20
10059002,54540,0,-54540
10059010,8496751641.940001,8496751641.940001,0
10059090,147908761.29,147908761.29,0
10061000,189200,0,-189200
10061010,309413333.28,309413333.28,0
10061091,752625.8099999999,752625.8099999999,0
10061092,54390914.15000001,54390914.15000001,0
10062000,20,0,-20
10062010,1448578.95,1448578.95,0
10062020,3341892.99,3341892.99,0
10063011,6637302.33,6637302.33,0
10063019,1001945.11,1001945.11,0
10063021,53760153.86000001,53760153.86000001,0
10063029,2076822.53,2076822.53,0
10063110,79109.90000000001,0,-79109.90000000001
10063121,100.76,0,-100.76
10064000,4503031.36,4503031.36,0
10070010,2154542.09,2154542.09,0
10070090,5721920.27,5721920.27,0
10071000,463498662.9499999,463498662.9499999,0
10079000,1403835157.77,1403835157.77,0
10079999,300,0,-300
10081010,9223625.26,9223625.26,0
10081090,1117122.59,1117122.59,0
10082010,64640,64640,0
10082090,247,247,0
10082110,227010530.88,227010530.88,0
10082190,3693039.6,3693039.6,0
10082900,103941.37,103941.37,0
10082910,184710063.68,184710063.68,0
10082990,4106184.86,4106184.86,0
10083010,3300.46,3300.46,0
10083090,153091.09,153091.09,0
10084010,103492.8,103492.8,0
10084090,6152.350000000001,6152.350000000001,0
10085010,548197.6799999999,548197.6799999999,0
10085090,84706.2,84706.2,0
10086010,2070658.85,2070658.85,0
10086090,6702219.880000002,6702219.880000002,0
10089010,15660308.68,15660308.68,0
10089090,54079246.03999998,54079246.03999998,0
10092110,373.13,0,-373.13
10092190,2450,0,-2450
10099100,61,0,-61
10101010,2942.42,0,-2942.42
10102010,119.9,0,-119.9
10103300,596,0,-596
10105110,500,0,-500
10115761,240,0,-240
10119200,440,0,-440
10119900,1870,0,-1870
10120008,25,0,-25
10129000,5.76,0,-5.76
10131900,555,0,-555
10133399,151.8,0,-151.8
10137000,48,0,-48
10151900,30,0,-30
10153589,1770,0,-1770
10169300,238.72,0,-238.72
10169990,240,0,-240
10201245,40,0,-40
10203020,45,0,-45
10203040,50,0,-50
10250000,9.75,0,-9.75
10301100,37329,0,-37329
10301210,1730,0,-1730
10301310,1034,0,-1034
10302000,2600,0,-2600
10354649,100,0,-100
10401199,250,0,-250
10482582,35,0,-35
10516320,1498,0,-1498
10590010,270429.26,0,-270429.26
10601900,1500,0,-1500
10689999,30,0,-30
10699000,134,0,-134
10788152,137,0,-137
10850928,310,0,-310
10853549,35,0,-35
10853949,178,0,-178
10905990,1005,0,-1005
10925028,60,0,-60
10958305,28,0,-28
10987654,100,0,-100
11001100,253.66,0,-253.66
11010010,27317585.33000001,27317585.33000001,0
11010020,237836.8,237836.8,0
11020200,231.25,0,-231.25
11022000,9111160.979999999,9111160.979999999,0
11022102,128,0,-128
11029000,3116751.279999999,3116751.279999999,0
11031100,764428.48,764428.48,0
11031300,36253194.16999999,36253194.16999999,0
11031900,1199193.25,1199193.25,0
11032000,564571.5599999999,564571.5599999999,0
11039021,1.75,0,-1.75
11041200,17684595.27,17684595.27,0
11041900,18145208.21999999,18145208.21999999,0
11042200,3427475.91,3427475.91,0
11042300,281922316.7099999,281922316.7099999,0
11042301,2976.25,0,-2976.25
11042399,1001.9,0,-1001.9
11042900,1154879.28,1154879.28,0
11043000,70237696.87,70237696.87,0
11051000,43576.84,43576.84,0
11052000,82107.35999999999,82107.35999999999,0
11061000,20747.02999999999,20747.02999999999,0
11062000,6298645.27,6298645.27,0
11062001,14368.14,0,-14368.14
11062011,2.25,0,-2.25
11063000,17379.89,17379.89,0
11071010,185103.27,185103.27,0
11071020,215615.08,215615.08,0
11072010,7985.969999999999,7985.969999999999,0
11072020,104079.7,104079.7,0
11081100,1367.41,1367.41,0
11081200,4180817.76,4180817.76,0
11081300,13579.1,13579.1,0
11081400,3712708.439999999,3712708.439999999,0
11081900,302577.92,302577.92,0
11082000,24447.4,24447.4,0
11082015,52.55,0,-52.55
11088190,440,0,-440
11090000,108890.18,108890.18,0
11100012,17,0,-17
11101110,72,0,-72
11111111,27118.93,0,-27118.93
11111115,200,0,-200
11112222,70,0,-70
11112223,9308,0,-9308
11116000,88,0,-88
11122233,6257.65,0,-6257.65
11123555,78,0,-78
11172131,553,0,-553
11190195,220,0,-220
11211211,16,0,-16
11221212,15339.27,0,-15339.27
11222550,8.4,0,-8.4
11222552,304.25,0,-304.25
11223334,22224,0,-22224
11223344,104909.6,0,-104909.6
11384438,575,0,-575
11390104,150,0,-150
11501100,40,0,-40
11801210,6954,0,-6954
11801220,24362.25,0,-24362.25
11803300,1094,0,-1094
12000210,48,0,-48
12001001,48,0,-48
12001310,160,0,-160
12001392,220,0,-220
12001520,3750,0,-3750
12010000,8495.710000000001,0,-8495.710000000001
12010010,29769798.68000001,29769798.68000001,0
12010100,2370,0,-2370
12011000,15040911951.68,15040911951.68,0
12011100,794308.95,0,-794308.95
12012000,507885,0,-507885
12019000,1419579382.35,1419579382.35,0
12020991,11361.61,0,-11361.61
12021000,36,36,0
12021900,11.5,0,-11.5
12022090,106.25,106.25,0
12023000,118187163.15,118187163.15,0
12024100,10105328.31,10105328.31,0
12024200,7468785.239999999,7468785.239999999,0
12029090,128032,0,-128032
12030000,2680736.63,2680736.63,0
12040010,1836093.62,1836093.62,0
12040090,208257.52,208257.52,0
12050010,137084.77,137084.77,0
12050090,900,900,0
12051010,17401863.37,17401863.37,0
12051090,1888836.4,1888836.4,0
12059010,7566315.61,7566315.61,0
12059090,270130.15,270130.15,0
12060010,17307032.27,17307032.27,0
12060090,1051599.22,1051599.22,0
12071010,122.02,122.02,0
12071090,20977503.55,20977503.55,0
12072100,1052409360.45,1052409360.45,0
12072900,535301404.84,535301404.84,0
12073010,4398458.93,4398458.93,0
12073090,8307.97,8307.97,0
12074000,510,0,-510
12074010,22812195.03,22812195.03,0
12074090,16296603,16296603,0
12075010,1249.78,1249.78,0
12075090,1011985.69,1011985.69,0
12076010,200,200,0
12076090,18649.27,18649.27,0
12077010,3804427.92,3804427.92,0
12077090,384.1,384.1,0
12079110,103395,103395,0
12079190,20,20,0
12079910,13729074.97,13729074.97,0
12079990,30591763.03,30591763.03,0
12081000,404576235.7400001,404576235.7400001,0
12089000,3646049.88,3646049.88,0
12089011,96.5,0,-96.5
12091000,198841.31,198841.31,0
12092000,75,0,-75
12092100,1569258.98,1569258.98,0
12092200,4179754.03,4179754.03,0
12092300,1038894.25,1038894.25,0
12092400,28201567.35,28201567.35,0
12092500,31679979.91,31679979.91,0
12092900,1428603170.29,1428603170.29,0
12093000,11752031.84,11752031.84,0
12094900,150,0,-150
12099100,282671671.61,282671671.61,0
12099900,50300902.12999999,50300902.12999999,0
12101000,4071019.44,4071019.44,0
12102010,79997.56000000001,79997.56000000001,0
12102020,15700.43,15700.43,0
12112000,2511.4,2511.4,0
12113000,49846.2,49846.2,0
12114000,469689,469689,0
12115000,162164.54,162164.54,0
12116000,24391.01,24391.01,0
12119010,194089.35,194089.35,0
12119090,3616002.12,3616002.12,0
12122100,1809080.58,1809080.58,0
12122900,251897.02,251897.02,0
12129100,35952.12,35952.12,0
12129200,2571230.05,2571230.05,0
12129300,54840960.03,54840960.03,0
12129400,445.5,445.5,0
12129900,280.13,280.13,0
12129910,4075.26,4075.26,0
12129990,3917997.169999999,3917997.169999999,0
12130000,70995499.81,70995499.81,0
12130600,49.98,0,-49.98
12131415,4262,0,-4262
12140000,95.95,0,-95.95
12141000,3129971.1,3129971.1,0
12149000,338959983.89,338959983.89,0
12153543,30,0,-30
12154541,96327,0,-96327
12155000,4000,0,-4000
12165465,614,0,-614
12180090,1190,0,-1190
12199900,24,0,-24
12209000,49,0,-49
12211252,20,0,-20
12281375,4.99,0,-4.99
12312312,22883.29,0,-22883.29
12333333,200,0,-200
12341234,3322.4,0,-3322.4
12345600,39.96,0,-39.96
12345645,15840,0,-15840
12345670,233,0,-233
12345678,892533.3300000001,0,-892533.3300000001
12345682,226.65,0,-226.65
12345687,119,0,-119
12345789,200,0,-200
12346789,529.1,0,-529.1
12352000,263.79,0,-263.79
12358051,2682.98,0,-2682.98
12365400,160,0,-160
12454845,20,0,-20
12456789,2300,0,-2300
12457845,50,0,-50
12457858,80,0,-80
12458205,132.48,0,-132.48
12510111,75,0,-75
12541025,64,0,-64
12542101,168,0,-168
12586748,65,0,-65
12587496,7450,0,-7450
12587930,7000,0,-7000
12589999,8.38,0,-8.38
12630550,15,0,-15
12790000,3492.4,0,-3492.4
12849700,22.4,0,-22.4
12871817,150,0,-150
13000200,442.7,0,-442.7
13012000,12147.8,12147.8,0
13019000,11585.54,11585.54,0
13019010,112865.4,112865.4,0
13019090,2959104.85,2959104.85,0
13021100,51,51,0
13021110,71960.07999999999,71960.07999999999,0
13021190,310270.49,310270.49,0
13021200,947.15,947.15,0
13021300,227961.88,227961.88,0
13021400,437.3,437.3,0
13021910,14036.66,14036.66,0
13021920,17477.35,17477.35,0
13021930,121.26,121.26,0
13021940,105.22,105.22,0
13021950,6,6,0
13021960,2521.4,2521.4,0
13021991,912.9200000000001,912.9200000000001,0
13021999,2859876.06,2859876.06,0
13022010,37869.8,37869.8,0
13022090,21946.73,21946.73,0
13023100,140308.75,140308.75,0
13023211,24161.12,24161.12,0
13023219,1851.43,1851.43,0
13023220,291800.11,291800.11,0
13023910,36321.23,36321.23,0
13023990,311674.09,311674.09,0
13024000,10724.76,0,-10724.76
13049900,1143.35,0,-1143.35
13050441,7.5,0,-7.5
13063000,43044,0,-43044
13099010,238687.95,0,-238687.95
13143900,19624.75,0,-19624.75
13181500,99.68,0,-99.68
13182100,81.80000000000001,0,-81.80000000000001
13269090,180,0,-180
13300000,159.6,0,-159.6
13345679,399.6,0,-399.6
13911063,199.8,0,-199.8
14011000,2442425.11,2442425.11,0
14012000,5904.809999999999,5904.809999999999,0
14019000,77316.04,77316.04,0
14029090,222.6,0,-222.6
14039000,363.36,363.36,0
14042010,104306.93,104306.93,0
14042090,7017425.14,7017425.14,0
14049000,3,3,0
14049010,43221577.6,43221577.6,0
14049090,7147686.189999999,7147686.189999999,0
14067741,257.52,0,-257.52
14098258,330,0,-330
14273000,40,0,-40
14400490,30,0,-30
14454474,32.64,0,-32.64
14525452,30,0,-30
14551714,330,0,-330
14554657,15,0,-15
14563254,60,0,-60
14565824,1200,0,-1200
14589632,1131.88,0,-1131.88
14789305,18,0,-18
14789630,8.399999999999999,0,-8.399999999999999
14968600,499,0,-499
15011000,615972.86,615972.86,0
15012000,568578.45,568578.45,0
15019000,5949877.58,5949877.58,0
15020000,7,0,-7
15020011,48.9,48.9,0
15021010,3939,0,-3939
15021011,5922343.08,5922343.08,0
15021012,25247.54,25247.54,0
15021019,11403.43,11403.43,0
15021090,168136.49,168136.49,0
15029000,561618.46,561618.46,0
15030000,687670.7,687670.7,0
15041011,1431,1431,0
15041019,26104.98,26104.98,0
15041090,604,604,0
15042000,183816.78,183816.78,0
15043000,77.97,77.97,0
15050010,2794.11,2794.11,0
15050090,440,440,0
15060000,14322786.45,14322786.45,0
15071000,216661279.56,216661279.56,0
15079010,23035.85,23035.85,0
15079011,28132549.96000002,28132549.96000002,0
15079019,3456016.79,3456016.79,0
15079029,144.24,0,-144.24
15079090,10039690.49,10039690.49,0
15081000,5380.190000000001,5380.190000000001,0
15089000,177.25,177.25,0
15091000,42157.05999999998,42157.05999999998,0
15092000,2099314.879999999,2099314.879999999,0
15093000,74540.12,74540.12,0
15094000,45793.30999999999,45793.30999999999,0
15099010,91168.77,91168.77,0
15099090,478940.22,478940.22,0
15100000,1210.92,1210.92,0
15101000,4232.84,4232.84,0
15109000,1268.99,1268.99,0
15111000,776529.03,776529.03,0
15112090,359.6,0,-359.6
15118020,108,0,-108
15119000,955269.0099999999,955269.0099999999,0
15121110,14419.24,14419.24,0
15121120,291.26,291.26,0
15121911,249618,249618,0
15121919,40805.91,40805.91,0
15121920,716.48,716.48,0
15122100,4318536.2,4318536.2,0
15122305,5000,0,-5000
15122910,1618848.69,1618848.69,0
15122990,1533980.72,1533980.72,0
15131100,16400.18,16400.18,0
15131900,147637.3,147637.3,0
15132110,222.5,222.5,0
15132119,738518.5399999999,738518.5399999999,0
15132120,109535.28,109535.28,0
15132911,91.69999999999999,91.69999999999999,0
15132919,149053.24,149053.24,0
15132920,3164.21,3164.21,0
15141910,72533.87000000001,72533.87000000001,0
15141990,2000.29,2000.29,0
15149100,100,100,0
15149910,122.64,122.64,0
15149990,29.68,29.68,0
15151100,35689.03000000001,35689.03000000001,0
15151900,41939.20999999999,41939.20999999999,0
15152100,3893666.959999999,3893666.959999999,0
15152910,501776.5699999999,501776.5699999999,0
15152990,51431.85,51431.85,0
15153000,764468.93,764468.93,0
15155000,7538.01,7538.01,0
15156000,252989.11,252989.11,0
15159010,6576.87,6576.87,0
15159021,574.6300000000001,574.6300000000001,0
15159022,5340.34,5340.34,0
15159090,422817.11,422817.11,0
15160090,156,0,-156
15161000,24255410.6,24255410.6,0
15162000,2786570.31,2786570.31,0
15163000,523.27,523.27,0
15170000,42.9,0,-42.9
15171000,6785334.009999997,6785334.009999997,0
15179010,166871.2199999999,166871.2199999999,0
15179090,462802.87,462802.87,0
15180000,194,194,0
15180010,226501.6,226501.6,0
15180090,14690330.51,14690330.51,0
15190090,125,0,-125
15200010,122265.34,122265.34,0
15200020,40110.31000000001,40110.31000000001,0
15211000,369280.35,369280.35,0
15219011,24245.76,24245.76,0
15219019,20572.74,20572.74,0
15219090,12446.7,12446.7,0
15220000,1078605.35,1078605.35,0
15252525,104,0,-104
15321561,2,0,-2
15426945,460,0,-460
15454443,65,0,-65
15478547,1630,0,-1630
15484626,1925,0,-1925
15486245,540,0,-540
15498451,185.94,0,-185.94
15523364,80,0,-80
15810090,317.24,0,-317.24
15842385,190,0,-190
15963247,9.6,0,-9.6
15987566,12,0,-12
16000000,170,0,-170
16002410,275.8,0,-275.8
16010000,36630336.81000002,36630336.81000002,0
16011000,564.53,0,-564.53
16021000,436630.65,436630.65,0
16022000,344197.45,344197.45,0
16023100,117305.69,117305.69,0
16023200,1620.77,1620.77,0
16023210,68980.87,68980.87,0
16023220,294690.1800000001,294690.1800000001,0
16023230,542419.3200000001,542419.3200000001,0
16023290,150592.18,150592.18,0
16023900,84334.53,84334.53,0
16024100,868388.61,868388.61,0
16024200,58977.16,58977.16,0
16024900,2519422.709999999,2519422.709999999,0
16024922,1594.7,0,-1594.7
16024999,222,0,-222
16025000,48844981.52000002,48844981.52000002,0
16026304,16,0,-16
16029000,722494.66,722494.66,0
16030000,1994.33,1994.33,0
16041100,1248.56,1248.56,0
16041200,174.07,174.07,0
16041210,6.75,0,-6.75
16041310,1797888.28,1797888.28,0
16041390,5922.31,5922.31,0
16041410,161931.71,161931.71,0
16041430,3271.070000000001,3271.070000000001,0
16041500,3941.47,3941.47,0
16041600,27511.92,27511.92,0
16041700,59.9,59.9,0
16041800,842.8699999999999,842.8699999999999,0
16041900,2099.09,2099.09,0
16042010,167550.74,167550.74,0
16042020,8301.319999999996,8301.319999999996,0
16042030,40635.03999999999,40635.03999999999,0
16042090,79531.27,79531.27,0
16043100,5422.82,5422.82,0
16051000,2162.4,2162.4,0
16052900,71724.38,71724.38,0
16053000,560.6,560.6,0
16054000,4075.17,4075.17,0
16055100,1269.98,1269.98,0
16055200,3941.5,3941.5,0
16055300,143.38,143.38,0
16055400,571.22,571.22,0
16055500,2924.08,2924.08,0
16055700,21420,21420,0
16055900,232.4,232.4,0
16056100,139.96,139.96,0
16056200,1806,1806,0
16056300,105.23,105.23,0
16056900,3319.74,3319.74,0
16100000,99.9,0,-99.9
16101900,5450,0,-5450
16251704,36,0,-36
16420000,11,0,-11
16440000,150,0,-150
16720000,65,0,-65
16730100,20,0,-20
16843210,111.9,0,-111.9
17011000,227.1,0,-227.1
17011100,11512.28,11512.28,0
17011200,103846.07,103846.07,0
17011300,2606813.46,2606813.46,0
17011400,11054277.97,11054277.97,0
17013000,1140,0,-1140
17018300,150,0,-150
17019000,65.91,0,-65.91
17019100,45627.00999999999,45627.00999999999,0
17019900,44507838.65000001,44507838.65000001,0
17021100,8703.91,8703.91,0
17021900,76656.15000000001,76656.15000000001,0
17022000,34321.52,34321.52,0
17023011,70590.45,70590.45,0
17023019,126358.84,126358.84,0
17023020,10820.51,10820.51,0
17024010,931.01,931.01,0
17024020,3617.32,3617.32,0
17025000,2983.5,2983.5,0
17026010,15233.48,15233.48,0
17026020,3775.46,3775.46,0
17029000,969213.41,969213.41,0
17031000,6484145.950000001,6484145.950000001,0
17031020,5.98,0,-5.98
17039000,75316.4,75316.4,0
17041000,283210.28,283210.28,0
17044902,8,0,-8
17049000,13.79,0,-13.79
17049010,224743.2399999999,224743.2399999999,0
17049020,1278094.309999997,1278094.309999997,0
17049090,823271.9999999998,823271.9999999998,0
17049099,6436.5,0,-6436.5
17120000,303.2,0,-303.2
17144100,2000,0,-2000
17181500,40,0,-40
17182100,1.08,0,-1.08
17606119,300,0,-300
17897047,45406.85000000001,0,-45406.85000000001
17898040,126,0,-126
18010000,131403.82,131403.82,0
18020000,787620.36,787620.36,0
18031000,694.42,694.42,0
18032000,632,632,0
18040000,19931.59,19931.59,0
18050000,66109.49,66109.49,0
18060000,108,0,-108
18061000,211321.85,211321.85,0
18061010,59.97,0,-59.97
18062000,63168.78999999999,63168.78999999999,0
18063000,31.95,0,-31.95
18063110,522643.5400000001,522643.5400000001,0
18063120,126367.02,126367.02,0
18063210,1197253.939999999,1197253.939999999,0
18063220,106944.58,106944.58,0
18063810,238,0,-238
18069000,6929800.31,6929800.31,0
18069090,396.4,0,-396.4
18080199,115.9,0,-115.9
18081000,6.99,0,-6.99
18081029,4.5,0,-4.5
18096000,39.96,0,-39.96
18154879,30,0,-30
18181000,179.85,0,-179.85
18223888,10,0,-10
18285124,60,0,-60
18351582,58,0,-58
18359591,15,0,-15
18529895,33,0,-33
18590349,12,0,-12
18592581,360,0,-360
18892000,990,0,-990
18974510,70,0,-70
19011010,772444.4299999999,772444.4299999999,0
19011020,175826.12,175826.12,0
19011030,114549.99,114549.99,0
19011090,1389954.18,1389954.18,0
19011200,20.4,0,-20.4
19012000,6423491.179999996,6423491.179999996,0
19012001,21.9,0,-21.9
19012010,1302.76,1302.76,0
19012090,4594.48,4594.48,0
19019010,5830.83,5830.83,0
19019020,650858.27,650858.27,0
19019090,3151741.779999997,3151741.779999997,0
19020991,175.03,0,-175.03
19021000,139,0,-139
19021010,250,0,-250
19021100,3792169.619999997,3792169.619999997,0
19021110,17.94,0,-17.94
19021900,14712208.48000001,14712208.48000001,0
19022000,2221885.39,2221885.39,0
19022099,108,0,-108
19023000,1855272.35,1855272.35,0
19024000,73960.66999999998,73960.66999999998,0
19025000,43.98,0,-43.98
19030000,607810.9000000001,607810.9000000001,0
19035830,35,0,-35
19035928,110,0,-110
19041000,1024896.129999999,1024896.129999999,0
19041099,6,0,-6
19042000,596775.56,596775.56,0
19043000,27588.82000000001,27588.82000000001,0
19049000,4368902.77,4368902.77,0
19049090,215.5,0,-215.5
19050000,261.37,0,-261.37
19050100,17788,0,-17788
19051000,735866.02,735866.02,0
19052000,112214.15,112214.15,0
19052010,3621807.560000001,3621807.560000001,0
19052020,35.48,0,-35.48
19052090,2583784.6,2583784.6,0
19053004,20.44,0,-20.44
19053010,1076.02,1076.02,0
19053090,917.5,917.5,0
19053099,7.38,0,-7.38
19053100,9370336.350000007,9370336.350000007,0
19053200,1939759.409999998,1939759.409999998,0
19054000,456885.25,456885.25,0
19058090,80.5,0,-80.5
19059000,72703.34,72703.34,0
19059010,2904482.769999997,2904482.769999997,0
19059020,1014121.63,1014121.63,0
19059090,22606237.59,22606237.59,0
19059099,7811,0,-7811
19059258,155,0,-155
19069000,13.5,0,-13.5
19080000,21.98,0,-21.98
19084294,30,0,-30
19090900,379.8,0,-379.8
19091900,27.93,0,-27.93
19099090,8352.36,0,-8352.36
19111000,88.25,0,-88.25
19174090,5,0,-5
19191000,28,0,-28
19385020,70,0,-70
19531000,33.9,0,-33.9
19582519,30,0,-30
19808190,1530,0,-1530
19850925,43,0,-43
19959010,531.5,0,-531.5
20000000,13.33,0,-13.33
20000050,5479.67,0,-5479.67
20011000,438376.2400000001,438376.2400000001,0
20012000,948.6,948.6,0
20019000,231053.67,231053.67,0
20020214,240,0,-240
20021000,644408.45,644408.45,0
20029000,4311536.819999998,4311536.819999998,0
20029010,2421.11,2421.11,0
20029022,6.8,0,-6.8
20029090,268984.8200000001,268984.8200000001,0
20031000,89893.15,89893.15,0
20039000,22070.02999999999,22070.02999999999,0
20041000,1409660.47,1409660.47,0
20049000,57761.48,57761.48,0
20051000,46774.38000000001,46774.38000000001,0
20052000,9615859.459999999,9615859.459999999,0
20054000,362396.11,362396.11,0
20055100,2709726.35,2709726.35,0
20055900,16111.27,16111.27,0
20056000,10324.1,10324.1,0
20057000,1213918.349999999,1213918.349999999,0
20058000,17284042.91,17284042.91,0
20059000,63.5,63.5,0
20059100,294.12,294.12,0
20059900,425148.9600000001,425148.9600000001,0
20060000,4849808.170000001,4849808.170000001,0
20071000,493788.8599999999,493788.8599999999,0
20075000,475,0,-475
20079100,39566.49,39566.49,0
20079900,30.65,0,-30.65
20079910,425049.04,425049.04,0
20079921,71345.85,71345.85,0
20079922,702,702,0
20079923,48226.00999999999,48226.00999999999,0
20079924,18465.21,18465.21,0
20079925,453232.69,453232.69,0
20079926,513.52,513.52,0
20079927,71607.3,71607.3,0
20079929,1230575.04,1230575.04,0
20079969,2832,0,-2832
20079990,1755869.469999999,1755869.469999999,0
20081000,1974,0,-1974
20081100,2375342.93,2375342.93,0
20081900,474250.2700000001,474250.2700000001,0
20082010,48901.69,48901.69,0
20082090,99442.19,99442.19,0
20083000,49411.27,49411.27,0
20084010,26.28,26.28,0
20084090,4319.440000000001,4319.440000000001,0
20085000,4881.389999999999,4881.389999999999,0
20086010,31849.62,31849.62,0
20086090,5917.690000000001,5917.690000000001,0
20087010,572686.61,572686.61,0
20087020,1737.34,1737.34,0
20087090,49203.74999999999,49203.74999999999,0
20088000,19839.32,19839.32,0
20089000,53,0,-53
20089100,686158.7699999998,686158.7699999998,0
20089290,90,90,0
20089300,2068.86,2068.86,0
20089710,99127.76000000001,99127.76000000001,0
20089790,37483.87999999998,37483.87999999998,0
20089900,1142402.22,1142402.22,0
20091000,1312.5,0,-1312.5
20091100,19174.17,19174.17,0
20091200,320715.6199999999,320715.6199999999,0
20091900,518114.29,518114.29,0
20092023,552.3,0,-552.3
20092100,2457.4,2457.4,0
20092900,38.48999999999999,38.48999999999999,0
20093100,23376.01,23376.01,0
20093900,12791.98,12791.98,0
20094000,87,87,0
20094100,1112.53,1112.53,0
20094900,6709.79,6709.79,0
20095000,18438.68,18438.68,0
20096100,859930.3299999996,859930.3299999996,0
20096900,175429.56,175429.56,0
20097100,29279.73999999999,29279.73999999999,0
20097900,1226.64,1226.64,0
20098000,5385.08,5385.08,0
20098100,15106.03,15106.03,0
20098890,2,0,-2
20098900,30584.4,30584.4,0
20098910,98.93,98.93,0
20098911,2348.94,2348.94,0
20098912,2919.07,2919.07,0
20098913,86646.02000000002,86646.02000000002,0
20098919,9313.73,9313.73,0
20098921,168375.3400000001,168375.3400000001,0
20098922,3218.64,3218.64,0
20098990,598236.0299999999,598236.0299999999,0
20099000,231474.6,231474.6,0
20099010,256,0,-256
20102000,5180.42,0,-5180.42
20105040,33.7,0,-33.7
20120100,2067.84,0,-2067.84
20120101,35,0,-35
20130000,4779.21,0,-4779.21
20140014,415,0,-415
20150040,5400,0,-5400
20171001,12.9,0,-12.9
20230000,484.53,0,-484.53
20230032,5185.02,0,-5185.02
20251325,72,0,-72
20261100,7887.36,0,-7887.36
20289019,559.5,0,-559.5
20303901,408,0,-408
20315647,12985,0,-12985
20319000,1417.98,0,-1417.98
20353100,223.12,0,-223.12
20390210,494.5,0,-494.5
20390840,1428,0,-1428
20412231,186.67,0,-186.67
20435011,2367.88,0,-2367.88
20504020,252.3,0,-252.3
20550003,2500,0,-2500
20630000,1979.45,0,-1979.45
20710010,7569,0,-7569
20712000,58.41,0,-58.41
20713000,823.1099999999999,0,-823.1099999999999
20714000,1809.5,0,-1809.5
20823762,150,0,-150
21001163,1180,0,-1180
21011110,1921385.23,1921385.23,0
21011111,222.4,0,-222.4
21011190,2113545.089999999,2113545.089999999,0
21011200,914975.1799999999,914975.1799999999,0
21012010,98069.98999999999,98069.98999999999,0
21012020,15594.61,15594.61,0
21013000,1483.89,1483.89,0
21019000,1.75,0,-1.75
21020000,896.35,0,-896.35
21021000,103.5,103.5,0
21021010,4759.109999999998,4759.109999999998,0
21021090,5704901.81,5704901.81,0
21022000,11067903.21,11067903.21,0
21023000,1864044.779999997,1864044.779999997,0
21025400,83,0,-83
21031010,131836.5,131836.5,0
21031090,109947.72,109947.72,0
21032000,436.23,0,-436.23
21032001,3.99,0,-3.99
21032010,2238638.249999998,2238638.249999998,0
21032090,350155.2,350155.2,0
21033002,25.98,0,-25.98
21033010,118.71,118.71,0
21033021,183818.73,183818.73,0
21033029,32373.54,32373.54,0
21039000,7.45,0,-7.45
21039001,59.92,0,-59.92
21039002,199.99,0,-199.99
21039010,3291.449999999999,0,-3291.449999999999
21039011,2259266.989999997,2259266.989999997,0
21039019,505569.21,505569.21,0
21039020,133.54,0,-133.54
21039021,5543789.749999999,5543789.749999999,0
21039029,557377.54,557377.54,0
21039091,566517.0800000001,566517.0800000001,0
21039099,109350.86,109350.86,0
21041010,49,0,-49
21041011,623694.3299999998,623694.3299999998,0
21041019,223501.05,223501.05,0
21041020,71.8,0,-71.8
21041021,46349.05,46349.05,0
21041029,247377.82,247377.82,0
21042000,1637809.1,1637809.1,0
21050000,490,0,-490
21050010,1051278.889999999,1051278.889999999,0
21050090,267194.11,267194.11,0
21060929,1887,0,-1887
21061000,33759862.64,33759862.64,0
21066909,925,0,-925
21069000,32549.9,0,-32549.9
21069001,23.28,0,-23.28
21069005,150940.26,0,-150940.26
21069009,81,0,-81
21069010,8558509.520000009,8558509.520000009,0
21069011,214.9,0,-214.9
21069020,40.77,0,-40.77
21069021,46434.07000000001,46434.07000000001,0
21069026,1344.61,0,-1344.61
21069029,23342432.10000001,23342432.10000001,0
21069030,15077837.47,15077837.47,0
21069040,11447.07,11447.07,0
21069050,285497.48,285497.48,0
21069060,183924.77,183924.77,0
21069070,549.5,0,-549.5
21069090,218381599.41,218381599.41,0
21069091,300,0,-300
21090040,60,0,-60
21099010,59.9,0,-59.9
21101931,259.2,0,-259.2
21101932,274.5,0,-274.5
21141010,30,0,-30
21149000,107.1,0,-107.1
21171000,2615.83,0,-2615.83
21190000,53.94,0,-53.94
21212121,75,0,-75
21222333,5830,0,-5830
21224454,95.8,0,-95.8
21269090,2640,0,-2640
21309190,180,0,-180
21312236,750,0,-750
21350412,1500,0,-1500
21450201,58,0,-58
21456757,7.49,0,-7.49
21490070,195,0,-195
21500035,34.12,0,-34.12
21501011,114.4,0,-114.4
21545645,30,0,-30
21550000,4224.16,0,-4224.16
21609029,450,0,-450
21609030,54.9,0,-54.9
21901314,50,0,-50
21969090,700,0,-700
22004499,7.449999999999999,0,-7.449999999999999
22005826,117.9,0,-117.9
22010000,163248.79,0,-163248.79
22010002,5000,0,-5000
22011000,9520326.530000001,9520326.530000001,0
22011003,153,0,-153
22011013,16,0,-16
22011100,345,0,-345
22014120,24,0,-24
22019000,9743951.68,9743951.68,0
22020900,5,0,-5
22021000,16989305.89000002,16989305.89000002,0
22021001,9.98,0,-9.98
22021004,761.78,0,-761.78
22022000,4598.82,0,-4598.82
22022100,215.4,0,-215.4
22022990,19.9,0,-19.9
22029000,14174.23,14174.23,0
22029001,10,0,-10
22029090,7150.010000000004,0,-7150.010000000004
22029100,453410.3699999999,453410.3699999999,0
22029900,3717945.039999994,3717945.039999994,0
22030000,33820460.18000001,33820460.18000001,0
22041000,117.37,0,-117.37
22041010,3390868.970000001,3390868.970000001,0
22041090,1408074.66,1408074.66,0
22041099,35.5,0,-35.5
22042100,21093575.38,21093575.38,0
22042200,7666.29,0,-7666.29
22042211,148396.33,148396.33,0
22042219,18885.26,18885.26,0
22042220,1525.87,1525.87,0
22042400,897.8,0,-897.8
22042910,488295.3,488295.3,0
22042919,14,14,0
22042920,265.34,265.34,0
22043000,122697.3,122697.3,0
22049000,182,0,-182
22051000,76450.26000000001,76450.26000000001,0
22052100,44.69,0,-44.69
22057000,200,0,-200
22059000,24419.81,24419.81,0
22060010,189216.93,189216.93,0
22060090,894339.9899999999,894339.9899999999,0
22069000,49.74,0,-49.74
22071000,96286.45,96286.45,0
22071010,12442015.69,12442015.69,0
22071090,86283987.18000013,86283987.18000013,0
22071099,45,0,-45
22072000,10.5,0,-10.5
22072010,3048.24,3048.24,0
22072011,2405026.95,2405026.95,0
22072019,3502646.910000001,3502646.910000001,0
22072020,115813.39,115813.39,0
22072090,13.99,0,-13.99
22079900,22.5,0,-22.5
22082000,65246.41999999999,65246.41999999999,0
22083000,946.3999999999999,0,-946.3999999999999
22083010,19341.82,19341.82,0
22083020,3680170.12,3680170.12,0
22083090,37670.48,37670.48,0
22084000,1053211.57,1053211.57,0
22084400,84,0,-84
22085000,359612.44,359612.44,0
22086000,367621.3099999999,367621.3099999999,0
22087000,430027.7,430027.7,0
22089000,1305389.07,1305389.07,0
22090000,1593055.529999997,1593055.529999997,0
22099000,67.94,0,-67.94
22101000,252,0,-252
22110000,12,0,-12
22145444,2027.2,0,-2027.2
22150502,168.41,0,-168.41
22158100,1313.4,0,-1313.4
22220130,942.02,0,-942.02
22222222,181932.07,0,-181932.07
22235020,660,0,-660
22251000,165,0,-165
22351214,171,0,-171
22358211,481.04,0,-481.04
22368455,140,0,-140
22456566,120,0,-120
22541882,1948.8,0,-1948.8
22553304,250,0,-250
22588577,500,0,-500
22654411,3284.1,0,-3284.1
22700061,8180,0,-8180
23002589,724.5,0,-724.5
23009010,212320.09,0,-212320.09
23011000,59000,0,-59000
23011010,242219209.3,242219209.3,0
23011090,140249318.2,140249318.2,0
23012010,2987640.25,2987640.25,0
23012090,59470.2,59470.2,0
23013000,119.52,0,-119.52
23019010,20908.36,0,-20908.36
23021000,527267290.6800001,527267290.6800001,0
23021021,420,0,-420
23022001,1935.74,0,-1935.74
23022010,1475,1475,0
23022090,91836.4,91836.4,0
23023010,161596855.21,161596855.21,0
23023090,9396248.770000001,9396248.770000001,0
23024000,121346144.2,121346144.2,0
23025000,121796015.55,121796015.55,0
23029010,121.8,0,-121.8
23030000,561,0,-561
23031000,6874157.050000001,6874157.050000001,0
23032000,73461774.86,73461774.86,0
23033000,95787418.61,95787418.61,0
23033030,73946.5,0,-73946.5
23039010,260,0,-260
23040010,1945456953.84,1945456953.84,0
23040090,3893475825.490001,3893475825.490001,0
23040091,60,0,-60
23050000,42579618.03,42579618.03,0
23061000,898100486.5400002,898100486.5400002,0
23062000,7808.900000000001,7808.900000000001,0
23063010,11521973.16,11521973.16,0
23063090,29740215.72,29740215.72,0
23064100,6110535.549999999,6110535.549999999,0
23064900,93633.94,93633.94,0
23065000,104574.03,104574.03,0
23066000,3949181.39,3949181.39,0
23069010,38187679.71,38187679.71,0
23069090,1111863314.21,1111863314.21,0
23070000,2724.1,2724.1,0
23080000,277429364.54,277429364.54,0
23081020,118.8,0,-118.8
23090185,84,0,-84
23090909,7050,0,-7050
23091000,14823518.48,14823518.48,0
23091010,166,0,-166
23093030,2576,0,-2576
23099002,1894.01,0,-1894.01
23099003,17462,0,-17462
23099005,6700,0,-6700
23099006,25730,0,-25730
23099010,4272155873.590001,4272155873.590001,0
23099020,282252906.78,282252906.78,0
23099030,6237826.62,6237826.62,0
23099040,5735561.109999999,5735561.109999999,0
23099050,10710706.55,10710706.55,0
23099060,733613.5699999998,733613.5699999998,0
23099090,4919419376.52,4919419376.52,0
23099100,21.8,0,-21.8
23099290,688,0,-688
23100000,22.5,0,-22.5
23114455,56,0,-56
23182900,28.4,0,-28.4
23232323,1534,0,-1534
23232333,645,0,-645
23300000,5200,0,-5200
23399030,432,0,-432
23569810,4.2,0,-4.2
23569846,48,0,-48
23569874,494,0,-494
23609901,216,0,-216
23620120,600,0,-600
23652145,332.71,0,-332.71
23655456,23,0,-23
23656556,628,0,-628
23851935,300,0,-300
23900910,78,0,-78
23909010,1220,0,-1220
24011000,8.99,0,-8.99
24011010,728.3700000000001,728.3700000000001,0
24011020,18972.08000000001,18972.08000000001,0
24011030,266.84,266.84,0
24011040,216,216,0
24011090,10324.93,10324.93,0
24012010,103.22,103.22,0
24012020,24.76,24.76,0
24012030,180.5,180.5,0
24012090,111.38,111.38,0
24013000,496,496,0
24021000,222584.04,222584.04,0
24022000,4419319.78,4419319.78,0
24029000,8671.02,8671.02,0
24031000,244,244,0
24031100,22201.68,22201.68,0
24031900,281527.48,281527.48,0
24039100,39983.56,39983.56,0
24039910,3651.260000000001,3651.260000000001,0
24039990,9851.470000000001,9851.470000000001,0
24041100,17101.5,17101.5,0
24041200,93467.49,93467.49,0
24048682,1769.57,0,-1769.57
24049100,5760.649999999996,5760.649999999996,0
24049200,1629.42,1629.42,0
24049900,1345.69,1345.69,0
24089476,1.77,0,-1.77
24101932,264.07,0,-264.07
24102424,129.22,0,-129.22
24150000,809.7,0,-809.7
24212990,90.59,0,-90.59
24252990,980,0,-980
24420000,249.9,0,-249.9
24452564,111.14,0,-111.14
24897143,19,0,-19
25000400,840,0,-840
25005100,1428.9,0,-1428.9
25010000,120,0,-120
25010011,42286464.47000001,42286464.47000001,0
25010019,12528285.01,12528285.01,0
25010020,8052136.810000001,8052136.810000001,0
25010079,17507.5,0,-17507.5
25010090,37051853.3,37051853.3,0
25011000,25,0,-25
25012000,3.99,0,-3.99
25020000,68938.04,68938.04,0
25021000,3011.16,0,-3011.16
25030010,6677467.310000001,6677467.310000001,0
25030080,895,0,-895
25030090,393262177.27,393262177.27,0
25039090,1400,0,-1400
25041000,50990478.34,50990478.34,0
25049000,250869.26,250869.26,0
25050000,1045,0,-1045
25051000,69197821.8,69197821.8,0
25051390,5,0,-5
25054000,654.9,0,-654.9
25059000,108376881.32,108376881.32,0
25059001,118319.41,0,-118319.41
25059002,48752.56,0,-48752.56
25059003,1950,0,-1950
25059099,1950,0,-1950
25059900,56170.11,0,-56170.11
25061000,1381998.2,1381998.2,0
25061200,9040,0,-9040
25062000,4415853.4,4415853.4,0
25069190,20.5,0,-20.5
25070000,14.26,0,-14.26
25070010,21384713.59,21384713.59,0
25070090,4156332.13,4156332.13,0
25081000,8680012.459999999,8680012.459999999,0
25083000,406995.48,406995.48,0
25084010,28414.72,28414.72,0
25084090,430112.6099999999,430112.6099999999,0
25086000,4021,4021,0
25087000,176278.32,176278.32,0
25089000,42,0,-42
25090000,133152.12,133152.12,0
25090090,17120,0,-17120
25099000,10445,0,-10445
25101010,45865701.54,45865701.54,0
25101090,35694762.98,35694762.98,0
25101249,426.6,0,-426.6
25102010,108473837.19,108473837.19,0
25102090,58636108.04,58636108.04,0
25106137,64.5,0,-64.5
25111000,5474.639999999999,5474.639999999999,0
25120000,79367056.38000001,79367056.38000001,0
25123648,620.9000000000001,0,-620.9000000000001
25130000,42,0,-42
25131000,241212.83,241212.83,0
25131100,750,750,0
25132000,34032.62,34032.62,0
25132500,75,0,-75
25140000,2178579.78,2178579.78,0
25141000,13493,0,-13493
25144444,65,0,-65
25146985,2000,0,-2000
25151100,513289.1,513289.1,0
25151210,3111403.6,3111403.6,0
25151220,4724247.83,4724247.83,0
25152000,2399501.78,2399501.78,0
25161100,2395359.41,2395359.41,0
25161200,7340065.759999999,7340065.759999999,0
25162000,799532.0400000002,799532.0400000002,0
25169000,6784480.609999999,6784480.609999999,0
25171000,340723265.59,340723265.59,0
25171002,1493.4,0,-1493.4
25171004,180,0,-180
25171090,540,0,-540
25171099,335,0,-335
25172000,500030.21,500030.21,0
25173000,460.57,460.57,0
25174100,368014.02,368014.02,0
25174900,276435931.54,276435931.54,0
25181000,2647524041.6,2647524041.6,0
25182000,486543649.15,486543649.15,0
25183000,3707,3707,0
25191000,82258627.58,82258627.58,0
25199010,2570.16,2570.16,0
25199090,21568513.37,21568513.37,0
25201011,5350905.840000002,5350905.840000002,0
25201019,69058435.24999999,69058435.24999999,0
25201020,58,58,0
25202000,269563.05,0,-269563.05
25202010,419315.75,419315.75,0
25202090,692365151.8199998,692365151.8199998,0
25210000,1138070259.25,1141797350.11,3727090.859999895
25211000,3727090.86,0,-3727090.86
25221000,58390338.77,58390338.77,0
25222000,15627328.42,15627328.42,0
25223000,17311412.36,17311412.36,0
25231000,484736.3400000001,484736.3400000001,0
25232100,1658560.62,1658560.62,0
25232901,1431.7,0,-1431.7
25232910,542535842.2199999,542535842.2199999,0
25232911,320,0,-320
25232990,31921617.46,31921617.46,0
25233000,142890.49,142890.49,0
25233910,800,0,-800
25236788,2,0,-2
25239000,45862.12,45862.12,0
25239010,129820.5,0,-129820.5
25239100,340,0,-340
25241000,2522.8,2522.8,0
25249000,739.1999999999999,739.1999999999999,0
25251000,159.99,159.99,0
25252000,283884.1299999999,283884.1299999999,0
25253000,329557.1,329557.1,0
25261000,16959.89,16959.89,0
25262000,2099794.34,2099794.34,0
25280000,108805425.21,108805425.21,0
25291000,55363.55,55363.55,0
25292100,358.61,358.61,0
25292200,1608.54,1608.54,0
25301010,657.57,657.57,0
25301090,3096416.120000001,3096416.120000001,0
25302000,885963.62,885963.62,0
25309010,21627.6,21627.6,0
25309020,1302387.17,1302387.17,0
25309030,6433.7,6433.7,0
25309040,61202.66,61202.66,0
25309090,186116783.28,186116783.28,0
25320101,352,0,-352
25325200,90,0,-90
25410200,18,0,-18
25412005,436,0,-436
25412010,228,0,-228
25416631,50,0,-50
25544125,30,0,-30
25548985,1470,0,-1470
25595959,250,0,-250
25600045,1190,0,-1190
25619842,1320.03,0,-1320.03
25632010,2594,0,-2594
25632563,85,0,-85
25698741,1000,0,-1000
25698744,3,0,-3
25700210,260,0,-260
25808025,241.35,0,-241.35
25845669,50,0,-50
25865410,14.9,0,-14.9
25870000,215,0,-215
25912090,800,0,-800
25934000,488.38,0,-488.38
25990314,33,0,-33
26011100,153965.88,153965.88,0
26011210,446927.5,446927.5,0
26011290,1086395.02,1086395.02,0
26012000,589.7,589.7,0
26020010,164058.7,164058.7,0
26020090,3098,3098,0
26030010,593339.8,593339.8,0
26030090,2402.61,2402.61,0
26040000,376.63,376.63,0
26050000,43662,43662,0
26060011,39477.5,39477.5,0
26060012,27551.4,27551.4,0
26060090,8636.05,8636.05,0
26070000,970.5799999999999,970.5799999999999,0
26080010,22.5,22.5,0
26080090,5515271.81,5515271.81,0
26082000,132.77,0,-132.77
26090000,190,190,0
26100090,876.37,876.37,0
26121000,460.45,460.45,0
26131090,21.48,21.48,0
26140090,782.75,782.75,0
26151020,67103.53,67103.53,0
26161000,178.9,178.9,0
26169000,2035,2035,0
26171000,56879.9,56879.9,0
26179000,116409.86,116409.86,0
26180000,133248.26,133248.26,0
26190000,62193.54,62193.54,0
26201100,1117437.29,1117437.29,0
26201900,8424.69,8424.69,0
26202100,970.02,970.02,0
26202900,1026,1026,0
26203000,276.09,276.09,0
26204000,1107199.29,1107199.29,0
26209100,40,40,0
26209990,445611.7,445611.7,0
26211000,18.5,18.5,0
26219010,224781.48,224781.48,0
26219090,1399171.96,1399171.96,0
26289011,25.35,0,-25.35
26323122,516,0,-516
27000000,151919.97,0,-151919.97
27001992,36,0,-36
27010193,49,0,-49
27011100,28373.96,28373.96,0
27011200,3606.13,3606.13,0
27011249,25,0,-25
27011900,576,576,0
27011932,89664.23000000001,0,-89664.23000000001
27012000,67346.32,67346.32,0
27021000,2235212.23,2235212.23,0
27030000,11390925.68,11390925.68,0
27032310,119.76,0,-119.76
27040011,10,10,0
27040012,12743,12743,0
27040090,6232.440000000001,6232.440000000001,0
27050000,179979.19,179979.19,0
27052221,125.97,0,-125.97
27060000,338051.26,338051.26,0
27071000,16008.37,16008.37,0
27072000,37347.55,37347.55,0
27073000,3102.36,3102.36,0
27074000,224.34,224.34,0
27075000,147289,147289,0
27075010,56727.39,56727.39,0
27075090,1067426.11,1067426.11,0
27079100,28234.34,28234.34,0
27079900,319.76,319.76,0
27079910,178.91,178.91,0
27079990,713729.2200000002,713729.2200000002,0
27081000,7879.940000000001,7879.940000000001,0
27082000,166.6,166.6,0
27090000,172.13,0,-172.13
27090010,371018.36,371018.36,0
27090090,35884.87,35884.87,0
27100000,62126.66,0,-62126.66
27100002,30,0,-30
27100011,21.66,21.66,0
27100029,264.5,264.5,0
27100031,91.80000000000001,91.80000000000001,0
27100032,132,0,-132
27100039,1209.98,1209.98,0
27100041,1730,1730,0
27100042,152,152,0
27100049,8134.67,8134.67,0
27100060,112,0,-112
27100061,20389.48,20389.48,0
27100062,83523.06000000001,83523.06000000001,0
27100092,949.72,949.72,0
27100093,17222,17222,0
27100099,49006.36,49006.36,0
27100132,170,0,-170
27100193,270,0,-270
27100932,2014.52,0,-2014.52
27101093,33,0,-33
27101110,82.25,82.25,0
27101129,351.8,351.8,0
27101130,3704.9,3704.9,0
27101149,4846.05,4846.05,0
27101151,17,17,0
27101159,483219.4199999999,483219.4199999999,0
27101190,915.3999999999999,915.3999999999999,0
27101193,245,0,-245
27101210,90637.82,90637.82,0
27101221,13521.33,13521.33,0
27101229,1743627.13,1743627.13,0
27101230,3063118.15,3063118.15,0
27101241,42889.19000000001,42889.19000000001,0
27101249,930374.7999999999,930374.7999999999,0
27101251,62859954.07,62859954.07,0
27101259,201501094.8000019,201501094.8000019,0
27101260,49576.98,49576.98,0
27101280,22,0,-22
27101290,389683.9,389683.9,0
27101492,165,0,-165
27101900,89.49,0,-89.49
27101910,237.08,0,-237.08
27101911,259147412.23,259147412.23,0
27101912,152.67,0,-152.67
27101918,168,0,-168
27101919,2071447.49,2071447.49,0
27101920,2700.55,0,-2700.55
27101921,18610625974.57002,18610625974.57002,0
27101922,850337.1299999999,850337.1299999999,0
27101923,1000.3,0,-1000.3
27101929,5285311.710000001,5285311.710000001,0
27101930,14898.78,0,-14898.78
27101931,16374062.61,16374062.61,0
27101932,1753306431.799999,1753306431.799999,0
27101934,110.45,0,-110.45
27101982,1200,0,-1200
27101989,734550.5,0,-734550.5
27101990,106.75,0,-106.75
27101991,1222052.24,1222052.24,0
27101992,14349117.5,14349117.5,0
27101993,660151.8099999999,660151.8099999999,0
27101994,6306.74,6306.74,0
27101999,38496309.8,38496309.8,0
27102000,3755894.720000001,3755894.720000001,0
27102090,1.98,0,-1.98
27102359,187.86,0,-187.86
27103219,3671.5,0,-3671.5
27103932,220,0,-220
27109100,98081.49,98081.49,0
27109320,2165.05,0,-2165.05
27109900,1245403.01,1245403.01,0
27111100,478428.63,478428.63,0
27111210,12364.16,12364.16,0
27111290,9590.41,9590.41,0
27111300,302665.23,302665.23,0
27111400,3586.8,3586.8,0
27111910,160371233.19,160371233.19,0
27111921,6195,0,-6195
27111990,465803.94,465803.94,0
27112100,2237301.370000001,2237301.370000001,0
27112910,31621.9,31621.9,0
27112990,12047.33,12047.33,0
27119320,100,0,-100
27121000,282308.53,282308.53,0
27122000,17213.81,17213.81,0
27129000,572790.23,572790.23,0
27131100,26119.99,26119.99,0
27131200,382.32,382.32,0
27132000,4074846.9,4074846.9,0
27139000,17455.27,17455.27,0
27141000,380871.0499999999,380871.0499999999,0
27149000,761685.69,761685.69,0
27150000,28713788.06000001,28713788.06000001,0
27155000,88.27000000000001,0,-88.27000000000001
27160000,10428615.34,10428615.34,0
27171002,639,0,-639
27182199,36.83,0,-36.83
27193232,65.65,0,-65.65
27951352,250,0,-250
28011000,962861.1999999998,962861.1999999998,0
28012010,29170.32,29170.32,0
28012090,496751.32,496751.32,0
28012100,17620,0,-17620
28013000,1023.01,1023.01,0
28020000,561660.07,561660.07,0
28030011,81942.6,81942.6,0
28030019,4518.52,4518.52,0
28030090,32805.64,32805.64,0
28035394,20,0,-20
28036000,26.06,0,-26.06
28041000,1193235.92,1193235.92,0
28042100,3828331.879999999,3828331.879999999,0
28042900,300,0,-300
28042910,11470.4,11470.4,0
28042990,3807306.12,3807306.12,0
28043000,12603520.27,12603520.27,0
28044000,6712361.48,6712361.48,0
28045000,11538.92,11538.92,0
28046100,3601.93,3601.93,0
28046900,221366.62,221366.62,0
28047010,49.7,49.7,0
28047020,7.6,7.6,0
28047030,438.7,438.7,0
28048000,11015.15,11015.15,0
28049000,4259.68,4259.68,0
28051100,180679.45,180679.45,0
28051200,32483.05,32483.05,0
28051920,1598,1598,0
28051990,67786.66,67786.66,0
28053010,19868.73,19868.73,0
28053090,32146.61,32146.61,0
28054000,1700,1700,0
28061000,89,0,-89
28061010,42218.55999999999,42218.55999999999,0
28061020,433766.4400000001,433766.4400000001,0
28062000,9427.14,9427.14,0
28070010,294969.69,294969.69,0
28080010,481761.08,481761.08,0
28080020,10150.19,10150.19,0
28081000,250,0,-250
28089000,325,0,-325
28089011,85,0,-85
28091000,1341.38,1341.38,0
28092011,416713.9,416713.9,0
28092019,3428610.5,3428610.5,0
28092020,95578.8,95578.8,0
28092030,18446.87,18446.87,0
28092090,15965.9,15965.9,0
28094384,60,0,-60
28100010,16441426.52,16441426.52,0
28100090,2219894.82,2219894.82,0
28110110,120,0,-120
28111100,177449.44,177449.44,0
28111200,853.5,853.5,0
28111910,83624.66,83624.66,0
28111920,15977,15977,0
28111930,1189,1189,0
28111940,42509.46,42509.46,0
28111990,396015.05,396015.05,0
28112100,576998.0499999999,576998.0499999999,0
28112140,31.8,0,-31.8
28112210,733273.53,733273.53,0
28112220,9696.41,9696.41,0
28112230,45515.89,45515.89,0
28112290,364130.2499999999,364130.2499999999,0
28112910,216,216,0
28112990,233461.1,233461.1,0
28121021,66,66,0
28121100,94,94,0
28121300,4.5,4.5,0
28121500,701.1,701.1,0
28121600,51,51,0
28121911,40,40,0
28121919,3584.06,3584.06,0
28122010,1000,0,-1000
28129000,7189,7189,0
28131000,30,30,0
28139090,2100.7,2100.7,0
28139190,500,0,-500
28141000,368858.39,368858.39,0
28142000,19478.73,19478.73,0
28151100,1964465.969999999,1964465.969999999,0
28151200,3323979.8,3323979.8,0
28152000,1073606.44,1073606.44,0
28153000,8946.460000000001,8946.460000000001,0
28161010,81686,81686,0
28161020,3300,3300,0
28164090,16,16,0
28170010,12916768.8,12916768.8,0
28181010,4466.67,4466.67,0
28181090,1214380.09,1214380.09,0
28182010,3275.25,3275.25,0
28182090,9772.130000000001,9772.130000000001,0
28183000,1377.99,1377.99,0
28190000,69,0,-69
28191000,1706.98,1706.98,0
28209010,2332854.28,2332854.28,0
28210111,66,0,-66
28211011,328875.52,328875.52,0
28211019,3365.360000000001,3365.360000000001,0
28211020,3240,3240,0
28211030,54083.68999999999,54083.68999999999,0
28211090,79,79,0
28212000,12.5,12.5,0
28219090,24.5,0,-24.5
28220010,16152.6,16152.6,0
28220090,1002,1002,0
28230010,150,150,0
28230090,11052.6,11052.6,0
28241000,25270.25,25270.25,0
28249010,37302.89999999999,37302.89999999999,0
28249090,4908,4908,0
28251010,425,425,0
28251020,182.3,182.3,0
28252020,30,30,0
28253090,2969.48,2969.48,0
28254090,90,90,0
28255090,122889.5,122889.5,0
28256010,1449,1449,0
28257090,157615,157615,0
28259010,450,450,0
28259090,20497.72,20497.72,0
28261200,14422.51,14422.51,0
28261920,300,300,0
28261990,1165.05,1165.05,0
28263000,2140.48,2140.48,0
28269010,149,149,0
28269020,1251.8,1251.8,0
28269090,1599,1599,0
28271000,229988.36,229988.36,0
28272010,166391.11,166391.11,0
28272090,4200406.739999999,4200406.739999999,0
28273110,82688.07,82688.07,0
28273190,14793862.15,14793862.15,0
28273200,1508008.4,1508008.4,0
28273300,10,10,0
28273500,135140,135140,0
28273910,341968.7600000001,341968.7600000001,0
28273950,107.5,107.5,0
28273970,6,6,0
28273995,1588943.49,1588943.49,0
28273996,271928.52,271928.52,0
28273997,547.98,547.98,0
28273998,931976.24,931976.24,0
28273999,1715445.86,1715445.86,0
28274919,114936.06,114936.06,0
28274921,1111816.25,1111816.25,0
28274929,269.09,269.09,0
28275100,9953.25,9953.25,0
28275900,44065.94,44065.94,0
28276011,595.8000000000001,595.8000000000001,0
28276012,113908.59,113908.59,0
28276019,35200,35200,0
28276021,3550,3550,0
28276029,109850,109850,0
28281000,538127.5,538127.5,0
28283011,70.28,0,-70.28
28289001,97.88000000000001,0,-97.88000000000001
28289011,12166983.23,12166983.23,0
28289019,638689.84,638689.84,0
28289020,1984981.06,1984981.06,0
28289090,39987.02,39987.02,0
28289110,119.5,0,-119.5
28291100,3634.48,3634.48,0
28291910,155.78,155.78,0
28291990,2124.2,2124.2,0
28299011,29.52,29.52,0
28299012,2.99,2.99,0
28299019,285.15,285.15,0
28299022,132,132,0
28299031,70576.84,70576.84,0
28299032,483213.51,483213.51,0
28299039,511,511,0
28299050,12,12,0
28301010,23.97,23.97,0
28309011,178005.18,178005.18,0
28309013,14146.22,14146.22,0
28309014,22.9,22.9,0
28309016,2338.8,2338.8,0
28309019,7177.52,7177.52,0
28309020,216995,216995,0
28311011,1455.78,1455.78,0
28311019,191.99,191.99,0
28311029,4688.91,4688.91,0
28321010,360373.74,360373.74,0
28321090,555867.71,555867.71,0
28322000,22693.75,22693.75,0
28323010,1111355.73,1111355.73,0
28323020,29320.05,29320.05,0
28323090,340382.89,340382.89,0
28331110,190596,190596,0
28331190,1776.27,1776.27,0
28331900,1528235.03,1528235.03,0
28332100,20731932.95,20731932.95,0
28332200,1063613.04,1063613.04,0
28332400,2111438.49,2111438.49,0
28332510,372655.8199999999,372655.8199999999,0
28332520,18680716.85,18680716.85,0
28332600,49321.43,49321.43,0
28332710,3600,3600,0
28332790,157210.62,157210.62,0
28332940,295908.5,295908.5,0
28332950,413,413,0
28332960,12740,12740,0
28332970,8625517,8625517,0
28332990,33357713.47000001,33357713.47000001,0
28333000,8018.140000000001,8018.140000000001,0
28334010,3271.84,3271.84,0
28334020,1304.94,1304.94,0
28334090,50567.07,50567.07,0
28341010,136659.81,136659.81,0
28341090,116122.74,116122.74,0
28342110,20,20,0
28342190,353387.09,353387.09,0
28342910,3647.89,3647.89,0
28342930,7224.33,7224.33,0
28342990,9550158.36,9550158.36,0
28351011,8861.8,8861.8,0
28351019,10337.46,10337.46,0
28351021,46.1,46.1,0
28351029,2189125.49,2189125.49,0
28352200,24975.33,24975.33,0
28352400,309062.92,309062.92,0
28352500,86303269.2,86303269.2,0
28352600,14302575.92,14302575.92,0
28352910,61744.77,61744.77,0
28352920,185,185,0
28352930,1255619.29,1255619.29,0
28352960,1558,1558,0
28352980,3213,3213,0
28352990,1967435.9,1967435.9,0
28353110,220640.07,220640.07,0
28353190,7272.22,7272.22,0
28353910,61532.93,61532.93,0
28353930,3613.57,3613.57,0
28353943,55,0,-55
28353990,60352.84,60352.84,0
28359485,40,0,-40
28360010,21,0,-21
28361000,14.95,14.95,0
28362010,801891.1599999999,801891.1599999999,0
28362020,950,0,-950
28362090,20657.74,20657.74,0
28363000,33648205.91,33648205.91,0
28364000,2284143.19,2284143.19,0
28365000,25042877.79,25042877.79,0
28366090,3203.8,3203.8,0
28369200,19622.8,19622.8,0
28369911,216.5,216.5,0
28369912,430,430,0
28369913,9949.62,9949.62,0
28369919,337779.72,337779.72,0
28369920,14236.47,14236.47,0
28371912,3398,3398,0
28371915,5580,5580,0
28371919,64053,64053,0
28372011,18873.18,18873.18,0
28372012,37799.8,37799.8,0
28372019,11223.35,11223.35,0
28372021,16,16,0
28372022,3945.36,3945.36,0
28372023,919,919,0
28372029,1860.9,1860.9,0
28391000,756.96,0,-756.96
28391100,35772.76,35772.76,0
28391900,184334.79,184334.79,0
28399010,45040.2,45040.2,0
28399020,186576.03,186576.03,0
28399040,97.87,97.87,0
28399050,94944.63,94944.63,0
28399090,740972.19,740972.19,0
28401100,121210,121210,0
28401900,9122805.629999999,9122805.629999999,0
28402000,26687370.58,26687370.58,0
28403000,304710.21,304710.21,0
28409913,277.64,0,-277.64
28411030,253.6,253.6,0
28413000,24214.21,24214.21,0
28415011,1570,1570,0
28415014,840,840,0
28415015,199.8,199.8,0
28415019,5500,5500,0
28415020,780,780,0
28416100,20758.63,20758.63,0
28416920,1811.3,1811.3,0
28417010,160,160,0
28417020,9328090.6,9328090.6,0
28417090,1172105.73,1172105.73,0
28418010,18500,18500,0
28418020,88,88,0
28418090,35,35,0
28419011,63,63,0
28419013,22413.08,22413.08,0
28419015,35,35,0
28419021,32,32,0
28419022,67800,67800,0
28419029,2932.29,2932.29,0
28419030,288,288,0
28419041,65,65,0
28419050,171.46,171.46,0
28419060,128.4,128.4,0
28419070,7400.31,7400.31,0
28419080,24.9,0,-24.9
28419081,45133.45,45133.45,0
28419082,280,280,0
28419089,17656.9,17656.9,0
28419090,40538.56,40538.56,0
28421000,753,753,0
28421010,48420.27,48420.27,0
28421090,14604.73,14604.73,0
28429000,1654766.43,1654766.43,0
28431000,452776.94,452776.94,0
28432100,153028.19,153028.19,0
28432990,722936.92,722936.92,0
28433010,24050,24050,0
28433090,168623.82,168623.82,0
28439011,101725.33,101725.33,0
28439019,359.28,359.28,0
28439030,26823.67,26823.67,0
28439090,8400.6,8400.6,0
28441000,159.35,159.35,0
28442000,3351.04,3351.04,0
28444030,830,830,0
28444090,121.06,121.06,0
28444100,2160,2160,0
28444200,2930,2930,0
28444310,696,696,0
28444330,708,708,0
28444390,6320,6320,0
28445000,7978.82,7978.82,0
28451000,98051.76,98051.76,0
28452000,199275.84,199275.84,0
28454000,20,20,0
28459000,17453.78,17453.78,0
28461010,2380.08,2380.08,0
28461090,5095.280000000001,5095.280000000001,0
28469020,51300,51300,0
28469030,41500,41500,0
28469090,21.04,21.04,0
28470000,1689692.64,1689692.64,0
28491000,491632.6799999999,491632.6799999999,0
28492000,38654.39,38654.39,0
28499010,4068548.94,4068548.94,0
28499090,6966.02,6966.02,0
28500010,19671.65,19671.65,0
28500020,388,388,0
28500090,1342.9,1342.9,0
28500901,2.49,0,-2.49
28510039,660.27,660.27,0
28521011,80001.27999999998,80001.27999999998,0
28521019,721,721,0
28521021,2414,2414,0
28521022,337.9,337.9,0
28521029,1433551.57,1433551.57,0
28528539,25,0,-25
28529000,745491.6199999999,745491.6199999999,0
28530000,313.95,0,-313.95
28530090,9008.57,9008.57,0
28539011,11982.01,11982.01,0
28539013,400,400,0
28539019,108865.9,108865.9,0
28539020,169872.79,169872.79,0
28539090,439188.76,439188.76,0
28769837,36,0,-36
28972156,8.4,0,-8.4
29011000,277488.82,277488.82,0
29012100,82233.8,82233.8,0
29012200,291519.9,291519.9,0
29012300,14476.57,14476.57,0
29012410,1099,1099,0
29012420,1222.58,1222.58,0
29012900,6746450.440000001,6746450.440000001,0
29012901,700,0,-700
29019090,40,0,-40
29020922,20,0,-20
29021000,80,0,-80
29021100,1801711.55,1801711.55,0
29021910,2998268.64,2998268.64,0
29021990,924.1800000000001,924.1800000000001,0
29022000,1378,1378,0
29022990,120,0,-120
29023000,17810.31,17810.31,0
29024100,33,33,0
29024300,418.85,418.85,0
29024400,168737.79,168737.79,0
29025000,4261.84,4261.84,0
29027000,198,198,0
29029020,79814.84000000001,79814.84000000001,0
29029030,140,140,0
29029090,297376.9200000001,297376.9200000001,0
29031110,88792.51,88792.51,0
29031200,50814.01000000001,50814.01000000001,0
29031300,11961.89,11961.89,0
29031400,19894,19894,0
29031500,52081.02,52081.02,0
29031600,88.9,88.9,0
29031910,65827.23,65827.23,0
29031920,22770.57,22770.57,0
29031990,953527.29,953527.29,0
29032100,620,620,0
29032200,23095.33,23095.33,0
29032300,56853.12,56853.12,0
29032900,4715.219999999999,4715.219999999999,0
29032910,4133.020000000002,4133.020000000002,0
29032990,146610.41,146610.41,0
29033011,28483.17,28483.17,0
29033100,38462.02000000002,38462.02000000002,0
29033911,723956.63,723956.63,0
29033912,2646,2646,0
29033919,2684.98,2684.98,0
29034100,104317.66,104317.66,0
29034200,68298.42,68298.42,0
29034300,184,184,0
29034400,840.7299999999999,840.7299999999999,0
29034510,8568333.73,8568333.73,0
29034520,17582.16,17582.16,0
29034600,2622.490000000001,2622.490000000001,0
29034610,1300,0,-1300
29034700,593.41,593.41,0
29034800,1266.8,1266.8,0
29034900,15255.47,15255.47,0
29034911,300,300,0
29034915,2576,2576,0
29034919,1051.5,1051.5,0
29035100,424.04,424.04,0
29035910,96442.03000000001,96442.03000000001,0
29035990,91922.22000000002,91922.22000000002,0
29036200,6358.469999999999,6358.469999999999,0
29036920,529.61,529.61,0
29036990,77268.85,77268.85,0
29037100,1932842.53,1932842.53,0
29037200,2464.64,2464.64,0
29037300,1789806.05,1789806.05,0
29037400,200,200,0
29037500,212.42,212.42,0
29037600,120,120,0
29037711,220,220,0
29037712,10131.86000000001,10131.86000000001,0
29037713,125,125,0
29037721,3670.39,3670.39,0
29037722,740,740,0
29037724,1630,1630,0
29037733,640,640,0
29037734,253,253,0
29037735,34.8,34.8,0
29037790,396.5,396.5,0
29037800,153.24,153.24,0
29037911,1015.25,1015.25,0
29037912,1502.4,1502.4,0
29037919,8777.94000000001,8777.94000000001,0
29037939,252.34,252.34,0
29037990,632.7800000000001,632.7800000000001,0
29038110,9849.9,9849.9,0
29038210,1780,1780,0
29038220,117.72,117.72,0
29038300,10922.24,10922.24,0
29038910,252.01,252.01,0
29038990,1585.21,1585.21,0
29039110,3130,3130,0
29039130,4810.94,4810.94,0
29039220,26526.34,26526.34,0
29039911,4468.6,4468.6,0
29039915,23.6,23.6,0
29039919,2261.5,2261.5,0
29039931,250,250,0
29039939,1130,1130,0
29039990,125336.55,125336.55,0
29041011,14679.36,14679.36,0
29041012,544,544,0
29041019,747.1,747.1,0
29041020,12733179.1,12733179.1,0
29041040,68.34,68.34,0
29041051,18.46,18.46,0
29041053,120,120,0
29042010,45875.12,45875.12,0
29042020,14.7,14.7,0
29042041,7799.81,7799.81,0
29042052,94290.11,94290.11,0
29042070,190,190,0
29042090,136.8,136.8,0
29043100,2118.89,2118.89,0
29049013,849,849,0
29049014,570,570,0
29049015,4695.9,4695.9,0
29049100,655,655,0
29049911,15349.9,15349.9,0
29049912,10487.44,10487.44,0
29049913,10363.4,10363.4,0
29049914,680,680,0
29049916,28073.08,28073.08,0
29049919,2388,2388,0
29049929,1899.62,1899.62,0
29049990,6394.5,6394.5,0
29051100,349174.53,349174.53,0
29051210,6171.210000000001,6171.210000000001,0
29051220,533691.8899999999,533691.8899999999,0
29051300,10830.75,10830.75,0
29051410,3087.96,3087.96,0
29051420,99.43,99.43,0
29051430,99.83,99.83,0
29051600,141,141,0
29051710,3183,3183,0
29051720,1388.65,1388.65,0
29051730,240.13,240.13,0
29051911,3780.97,3780.97,0
29051912,446.63,446.63,0
29051919,9883.019999999999,9883.019999999999,0
29051923,35,35,0
29051929,22399.38,22399.38,0
29051991,2470,2470,0
29051992,657.85,657.85,0
29051993,205,205,0
29051994,20.8,20.8,0
29051995,20544.84,20544.84,0
29051996,262.95,262.95,0
29051999,4193.38,4193.38,0
29052210,15,15,0
29052290,7663.25,7663.25,0
29052910,9017.4,9017.4,0
29052990,19101.4,19101.4,0
29053100,425460.93,425460.93,0
29053200,887734.32,887734.32,0
29053910,4229,4229,0
29053930,24904.5,24904.5,0
29053990,20036.4,20036.4,0
29054100,6913.73,6913.73,0
29054300,164.9,164.9,0
29054400,1670.4,1670.4,0
29054500,51967.52,51967.52,0
29054900,1732396.29,1732396.29,0
29055100,7.96,7.96,0
29055990,56829.86999999999,56829.86999999999,0
29061100,5359.79,5359.79,0
29061200,30,30,0
29061300,18499.5,18499.5,0
29061910,148,148,0
29061920,59.52,59.52,0
29061940,7.49,7.49,0
29061950,123626.44,123626.44,0
29062100,346.26,346.26,0
29062910,5339.32,5339.32,0
29062990,28119.71000000001,28119.71000000001,0
29069029,9930,0,-9930
29071100,59529.02,59529.02,0
29071200,4863.190000000001,4863.190000000001,0
29071590,10,10,0
29071910,448751.48,448751.48,0
29071920,18.9,18.9,0
29071990,16,16,0
29072100,12322.99,12322.99,0
29072200,5474.17,5474.17,0
29072300,24905.98,24905.98,0
29072900,20606.35,20606.35,0
29081911,128.2,128.2,0
29081912,1560,1560,0
29081913,93.73,93.73,0
29081914,278,278,0
29081915,30,30,0
29081916,22,22,0
29081921,13425.15,13425.15,0
29085035,70,0,-70
29085338,40,0,-40
29085935,356,0,-356
29089200,243.5,243.5,0
29089913,22912.78,22912.78,0
29089919,565,565,0
29089921,173.62,173.62,0
29089930,212,212,0
29089990,1260,1260,0
29090000,1568.09,0,-1568.09
29091100,9739.98,9739.98,0
29091910,425.6,425.6,0
29091990,138654.83,138654.83,0
29093011,1432,1432,0
29093019,4925.15,4925.15,0
29093023,258,258,0
29093029,462462.51,462462.51,0
29094100,34245.13,34245.13,0
29094310,67030.22,67030.22,0
29094411,8822.560000000001,8822.560000000001,0
29094412,7340.620000000002,7340.620000000002,0
29094419,1158.64,1158.64,0
29094429,2100,2100,0
29094922,144,144,0
29094929,964.06,964.06,0
29094931,55,55,0
29094939,7817.92,7817.92,0
29094941,2541.2,2541.2,0
29094949,459.72,459.72,0
29094950,76804,76804,0
29094990,940,940,0
29095012,46026.63,46026.63,0
29095013,2429.5,2429.5,0
29095019,179.51,179.51,0
29095090,389.88,389.88,0
29096011,431.4,431.4,0
29096013,15.06,15.06,0
29096019,11329.01,11329.01,0
29096020,12128.45,12128.45,0
29096090,155298.94,155298.94,0
29101000,1214.26,1214.26,0
29101249,319.7,0,-319.7
29101990,530,0,-530
29103000,110340.74,110340.74,0
29109090,10269.04,10269.04,0
29110010,31,31,0
29110090,931.27,931.27,0
29121100,4290413.740000001,4290413.740000001,0
29121200,59679.38,59679.38,0
29121912,1917.47,1917.47,0
29121919,40.54,40.54,0
29121922,2939.27,2939.27,0
29121999,52844.45,52844.45,0
29122920,77,77,0
29122990,442,442,0
29124100,53,53,0
29124910,206,206,0
29124920,885,885,0
29124930,298.62,298.62,0
29124941,115,115,0
29124949,2588.2,2588.2,0
29124990,320,320,0
29125000,177.71,177.71,0
29126000,569131.31,569131.31,0
29141100,14185.96,14185.96,0
29141200,43092.49,43092.49,0
29141300,16390,16390,0
29141910,8730.7,8730.7,0
29141921,3226.5,3226.5,0
29141929,2124.66,2124.66,0
29141990,20598.4,20598.4,0
29142210,157.5,157.5,0
29142920,27907.76,27907.76,0
29142990,1513.79,1513.79,0
29143100,212.34,212.34,0
29143990,792.5400000000001,792.5400000000001,0
29144010,1541.15,1541.15,0
29144091,756,756,0
29144099,55039.63,55039.63,0
29145020,1124032.12,1124032.12,0
29146100,336,336,0
29146200,4402.74,4402.74,0
29146920,164,164,0
29146990,2366.92,2366.92,0
29147029,2079.89,2079.89,0
29147911,19853.23,19853.23,0
29147919,568,568,0
29147921,291.98,291.98,0
29147929,481,481,0
29147990,5407.84,5407.84,0
29151100,214687.52,214687.52,0
29151210,1139093.52,1139093.52,0
29151290,77061.34,77061.34,0
29151310,123.22,123.22,0
29151390,568051.77,568051.77,0
29152100,163892.48,163892.48,0
29152910,51192.56,51192.56,0
29152990,381755.3,381755.3,0
29153100,45146,45146,0
29153200,34,34,0
29153300,3717.2,3717.2,0
29153600,3433.32,3433.32,0
29153910,164.6,164.6,0
29153921,411,411,0
29153929,171816.77,171816.77,0
29153932,8971.18,8971.18,0
29153939,4168.12,4168.12,0
29153942,28,28,0
29153955,30,30,0
29153994,106,106,0
29153999,360,360,0
29154020,32,32,0
29154090,3610,3610,0
29155010,38684462.16,38684462.16,0
29155020,250552.77,250552.77,0
29156011,268804.79,268804.79,0
29156019,668294.0899999999,668294.0899999999,0
29156029,220,220,0
29157019,194.5,194.5,0
29157031,26.8,26.8,0
29157039,2263.51,2263.51,0
29157040,552,552,0
29159010,44,44,0
29159022,63,63,0
29159023,50,50,0
29159024,312.1,312.1,0
29159029,809871.6199999999,809871.6199999999,0
29159031,4374.02,4374.02,0
29159033,48,48,0
29159041,5578.02,5578.02,0
29159042,3323,3323,0
29159049,10454.99,10454.99,0
29159050,14506.94,14506.94,0
29159060,2887585.22,2887585.22,0
29159090,229336.5,229336.5,0
29161110,3058.05,3058.05,0
29161120,319.75,319.75,0
29161210,18.95,18.95,0
29161240,595,595,0
29161410,102556.72,102556.72,0
29161420,264,264,0
29161490,1029.9,1029.9,0
29161511,1188.47,1188.47,0
29161519,98560.07999999999,98560.07999999999,0
29161520,1219030.13,1219030.13,0
29161911,192103.4,192103.4,0
29161919,2819.96,2819.96,0
29161922,870,870,0
29161990,70004.77,70004.77,0
29162011,403.14,403.14,0
29162014,6194.15,6194.15,0
29162015,447755.3099999999,447755.3099999999,0
29162019,579.5,579.5,0
29163110,18496.82,18496.82,0
29163121,150256.01,150256.01,0
29163129,60036.06,60036.06,0
29163132,1750.25,1750.25,0
29163210,3230.81,3230.81,0
29163910,12025.6,12025.6,0
29163920,9755,9755,0
29163930,19.99,19.99,0
29163990,248492.88,248492.88,0
29171110,71365.69,71365.69,0
29171220,482754.16,482754.16,0
29171323,14003.59,14003.59,0
29171329,10433.64,10433.64,0
29171400,50,50,0
29171930,1225047.22,1225047.22,0
29172000,0.75,0.75,0
29173300,213,213,0
29173400,71.38,71.38,0
29173700,24,24,0
29173911,26831.29,26831.29,0
29173919,791.06,791.06,0
29173939,262656.12,262656.12,0
29173990,255.02,255.02,0
29174090,152.8,0,-152.8
29181100,285219.09,285219.09,0
29181200,169,169,0
29181310,658.82,658.82,0
29181400,1693746.73,1693746.73,0
29181500,193987.01,193987.01,0
29181610,29558.15,29558.15,0
29181690,1957,1957,0
29181929,1717.06,1717.06,0
29181930,793.4,793.4,0
29181941,21,21,0
29181942,5000,5000,0
29181943,15,15,0
29181990,206962.87,206962.87,0
29182110,95212.01,95212.01,0
29182120,16.65,16.65,0
29182211,100184.23,100184.23,0
29182219,192.25,192.25,0
29182300,1683,1683,0
29182910,266.04,266.04,0
29182922,9244,9244,0
29182923,71364.88,71364.88,0
29182929,2205,2205,0
29182950,11918.9,11918.9,0
29182990,150,150,0
29183010,2355.88,2355.88,0
29183031,185,185,0
29183033,23.96,23.96,0
29183039,1,1,0
29183040,200,200,0
29189093,18526,18526,0
29189100,7674.690000000001,7674.690000000001,0
29189912,1111.49,1111.49,0
29189930,392,392,0
29189950,600,600,0
29189991,14524.35,14524.35,0
29189993,54.11,54.11,0
29189994,595,595,0
29189999,2990.2,2990.2,0
29191000,188.9,188.9,0
29199020,78.9,78.9,0
29199040,109160.62,109160.62,0
29199050,71,71,0
29199060,12,12,0
29199090,40,40,0
29201120,1614.1,1614.1,0
29201910,231.1,231.1,0
29201920,283.18,283.18,0
29201990,450,450,0
29202990,23089.39,23089.39,0
29209013,60,60,0
29209029,195.22,195.22,0
29209032,206.25,206.25,0
29209039,318.27,318.27,0
29209049,57.69,57.69,0
29209059,7918.679999999999,7918.679999999999,0
29209090,1239.69,1239.69,0
29211111,9126.46,9126.46,0
29211121,15,15,0
29211122,41351.11,41351.11,0
29211129,489,489,0
29211139,3160.2,3160.2,0
29211200,9625,9625,0
29211913,91.53,91.53,0
29211919,92.3,92.3,0
29211949,1206,1206,0
29211992,45.6,45.6,0
29211999,9820.33,9820.33,0
29212100,5491.389999999999,5491.389999999999,0
29212200,231.83,231.83,0
29212910,14.54,14.54,0
29212920,12664.06,12664.06,0
29212990,1919.45,1919.45,0
29213011,14237.5,14237.5,0
29213019,40653.55,40653.55,0
29213090,7886.42,7886.42,0
29214100,3143.309999999999,3143.309999999999,0
29214211,1874.22,1874.22,0
29214221,685,685,0
29214229,808.04,808.04,0
29214231,1766.41,1766.41,0
29214239,410,410,0
29214241,2500,2500,0
29214249,20,20,0
29214290,61.2,61.2,0
29214311,4352.330000000001,4352.330000000001,0
29214319,66427.04000000001,66427.04000000001,0
29214321,462.79,462.79,0
29214323,197.8,197.8,0
29214329,12628.24,12628.24,0
29214422,8853,8853,0
29214500,21244.15,21244.15,0
29214650,71.88,71.88,0
29214690,570,570,0
29214921,781.06,781.06,0
29214922,576,576,0
29214931,24,24,0
29214990,47185.13,47185.13,0
29215111,1491.99,1491.99,0
29215139,2414,2414,0
29215190,69346,69346,0
29215911,707.36,707.36,0
29215919,16317.55,16317.55,0
29215921,80,80,0
29215929,261,261,0
29215931,206,206,0
29215939,20,20,0
29215990,11150.7,11150.7,0
29221100,269749.1,269749.1,0
29221200,12,12,0
29221400,265.51,265.51,0
29221500,7387.5,7387.5,0
29221800,16497,16497,0
29221911,120,120,0
29221912,12315.56,12315.56,0
29221913,74685.77,74685.77,0
29221919,1067.65,1067.65,0
29221921,265.83,265.83,0
29221931,359.8,359.8,0
29221939,2607.9,2607.9,0
29221941,62.51,62.51,0
29221951,70.36,70.36,0
29221959,85544.26,85544.26,0
29221979,190.37,190.37,0
29221981,129.71,129.71,0
29221989,3061,3061,0
29221991,11438.52,11438.52,0
29221992,60,60,0
29221993,2124.2,2124.2,0
29221996,17.5,17.5,0
29221999,510.4,510.4,0
29222919,13895.29,13895.29,0
29222990,134.04,134.04,0
29223921,432,432,0
29224110,32037713.33,32037713.33,0
29224190,99892567.97999999,99892567.97999999,0
29224220,130646.79,130646.79,0
29224910,149732.2,149732.2,0
29224920,6479367.23,6479367.23,0
29224940,6943,6943,0
29224951,140,140,0
29224959,1263.41,1263.41,0
29224961,71.39,71.39,0
29224962,944,944,0
29224963,18,18,0
29224964,3235,3235,0
29224990,23123367.04,23123367.04,0
29225019,145,145,0
29225029,212168.5,212168.5,0
29225039,529.6,529.6,0
29225099,43411378.98999999,43411378.98999999,0
29229000,274.97,0,-274.97
29231000,939686.77,939686.77,0
29232000,827265.3500000001,827265.3500000001,0
29233000,329.99,329.99,0
29239010,3898139.99,3898139.99,0
29239020,778.0800000000002,778.0800000000002,0
29239030,424.42,424.42,0
29239040,960.4,960.4,0
29239050,314402.83,314402.83,0
29239090,990417.47,990417.47,0
29241911,6589,6589,0
29241919,522.25,522.25,0
29241922,3070.96,3070.96,0
29241931,2017.64,2017.64,0
29241939,5967.26,5967.26,0
29241992,32.7,32.7,0
29241993,717.5899999999999,717.5899999999999,0
29241994,13713.48,13713.48,0
29241999,7991.400000000001,7991.400000000001,0
29242119,46,46,0
29242120,1014830.33,1014830.33,0
29242190,44656,44656,0
29242912,3140,3140,0
29242913,9,9,0
29242914,4022.69,4022.69,0
29242915,1800.76,1800.76,0
29242919,26,26,0
29242931,222,222,0
29242932,10541.7,10541.7,0
29242939,1831.67,1831.67,0
29242943,20,20,0
29242946,4611.19,4611.19,0
29242949,81477.32,81477.32,0
29242952,831.0899999999999,831.0899999999999,0
29242959,622.95,622.95,0
29242962,15,15,0
29242963,34.5,34.5,0
29242969,146,146,0
29242992,281815.68,281815.68,0
29242993,20984.6,20984.6,0
29242994,3830,3830,0
29242995,4591.27,4591.27,0
29242996,2113.78,2113.78,0
29242999,4960.09,4960.09,0
29251100,27717.33,27717.33,0
29251910,220,220,0
29251990,156921.88,156921.88,0
29252100,1248341.34,1248341.34,0
29252900,55322.40000000001,0,-55322.40000000001
29252911,377,377,0
29252919,412111.64,412111.64,0
29252923,24363.11,24363.11,0
29252929,964360.79,964360.79,0
29252930,13794.75,13794.75,0
29252950,174199.56,174199.56,0
29252990,107868.79,107868.79,0
29259090,3.6,0,-3.6
29261000,60.35,60.35,0
29262000,27534.2,27534.2,0
29263020,213,213,0
29264000,92.9,92.9,0
29269011,68.97,68.97,0
29269021,1145.18,1145.18,0
29269022,72935,72935,0
29269023,2148178.14,2148178.14,0
29269024,87312.81,87312.81,0
29269026,351078.38,351078.38,0
29269029,137.9,137.9,0
29269090,248.2,0,-248.2
29269091,173,173,0
29269093,8292.4,8292.4,0
29269095,2350799.7,2350799.7,0
29269096,216.95,216.95,0
29269099,16881.25,16881.25,0
29270010,29.5,29.5,0
29270029,486978.75,486978.75,0
29280019,248.38,248.38,0
29280030,3397.4,3397.4,0
29280042,2341.23,2341.23,0
29280090,132.9,132.9,0
29291010,176644.77,176644.77,0
29291021,54578.77,54578.77,0
29291029,83991.5,83991.5,0
29291030,205183.9,205183.9,0
29291090,281913.7099999999,281913.7099999999,0
29299012,2231.7,2231.7,0
29299019,305.89,305.89,0
29299021,1302,1302,0
29299029,772.0400000000001,772.0400000000001,0
29299090,22375.57,22375.57,0
29301000,5531.280000000001,5531.280000000001,0
29302011,130,130,0
29302012,121828.34,121828.34,0
29302021,1765.06,1765.06,0
29302022,469215.99,469215.99,0
29302024,225,225,0
29302029,10318.3,10318.3,0
29303011,388,388,0
29303012,3550,3550,0
29303019,1028.82,1028.82,0
29303021,57308.54,57308.54,0
29303029,7947.71,7947.71,0
29304010,11957895.55,11957895.55,0
29304090,83832227.16,83832227.16,0
29306000,29384.85,29384.85,0
29308020,365,365,0
29309011,14695.24,14695.24,0
29309012,1096.78,1096.78,0
29309013,70,70,0
29309019,194417.41,194417.41,0
29309022,863196.02,863196.02,0
29309023,553.22,553.22,0
29309029,98.6,98.6,0
29309031,239222.3499999999,239222.3499999999,0
29309032,444,444,0
29309033,131,131,0
29309034,22134536.48,22134536.48,0
29309035,5167159.9,5167159.9,0
29309039,21495.58,21495.58,0
29309041,52603.78999999999,52603.78999999999,0
29309043,2151.7,2151.7,0
29309049,83.7,83.7,0
29309052,20,20,0
29309059,162.99,162.99,0
29309061,1646807.89,1646807.89,0
29309069,9.24,9.24,0
29309072,3031.11,3031.11,0
29309079,1332,1332,0
29309084,74388.07,74388.07,0
29309085,57006.32,57006.32,0
29309086,32169.55,32169.55,0
29309087,7851.3,7851.3,0
29309088,3148,3148,0
29309089,76,76,0
29309091,1704.6,1704.6,0
29309095,82.9,82.9,0
29309097,6009.75,6009.75,0
29309099,8731.460000000001,8731.460000000001,0
29310029,49,49,0
29310035,624292,624292,0
29310039,420,420,0
29310090,1104.7,1104.7,0
29311000,6524.650000000001,6524.650000000001,0
29313500,950,950,0
29313912,2208.2,2208.2,0
29313999,219.29,219.29,0
29314100,15939.5,15939.5,0
29314400,1368,1368,0
29314500,1571984,1571984,0
29314600,503,503,0
29314800,463.1,463.1,0
29314914,7620.33,7620.33,0
29314915,30000,30000,0
29314916,95,95,0
29314990,12727.58,12727.58,0
29315300,14242.1,14242.1,0
29315400,440,440,0
29315911,22.2,22.2,0
29315912,450,450,0
29315999,37594.58,37594.58,0
29319021,120,120,0
29319029,32813.2,32813.2,0
29319032,341164,341164,0
29319035,12887.46,12887.46,0
29319045,69.6,69.6,0
29319049,125.89,125.89,0
29319052,2336,2336,0
29319059,649.3000000000001,649.3000000000001,0
29319069,2046,2046,0
29319090,14856.28,14856.28,0
29321100,13668.4,13668.4,0
29321200,889.2,889.2,0
29321310,140.79,140.79,0
29321400,77,77,0
29321910,19.6,19.6,0
29321950,322,322,0
29321990,115541.74,115541.74,0
29322000,398849.6200000001,398849.6200000001,0
29322930,40,40,0
29322931,1164,1164,0
29322932,7500.6,7500.6,0
29322990,35.88,35.88,0
29329100,45,45,0
29329200,62369.7,62369.7,0
29329300,30,30,0
29329400,61.96,61.96,0
29329600,1719.13,1719.13,0
29329911,4555270.37,4555270.37,0
29329912,740,740,0
29329913,50.2,50.2,0
29329921,2547.8,2547.8,0
29329922,18,18,0
29329992,88267.56,88267.56,0
29329994,15998.98,15998.98,0
29329999,136004.21,136004.21,0
29331111,68897.56,68897.56,0
29331112,78,78,0
29331119,23910.6,23910.6,0
29331120,2104.82,2104.82,0
29331911,251.75,251.75,0
29331919,1139.65,1139.65,0
29331990,26078.71,26078.71,0
29332121,3248.099999999999,3248.099999999999,0
29332129,1188.16,1188.16,0
29332190,34.13,34.13,0
29332911,91.45,91.45,0
29332912,250,250,0
29332919,18.51,18.51,0
29332929,2059,2059,0
29332930,2240,2240,0
29332991,206.17,206.17,0
29332993,27.22,27.22,0
29332994,9338.89,9338.89,0
29332995,9911.35,9911.35,0
29332999,52686.82,52686.82,0
29333120,335199.5,335199.5,0
29333200,197.5,197.5,0
29333319,607.3,607.3,0
29333322,218865.23,218865.23,0
29333329,20,20,0
29333349,49.2,49.2,0
29333352,550.9300000000001,550.9300000000001,0
29333359,80,80,0
29333372,70,70,0
29333379,1584.09,1584.09,0
29333381,735,735,0
29333382,32,32,0
29333389,842463.4,842463.4,0
29333392,12,12,0
29333393,230,230,0
29333400,433.8099999999999,433.8099999999999,0
29333663,450,0,-450
29333913,3317.99,3317.99,0
29333914,86.4,86.4,0
29333915,1910.08,1910.08,0
29333919,204989,204989,0
29333921,262782.38,262782.38,0
29333922,504497.62,504497.62,0
29333923,26.98,26.98,0
29333924,500,500,0
29333925,24588.25,24588.25,0
29333929,592593.8200000001,592593.8200000001,0
29333933,680,680,0
29333935,26516,26516,0
29333937,630.8,630.8,0
29333939,18727.68,18727.68,0
29333943,75850,75850,0
29333946,18314.21,18314.21,0
29333949,393.09,393.09,0
29333981,1365.82,1365.82,0
29333983,56719.2,56719.2,0
29333991,1083,1083,0
29333992,16900,16900,0
29333993,1780.2,1780.2,0
29333994,885.48,885.48,0
29333999,98338.43000000001,98338.43000000001,0
29334110,336.72,336.72,0
29334913,20,20,0
29334919,75.6,75.6,0
29334930,18.6,18.6,0
29334990,8855.12,8855.12,0
29335200,1386,1386,0
29335323,47815.54,47815.54,0
29335340,16459.04,16459.04,0
29335350,892299.75,892299.75,0
29335400,212.4,212.4,0
29335510,229,229,0
29335520,894.5999999999999,894.5999999999999,0
29335530,300,300,0
29335540,72,72,0
29335912,8759.35,8759.35,0
29335914,749.39,749.39,0
29335915,102955.75,102955.75,0
29335917,300,300,0
29335919,77076.81999999999,77076.81999999999,0
29335932,16659.81,16659.81,0
29335934,83.98,83.98,0
29335935,4600.43,4600.43,0
29335939,3450,3450,0
29335941,30664.35,30664.35,0
29335944,189.08,189.08,0
29335945,87.38,87.38,0
29335949,9189.7,9189.7,0
29335991,6826.83,6826.83,0
29335992,6400.5,6400.5,0
29335999,33178.55,33178.55,0
29336100,875.6700000000001,875.6700000000001,0
29336900,160,0,-160
29336911,260398.8800000001,260398.8800000001,0
29336912,216,216,0
29336913,1314565.45,1314565.45,0
29336916,114.69,114.69,0
29336919,2272342.05,2272342.05,0
29336923,84080,84080,0
29336929,5550.32,5550.32,0
29336991,57766,57766,0
29336992,384.06,384.06,0
29336999,182670.83,182670.83,0
29337100,36335.55,36335.55,0
29337910,1307.2,1307.2,0
29337990,648412.4099999999,648412.4099999999,0
29339085,40,40,0
29339111,7.8,7.8,0
29339113,7271.809999999999,7271.809999999999,0
29339119,10266.5,10266.5,0
29339122,356.5,356.5,0
29339129,209.9,209.9,0
29339132,20779.28,20779.28,0
29339134,902,902,0
29339139,95,95,0
29339141,135,135,0
29339151,476,476,0
29339161,78.05000000000001,78.05000000000001,0
29339163,1092.9,1092.9,0
29339172,15,15,0
29339179,948.25,948.25,0
29339189,21937.88,21937.88,0
29339919,9455880.34,9455880.34,0
29339920,14279.31,14279.31,0
29339934,2013.2,2013.2,0
29339941,1666184.05,1666184.05,0
29339945,340,340,0
29339946,720.74,720.74,0
29339949,160,160,0
29339952,130,130,0
29339953,1263555.42,1263555.42,0
29339954,14743.41,14743.41,0
29339955,7985.5,7985.5,0
29339956,24609.09,24609.09,0
29339959,36582,36582,0
29339969,86698,86698,0
29339999,2278370.01,2278370.01,0
29341090,1187.49,1187.49,0
29342010,1387.5,1387.5,0
29342020,10061.12,10061.12,0
29342031,12580,12580,0
29342032,6517.96,6517.96,0
29342033,7434.7,7434.7,0
29342034,6831.01,6831.01,0
29342039,426.42,426.42,0
29342040,19973.75,19973.75,0
29343030,420,420,0
29343090,1510.55,1510.55,0
29349111,24,24,0
29349121,396,396,0
29349122,269.66,269.66,0
29349129,480,480,0
29349133,70,70,0
29349200,5311.6,5311.6,0
29349911,5676.16,5676.16,0
29349912,44.12,44.12,0
29349919,615.9,615.9,0
29349922,502.77,502.77,0
29349923,1200,1200,0
29349929,153,153,0
29349931,1225.35,1225.35,0
29349934,6890.98,6890.98,0
29349935,43722.6,43722.6,0
29349939,803725.5699999998,803725.5699999998,0
29349944,3862,3862,0
29349946,1739.01,1739.01,0
29349949,335,335,0
29349951,127841.24,127841.24,0
29349953,47375.84,47375.84,0
29349954,546.5000000000001,546.5000000000001,0
29349992,452.84,452.84,0
29349999,1510390.82,1510390.82,0
29350012,36000,36000,0
29350019,160,160,0
29350023,178,178,0
29350025,62.6,62.6,0
29351000,604.44,604.44,0
29352000,1745278.86,1745278.86,0
29359011,243.04,243.04,0
29359019,120902.98,120902.98,0
29359023,201.02,201.02,0
29359024,6,6,0
29359094,10,10,0
29359099,25980.38,25980.38,0
29361000,32,32,0
29362111,2006.48,2006.48,0
29362112,198504.35,198504.35,0
29362113,1394.55,1394.55,0
29362119,2868.28,2868.28,0
29362190,69419.71,69419.71,0
29362210,3651.28,3651.28,0
29362220,34159.26,34159.26,0
29362290,1159.64,1159.64,0
29362310,174967.44,174967.44,0
29362320,122.6,122.6,0
29362390,1562.48,1562.48,0
29362410,331791.91,331791.91,0
29362490,11740.67,11740.67,0
29362510,4848.1,4848.1,0
29362520,28852.63,28852.63,0
29362590,477,477,0
29362610,29384.64,29384.64,0
29362630,684,684,0
29362690,15588.69,15588.69,0
29362710,67116.45,67116.45,0
29362720,220,220,0
29362790,682992.5399999998,682992.5399999998,0
29362811,1944.3,1944.3,0
29362812,2200886.040000001,2200886.040000001,0
29362819,2033,2033,0
29362890,124761.04,124761.04,0
29362911,34024.9,34024.9,0
29362919,10952.58,10952.58,0
29362921,31340.33,31340.33,0
29362929,5829.95,5829.95,0
29362931,4145.190000000001,4145.190000000001,0
29362939,149.99,149.99,0
29362940,16432.27,16432.27,0
29362951,32211.62,32211.62,0
29362952,67781.04000000001,67781.04000000001,0
29362953,51.5,51.5,0
29362959,6000,6000,0
29362990,1542903.31,1542903.31,0
29365000,104,0,-104
29369000,1179316.2,1179316.2,0
29371930,54.4,54.4,0
29371940,25,25,0
29371950,9933.05,9933.05,0
29371990,204929.7,204929.7,0
29372120,765.5999999999999,765.5999999999999,0
29372130,970.2,970.2,0
29372140,2470.17,2470.17,0
29372201,41,0,-41
29372210,125340.96,125340.96,0
29372221,1070.33,1070.33,0
29372229,935,935,0
29372231,1371.3,1371.3,0
29372239,15182.67,15182.67,0
29372290,7644.7,7644.7,0
29372310,68715.54999999999,68715.54999999999,0
29372321,66.5,66.5,0
29372331,970.5999999999999,970.5999999999999,0
29372341,60,60,0
29372342,96,96,0
29372349,47408.88,47408.88,0
29372359,547,547,0
29372360,24,24,0
29372399,481470,481470,0
29372910,858.37,858.37,0
29372920,20960.95,20960.95,0
29372931,101.5,101.5,0
29372940,1688.87,1688.87,0
29372950,175,175,0
29372960,160.97,160.97,0
29372990,7222.31,7222.31,0
29375000,17220.8,17220.8,0
29379090,160652.4,160652.4,0
29379210,30,30,0
29379249,25.9,25.9,0
29389010,1869,1869,0
29389020,1472.99,1472.99,0
29389090,7408.870000000001,7408.870000000001,0
29391110,88.45,88.45,0
29391121,730.6,730.6,0
29391122,40.25,40.25,0
29391123,3439.5,3439.5,0
29391162,63.82,63.82,0
29391169,491735.54,491735.54,0
29391182,112480,112480,0
29391191,116.96,116.96,0
29391192,87.60000000000001,87.60000000000001,0
29391900,1380,1380,0
29392000,796.2,796.2,0
29393010,17917.97,17917.97,0
29393020,802.55,802.55,0
29394200,22.2,22.2,0
29394520,400,400,0
29394900,10998.86,10998.86,0
29395920,39.5,39.5,0
29396911,8.02,8.02,0
29396919,913,913,0
29396929,790,790,0
29396931,2425,2425,0
29396949,5906.289999999999,5906.289999999999,0
29396952,5,5,0
29397111,60,60,0
29397290,1714.08,1714.08,0
29397911,1406.39,1406.39,0
29397919,1846.1,1846.1,0
29397931,660.51,660.51,0
29397939,285,285,0
29397990,2282.4,2282.4,0
29398000,571.9,571.9,0
29399119,350,350,0
29399990,5034,5034,0
29400012,522.29,522.29,0
29400013,16076.37,16076.37,0
29400019,43909.62,43909.62,0
29400022,75,75,0
29400023,1278,1278,0
29400029,119.3,119.3,0
29400092,174.48,174.48,0
29400093,50,50,0
29400099,949247.2,949247.2,0
29410000,1399.5,0,-1399.5
29411010,36.26,36.26,0
29411020,12225,12225,0
29411031,13227.65,13227.65,0
29411039,16571.1,16571.1,0
29411041,1162.8,1162.8,0
29411042,2947.06,2947.06,0
29411043,870.38,870.38,0
29411049,505.24,505.24,0
29411090,809583.26,809583.26,0
29412010,132145.89,132145.89,0
29412090,10799.04,10799.04,0
29413010,402,402,0
29413020,736001.51,736001.51,0
29413090,9325.86,9325.86,0
29414011,2192.06,2192.06,0
29414019,105,105,0
29419011,800,800,0
29419012,5520.8,5520.8,0
29419013,168.32,168.32,0
29419021,287.8,287.8,0
29419029,12605.2,12605.2,0
29419031,282.02,282.02,0
29419032,522.1,522.1,0
29419033,1174.51,1174.51,0
29419037,12600,12600,0
29419039,31054.95,31054.95,0
29419041,136344.17,136344.17,0
29419043,23961.12,23961.12,0
29419049,2393.55,2393.55,0
29419059,130411.5,130411.5,0
29419061,2084.98,2084.98,0
29419069,32.15,32.15,0
29419071,182820.99,182820.99,0
29419072,150902.54,150902.54,0
29419073,388878.25,388878.25,0
29419083,1000,1000,0
29419089,4602.87,4602.87,0
29419092,7073.900000000001,7073.900000000001,0
29419099,85776.06999999998,85776.06999999998,0
29420000,48864200.74999999,48864200.74999999,0
29586201,51.7,0,-51.7
29853100,603,0,-603
29859476,180,0,-180
30000019,89,0,-89
30000632,17.99,0,-17.99
30002499,234,0,-234
30004508,110.84,0,-110.84
30004600,70,0,-70
30004909,18,0,-18
30005467,8437.02,0,-8437.02
30012010,37882.51,37882.51,0
30012090,264957.3400000001,264957.3400000001,0
30019010,615.51,615.51,0
30019020,10336.9,10336.9,0
30019039,355005.24,355005.24,0
30019061,93,0,-93
30019090,30179.07,30179.07,0
30021011,17992.91,17992.91,0
30021012,20325.82,20325.82,0
30021013,2182.92,2182.92,0
30021014,240,240,0
30021016,5737.389999999999,5737.389999999999,0
30021019,1337.81,1337.81,0
30021021,247,247,0
30021023,48,48,0
30021029,1420.65,1420.65,0
30021032,240.5,240.5,0
30021037,80,80,0
30021038,377.5,377.5,0
30021211,1263220.29,1263220.29,0
30021212,581713.9299999998,581713.9299999998,0
30021214,6115,6115,0
30021215,2790,2790,0
30021216,310020.65,310020.65,0
30021219,2026906.63,2026906.63,0
30021221,1322.27,1322.27,0
30021222,1242346.64,1242346.64,0
30021223,30.72,30.72,0
30021224,300,300,0
30021229,20314488.64,20314488.64,0
30021231,1987.6,1987.6,0
30021234,324,324,0
30021235,35488.36000000002,35488.36000000002,0
30021236,2945.97,2945.97,0
30021239,575952.1900000001,575952.1900000001,0
30021300,11294.4,11294.4,0
30021400,285123.11,285123.11,0
30021510,1826.5,1826.5,0
30021520,62099.28,62099.28,0
30021590,1909325.4,1909325.4,0
30021900,31999.95,31999.95,0
30022000,13.9,0,-13.9
30022011,104,104,0
30022021,380,380,0
30022022,260,260,0
30022025,800,800,0
30022026,850,850,0
30022491,22.9,0,-22.9
30022499,7420,0,-7420
30023000,363,0,-363
30023010,809296.31,809296.31,0
30023011,120,0,-120
30023030,62453.53000000001,62453.53000000001,0
30023040,15906.37,15906.37,0
30023050,174449.23,174449.23,0
30023060,149941.99,149941.99,0
30023062,7980,0,-7980
30023070,15103.34,15103.34,0
30023080,61527.15000000001,61527.15000000001,0
30023090,4801964.21,4801964.21,0
30023091,704,0,-704
30024010,3866.25,0,-3866.25
30024111,924555.8900000001,924555.8900000001,0
30024112,230665.13,230665.13,0
30024115,1685,1685,0
30024116,300,300,0
30024117,1174,1174,0
30024119,469802.01,469802.01,0
30024121,114011.32,114011.32,0
30024122,365.5,365.5,0
30024123,408,408,0
30024125,172714.17,172714.17,0
30024126,1240.5,1240.5,0
30024127,24445.5,24445.5,0
30024129,248146.25,248146.25,0
30024210,25401407.35,25401407.35,0
30024220,2600247.97,2600247.97,0
30024230,1160724.92,1160724.92,0
30024240,474813.6800000001,474813.6800000001,0
30024250,12470409.2,12470409.2,0
30024260,22013675.03,22013675.03,0
30024270,52280827.12,52280827.12,0
30024280,24882990.11,24882990.11,0
30024290,407565722.21,407565722.21,0
30024900,14216.6,0,-14216.6
30024910,745292.1799999999,745292.1799999999,0
30024920,595480.3399999999,595480.3399999999,0
30024991,28585774.66,28585774.66,0
30024992,2364740.390000001,2364740.390000001,0
30024993,139.8,139.8,0
30024994,29531.5,29531.5,0
30024999,339580003.9199999,339580003.9199999,0
30025100,60538.29000000001,60538.29000000001,0
30025900,3582651.83,3582651.83,0
30026023,14099.25,0,-14099.25
30029000,604906781.6499997,604906781.6499997,0
30029010,362239.6,362239.6,0
30029019,125,0,-125
30029040,160,0,-160
30029062,9000,0,-9000
30029090,15912,0,-15912
30029091,3122933.930000001,3122933.930000001,0
30029092,643445.71,643445.71,0
30029099,29804697.04000001,29804697.04000001,0
30029190,119,0,-119
30031011,160912.73,160912.73,0
30031012,179403.4,179403.4,0
30031013,7754.259999999999,7754.259999999999,0
30031014,787.5,787.5,0
30031015,3632.099999999999,3632.099999999999,0
30031019,180032.11,180032.11,0
30031020,9455.1,9455.1,0
30032011,921.68,921.68,0
30032019,294750.57,294750.57,0
30032021,40,40,0
30032029,214699.86,214699.86,0
30032031,1379.34,1379.34,0
30032032,51400,51400,0
30032039,28560.4,28560.4,0
30032041,525131.49,525131.49,0
30032049,376.83,376.83,0
30032052,128827.71,128827.71,0
30032059,15909.34,15909.34,0
30032061,2283716.49,2283716.49,0
30032062,87,87,0
30032063,120,120,0
30032069,56533.36,56533.36,0
30032071,699.53,699.53,0
30032072,126.57,126.57,0
30032073,247.24,247.24,0
30032079,67311.87,67311.87,0
30032090,140,0,-140
30032091,139,139,0
30032092,3454518.28,3454518.28,0
30032094,2300,2300,0
30032095,169.8,169.8,0
30032099,4743586.260000001,4743586.260000001,0
30033090,1950,0,-1950
30033100,4557.17,4557.17,0
30033911,1608,1608,0
30033913,657.65,657.65,0
30033915,20,20,0
30033917,70,70,0
30033921,17717.16,17717.16,0
30033922,305744.15,305744.15,0
30033925,6926.949999999999,6926.949999999999,0
30033926,3635.14,3635.14,0
30033927,1079.8,1079.8,0
30033929,6306.349999999999,6306.349999999999,0
30033935,420,420,0
30033936,1100.39,1100.39,0
30033939,1414.04,1414.04,0
30033982,2155,2155,0
30033991,546102.26,546102.26,0
30033994,241.19,241.19,0
30033995,15.8,15.8,0
30033999,160609.14,160609.14,0
30034050,30,30,0
30034090,1514.6,1514.6,0
30034200,1575,1575,0
30034300,1786.32,1786.32,0
30034562,30,0,-30
30034910,105,105,0
30034920,388.6,388.6,0
30034930,88,88,0
30034950,2358.08,2358.08,0
30034990,2158912.37,2158912.37,0
30036000,69.9,69.9,0
30039011,4810.59,4810.59,0
30039012,5851.56,5851.56,0
30039013,3700.04,3700.04,0
30039014,3714.26,3714.26,0
30039015,2221.2,2221.2,0
30039016,24802.5,24802.5,0
30039019,843335.1599999999,843335.1599999999,0
30039021,120,120,0
30039023,129,129,0
30039024,8693.579999999998,8693.579999999998,0
30039029,682.13,682.13,0
30039031,6669.76,6669.76,0
30039032,255.94,255.94,0
30039033,203467.33,203467.33,0
30039034,817466.6,817466.6,0
30039035,4542.98,4542.98,0
30039036,144.43,144.43,0
30039039,5649.409999999999,5649.409999999999,0
30039041,1246.3,1246.3,0
30039042,654.86,654.86,0
30039043,935,935,0
30039045,25,25,0
30039046,104.7,104.7,0
30039047,4673.92,4673.92,0
30039048,29,29,0
30039049,708935.21,708935.21,0
30039051,583.6800000000001,583.6800000000001,0
30039052,129.5,129.5,0
30039053,13949.73,13949.73,0
30039054,379.91,379.91,0
30039055,16334.31,16334.31,0
30039056,39585.45999999999,39585.45999999999,0
30039057,4677.74,4677.74,0
30039058,181.36,181.36,0
30039059,34360.11,34360.11,0
30039061,601.47,601.47,0
30039062,5898.890000000001,5898.890000000001,0
30039063,42.15,42.15,0
30039065,2792,2792,0
30039066,51,51,0
30039067,46235.03000000001,46235.03000000001,0
30039069,1135837.81,1135837.81,0
30039071,129.54,129.54,0
30039072,548.95,548.95,0
30039073,364836.69,364836.69,0
30039074,49.79,49.79,0
30039075,35.46,35.46,0
30039076,13254.18,13254.18,0
30039077,2331743.03,2331743.03,0
30039078,10443.45,10443.45,0
30039079,12850280.77,12850280.77,0
30039081,6.5,6.5,0
30039082,1343248.39,1343248.39,0
30039083,2681.09,2681.09,0
30039084,16245.49,16245.49,0
30039085,521.48,521.48,0
30039086,332.56,332.56,0
30039087,14632.72,14632.72,0
30039088,109.21,109.21,0
30039089,21471.81,21471.81,0
30039091,91095,91095,0
30039094,5406.900000000001,5406.900000000001,0
30039095,2025.36,2025.36,0
30039096,5108.89,5108.89,0
30039099,13162835.96,13162835.96,0
30039900,134,0,-134
30041011,2336642.44,2336642.44,0
30041012,59181994.27,59181994.27,0
30041013,8462076.49,8462076.49,0
30041014,618838.05,618838.05,0
30041015,2287041.51,2287041.51,0
30041019,18964040.75,18964040.75,0
30041020,5916936.490000001,5916936.490000001,0
30042011,36525.14999999999,36525.14999999999,0
30042019,37380050.78000001,37380050.78000001,0
30042021,2983.97,2983.97,0
30042029,74859736.22,74859736.22,0
30042031,23821.12999999999,23821.12999999999,0
30042032,3748.96,3748.96,0
30042039,37839.22,37839.22,0
30042041,11784309.53,11784309.53,0
30042049,67525.49000000002,67525.49000000002,0
30042051,20224.32,20224.32,0
30042052,2776785.03,2776785.03,0
30042059,29782588.08,29782588.08,0
30042061,2889325.64,2889325.64,0
30042062,102,102,0
30042063,35,35,0
30042069,3283702.75,3283702.75,0
30042071,15.9,15.9,0
30042073,26293.23,26293.23,0
30042079,8311607.66,8311607.66,0
30042090,7651.5,0,-7651.5
30042091,8967.72,8967.72,0
30042092,17485673.59,17485673.59,0
30042093,31,31,0
30042094,29,29,0
30042095,2401.23,2401.23,0
30042099,101370106.63,101370106.63,0
30042299,200,0,-200
30043100,63412.77,63412.77,0
30043200,1178.97,1178.97,0
30043210,5167501.83,5167501.83,0
30043220,25654.39,25654.39,0
30043290,9171624.04,9171624.04,0
30043911,120406315.16,120406315.16,0
30043912,670480.8200000001,670480.8200000001,0
30043913,39532.74000000001,39532.74000000001,0
30043915,60676100.81999999,60676100.81999999,0
30043916,27483.79,27483.79,0
30043917,6717578.910000001,6717578.910000001,0
30043918,105072.35,105072.35,0
30043919,90621.23,90621.23,0
30043921,4234106.069999999,4234106.069999999,0
30043922,2612937.5,2612937.5,0
30043925,314.54,314.54,0
30043926,1755.75,1755.75,0
30043927,54331.06,54331.06,0
30043928,60.56,60.56,0
30043929,6724256.050000002,6724256.050000002,0
30043932,734.35,734.35,0
30043933,9339.39,9339.39,0
30043934,22.5,22.5,0
30043936,8268.2,8268.2,0
30043937,2048.02,2048.02,0
30043939,94224962.41,94224962.41,0
30043981,71744.06,71744.06,0
30043990,15495.74,15495.74,0
30043991,8321420.639999999,8321420.639999999,0
30043992,15172.73,15172.73,0
30043994,18754.27,18754.27,0
30043999,30832592.86,30832592.86,0
30044020,20.55,20.55,0
30044030,392.5,392.5,0
30044040,281.52,281.52,0
30044090,76685.28,76685.28,0
30044100,38814.00999999999,38814.00999999999,0
30044200,19522.76,19522.76,0
30044240,1134,0,-1134
30044300,454077.5,454077.5,0
30044490,50,0,-50
30044900,540,0,-540
30044904,210,0,-210
30044905,240,0,-240
30044909,104,0,-104
30044910,1683.2,1683.2,0
30044920,122984.2,122984.2,0
30044930,224,224,0
30044940,13693.83,13693.83,0
30044950,2997.16,2997.16,0
30044990,11945839.9,11945839.9,0
30045000,158.41,0,-158.41
30045010,13254.66,13254.66,0
30045020,1540104.54,1540104.54,0
30045030,6725020.94,6725020.94,0
30045040,6058432.6,6058432.6,0
30045050,233190.8,233190.8,0
30045060,38963.38999999999,38963.38999999999,0
30045090,74938261.47,74938261.47,0
30046000,7099215.659999998,7099215.659999998,0
30049000,4.45,0,-4.45
30049002,148.79,0,-148.79
30049006,558,0,-558
30049009,124.54,0,-124.54
30049011,181429.8,181429.8,0
30049012,7635.020000000001,7635.020000000001,0
30049013,2300.23,2300.23,0
30049014,1015,1015,0
30049019,681811.72,681811.72,0
30049021,65046.57000000001,65046.57000000001,0
30049022,1042.04,1042.04,0
30049023,1134791.15,1134791.15,0
30049024,5107937.630000002,5107937.630000002,0
30049025,2371.8,2371.8,0
30049026,34176.48,34176.48,0
30049027,1149,1149,0
30049028,1090.54,1090.54,0
30049029,14387252.7,14387252.7,0
30049031,150.69,150.69,0
30049032,205800.56,205800.56,0
30049033,72757.31999999998,72757.31999999998,0
30049034,20197.6,20197.6,0
30049035,17412.61,17412.61,0
30049036,19537.22999999999,19537.22999999999,0
30049037,2381842.21,2381842.21,0
30049038,502.4,502.4,0
30049039,5483576.98,5483576.98,0
30049041,689145.1799999998,689145.1799999998,0
30049042,27359.47,27359.47,0
30049043,1093265.94,1093265.94,0
30049044,472,472,0
30049045,374041.9299999999,374041.9299999999,0
30049046,3410749.57,3410749.57,0
30049047,189919.92,189919.92,0
30049048,1591.64,1591.64,0
30049049,5321825.139999999,5321825.139999999,0
30049050,238,0,-238
30049051,18887.8,18887.8,0
30049052,861.2099999999999,861.2099999999999,0
30049053,4713.89,4713.89,0
30049054,17279.16,17279.16,0
30049055,27145632.51,27145632.51,0
30049057,1600.95,1600.95,0
30049058,7396.290000000001,7396.290000000001,0
30049059,151222477.48,151222477.48,0
30049061,1584052.69,1584052.69,0
30049062,69622222.67999999,69622222.67999999,0
30049063,11261605.91000001,11261605.91000001,0
30049064,60218.44999999998,60218.44999999998,0
30049065,15320,15320,0
30049066,77443.33000000002,77443.33000000002,0
30049067,24929593.31,24929593.31,0
30049068,689446.8699999998,689446.8699999998,0
30049069,46952807.23999999,46952807.23999999,0
30049070,150,0,-150
30049071,6522300.380000001,6522300.380000001,0
30049072,2301439.87,2301439.87,0
30049073,9982457.32,9982457.32,0
30049074,46864.98,46864.98,0
30049075,4989.809999999999,4989.809999999999,0
30049076,248334.62,248334.62,0
30049077,64278.44,64278.44,0
30049078,293856.97,293856.97,0
30049079,37945356.92,37945356.92,0
30049090,1811.87,0,-1811.87
30049091,35454.44,35454.44,0
30049092,60316.12999999999,60316.12999999999,0
30049093,4269.000000000001,4269.000000000001,0
30049094,25838.19,25838.19,0
30049095,236241.9,236241.9,0
30049096,3792418.560000001,3792418.560000001,0
30049097,1083.11,1083.11,0
30049098,808,808,0
30049099,92356367.33999999,92356367.33999999,0
30049329,9000,0,-9000
30049909,106,0,-106
30049990,200,0,-200
30051010,30482.81000000001,30482.81000000001,0
30051020,71188.99,71188.99,0
30051030,133044,133044,0
30051040,72.9,72.9,0
30051050,71467.68,71467.68,0
30051090,539160.68,539160.68,0
30059000,10,0,-10
30059011,1024.44,1024.44,0
30059012,1779.77,1779.77,0
30059019,71182.73000000001,71182.73000000001,0
30059020,11243.59,11243.59,0
30059090,2362677.41,2362677.41,0
30061010,14779.12,14779.12,0
30061020,25315.12,25315.12,0
30061090,3821618.650000001,3821618.650000001,0
30062011,30.38,0,-30.38
30063011,184.89,184.89,0
30063012,430,430,0
30063013,4650,4650,0
30063015,495,495,0
30063016,215.63,215.63,0
30063017,75,75,0
30063018,4445.6,4445.6,0
30063019,39055.02,39055.02,0
30063021,12236.5,12236.5,0
30063029,13381.66,13381.66,0
30064011,385920.9600000001,385920.9600000001,0
30064012,419874.6999999999,419874.6999999999,0
30064020,51479.08,51479.08,0
30065000,28758.43,28758.43,0
30066000,964150.48,964150.48,0
30067000,245602.27,245602.27,0
30069110,70805.38,70805.38,0
30069190,26361.96,26361.96,0
30069200,575.2800000000001,575.2800000000001,0
30069300,436089.1899999999,436089.1899999999,0
30079099,42,0,-42
30081022,15,0,-15
30082011,21.1,0,-21.1
30082029,501325,0,-501325
30089119,200,0,-200
30089192,986,0,-986
30089196,152,0,-152
30089198,306.8,0,-306.8
30089199,615.79,0,-615.79
30089299,18980,0,-18980
30089322,500,0,-500
30089329,1092848.4,0,-1092848.4
30089993,2945,0,-2945
30089999,11845.93,0,-11845.93
30140090,23.65,0,-23.65
30172300,100.4,0,-100.4
30173100,18,0,-18
30174090,23.17,0,-23.17
30190000,196.46,0,-196.46
30191090,2491.8,0,-2491.8
30194090,168.15,0,-168.15
30201010,105,0,-105
30201099,2400,0,-2400
30203000,945.3000000000001,0,-945.3000000000001
30235000,105,0,-105
30239000,148.5,0,-148.5
30241000,86,0,-86
30249041,570,0,-570
30269090,54,0,-54
30310000,483.55,0,-483.55
30318099,243.8,0,-243.8
30350000,747,0,-747
30401201,25.98,0,-25.98
30422000,675.85,0,-675.85
30541000,529.62,0,-529.62
30859710,792,0,-792
30980000,994,0,-994
30989000,20,0,-20
31009909,5656,0,-5656
31010000,1702506129.13,1702506129.13,0
31011000,48,0,-48
31021000,600000,0,-600000
31021010,4932263913.58,4932263913.58,0
31021090,948272731.4999999,948272731.4999999,0
31022011,189000,0,-189000
31022100,1958388592.05,1958388592.05,0
31022910,2383818.2,2383818.2,0
31022990,164822968.79,164822968.79,0
31023000,95308811.05000001,95308811.05000001,0
31024000,271205259.72,271205259.72,0
31025011,57689089.73,57689089.73,0
31025019,5682498.54,5682498.54,0
31025090,67875159.77000001,67875159.77000001,0
31026000,86849432.04,86849432.04,0
31028000,246591409.41,246591409.41,0
31029000,2279358987.11,2279358987.11,0
31029090,117270.01,0,-117270.01
31031010,23312537.91,23312537.91,0
31031030,6579610.670000001,6579610.670000001,0
31031100,1404045551.15,1404045551.15,0
31031900,3888448328.66,3888448328.66,0
31039011,370719294.36,370719294.36,0
31039019,67023970.26000001,67023970.26000001,0
31039090,813175518.49,813175518.49,0
31040020,1362.54,0,-1362.54
31042000,212074.56,0,-212074.56
31042010,4708176029.150001,4708176029.150001,0
31042090,9587451840.240002,9587451840.240002,0
31043010,98242883.89,98242883.89,0
31043090,32474801.39,32474801.39,0
31049010,151174.17,151174.17,0
31049090,903240380.26,903240380.26,0
31050000,278400,0,-278400
31051000,959437831.91,959437831.91,0
31052000,20293728918.63,20293728918.63,0
31053000,311531979.96,311531979.96,0
31053010,445120,445120,0
31053090,167565.78,167565.78,0
31054000,4986471519.16,4986471519.16,0
31055100,486524097.77,486524097.77,0
31055900,6826305968.639999,6826305968.639999,0
31056000,2396163238.58,2396163238.58,0
31059010,765660.0299999999,0,-765660.0299999999
31059011,140510832.55,140510832.55,0
31059019,583468668.9899999,583468668.9899999,0
31059090,9233269919.23,9233269919.23,0
31069010,4.98,0,-4.98
31082013,35,0,-35
31089199,15,0,-15
31089999,1384.99,0,-1384.99
31100012,119,0,-119
31129090,406,0,-406
31141020,2068,0,-2068
31149000,143.6,0,-143.6
31151900,720,0,-720
31174090,301.5,0,-301.5
31432665,300,0,-300
31450000,3000,0,-3000
31541453,2,0,-2
31811500,172.8,0,-172.8
31815000,8,0,-8
31815002,18.64,0,-18.64
31822007,326.8099999999999,0,-326.8099999999999
32011000,16180.6,16180.6,0
32012000,139750.96,139750.96,0
32019011,3996.46,3996.46,0
32019012,245.5,245.5,0
32019019,208758.47,208758.47,0
32019020,29748.36,29748.36,0
32019090,1472400.48,1472400.48,0
32021000,70094.34,70094.34,0
32022000,860.9300000000001,0,-860.9300000000001
32029011,229.88,229.88,0
32029013,246,246,0
32029019,10693.94,10693.94,0
32029021,45.05,45.05,0
32029029,1694.77,1694.77,0
32029030,508.84,508.84,0
32030012,1899.54,1899.54,0
32030013,140,140,0
32030019,1621691.8,1621691.8,0
32030021,23923.1,23923.1,0
32030029,26419.78,26419.78,0
32030030,160866.11,160866.11,0
32041010,1760,0,-1760
32041100,3889935.04,3889935.04,0
32041210,108837.9000000001,108837.9000000001,0
32041220,5564.2,5564.2,0
32041247,114,0,-114
32041300,522766.71,522766.71,0
32041400,10492.03,10492.03,0
32041510,479.3,479.3,0
32041520,28.02,28.02,0
32041530,486.2,486.2,0
32041590,13717.24,13717.24,0
32041600,28238.72,28238.72,0
32041700,3911662.26,3911662.26,0
32041810,8543165.100000001,8543165.100000001,0
32041820,1699523.89,1699523.89,0
32041830,71640.17999999998,71640.17999999998,0
32041890,1085.14,1085.14,0
32041912,11270,11270,0
32041913,182.16,182.16,0
32041920,105372.77,105372.77,0
32041930,14150.62,14150.62,0
32041990,338942.27,338942.27,0
32042011,410,410,0
32042019,642.14,642.14,0
32042090,5038.08,5038.08,0
32049000,2319878.95,2319878.95,0
32049039,150,0,-150
32050000,9801.689999999999,9801.689999999999,0
32052011,100,0,-100
32053003,570,0,-570
32061010,1072,0,-1072
32061110,63992.87,63992.87,0
32061111,708.3,708.3,0
32061119,1340.74,1340.74,0
32061120,6674.610000000001,6674.610000000001,0
32061130,58457.99000000001,58457.99000000001,0
32061910,5219617.54,5219617.54,0
32061990,5255786.329999999,5255786.329999999,0
32062000,83412.06000000001,83412.06000000001,0
32064100,39558.45,39558.45,0
32064290,445.31,445.31,0
32064900,15.8,15.8,0
32064910,4791.5,4791.5,0
32064990,1983421.7,1983421.7,0
32065011,112,112,0
32065019,315,315,0
32065021,1803.5,1803.5,0
32065029,19129.74,19129.74,0
32071010,3772.59,3772.59,0
32071090,14682.54,14682.54,0
32072010,2611.99,2611.99,0
32072091,540,540,0
32072099,20909.88,20909.88,0
32073000,148410.01,148410.01,0
32074010,27816.99,27816.99,0
32074090,110639.01,110639.01,0
32075011,209,0,-209
32080100,176.17,0,-176.17
32081010,44781116.62999999,44781116.62999999,0
32081011,8970,0,-8970
32081020,6470068.82,6470068.82,0
32081030,8012.799999999999,8012.799999999999,0
32081090,5850.04,0,-5850.04
32081101,5820,0,-5820
32082000,152.5,0,-152.5
32082010,23874.99000000001,23874.99000000001,0
32082011,5089785.970000002,5089785.970000002,0
32082018,439.6,0,-439.6
32082019,13749889.64000001,13749889.64000001,0
32082020,4185467.129999999,4185467.129999999,0
32082030,91977.62,91977.62,0
32088019,174,0,-174
32088901,39.8,0,-39.8
32089000,3255.1,0,-3255.1
32089010,67389694.53999999,67389694.53999999,0
32089011,1050,0,-1050
32089021,201326.39,201326.39,0
32089029,7404681.050000001,7404681.050000001,0
32089031,188250.29,188250.29,0
32089039,568539.0200000001,568539.0200000001,0
32089100,3826.65,0,-3826.65
32089219,49.91,0,-49.91
32089299,43039.54,0,-43039.54
32090000,16.6,0,-16.6
32090010,388.2,0,-388.2
32091000,1172.23,0,-1172.23
32091001,1620,0,-1620
32091010,187919438.7300002,187919438.7300002,0
32091011,599.81,0,-599.81
32091020,2861860.99,2861860.99,0
32091101,443,0,-443
32092019,300,0,-300
32099011,281393.9300000001,281393.9300000001,0
32099019,6191073.090000001,6191073.090000001,0
32099020,156470.94,156470.94,0
32100010,1069357.28,1069357.28,0
32100020,54342.55,54342.55,0
32100030,48340.24999999999,48340.24999999999,0
32101000,28.5,0,-28.5
32110000,67041.48,67041.48,0
32110100,40.5,0,-40.5
32111104,244.86,0,-244.86
32119390,18.5,0,-18.5
32121000,14147.43,14147.43,0
32121010,108.7,0,-108.7
32129010,65676.59,65676.59,0
32129090,1111442.55,1111442.55,0
32131000,160671.24,160671.24,0
32132123,26,0,-26
32139000,55256.47,55256.47,0
32140000,725,0,-725
32140090,2982.639999999999,0,-2982.639999999999
32141010,18318743.58,18318743.58,0
32141013,2154.88,0,-2154.88
32141020,29748209.46,29748209.46,0
32141023,84.25,0,-84.25
32141090,130.32,0,-130.32
32141623,999,0,-999
32141900,55,0,-55
32142010,17.5,0,-17.5
32144110,28.77,0,-28.77
32144900,863,0,-863
32149000,101190337.55,101190337.55,0
32149001,210,0,-210
32149090,315,0,-315
32151100,1251687.3,1251687.3,0
32151110,174.4,0,-174.4
32151900,1384661.65,1384661.65,0
32154678,380,0,-380
32155900,210.5,0,-210.5
32159000,5382726.43,5382726.43,0
32159100,100,0,-100
32162100,480,0,-480
32165498,34,0,-34
32172300,216,0,-216
32172900,385,0,-385
32174090,172.4,0,-172.4
32190000,210,0,-210
32201099,116,0,-116
32202019,609,0,-609
32229000,38,0,-38
32232190,33.69,0,-33.69
32239000,177,0,-177
32245000,20,0,-20
32249000,430.6,0,-430.6
32249041,501,0,-501
32249049,79.91,0,-79.91
32251000,1.04,0,-1.04
32259090,31.56,0,-31.56
32262000,365.6,0,-365.6
32263000,63.61,0,-63.61
32269090,6014.389999999999,0,-6014.389999999999
32290000,49,0,-49
32310000,340,0,-340
32322332,34.58,0,-34.58
32323232,56.4,0,-56.4
32325666,432,0,-432
32326633,1040,0,-1040
32439000,170,0,-170
32501201,7.99,0,-7.99
32540000,584,0,-584
32542010,225,0,-225
32561090,45,0,-45
32569563,496.2,0,-496.2
32572050,13.8,0,-13.8
32584559,1534.24,0,-1534.24
32600010,122.73,0,-122.73
32605000,25.59,0,-25.59
32629008,450,0,-450
32648600,77.5,0,-77.5
32659863,1258,0,-1258
32659877,530,0,-530
32690900,100,0,-100
32828106,275,0,-275
32852085,140,0,-140
32901010,1780,0,-1780
32911390,23830,0,-23830
32931000,218,0,-218
32992811,785.55,0,-785.55
33010000,2098.99,0,-2098.99
33011210,36038.11,36038.11,0
33011290,1066464.3,1066464.3,0
33011300,30365.3,30365.3,0
33011910,1353.11,1353.11,0
33011990,38298.75000000001,38298.75000000001,0
33012010,8.99,0,-8.99
33012400,80642.12000000001,80642.12000000001,0
33012510,891.36,891.36,0
33012520,1765.68,1765.68,0
33012590,86057.54999999997,86057.54999999997,0
33012911,106898.62,106898.62,0
33012912,414.4,414.4,0
33012914,1228.25,1228.25,0
33012915,15507,15507,0
33012916,61883.7,61883.7,0
33012917,1242.9,1242.9,0
33012919,2360047.49,2360047.49,0
33012921,126799.85,126799.85,0
33012922,11205.31,11205.31,0
33012990,1557341.23,1557341.23,0
33013000,575.59,575.59,0
33014000,51.3,0,-51.3
33019000,30,0,-30
33019010,251393.06,251393.06,0
33019020,691295.19,691295.19,0
33019030,122195.28,122195.28,0
33019040,119267.9,119267.9,0
33019053,28,0,-28
33021000,2083628.2,2083628.2,0
33029011,295.46,295.46,0
33029019,666787.33,666787.33,0
33029090,1681.66,1681.66,0
33029091,7686.109999999999,7686.109999999999,0
33029099,425836.77,425836.77,0
33030010,1594951.6,1594951.6,0
33030020,2448511.02,2448511.02,0
33033320,238,0,-238
33041000,496715.27,496715.27,0
33041700,11,0,-11
33042010,377672.76,377672.76,0
33042090,148075.54,148075.54,0
33043000,304509.9,304509.9,0
33049000,250.04,0,-250.04
33049010,228.69,0,-228.69
33049090,3333.32,0,-3333.32
33049100,330326.23,330326.23,0
33049900,126,0,-126
33049910,2768259.559999999,2768259.559999999,0
33049990,7801260.129999999,7801260.129999999,0
33051000,3062866.389999998,3062866.389999998,0
33052000,100291.52,100291.52,0
33053000,48728.68999999999,48728.68999999999,0
33059000,4683423.079999997,4683423.079999997,0
33059001,1411.86,0,-1411.86
33061000,2079323.639999998,2079323.639999998,0
33062000,193202.12,193202.12,0
33069000,407685.05,407685.05,0
33069090,31.8,0,-31.8
33071000,85434.43,85434.43,0
33071900,411.88,0,-411.88
33072010,2870659.339999997,2870659.339999997,0
33072090,743171.7600000001,743171.7600000001,0
33073000,33052.46000000001,33052.46000000001,0
33074000,130,0,-130
33074100,37049.94,37049.94,0
33074800,849.37,0,-849.37
33074900,4083686.390000001,4083686.390000001,0
33079000,5892225.400000001,5892225.400000001,0
33079900,200,0,-200
33081020,116,0,-116
33089419,8,0,-8
33099190,59.34,0,-59.34
33158200,14,0,-14
33181500,15.2,0,-15.2
33211135,551.4,0,-551.4
33220099,12.5,0,-12.5
33230000,549.04,0,-549.04
33322211,590039.5,0,-590039.5
33346300,180,0,-180
33400189,530,0,-530
33402903,109.78,0,-109.78
33506919,362,0,-362
33570000,191.52,0,-191.52
33666352,99.6,0,-99.6
33666622,198830,0,-198830
33700183,322,0,-322
33749000,76,0,-76
33996655,1440,0,-1440
34007019,520,0,-520
34011000,31.5,0,-31.5
34011110,207333.48,207333.48,0
34011190,4539288.289999994,4539288.289999994,0
34011199,120.19,0,-120.19
34011900,5589792.539999997,5589792.539999997,0
34011906,10,0,-10
34011990,20.93,0,-20.93
34012000,78.97,0,-78.97
34012010,1315624.85,1315624.85,0
34012090,4517307.269999999,4517307.269999999,0
34013000,2650940.649999999,2650940.649999999,0
34013030,3.25,0,-3.25
34020000,5.98,0,-5.98
34020200,89.9,0,-89.9
34020390,104.9,0,-104.9
34021000,68,0,-68
34021110,2408.44,2408.44,0
34021120,27.6,27.6,0
34021130,169.9,169.9,0
34021140,412075.24,412075.24,0
34021190,245225.48,245225.48,0
34021200,396,0,-396
34021290,65122.16,65122.16,0
34021300,986769.02,986769.02,0
34021900,22608.72,22608.72,0
34022000,1526422.58,1526422.58,0
34022020,144,0,-144
34022200,365.43,0,-365.43
34022500,1294.19,0,-1294.19
34022901,72,0,-72
34023100,1663290.48,1663290.48,0
34023910,138247.98,138247.98,0
34023920,1146.22,1146.22,0
34023930,99814.99999999999,99814.99999999999,0
34023990,5538553.279999999,5538553.279999999,0
34024110,1312.86,1312.86,0
34024190,986345.74,986345.74,0
34024200,67971354.16,67971354.16,0
34024900,2243013.1,2243013.1,0
34025000,38178565.15000004,38178565.15000004,0
34025002,48,0,-48
34029002,110.32,0,-110.32
34029003,3.98,0,-3.98
34029011,51908644.19,51908644.19,0
34029019,27203123.23,27203123.23,0
34029020,103.8,103.8,0
34029021,113998.53,113998.53,0
34029022,106088.44,106088.44,0
34029023,23697.25,23697.25,0
34029029,265370711.8,265370711.8,0
34029030,239.27,0,-239.27
34029031,7246678.230000001,7246678.230000001,0
34029032,85,0,-85
34029039,57940689.05999999,57940689.05999999,0
34029090,33088173.33999999,33088173.33999999,0
34029639,1011.8,0,-1011.8
34031110,4316.48,4316.48,0
34031120,11131.1,11131.1,0
34031190,342098.36,342098.36,0
34031900,16065726.53,16065726.53,0
34039110,8471.11,8471.11,0
34039120,6325.63,6325.63,0
34039190,4190.96,4190.96,0
34039900,4699839.859999999,4699839.859999999,0
34041990,152.54,0,-152.54
34042010,40801.32,40801.32,0
34042019,645,0,-645
34042020,121160.55,121160.55,0
34042059,2943,0,-2943
34042061,109.78,0,-109.78
34049000,17.5,0,-17.5
34049011,34428.96,34428.96,0
34049012,16861.47,16861.47,0
34049013,1867.87,1867.87,0
34049014,7426.440000000001,7426.440000000001,0
34049019,64194.22,64194.22,0
34049021,36439.82,36439.82,0
34049022,189.59,189.59,0
34049029,170468.05,170468.05,0
34049037,20620.75,0,-20620.75
34050000,50.27,0,-50.27
34051000,253315.2,253315.2,0
34052000,1427594.72,1427594.72,0
34053000,2848362.54,2848362.54,0
34054000,854088.3199999995,854088.3199999995,0
34054700,20,0,-20
34059000,1884579.39,1884579.39,0
34060000,703594.0599999996,703594.0599999996,0
34061000,17.99,0,-17.99
34070010,62982.48,62982.48,0
34070020,76448.29000000005,76448.29000000005,0
34070090,29522.68,29522.68,0
34099900,92.29,0,-92.29
34100012,12,0,-12
34139190,474.4,0,-474.4
34140090,2474.54,0,-2474.54
34141010,346,0,-346
34141020,2831.5,0,-2831.5
34173900,78,0,-78
34174090,41.4,0,-41.4
34213990,111,0,-111
34220000,870.14,0,-870.14
34239040,183,0,-183
34241000,10,0,-10
34248119,3200,0,-3200
34249000,174.3,0,-174.3
34329000,1748.56,0,-1748.56
34373839,84,0,-84
34560000,189.9,0,-189.9
34567000,59.9,0,-59.9
34613600,63.48,0,-63.48
34615287,72,0,-72
34656565,25.9,0,-25.9
34800000,6.84,0,-6.84
34813000,418.8,0,-418.8
35000000,103.87,0,-103.87
35001090,9,0,-9
35011000,704.4000000000001,704.4000000000001,0
35014010,340,0,-340
35019011,8,8,0
35019019,367.22,367.22,0
35019020,30695.55,30695.55,0
35021090,209.02,0,-209.02
35021100,13771.38,13771.38,0
35021900,13450.13,13450.13,0
35022000,53658.68000000001,53658.68000000001,0
35029010,855,855,0
35029090,4787.61,4787.61,0
35030001,1320.92,0,-1320.92
35030011,101.33,101.33,0
35030012,269.05,269.05,0
35030019,123550.33,123550.33,0
35030090,2612.98,2612.98,0
35031090,64.4,0,-64.4
35032010,49,0,-49
35040011,15305.97,15305.97,0
35040019,25113.63,25113.63,0
35040020,375253.82,375253.82,0
35040030,1572,1572,0
35040090,46596.14,46596.14,0
35051000,2842408.13,2842408.13,0
35052000,2577853.64,2577853.64,0
35052099,9.8,0,-9.8
35060190,54,0,-54
35061000,1154.11,0,-1154.11
35061010,2028750.329999999,2028750.329999999,0
35061019,368.7,0,-368.7
35061080,106,0,-106
35061090,33067508.22999999,33067508.22999999,0
35061092,50,0,-50
35061099,86,0,-86
35061100,192.9,0,-192.9
35061190,329.01,0,-329.01
35061200,12000,0,-12000
35061900,40,0,-40
35066190,51.8,0,-51.8
35069010,260,0,-260
35069090,294.3,0,-294.3
35069100,545.09,0,-545.09
35069102,365,0,-365
35069110,6104211.430000001,6104211.430000001,0
35069120,9505172.69,9505172.69,0
35069142,780,0,-780
35069160,2167,0,-2167
35069190,14114305.83,14114305.83,0
35069900,2637697.36,2637697.36,0
35069901,675,0,-675
35071000,290516.77,290516.77,0
35079010,930,0,-930
35079011,96676.2,96676.2,0
35079019,563840.0499999999,563840.0499999999,0
35079022,1895.66,1895.66,0
35079023,1374,1374,0
35079026,4071.65,4071.65,0
35079029,677715.68,677715.68,0
35079039,3030499.58,3030499.58,0
35079041,147415.27,147415.27,0
35079042,1017.17,1017.17,0
35079049,132986745.99,132986745.99,0
35081090,279.32,0,-279.32
35091090,209,0,-209
35095011,183.85,0,-183.85
35103602,23.97,0,-23.97
35161090,55,0,-55
35235190,66,0,-66
35254100,26,0,-26
35259090,213.44,0,-213.44
35269090,1.6,0,-1.6
35402020,62.91,0,-62.91
35416575,9,0,-9
35438732,300,0,-300
35464663,212,0,-212
35512061,990,0,-990
35603400,6085,0,-6085
35661090,60,0,-60
35689823,25,0,-25
35842575,109.99,0,-109.99
35950000,747.4100000000001,0,-747.4100000000001
35968574,3442.5,0,-3442.5
36010000,165183.76,165183.76,0
36020000,22194.47,22194.47,0
36022100,16.8,0,-16.8
36030000,8235.6,8235.6,0
36030010,160,160,0
36030030,12381.5,12381.5,0
36031000,18750.64,18750.64,0
36032000,2421.28,2421.28,0
36033000,222144.08,222144.08,0
36034000,349191.65,349191.65,0
36036000,17883.79,17883.79,0
36039000,15.46,0,-15.46
36041000,764404.8499999999,764404.8499999999,0
36049010,12713.66,12713.66,0
36049090,214779.14,214779.14,0
36050000,371866.11,371866.11,0
36051090,87.03999999999999,0,-87.03999999999999
36059190,30,0,-30
36061000,49097.3,49097.3,0
36061090,251.86,0,-251.86
36061200,2450,0,-2450
36069000,49567.68000000001,49567.68000000001,0
36069110,448,0,-448
36069190,999,0,-999
36081029,140,0,-140
36099000,615.97,0,-615.97
36140090,986.5999999999999,0,-986.5999999999999
36159000,1179.8,0,-1179.8
36168148,4039,0,-4039
36169090,97.5,0,-97.5
36173900,112.15,0,-112.15
36174090,135,0,-135
36192000,179.4,0,-179.4
36199010,129.07,0,-129.07
36250034,111.6,0,-111.6
36250127,600,0,-600
36251000,20200,0,-20200
36259090,212,0,-212
36259874,59.9,0,-59.9
36263000,17442,0,-17442
36269090,2241.38,0,-2241.38
36520120,505.5,0,-505.5
36520320,2215,0,-2215
36698989,1400,0,-1400
36955656,324,0,-324
36958632,1380,0,-1380
36969090,103.5,0,-103.5
36977879,96,0,-96
36982471,228.2,0,-228.2
36985214,210,0,-210
36985221,192,0,-192
36985623,948,0,-948
36985625,12,0,-12
36985698,1080,0,-1080
36986332,468,0,-468
36988771,2900,0,-2900
36988855,1218,0,-1218
36988877,6000,0,-6000
36988885,836,0,-836
36998877,135,0,-135
36998885,48,0,-48
36999777,400,0,-400
37011010,41877.6,41877.6,0
37011021,16314.5,16314.5,0
37011029,16697.7,16697.7,0
37012010,88059.56000000001,88059.56000000001,0
37012020,1190.05,1190.05,0
37013010,264,264,0
37013021,98626.62,98626.62,0
37013022,68630.85,68630.85,0
37013029,1393.36,1393.36,0
37013031,157949.39,157949.39,0
37013039,12013.1,12013.1,0
37013040,1464.57,1464.57,0
37013050,1538.25,1538.25,0
37013090,7920,7920,0
37019100,6850,6850,0
37019900,4102.11,4102.11,0
37021010,9,9,0
37021020,1165.44,1165.44,0
37023100,144.7,144.7,0
37023200,73550,73550,0
37023900,61.8,61.8,0
37024100,43,43,0
37024210,719.7,719.7,0
37024290,122.9,122.9,0
37024310,5574.35,5574.35,0
37024320,242.25,242.25,0
37024390,75266.36,75266.36,0
37024410,290,290,0
37024421,4010.9,4010.9,0
37025300,1760,1760,0
37025411,368.85,368.85,0
37025412,1537.3,1537.3,0
37025419,250,250,0
37025491,1090,1090,0
37025510,240,240,0
37029039,40,0,-40
37029600,220.45,220.45,0
37031010,10994.07,10994.07,0
37031021,95931.94,95931.94,0
37031029,310.31,310.31,0
37032000,8594.910000000002,8594.910000000002,0
37039010,2457.55,2457.55,0
37039090,180146.69,180146.69,0
37040000,263452.63,263452.63,0
37050010,5189.54,5189.54,0
37050090,595.78,595.78,0
37059090,223,223,0
37061000,24.98,24.98,0
37069000,2781.55,2781.55,0
37071000,506276.0699999999,506276.0699999999,0
37071920,534,0,-534
37073020,124.8,0,-124.8
37074900,62,0,-62
37079010,10665.69,10665.69,0
37079021,213881.61,213881.61,0
37079029,11196.27,11196.27,0
37079090,909.88,909.88,0
37082999,371.96,0,-371.96
37089300,350,0,-350
37140090,4899.400000000001,0,-4899.400000000001
37173300,2697,0,-2697
37173900,3.5,0,-3.5
37174090,5633.5,0,-5633.5
37182200,7.5,0,-7.5
37193900,80.1,0,-80.1
37194090,608.1,0,-608.1
37480441,3019.12,0,-3019.12
37507500,8,0,-8
38000000,252128.08,0,-252128.08
38000010,60,0,-60
38008500,135,0,-135
38009419,80.1,0,-80.1
38011000,195769.72,195769.72,0
38012010,24768.54,24768.54,0
38012090,463445.12,463445.12,0
38013010,4442.809999999999,4442.809999999999,0
38013090,863797.5,863797.5,0
38019000,183247.54,183247.54,0
38021000,356682.4,356682.4,0
38021010,130,0,-130
38022000,168.57,0,-168.57
38024994,26.3,0,-26.3
38029010,7761.62,7761.62,0
38029020,1570904.33,1570904.33,0
38029030,1221.86,1221.86,0
38029040,508596.24,508596.24,0
38029050,962,962,0
38029090,89368.64,89368.64,0
38030090,130785.9,130785.9,0
38039299,279.77,0,-279.77
38039996,105,0,-105
38040011,9657.6,9657.6,0
38040012,44122.89999999999,44122.89999999999,0
38040020,589824.91,589824.91,0
38042069,10.44,0,-10.44
38042211,247.59,0,-247.59
38049059,539.4,0,-539.4
38051000,28162.47,28162.47,0
38052000,48,48,0
38059010,1589.22,1589.22,0
38059090,389941.0699999999,389941.0699999999,0
38059995,90000,0,-90000
38061000,7698.31,7698.31,0
38061090,8.66,0,-8.66
38062000,590.5799999999999,590.5799999999999,0
38063000,1528.42,1528.42,0
38063200,139.7,0,-139.7
38069011,452103.65,452103.65,0
38069012,1978.36,1978.36,0
38069019,93960,93960,0
38069090,49895.22000000002,49895.22000000002,0
38070000,2448926.49,2448926.49,0
38080000,109.07,0,-109.07
38080199,5911700,0,-5911700
38080293,127020,0,-127020
38081010,159789.46,159789.46,0
38081021,2520,2520,0
38081022,389607.9400000001,389607.9400000001,0
38081025,516.65,516.65,0
38081026,1248.2,1248.2,0
38081027,20228.7,20228.7,0
38081029,5252968.9,5252968.9,0
38081099,1061,0,-1061
38082010,157867.5,157867.5,0
38082019,117,0,-117
38082023,9260,9260,0
38082024,311017.4699999999,311017.4699999999,0
38082029,1884622.88,1884622.88,0
38082209,55,0,-55
38083010,1002249.51,1002249.51,0
38083021,799216.1000000001,799216.1000000001,0
38083022,725464.01,725464.01,0
38083023,11542.1,11542.1,0
38083024,273960,273960,0
38083029,885267.0000000001,885267.0000000001,0
38083031,295,295,0
38083059,33417.65,33417.65,0
38083119,466,0,-466
38083299,265600,0,-265600
38083446,127.4,0,-127.4
38083922,64623.48999999999,0,-64623.48999999999
38084000,11.18,0,-11.18
38084010,8284.909999999996,8284.909999999996,0
38084022,651.8199999999999,651.8199999999999,0
38084029,2059.09,2059.09,0
38084419,85.42,0,-85.42
38085010,37314.66,37314.66,0
38085021,69,69,0
38085029,696419.4400000001,696419.4400000001,0
38085200,1097941.45,1097941.45,0
38085910,4809969.26,4809969.26,0
38085921,228988.76,228988.76,0
38085922,7065,7065,0
38085923,10129705.89,10129705.89,0
38085924,538.3,538.3,0
38085925,636460.3700000001,636460.3700000001,0
38085926,499276.9900000001,499276.9900000001,0
38085929,257078419.4,257078419.4,0
38086100,4558521.49,4558521.49,0
38086210,75925883.06000003,75925883.06000003,0
38086290,1580735671.21,1580735671.21,0
38086910,11910454.67,11910454.67,0
38086990,2225488027.57,2225488027.57,0
38086999,21630,0,-21630
38087029,1827.8,0,-1827.8
38088119,86.4,0,-86.4
38088324,116400,0,-116400
38088919,400,0,-400
38088999,196,0,-196
38089000,372.6,0,-372.6
38089010,683.8,683.8,0
38089021,59935.75,59935.75,0
38089023,147131.37,147131.37,0
38089024,13706.52,13706.52,0
38089026,3676,3676,0
38089029,488871.02,488871.02,0
38089099,15,0,-15
38089109,38481.93,0,-38481.93
38089110,100.5,100.5,0
38089111,16642028.40000001,16642028.40000001,0
38089119,139757748.46,139757748.46,0
38089120,15422691.29,15422691.29,0
38089122,93,93,0
38089125,611.75,611.75,0
38089126,84,84,0
38089129,3462425.16,3462425.16,0
38089185,16402,0,-16402
38089187,165009.6,0,-165009.6
38089191,1769449345.23,1769449345.23,0
38089192,178444965.84,178444965.84,0
38089193,2255419.61,2255419.61,0
38089194,7074442.62,7074442.62,0
38089195,22057076.01,22057076.01,0
38089196,19505559.43,19505559.43,0
38089197,135989081.12,135989081.12,0
38089198,79154.01999999997,79154.01999999997,0
38089199,11510518370.35,11516430070.35,5911700
38089211,1537747.99,1537747.99,0
38089219,148605921.05,148605921.05,0
38089220,10609253.79,10609253.79,0
38089222,9568,9568,0
38089223,57350,57350,0
38089229,2421017.12,2421017.12,0
38089291,225718855.82,225718855.82,0
38089292,5145343.04,5145343.04,0
38089293,1728182950.07,1728182950.07,0
38089294,4643357.260000001,4643357.260000001,0
38089295,5745541.04,5745541.04,0
38089296,30369210.19,30369210.19,0
38089297,330075222.5,330075222.5,0
38089299,14187526425.72,14187526425.72,0
38089311,558669.98,558669.98,0
38089319,62879774.98000002,62879774.98000002,0
38089320,1833343.99,0,-1833343.99
38089321,13255316.01,13255316.01,0
38089322,839789793.5499996,839789793.5499996,0
38089323,1266182713.32,1266182713.32,0
38089324,6102487509.88,6102487509.88,0
38089325,81933717.28000002,81933717.28000002,0
38089326,97058587.26999998,97058587.26999998,0
38089327,340153000.21,340153000.21,0
38089328,5901498.56,5901498.56,0
38089329,8052397361.159999,8055323553.549999,2926192.390000343
38089331,15988.26,15988.26,0
38089332,452451.92,452451.92,0
38089333,1859389.02,1859389.02,0
38089341,91328.54999999999,91328.54999999999,0
38089349,548548.72,548548.72,0
38089350,7920,0,-7920
38089351,220474.42,220474.42,0
38089352,18364.48,18364.48,0
38089358,115440,0,-115440
38089359,682253913.19,682253913.19,0
38089394,32000,0,-32000
38089399,2790,0,-2790
38089400,392.7,0,-392.7
38089410,1199.04,1199.04,0
38089411,69768.13,69768.13,0
38089419,27775915.95000001,27775915.95000001,0
38089421,9994.570000000003,9994.570000000003,0
38089422,137954.84,137954.84,0
38089429,76815923.73,76815923.73,0
38089629,750,0,-750
38089910,828.66,828.66,0
38089911,42984.7,42984.7,0
38089919,10634628.5,10634628.5,0
38089920,39700.37,39700.37,0
38089921,8,8,0
38089923,346258,346258,0
38089926,210,210,0
38089990,10020,0,-10020
38089991,21698893.47,21698893.47,0
38089992,4603035.590000001,4603035.590000001,0
38089993,418586475.9800001,418586475.9800001,0
38089994,5718780.37,5718780.37,0
38089995,523661889.5899999,523661889.5899999,0
38089996,12156505.34,12156505.34,0
38089999,1634888677.24,1634888677.24,0
38091010,80099.26999999999,80099.26999999999,0
38091090,106830.94,106830.94,0
38093119,30,0,-30
38098999,501.15,0,-501.15
38099110,57081.67999999999,57081.67999999999,0
38099119,75,0,-75
38099120,736.48,736.48,0
38099130,14607.75,14607.75,0
38099140,15265.49,0,-15265.49
38099141,246512.62,246512.62,0
38099149,506601.6000000001,506601.6000000001,0
38099190,7612785.749999996,7612785.749999996,0
38099199,810450,0,-810450
38099211,8075.119999999999,8075.119999999999,0
38099219,12343.1,12343.1,0
38099290,56632.94,56632.94,0
38099299,79,0,-79
38099311,4430.07,4430.07,0
38099319,513977.61,513977.61,0
38099390,214247.84,214247.84,0
38099999,3322,0,-3322
38101010,1058576.9,1058576.9,0
38101020,425487.6899999999,425487.6899999999,0
38109000,565976.8699999999,565976.8699999999,0
38109001,231.43,0,-231.43
38111100,1449.22,1449.22,0
38111900,2210443.63,2210443.63,0
38111904,420,0,-420
38112000,20884,0,-20884
38112110,411956.37,411956.37,0
38112120,369266.8400000001,369266.8400000001,0
38112130,36907.54,36907.54,0
38112140,129055.19,129055.19,0
38112150,10645366.2,10645366.2,0
38112190,1331066.77,1331066.77,0
38112910,1887.68,1887.68,0
38112920,201577.21,201577.21,0
38112990,447974.67,447974.67,0
38119010,7351204.52,7351204.52,0
38119090,31900570.11,31900570.11,0
38121000,222398.97,222398.97,0
38122000,217451.92,217451.92,0
38122150,19.9,0,-19.9
38123012,182.53,182.53,0
38123021,5217.88,5217.88,0
38123100,1658,1658,0
38123911,280,280,0
38123919,4947.17,4947.17,0
38123929,43316.85,43316.85,0
38130010,66015.49,66015.49,0
38130020,1963.2,1963.2,0
38130030,1500,1500,0
38130090,943067.7000000001,943067.7000000001,0
38140000,18893.14,18893.14,0
38140010,281255.5999999999,281255.5999999999,0
38140020,62740.03999999997,62740.03999999997,0
38140030,7269.010000000001,7269.010000000001,0
38140090,34813009.94999999,34813009.94999999,0
38144009,240,0,-240
38149000,360,0,-360
38149941,36.6,0,-36.6
38151100,69471.39,69471.39,0
38151210,896458.31,896458.31,0
38151220,19630.75,19630.75,0
38151290,112610.23,112610.23,0
38151900,982547.8,982547.8,0
38151910,44.4,44.4,0
38151920,1872.38,1872.38,0
38151923,389,0,-389
38151990,2237,2237,0
38159010,25695.51,25695.51,0
38159092,30.8,30.8,0
38159099,201667.3,201667.3,0
38160001,8,0,-8
38160010,14371.66,0,-14371.66
38160011,873728.7000000001,873728.7000000001,0
38160012,1405277.24,1405277.24,0
38160019,5567325.52,5567325.52,0
38160021,7607,7607,0
38160029,13633.51,13633.51,0
38160090,3200064.35,3200064.35,0
38160099,547.4,0,-547.4
38170010,5203.4,5203.4,0
38170020,20,20,0
38172300,53.8,0,-53.8
38173900,35.75,0,-35.75
38174090,96.45,0,-96.45
38180000,114,0,-114
38180010,2504.26,2504.26,0
38180090,41141.16,41141.16,0
38183119,233,0,-233
38190000,12028482.01,12028482.01,0
38190001,76,0,-76
38200000,30119345.18,30119345.18,0
38200006,1270,0,-1270
38209990,14.2,0,-14.2
38210000,54384637.34,54384637.34,0
38220000,163.33,163.33,0
38220010,10353.02,10353.02,0
38220090,38497.64,38497.64,0
38221100,44296.84999999998,44296.84999999998,0
38221200,172192.91,172192.91,0
38221300,45107.18,45107.18,0
38221910,38100.76000000002,38100.76000000002,0
38221920,43715.67,43715.67,0
38221930,3682436.06,3682436.06,0
38221940,8720.89,8720.89,0
38221990,926456.14,926456.14,0
38224000,2763.63,0,-2763.63
38229000,5724090.01,5724090.01,0
38231100,4020.1,4020.1,0
38231200,235745.56,235745.56,0
38231300,4835683.8,4835683.8,0
38231910,230,230,0
38231990,6785966.810000001,6785966.810000001,0
38237010,2715.85,2715.85,0
38237020,11578,11578,0
38237040,17392.66,17392.66,0
38237090,417621.43,417621.43,0
38240000,20,0,-20
38241000,34477.1,34477.1,0
38243000,234.97,234.97,0
38244000,11126268.44,11126268.44,0
38244500,1400,0,-1400
38245000,40506478.37,40506478.37,0
38246000,1571,1571,0
38247190,12528.4,12528.4,0
38247810,19035.47,19035.47,0
38247890,15260.6,15260.6,0
38247900,1843.2,1843.2,0
38248110,5207.06,5207.06,0
38248190,126963.22,126963.22,0
38248290,6787.02,6787.02,0
38248400,16135.48,16135.48,0
38248600,457,457,0
38248700,349.2,349.2,0
38248800,20,20,0
38248810,24953.85,24953.85,0
38248820,146.7,146.7,0
38248900,9551.59,9551.59,0
38249000,10718.9,0,-10718.9
38249001,172.8,0,-172.8
38249011,16311.44,16311.44,0
38249029,11655.84,11655.84,0
38249031,31932.74,31932.74,0
38249032,7048.82,7048.82,0
38249033,1841,1841,0
38249037,174,174,0
38249039,17908.33,17908.33,0
38249041,216059.52,216059.52,0
38249049,49198.45,49198.45,0
38249051,1037.4,1037.4,0
38249052,476.3,476.3,0
38249054,18335,18335,0
38249071,139.4,139.4,0
38249075,90.55,90.55,0
38249077,6035011.42,6035011.42,0
38249079,2469315.44,2469315.44,0
38249089,59328.3,59328.3,0
38249090,239.28,239.28,0
38249100,610575.25,610575.25,0
38249200,246522.7,246522.7,0
38249911,516.4,516.4,0
38249914,2612.85,2612.85,0
38249919,917605.3499999999,917605.3499999999,0
38249921,193623.3,193623.3,0
38249923,328,328,0
38249924,83.2,83.2,0
38249925,115.84,115.84,0
38249929,8427917.12,8427917.12,0
38249931,3509568.12,3509568.12,0
38249932,726682.74,726682.74,0
38249933,1165.74,1165.74,0
38249934,2094.97,2094.97,0
38249935,56100.44,56100.44,0
38249936,2431.68,2431.68,0
38249939,486966.9599999999,486966.9599999999,0
38249941,39059458.64000001,39059458.64000001,0
38249942,162,162,0
38249943,155.75,155.75,0
38249949,502225.85,502225.85,0
38249951,218631.88,218631.88,0
38249952,29506260.73,29506260.73,0
38249953,21327.28,21327.28,0
38249954,10558.99,10558.99,0
38249959,35850.14999999999,35850.14999999999,0
38249971,10595.45,10595.45,0
38249972,5172.79,5172.79,0
38249974,21435.5,21435.5,0
38249975,46701.4,46701.4,0
38249976,52681.92999999999,52681.92999999999,0
38249977,307416514.28,307416514.28,0
38249978,5606.29,5606.29,0
38249979,305512172.27,305512172.27,0
38249981,43282.93,43282.93,0
38249982,61046.19,61046.19,0
38249983,182.27,182.27,0
38249984,11,11,0
38249985,50,50,0
38249986,343844.47,343844.47,0
38249987,752.0500000000001,752.0500000000001,0
38249988,32617.08,32617.08,0
38249989,16541493.95,16541493.95,0
38251000,245418.46,245418.46,0
38252000,70861.76999999997,70861.76999999997,0
38253000,266,266,0
38253090,231.9,0,-231.9
38254100,1913.65,1913.65,0
38254900,310186.51,310186.51,0
38255000,43551.8,43551.8,0
38256100,24753,24753,0
38256900,29060.28,29060.28,0
38259000,303798.72,303798.72,0
38259090,7,0,-7
38260000,710300.65,710300.65,0
38269090,142,0,-142
38271110,279.42,279.42,0
38271190,10380.85,10380.85,0
38271300,615.89,615.89,0
38271400,42,42,0
38273110,13386.37,13386.37,0
38273190,47.2,47.2,0
38273210,5361.440000000001,5361.440000000001,0
38273290,2512.5,2512.5,0
38273900,43276.14,43276.14,0
38275100,26638.1,26638.1,0
38275900,114.75,114.75,0
38276100,597166.8199999998,597166.8199999998,0
38276200,37.75,37.75,0
38276300,224993.88,224993.88,0
38276400,30296.85,30296.85,0
38276500,24570.27,24570.27,0
38276800,2375,2375,0
38276900,24761.48,24761.48,0
38279000,63532.69999999998,63532.69999999998,0
38299929,12.02,0,-12.02
38342400,253,0,-253
38392990,32,0,-32
38402400,20,0,-20
38424901,22.15,0,-22.15
38549941,257.93,0,-257.93
38587353,30,0,-30
38700000,114320,0,-114320
38742000,8000,0,-8000
38755100,65,0,-65
38899999,81.70000000000002,0,-81.70000000000002
39010009,35.2,0,-35.2
39011010,118147.19,118147.19,0
39011020,449176.48,449176.48,0
39011030,409054.65,409054.65,0
39011091,37.76,37.76,0
39011092,3169.23,3169.23,0
39012011,8462.15,8462.15,0
39012019,213398.96,213398.96,0
39012021,1342.12,1342.12,0
39012029,712005.6000000001,712005.6000000001,0
39013010,18321.94,18321.94,0
39013090,9941.67,9941.67,0
39014000,25916.66,25916.66,0
39019010,21086.9,21086.9,0
39019020,2253,2253,0
39019030,7843.650000000001,7843.650000000001,0
39019040,3704.91,3704.91,0
39019050,3731,3731,0
39019090,798545.71,798545.71,0
39020119,2250,0,-2250
39021010,1277442.26,1277442.26,0
39021020,2657881.07,2657881.07,0
39021100,60,0,-60
39021140,297,0,-297
39022000,18133.78,18133.78,0
39022019,87,0,-87
39023000,151026.4,151026.4,0
39029000,954212.92,954212.92,0
39029031,79,0,-79
39029039,726.9,0,-726.9
39029990,728.71,0,-728.71
39031110,90274.43000000001,90274.43000000001,0
39031120,2874531.18,2874531.18,0
39031900,3848183.75,3848183.75,0
39032000,514.78,514.78,0
39033010,1495.3,1495.3,0
39033020,19496.38,19496.38,0
39035019,924,0,-924
39039020,709,709,0
39039090,8669798.880000003,8669798.880000003,0
39041010,471233.2500000001,471233.2500000001,0
39041020,15039.97,15039.97,0
39041090,9064.2,9064.2,0
39042100,23129.48,23129.48,0
39042200,188935.23,188935.23,0
39043000,12818.13,12818.13,0
39044010,25,25,0
39044090,11080.17,11080.17,0
39045010,25515.84,25515.84,0
39045090,320.9,320.9,0
39046110,331.5,331.5,0
39046190,24819.67,24819.67,0
39046990,256300.57,256300.57,0
39049010,345,345,0
39049090,18565.45,18565.45,0
39051000,4460,0,-4460
39051200,5150.09,5150.09,0
39051910,789.9,789.9,0
39051990,49242.83,49242.83,0
39052100,10817690.49,10817690.49,0
39052900,5330.099999999999,5330.099999999999,0
39053000,8642.68,8642.68,0
39055029,17.4,0,-17.4
39059000,25,0,-25
39059190,186,186,0
39059990,8707.82,8707.82,0
39061000,266913.17,266913.17,0
39069000,32.9,0,-32.9
39069011,103600.49,103600.49,0
39069012,60932.7,60932.7,0
39069019,1858828.53,1858828.53,0
39069021,40771.4,40771.4,0
39069022,1067.61,1067.61,0
39069029,250395.59,250395.59,0
39069031,35,35,0
39069032,340396,340396,0
39069039,22728.69,22728.69,0
39069041,12099.4,12099.4,0
39069042,96158.2,96158.2,0
39069043,78,78,0
39069044,61302.51,61302.51,0
39069045,157080.71,157080.71,0
39069047,828.79,828.79,0
39069048,168441.45,168441.45,0
39069049,979648.06,979648.06,0
39069090,23.4,0,-23.4
39069120,1019.5,0,-1019.5
39071010,112.25,112.25,0
39071020,320,320,0
39071039,42247.34,42247.34,0
39071041,394.31,394.31,0
39071042,3841.83,3841.83,0
39071049,52526.98,52526.98,0
39071091,526.26,526.26,0
39071099,588,588,0
39072039,17768.9,17768.9,0
39072042,234,234,0
39072090,4768.5,4768.5,0
39072100,3787.67,3787.67,0
39072911,590.1,590.1,0
39072912,381.3,381.3,0
39072920,415.4,415.4,0
39072931,24080.5,24080.5,0
39072939,159022.12,159022.12,0
39072941,126190.07,126190.07,0
39072949,1669.7,1669.7,0
39072990,5030.1,5030.1,0
39073011,275381.91,275381.91,0
39073019,1136334.73,1136334.73,0
39073021,2647.71,2647.71,0
39073022,456387.6799999999,456387.6799999999,0
39073029,197994.21,197994.21,0
39074010,1218.61,1218.61,0
39074020,444,444,0
39074090,166705.46,166705.46,0
39075010,65732.21,65732.21,0
39075090,143414.85,143414.85,0
39076100,114.99,114.99,0
39076900,1097838.03,1097838.03,0
39077000,2458.35,2458.35,0
39079100,1378660.07,1378660.07,0
39079911,434332.91,434332.91,0
39079912,4593.46,4593.46,0
39079919,54416.57000000001,54416.57000000001,0
39079991,17363.31,17363.31,0
39079993,72.5,72.5,0
39079994,3910,3910,0
39079995,1200,1200,0
39079999,745905.36,745905.36,0
39081011,3556.9,3556.9,0
39081012,1499.4,1499.4,0
39081013,4005.51,4005.51,0
39081014,885303.3400000002,885303.3400000002,0
39081019,19459.35,19459.35,0
39081021,168.58,168.58,0
39081022,3906.21,3906.21,0
39081023,15909.6,15909.6,0
39081024,9245.79,9245.79,0
39081025,4182.6,4182.6,0
39081026,365.93,365.93,0
39081029,366820.29,366820.29,0
39089010,19974.94,19974.94,0
39089020,2565.62,2565.62,0
39089090,120057.66,120057.66,0
39089996,30,0,-30
39090000,160,0,-160
39091000,415429.8,415429.8,0
39091001,24,0,-24
39091010,198,0,-198
39092011,158,158,0
39092019,1158.8,1158.8,0
39092029,6323.09,6323.09,0
39093100,235719.37,235719.37,0
39093900,122364.27,122364.27,0
39094011,2015.22,2015.22,0
39094019,935,935,0
39094091,470,470,0
39094099,3386.82,3386.82,0
39095011,2118655.52,2118655.52,0
39095012,20171.42,20171.42,0
39095019,2952845.56,2952845.56,0
39095021,38514.04,38514.04,0
39095025,1160,0,-1160
39095029,1427063.5,1427063.5,0
39100000,176.1,0,-176.1
39100011,204750.4,204750.4,0
39100012,5261558.49,5261558.49,0
39100013,333145.7399999999,333145.7399999999,0
39100019,18308113.20999999,18308113.20999999,0
39100020,40,40,0
39100021,622576.57,622576.57,0
39100029,134203.46,134203.46,0
39100030,202099.91,202099.91,0
39100090,2068788.060000001,2068788.060000001,0
39101010,5,0,-5
39111010,20480.42,20480.42,0
39111020,52,52,0
39111021,486.2,486.2,0
39111029,1181.72,1181.72,0
39112000,4901.71,4901.71,0
39116200,33,0,-33
39117409,2.7,0,-2.7
39119000,480,0,-480
39119011,3.2,3.2,0
39119014,1791.07,1791.07,0
39119019,61174,61174,0
39119021,113,113,0
39119023,985.8,985.8,0
39119025,856,856,0
39119026,130,130,0
39119029,26469.5,26469.5,0
39121090,1839,0,-1839
39121110,12206.61,12206.61,0
39121120,30588.7,30588.7,0
39121200,11208.16,11208.16,0
39122021,14,14,0
39122029,270.4,270.4,0
39123000,1422.86,0,-1422.86
39123110,9.8,0,-9.8
39123111,519629.7600000001,519629.7600000001,0
39123119,7217.85,7217.85,0
39123121,38.4,38.4,0
39123129,377.53,377.53,0
39123910,7736.32,7736.32,0
39123920,1200,1200,0
39123990,195,195,0
39124090,12.5,0,-12.5
39129010,106.32,106.32,0
39129020,205,205,0
39129031,326648.3,326648.3,0
39129039,121573.77,121573.77,0
39129040,19.8,19.8,0
39129090,460.13,460.13,0
39131000,17072.44,17072.44,0
39139011,6168.81,6168.81,0
39139012,52544.18,52544.18,0
39139019,22537.72,22537.72,0
39139020,348234.78,348234.78,0
39139030,44,44,0
39139040,500,500,0
39139060,268.74,268.74,0
39139090,49503.52,49503.52,0
39140011,12119.48,12119.48,0
39140019,4517.28,4517.28,0
39140090,78673.88,78673.88,0
39143240,1850,0,-1850
39144090,603.3,0,-603.3
39145610,1065,0,-1065
39147090,34.6,0,-34.6
39147409,44.5,0,-44.5
39151000,376768.08,376768.08,0
39152000,4918945.26,4918945.26,0
39153000,140659.24,140659.24,0
39159000,7945573.4,7945573.4,0
39159001,100.2,0,-100.2
39159900,30,0,-30
39161000,1266528.04,1266528.04,0
39162000,32311510.40000001,32311510.40000001,0
39162020,374,0,-374
39162300,300,0,-300
39169010,2571262.439999999,2571262.439999999,0
39169044,398,0,-398
39169090,7901096,7901096,0
39169300,50,0,-50
39170000,10162.51,0,-10162.51
39170090,57.11,0,-57.11
39170290,61.10999999999999,0,-61.10999999999999
39170990,6,0,-6
39171000,12825.07999999999,0,-12825.07999999999
39171010,37464.60999999999,37464.60999999999,0
39171021,3187.599999999999,3187.599999999999,0
39171029,92180.84999999999,92180.84999999999,0
39171040,500,0,-500
39171090,448.78,0,-448.78
39171290,838.1,0,-838.1
39171490,120,0,-120
39171728,69.36,0,-69.36
39171900,44,0,-44
39172000,3805.16,0,-3805.16
39172100,61114609.5,61114609.5,0
39172111,44.55,0,-44.55
39172200,3101172.53,3101172.53,0
39172220,35,0,-35
39172229,27.4,0,-27.4
39172290,6,6,0
39172300,138637006.72,138637006.72,0
39172317,7.7,0,-7.7
39172333,962.35,0,-962.35
39172600,199.2,0,-199.2
39172900,18632818.99,18632818.99,0
39172999,24,0,-24
39173000,6367.22,0,-6367.22
39173100,15501312.25,15501312.25,0
39173101,184,0,-184
39173199,350.8,0,-350.8
39173200,2413.84,0,-2413.84
39173210,966220.4399999997,966220.4399999997,0
39173221,1272.89,1272.89,0
39173229,6467345.840000001,6467345.840000001,0
39173230,180575.33,180575.33,0
39173240,2301528.9,2301528.9,0
39173251,247292.78,247292.78,0
39173259,3680.699999999999,3680.699999999999,0
39173290,174090538.03,174090538.03,0
39173299,99.19,0,-99.19
39173300,5053940.329999999,5053940.329999999,0
39173900,70079306.72,70079306.72,0
39173919,50,0,-50
39173920,82.98,0,-82.98
39173999,144.5,0,-144.5
39174000,5640.440000000001,5640.440000000001,0
39174001,76.9,0,-76.9
39174010,756353.9699999999,756353.9699999999,0
39174030,11.7,0,-11.7
39174049,5.13,0,-5.13
39174056,70.8,0,-70.8
39174080,112.4,0,-112.4
39174090,91154537.13999994,91154537.13999994,0
39174091,202.06,0,-202.06
39174092,39.75,0,-39.75
39174096,355.6,0,-355.6
39174099,185.43,0,-185.43
39174900,87.3,0,-87.3
39174990,64.78999999999999,0,-64.78999999999999
39175250,12.9,0,-12.9
39176490,39.12,0,-39.12
39177200,18,0,-18
39177490,20.25,0,-20.25
39179000,100.5,0,-100.5
39179100,296,0,-296
39179200,12,0,-12
39179290,119.28,0,-119.28
39179300,368,0,-368
39181000,11137233.68,11137233.68,0
39182900,72,0,-72
39183290,28,0,-28
39189000,3922950.37,3922950.37,0
39190000,1448.87,0,-1448.87
39190120,58.55,0,-58.55
39191000,188352.86,188352.86,0
39191010,6622051.7,6622051.7,0
39191019,92.5,0,-92.5
39191020,7606283.130000002,7606283.130000002,0
39191090,2998642.28,2998642.28,0
39192300,4486.5,0,-4486.5
39193920,109.9,0,-109.9
39194090,299.1,0,-299.1
39199000,132251.88,132251.88,0
39199010,3116735.919999999,3116735.919999999,0
39199020,1486373.39,1486373.39,0
39199090,11538325.98,11538325.98,0
39199100,8,0,-8
39199900,96,0,-96
39199990,800,0,-800
39201000,2106.25,2106.25,0
39201010,2860686.27,2860686.27,0
39201090,22,22,0
39201091,16612.66,16612.66,0
39201099,323762294.21,323762294.21,0
39202011,72763.85,72763.85,0
39202012,9126.380000000003,9126.380000000003,0
39202019,20299755.46,20299755.46,0
39202090,1366318.64,1366318.64,0
39202990,56,0,-56
39203000,1593772.69,1593772.69,0
39204310,3418767.18,3418767.18,0
39204390,4097515.53,4097515.53,0
39204690,12.2,0,-12.2
39204900,2634624.290000001,2634624.290000001,0
39205100,3523563.73,3523563.73,0
39205900,544851.9,544851.9,0
39206100,1502226.42,1502226.42,0
39206211,82112.51999999999,82112.51999999999,0
39206219,245563.15,245563.15,0
39206291,151775.47,151775.47,0
39206299,6730481.770000001,6730481.770000001,0
39206300,3614.6,3614.6,0
39206900,220364.9500000001,220364.9500000001,0
39206909,3299,0,-3299
39207100,9789.7,9789.7,0
39207310,6126.620000000001,6126.620000000001,0
39207390,301.42,301.42,0
39207910,3961.8,3961.8,0
39207990,49111.24000000001,49111.24000000001,0
39209000,18,0,-18
39209090,136.8,0,-136.8
39209100,34562.74000000001,34562.74000000001,0
39209200,1379541,1379541,0
39209300,1749.44,1749.44,0
39209400,30493.11,30493.11,0
39209590,56.3,0,-56.3
39209900,771.5500000000002,0,-771.5500000000002
39209910,232963.8799999999,232963.8799999999,0
39209920,2605071.96,2605071.96,0
39209930,1078.1,1078.1,0
39209940,22241.52,22241.52,0
39209950,255.25,255.25,0
39209990,6746513.36,6746513.36,0
39209999,48.25,0,-48.25
39210000,350,0,-350
39211000,59.4,0,-59.4
39211100,469690.71,469690.71,0
39211200,1365883.09,1365883.09,0
39211300,198.8,198.8,0
39211310,23758.93,23758.93,0
39211390,1123065.38,1123065.38,0
39211400,4106.61,4106.61,0
39211900,5587237.61,5587237.61,0
39211990,463.5,0,-463.5
39213000,471.97,0,-471.97
39219000,99.8,0,-99.8
39219011,504674.17,504674.17,0
39219012,55185.9,55185.9,0
39219013,11383.97,11383.97,0
39219019,5981316.329999999,5981316.329999999,0
39219020,56804.93,56804.93,0
39219090,30972881.15,30972881.15,0
39220000,85.76,0,-85.76
39221000,3302896.29,3302896.29,0
39221100,34.7,0,-34.7
39221110,35,0,-35
39222000,7246135.950000001,7246135.950000001,0
39222100,590.24,0,-590.24
39222200,391.14,0,-391.14
39226909,100,0,-100
39229000,5161127.939999999,5161127.939999999,0
39230000,2400,0,-2400
39230900,150,0,-150
39231000,13659.98,13659.98,0
39231010,727476.4500000001,727476.4500000001,0
39231090,43395666.45,43395666.45,0
39231990,30,0,-30
39232101,38193.7,0,-38193.7
39232110,8395636.48,8395636.48,0
39232190,25604864.01,25604864.01,0
39232191,32.5,0,-32.5
39232194,21.8,0,-21.8
39232196,1390.25,0,-1390.25
39232901,2200,0,-2200
39232910,11727153.44,11727153.44,0
39232990,24252891.24,24252891.24,0
39233000,774898.93,774898.93,0
39233009,18,0,-18
39233010,264408.1900000001,264408.1900000001,0
39233090,15181702.22,15181702.22,0
39234000,1589823.42,1589823.42,0
39234099,65.5,0,-65.5
39234390,220,0,-220
39235000,14807273.01,14807273.01,0
39239000,1607737.09,1607737.09,0
39239010,801442.54,801442.54,0
39239032,308,0,-308
39239090,25659217.84,25659217.84,0
39241000,15912187.40000001,15912187.40000001,0
39241010,418.8,0,-418.8
39241100,169.9,0,-169.9
39242190,35,0,-35
39242910,15.98,0,-15.98
39244900,12,0,-12
39245000,2629.9,0,-2629.9
39249000,35923075.48,35923075.48,0
39249090,16.25,0,-16.25
39250000,665,0,-665
39250900,50,0,-50
39251000,312179268.7600001,312179268.7600001,0
39252000,26437873.2,26437873.2,0
39253000,1078284.29,1078284.29,0
39254090,42,0,-42
39255090,845.1,0,-845.1
39255100,1487,0,-1487
39259000,177743.44,177743.44,0
39259010,10749067.56,10749067.56,0
39259011,4.6,0,-4.6
39259090,71983953.45,71983953.45,0
39259099,26024.52,0,-26024.52
39259100,70.33,0,-70.33
39260000,360.45,0,-360.45
39260090,8,0,-8
39261000,1252293.04,1252293.04,0
39261010,509.7500000000001,0,-509.7500000000001
39262000,5082438.599999999,5082438.599999999,0
39262003,187,0,-187
39263000,27741279.35,27741279.35,0
39263001,110,0,-110
39263030,208.75,0,-208.75
39264000,1578355.73,1578355.73,0
39269000,5255.67,0,-5255.67
39269001,160,0,-160
39269009,63.2,0,-63.2
39269010,6042724.73,6042724.73,0
39269012,475,0,-475
39269021,1117349.89,1117349.89,0
39269022,6174015.77,6174015.77,0
39269024,2200,0,-2200
39269030,34923.38,34923.38,0
39269040,2784296.97,2784296.97,0
39269050,18409.34,18409.34,0
39269060,7222,0,-7222
39269061,541644.2,541644.2,0
39269069,3749150.370000001,3749150.370000001,0
39269080,1802,0,-1802
39269090,269456925.0899999,269456925.0899999,0
39269092,2200,0,-2200
39269097,1172.39,0,-1172.39
39269100,84,0,-84
39269300,888,0,-888
39269909,35,0,-35
39272300,75,0,-75
39289090,5,0,-5
39291000,2966.77,0,-2966.77
39299000,68.45,0,-68.45
39299090,160.87,0,-160.87
39390930,45,0,-45
39401000,108,0,-108
39401900,336,0,-336
39451690,233.4,0,-233.4
39581204,1516,0,-1516
39629090,33.9,0,-33.9
39689090,80,0,-80
39690100,2.5,0,-2.5
39699090,197.95,0,-197.95
39714090,20,0,-20
39717409,28,0,-28
39733900,1537.62,0,-1537.62
39740900,168,0,-168
39773900,20,0,-20
39781001,219.3,0,-219.3
39804090,229.5,0,-229.5
39824900,199,0,-199
39923900,7.98,0,-7.98
39999999,120,0,-120
40000000,6014,0,-6014
40004000,210,0,-210
40005444,42.9,0,-42.9
40006900,14.8,0,-14.8
40008290,86.1,0,-86.1
40009210,33.44,0,-33.44
40009219,60.2,0,-60.2
40009310,119,0,-119
40010010,557.37,0,-557.37
40011000,1422196.32,1422196.32,0
40012100,65166.03,65166.03,0
40012200,143518.85,143518.85,0
40012910,1056.54,1056.54,0
40012920,52805.5,52805.5,0
40012990,450527.97,450527.97,0
40012999,298,0,-298
40013000,4943.22,4943.22,0
40016930,75.1,0,-75.1
40018000,178.5,0,-178.5
40021110,182524.97,182524.97,0
40021120,870780.8,870780.8,0
40021910,180,0,-180
40021911,192332.83,192332.83,0
40021912,336.14,336.14,0
40021919,51082.09000000001,51082.09000000001,0
40021920,167248.44,167248.44,0
40022010,70668.20999999999,70668.20999999999,0
40022090,442,442,0
40022091,437.58,437.58,0
40022099,5667.83,5667.83,0
40022110,2531,0,-2531
40022900,445,0,-445
40023100,147325.07,147325.07,0
40023190,200,0,-200
40023900,414.68,414.68,0
40024100,2710.1,2710.1,0
40024900,842.95,842.95,0
40025100,47083.27,47083.27,0
40025900,25212.67,25212.67,0
40026000,3224.75,3224.75,0
40027000,14904.58,14904.58,0
40028000,1300.18,1300.18,0
40029100,29165.08,29165.08,0
40029910,3650.69,3650.69,0
40029920,3509.36,3509.36,0
40029930,19706.91,19706.91,0
40029990,121851.74,121851.74,0
40030000,677383.2000000001,677383.2000000001,0
40031100,16000,0,-16000
40031800,223.2,0,-223.2
40032110,40,0,-40
40033100,63.56,0,-63.56
40034005,40,0,-40
40040000,5781266.22,5781266.22,0
40041290,56.2,0,-56.2
40049020,34.38,0,-34.38
40049099,23.82,0,-23.82
40051000,45,0,-45
40051010,120906.77,120906.77,0
40051090,418240.15,418240.15,0
40052000,2039354.75,2039354.75,0
40059110,1448.32,1448.32,0
40059190,2559056.12,2559056.12,0
40059990,20228.19,20228.19,0
40061000,2529453.35,2529453.35,0
40061020,1800,0,-1800
40063100,145.24,0,-145.24
40069000,2944939.740000001,2944939.740000001,0
40070011,65712.58,65712.58,0
40070019,449390.47,449390.47,0
40070020,168079.8,168079.8,0
40079990,120,0,-120
40081000,45.5,0,-45.5
40081100,487877.37,487877.37,0
40081199,1499.22,0,-1499.22
40081900,1366341.76,1366341.76,0
40081990,64,0,-64
40082100,11055894.54,11055894.54,0
40082210,139.9,0,-139.9
40082900,7448568,7448568,0
40082999,645,0,-645
40083210,215,0,-215
40088210,130.5,0,-130.5
40089000,88,0,-88
40091000,13064.62,13064.62,0
40091100,11024907.74,11024907.74,0
40091110,577.53,0,-577.53
40091190,15,0,-15
40091209,71.39999999999999,0,-71.39999999999999
40091210,186077.28,186077.28,0
40091290,1107426.63,1107426.63,0
40091300,106.65,0,-106.65
40091900,1358.61,0,-1358.61
40092010,18298.87999999999,18298.87999999999,0
40092090,2914.18,2914.18,0
40092100,13502.22,0,-13502.22
40092110,71180043.15999998,71180043.15999998,0
40092190,18877111.06,18877111.06,0
40092210,10702790,10702790,0
40092290,8010239.859999999,8010239.859999999,0
40093000,6447.33,6447.33,0
40093009,12743.69,0,-12743.69
40093100,38567737.15000001,38567737.15000001,0
40093110,765.31,0,-765.31
40093160,110,0,-110
40093200,910.15,0,-910.15
40093210,906685.6800000002,906685.6800000002,0
40093290,7444654.989999998,7444654.989999998,0
40094000,4812.98,4812.98,0
40094100,4004660.939999999,4004660.939999999,0
40094110,5454.920000000001,0,-5454.920000000001
40094210,734914.85,734914.85,0
40094290,5496360.200000001,5496360.200000001,0
40095010,125.66,125.66,0
40095090,2174.26,2174.26,0
40096100,5870,0,-5870
40100000,660,0,-660
40100300,180,0,-180
40101000,21078.92,0,-21078.92
40101001,1223,0,-1223
40101100,1870553.63,1870553.63,0
40101200,70659406.65,70659406.65,0
40101300,385,385,0
40101616,5000,0,-5000
40101900,72632657.81,72632657.81,0
40102000,722,0,-722
40102100,1412.68,1412.68,0
40102200,2507.34,2507.34,0
40102300,50,50,0
40102400,900.6,900.6,0
40102900,7300.02,7300.02,0
40103000,26500.17,0,-26500.17
40103100,22469206.54,22469206.54,0
40103200,18600500.73,18600500.73,0
40103300,18616455.69,18616455.69,0
40103400,21063804.82,21063804.82,0
40103500,3951332.89,3951332.89,0
40103600,3146058.089999999,3146058.089999999,0
40103700,20,0,-20
40103900,207154490.5,207154490.5,0
40105900,1564,0,-1564
40109000,340.1,0,-340.1
40109300,140,0,-140
40110000,12203.48,0,-12203.48
40111000,215636193.56,215636193.56,0
40111100,7404.78,0,-7404.78
40111300,5490,0,-5490
40111809,7800,0,-7800
40112000,8300,0,-8300
40112010,6953668.939999999,6953668.939999999,0
40112090,578764834.67,578764834.67,0
40113000,6340880.880000001,6340880.880000001,0
40113090,13180,0,-13180
40113900,15,0,-15
40114000,11957093.86,11957093.86,0
40114300,65,0,-65
40115000,255666.01,255666.01,0
40116100,2280309.51,2280309.51,0
40116200,42611.05,42611.05,0
40116300,176.92,0,-176.92
40116310,744.37,744.37,0
40116390,21740,21740,0
40116910,10500,10500,0
40116930,56.14,0,-56.14
40117010,19000912.66,19000912.66,0
40117090,509908138.6600001,509908138.6600001,0
40118010,254982.1,254982.1,0
40118020,47038.7,47038.7,0
40118090,67355853.31,67355853.31,0
40119000,56754,0,-56754
40119010,426606.2399999999,426606.2399999999,0
40119020,38900,0,-38900
40119090,39167558.84,39167558.84,0
40119210,195894.16,195894.16,0
40119290,130986.06,130986.06,0
40119300,237075.82,237075.82,0
40119490,57516,57516,0
40119910,3231122.34,3231122.34,0
40119990,310623.6,310623.6,0
40121000,256078.94,256078.94,0
40121010,4554,0,-4554
40121090,90,0,-90
40121100,5717577.760000001,5717577.760000001,0
40121200,7878522.710000001,7878522.710000001,0
40121300,174138,174138,0
40121900,5412301.96,5412301.96,0
40122000,14583101.02,14583101.02,0
40126895,15,0,-15
40129000,8310,0,-8310
40129010,3687226.51,3687226.51,0
40129090,20878820.00999999,20878820.00999999,0
40129990,1750,0,-1750
40130000,118,0,-118
40131000,1472,0,-1472
40131010,2575097.64,2575097.64,0
40131090,21112808.44000001,21112808.44000001,0
40131500,4.77,0,-4.77
40132000,130528.43,130528.43,0
40133100,420.6,0,-420.6
40133200,353,0,-353
40133900,718.5,0,-718.5
40135000,70,0,-70
40138900,244.5,0,-244.5
40139000,64781517.51,64781517.51,0
40139090,69.9,0,-69.9
40139300,208.85,0,-208.85
40140000,793,0,-793
40141000,45203.43999999999,45203.43999999999,0
40141010,30,0,-30
40148090,84,0,-84
40149010,59131.81999999999,59131.81999999999,0
40149090,435147.1600000001,435147.1600000001,0
40151100,20915.29,20915.29,0
40151200,1438145.78,1438145.78,0
40151900,16602635.38,16602635.38,0
40151901,1032,0,-1032
40152190,20,0,-20
40155190,21,0,-21
40159000,1326334.03,1326334.03,0
40159090,10,0,-10
40159300,300,0,-300
40159990,2.42,0,-2.42
40160090,9,0,-9
40161010,19487128.01000001,19487128.01000001,0
40161090,2317508.99,2317508.99,0
40161300,617.11,0,-617.11
40161930,0.8,0,-0.8
40163000,4425.39,0,-4425.39
40163300,69,0,-69
40163520,1214,0,-1214
40163600,45,0,-45
40163900,325.5,0,-325.5
40163930,40,0,-40
40164300,7.41,0,-7.41
40166930,23,0,-23
40166990,673.2800000000001,0,-673.2800000000001
40167300,1243.95,0,-1243.95
40168300,40.9,0,-40.9
40169000,758.95,0,-758.95
40169090,165.68,0,-165.68
40169099,630,0,-630
40169100,3449143.87,3449143.87,0
40169200,168447.77,168447.77,0
40169300,333594374.5700001,333594374.5700001,0
40169301,10.07,0,-10.07
40169330,275,0,-275
40169390,5.94,0,-5.94
40169393,290,0,-290
40169399,1613.4,0,-1613.4
40169400,377916.97,377916.97,0
40169510,7808.17,7808.17,0
40169590,13443.22,13443.22,0
40169600,248,0,-248
40169900,31702.82,0,-31702.82
40169904,52.8,0,-52.8
40169910,92992.50999999998,92992.50999999998,0
40169930,16,0,-16
40169990,119202424.27,119202424.27,0
40169991,1210,0,-1210
40169992,150,0,-150
40169993,330.5,0,-330.5
40169995,7.5,0,-7.5
40169996,416,0,-416
40169999,1053.61,0,-1053.61
40170000,2783442.11,2783442.11,0
40174090,6,0,-6
40179990,160,0,-160
40181809,248,0,-248
40196200,6,0,-6
40196300,1709.06,0,-1709.06
40199300,1460.58,0,-1460.58
40199990,485.97,0,-485.97
40209000,51,0,-51
40209999,165,0,-165
40211000,635,0,-635
40213000,950,0,-950
40299200,22.2,0,-22.2
40301070,3995,0,-3995
40307010,2666,0,-2666
40309000,600,0,-600
40310000,21.6,0,-21.6
40311070,133.74,0,-133.74
40369300,88,0,-88
40390000,30.6,0,-30.6
40393100,3,0,-3
40403900,192,0,-192
40410310,48,0,-48
40506040,134.63,0,-134.63
40619300,92.66,0,-92.66
40691300,495,0,-495
40721000,275.76,0,-275.76
40804000,200,0,-200
40822100,2221.8,0,-2221.8
40900000,24,0,-24
40931090,334.24,0,-334.24
40931600,181.06,0,-181.06
41000000,595.4,0,-595.4
41002900,186,0,-186
41010000,84,0,-84
41010010,719.4300000000001,0,-719.4300000000001
41011000,560,560,0
41012000,894520.3,894520.3,0
41012010,23863.82,23863.82,0
41015010,27796.23,27796.23,0
41015020,14075.04,14075.04,0
41016930,58,0,-58
41019010,1964.84,1964.84,0
41019020,7075.5,7075.5,0
41021000,41689.18,41689.18,0
41022100,197.7,197.7,0
41022900,2058.1,2058.1,0
41032000,5507.35,5507.35,0
41033000,97829.28,97829.28,0
41039000,341106.39,341106.39,0
41041111,493781.48,493781.48,0
41041112,10214,10214,0
41041113,25661.63,25661.63,0
41041114,2810.600000000001,2810.600000000001,0
41041119,12481.91,12481.91,0
41041121,15554.34,15554.34,0
41041123,14510.22,14510.22,0
41041124,190960.26,190960.26,0
41041129,695.4,695.4,0
41041910,2312,2312,0
41041920,268,268,0
41041930,526.5799999999999,526.5799999999999,0
41041940,19040.94,19040.94,0
41041990,181.63,181.63,0
41043102,149,0,-149
41043120,312.5,312.5,0
41044110,3498,3498,0
41044120,82057.78,82057.78,0
41044130,20135.48,20135.48,0
41044910,1600,1600,0
41044920,49278.41,49278.41,0
41044990,195,195,0
41051029,14717.34,14717.34,0
41051090,1572.98,1572.98,0
41053000,3735.52,3735.52,0
41062121,122,122,0
41062129,177.06,177.06,0
41063110,200.23,200.23,0
41063190,6.3,6.3,0
41064000,1479.39,1479.39,0
41069200,4338,4338,0
41071110,49055.97,49055.97,0
41071120,46006.23,46006.23,0
41071190,3444,3444,0
41071210,1663.52,1663.52,0
41071220,879477.1299999999,879477.1299999999,0
41071290,12505.5,12505.5,0
41071910,548.72,548.72,0
41071920,306433.01,306433.01,0
41071990,5150,5150,0
41079110,7650297.1,7650297.1,0
41079190,79.8,79.8,0
41079210,2491197.04,2491197.04,0
41079910,15751603.43,15751603.43,0
41079990,11298.8,11298.8,0
41084300,660,0,-660
41090020,615,615,0
41092110,182.4,0,-182.4
41100000,4010.13,4010.13,0
41110000,5417,5417,0
41114110,12,0,-12
41114190,800,0,-800
41120000,136053.59,136053.59,0
41128010,25.2,0,-25.2
41131010,89578.69,89578.69,0
41131090,3126.9,3126.9,0
41132000,3.45,3.45,0
41133000,260,260,0
41139000,9491.21,9491.21,0
41141000,23565.13,23565.13,0
41142010,10320.84,10320.84,0
41142020,8470.17,8470.17,0
41151000,37725.02,37725.02,0
41152000,31611.57999999999,31611.57999999999,0
41169300,1973.2,0,-1973.2
41170090,30,0,-30
41390000,174,0,-174
41469300,708,0,-708
41526000,15,0,-15
41551900,1083.06,0,-1083.06
41564564,14.1,0,-14.1
41693000,89,0,-89
41699990,300,0,-300
41700020,2840,0,-2840
41700068,86,0,-86
41810000,7.199999999999999,0,-7.199999999999999
41942429,640,0,-640
42000110,159.8,0,-159.8
42001009,37.35,0,-37.35
42010000,11392.8,0,-11392.8
42010001,575.74,0,-575.74
42010010,9298281.350000003,9298281.350000003,0
42010090,8637076.009999998,8637076.009999998,0
42010099,75,0,-75
42011001,512.9,0,-512.9
42012210,390,0,-390
42020010,99.9,0,-99.9
42020090,110,0,-110
42021100,502514.9299999999,502514.9299999999,0
42021210,3528343.180000001,3528343.180000001,0
42021220,1192152.63,1192152.63,0
42021900,794644.7699999999,794644.7699999999,0
42022000,215.1,0,-215.1
42022100,14383873.2,14383873.2,0
42022210,1933813.31,1933813.31,0
42022220,3807203.37,3807203.37,0
42022290,426.79,0,-426.79
42022900,852740.17,852740.17,0
42022990,60,0,-60
42023100,1460796.59,1460796.59,0
42023200,853224.9700000001,853224.9700000001,0
42023900,191699.63,191699.63,0
42029000,7.9,0,-7.9
42029100,885079.74,885079.74,0
42029200,3898972.399999999,3898972.399999999,0
42029900,599751.1699999999,599751.1699999999,0
42030010,314,0,-314
42030101,186.4,0,-186.4
42031000,3637906.89,3637906.89,0
42032000,665.1199999999999,0,-665.1199999999999
42032100,119964.82,119964.82,0
42032190,16.9,0,-16.9
42032900,10759495.14,10759495.14,0
42032901,7988.91,0,-7988.91
42032911,9843.970000000001,0,-9843.970000000001
42033000,1619945.88,1619945.88,0
42033099,259,0,-259
42034000,559559.0999999999,559559.0999999999,0
42039290,1550.5,0,-1550.5
42040090,655.5,655.5,0
42041100,35,0,-35
42041210,284.43,0,-284.43
42050000,1413803.25,1413803.25,0
42060000,9459.97,9459.97,0
42061000,425.16,425.16,0
42069000,3.9,3.9,0
42100090,60,0,-60
42101001,140,0,-140
42103900,39,0,-39
42122000,50543.14,0,-50543.14
42129090,150,0,-150
42209000,800,0,-800
42220100,320,0,-320
42256666,66.5,0,-66.5
42512187,7,0,-7
42600050,95,0,-95
42823209,178.71,0,-178.71
42910090,173.8,0,-173.8
43011000,487.8,487.8,0
43013000,15,15,0
43018000,11642,11642,0
43019000,30059.48,30059.48,0
43021100,73300,73300,0
43021910,440703.6900000001,440703.6900000001,0
43021990,219709.81,219709.81,0
43022000,1664.37,1664.37,0
43023000,356935.77,356935.77,0
43030000,33140.56,0,-33140.56
43031000,102708.27,102708.27,0
43033000,189.9,0,-189.9
43039000,929162.06,929162.06,0
43040000,2500.25,2500.25,0
43043920,1128.92,0,-1128.92
43045990,680,0,-680
43103200,191.28,0,-191.28
43109000,192,0,-192
43130000,2280,0,-2280
43131000,60,0,-60
43146421,362.02,0,-362.02
43169300,2445,0,-2445
43181500,29.19,0,-29.19
43195102,952.85,0,-952.85
43269090,17.5,0,-17.5
44001710,26,0,-26
44011000,1786986.34,1786986.34,0
44011100,20913803.19,20913803.19,0
44011200,34902191.02999999,34902191.02999999,0
44012100,8577218.7,8577218.7,0
44012200,55569721.89000001,55569721.89000001,0
44013000,737868.47,737868.47,0
44013100,21296202.75,21296202.75,0
44013200,467988.78,467988.78,0
44013900,68522961.39,68522961.39,0
44014000,3691405.27,3691405.27,0
44014100,12089018.8,12089018.8,0
44014900,4880436.23,4880436.23,0
44016930,0.35,0,-0.35
44020000,3586.34,3586.34,0
44021000,164942.06,164942.06,0
44022000,37971.14,37971.14,0
44029000,12995755.25,12995755.25,0
44030100,840,0,-840
44031000,2190041.26,2190041.26,0
44031001,11673.9,0,-11673.9
44031100,27799715.04,27799715.04,0
44031200,70174764.87000002,70174764.87000002,0
44032000,27203.93,27203.93,0
44032100,514400.3099999999,514400.3099999999,0
44032200,3285174.56,3285174.56,0
44032300,127.9,127.9,0
44032400,900,900,0
44032500,29440.1,29440.1,0
44032600,1064766.62,1064766.62,0
44034100,208689.79,208689.79,0
44034200,74856.51,74856.51,0
44034900,6541118.410000001,6541118.410000001,0
44034990,18020,0,-18020
44038000,27523.84,0,-27523.84
44039000,33764,0,-33764
44039100,262761.08,262761.08,0
44039300,28.5,28.5,0
44039400,30000,30000,0
44039500,24753.5,24753.5,0
44039600,73292.9,73292.9,0
44039700,566.2,566.2,0
44039800,111108747.51,111108747.51,0
44039880,6400,0,-6400
44039900,69054680.02,69054680.02,0
44041000,2125278.16,2125278.16,0
44042000,7766345.909999999,7766345.909999999,0
44044000,3808.12,0,-3808.12
44050000,1713958.04,1713958.04,0
44061100,18463.78,18463.78,0
44061200,188887.97,188887.97,0
44069000,37831.3,37831.3,0
44069100,833394.9600000001,833394.9600000001,0
44069200,1886529.540000001,1886529.540000001,0
44070000,8674.24,0,-8674.24
44071000,344519.67,344519.67,0
44071100,17083815.63,17083815.63,0
44071200,198099.8,198099.8,0
44071300,209774.59,209774.59,0
44071400,431.15,431.15,0
44071900,9812420.769999998,9812420.769999998,0
44072100,203051.33,203051.33,0
44072200,445511.52,445511.52,0
44072300,172516.12,172516.12,0
44072420,2100,2100,0
44072490,142.4,142.4,0
44072500,104483.85,104483.85,0
44072600,18281.16,18281.16,0
44072700,344.29,344.29,0
44072800,1079.32,1079.32,0
44072900,170,0,-170
44072910,2454553.44,2454553.44,0
44072920,715833.0999999999,715833.0999999999,0
44072925,8669.3,0,-8669.3
44072930,13529.6,13529.6,0
44072933,19860,0,-19860
44072940,364633.47,364633.47,0
44072949,58852.09,0,-58852.09
44072950,10619.35,10619.35,0
44072960,219.9,219.9,0
44072970,7279.5,7279.5,0
44072990,27421721.69,27421721.69,0
44072998,39,0,-39
44078990,14.2,0,-14.2
44079100,156442.3799999999,156442.3799999999,0
44079200,31857.16,31857.16,0
44079290,810,0,-810
44079300,225223.78,225223.78,0
44079400,79525.62,79525.62,0
44079500,15142.95,15142.95,0
44079600,1300,1300,0
44079700,13162.73,13162.73,0
44079900,128788.89,0,-128788.89
44079902,5388,0,-5388
44079903,45.1,0,-45.1
44079910,608,608,0
44079920,1570087.24,1570087.24,0
44079930,101304.11,101304.11,0
44079950,650,650,0
44079960,114681.56,114681.56,0
44079970,151557.48,151557.48,0
44079990,195493599.46,195493599.46,0
44081010,244220.08,244220.08,0
44081091,297084.83,297084.83,0
44081099,947338.2,947338.2,0
44083110,2410.4,2410.4,0
44083190,29847.33,29847.33,0
44083910,455484.0699999999,455484.0699999999,0
44083920,21666,21666,0
44083991,171227.27,171227.27,0
44083992,15.8,15.8,0
44083999,97124.37,97124.37,0
44089010,153484.81,153484.81,0
44089090,752253.3199999995,752253.3199999995,0
44090000,6981.049999999999,0,-6981.049999999999
44091000,1851683.290000001,1851683.290000001,0
44092000,6466.589999999999,6466.589999999999,0
44092100,910649.2799999999,910649.2799999999,0
44092200,1634593.27,1634593.27,0
44092900,5710915.66,5710915.66,0
44099800,8262,0,-8262
44101110,192461.69,192461.69,0
44101121,2114401.01,2114401.01,0
44101129,270530.46,270530.46,0
44101190,162820.04,162820.04,0
44101210,1303415.79,1303415.79,0
44101290,12452.75,12452.75,0
44101911,6347,6347,0
44101919,95252.43000000001,95252.43000000001,0
44101991,3900,3900,0
44101992,381.74,381.74,0
44101999,5629.3,5629.3,0
44109000,173995.5,173995.5,0
44111100,3500,3500,0
44111140,664.4,0,-664.4
44111149,1784,0,-1784
44111210,261001.37,261001.37,0
44111290,661890.5100000001,661890.5100000001,0
44111310,360161.3,360161.3,0
44111391,3565864.67,3565864.67,0
44111399,4571042.909999999,4571042.909999999,0
44111410,1130709.86,1130709.86,0
44111490,31098569.97,31098569.97,0
44111900,120769.13,120769.13,0
44112900,148.72,148.72,0
44119100,2891.2,2891.2,0
44119210,484427.73,484427.73,0
44119290,366734.81,366734.81,0
44119300,4107.4,0,-4107.4
44119310,75081,75081,0
44119390,174163.68,174163.68,0
44119490,7326.27,7326.27,0
44119900,15964.66,15964.66,0
44121000,872949.48,872949.48,0
44121300,5352,5352,0
44121400,1903.04,1903.04,0
44121900,490,490,0
44122900,355.69,355.69,0
44123100,2956604.899999999,2956604.899999999,0
44123200,11921.6,11921.6,0
44123300,1751481.91,1751481.91,0
44123400,231550.91,231550.91,0
44123900,15974992.5,15974992.5,0
44123990,1740,0,-1740
44124100,350304.56,350304.56,0
44124200,647,647,0
44124900,9905.4,9905.4,0
44125100,4004,4004,0
44125200,69518.8,69518.8,0
44129100,33998.69,33998.69,0
44129200,59309.38,59309.38,0
44129300,410.94,410.94,0
44129900,16096819.27,16096819.27,0
44130000,13257682.26,13257682.26,0
44140000,59327.17000000001,59327.17000000001,0
44140010,24,0,-24
44141000,503061.8099999999,503061.8099999999,0
44149000,510745.9,510745.9,0
44151000,10050117.74,10050117.74,0
44152000,20141933.92,20141933.92,0
44160010,175655.72,175655.72,0
44160090,157656.1,157656.1,0
44170000,38.89,0,-38.89
44170001,1304.1,0,-1304.1
44170010,608905.4300000002,608905.4300000002,0
44170020,67666.99,67666.99,0
44170090,3175370.09,3175370.09,0
44180000,7560,0,-7560
44181000,20751.75,20751.75,0
44181100,1652216.21,1652216.21,0
44181900,761050.4299999999,761050.4299999999,0
44182000,2449584.47,2449584.47,0
44182100,10140770.06,10140770.06,0
44182200,3240,0,-3240
44182900,13442874.75,13442874.75,0
44183000,2035550.51,2035550.51,0
44184000,1819590.91,1819590.91,0
44185000,437842.1699999999,437842.1699999999,0
44186000,909134.81,909134.81,0
44187200,49006.88,49006.88,0
44187300,24110.08,24110.08,0
44187400,397938.05,397938.05,0
44187500,4777549.8,4777549.8,0
44187900,3385365.15,3385365.15,0
44188100,4087299.689999999,4087299.689999999,0
44188200,59937.28,59937.28,0
44188300,146228.83,146228.83,0
44188900,760154.39,760154.39,0
44189000,405023.02,405023.02,0
44189099,1265,0,-1265
44189100,171729.76,171729.76,0
44189200,209931.8,209931.8,0
44189900,3675820.91,3675820.91,0
44189990,1228.5,0,-1228.5
44190000,892742.8,892742.8,0
44191000,408.61,0,-408.61
44191100,1857084.33,1857084.33,0
44191200,325052.84,325052.84,0
44191900,449432.0700000001,449432.0700000001,0
44192000,91603.90000000001,91603.90000000001,0
44199000,843559.2200000001,843559.2200000001,0
44201000,129733.94,129733.94,0
44201100,1415754.99,1415754.99,0
44201900,1144126.57,1144126.57,0
44203000,85,0,-85
44209000,1558146.31,1558146.31,0
44210900,39545.39,0,-39545.39
44211000,232188.67,232188.67,0
44212000,111870.28,111870.28,0
44219000,473328.54,473328.54,0
44219099,1700,0,-1700
44219100,776773.71,776773.71,0
44219900,26609894.71,26609894.71,0
44219990,10,0,-10
44310000,49780,0,-49780
44391990,3600,0,-3600
44444445,17278.38,0,-17278.38
44658522,259.55,0,-259.55
44701100,804,0,-804
44709990,2028.75,0,-2028.75
44729000,1500,0,-1500
44920100,12,0,-12
45000065,133.12,0,-133.12
45011000,5950.929999999999,5950.929999999999,0
45019000,68398.8,68398.8,0
45020000,7295.86,7295.86,0
45031000,9731.63,9731.63,0
45039000,35561.6,35561.6,0
45041000,36348.24000000001,36348.24000000001,0
45049000,2690863.52,2690863.52,0
45049001,97,0,-97
45049090,76.48,0,-76.48
45050000,300,0,-300
45123000,30,0,-30
45124578,159.2,0,-159.2
45151900,15,0,-15
45152000,88550.56,0,-88550.56
45201646,320,0,-320
45211000,15,0,-15
45260000,19007.65,0,-19007.65
45345456,30,0,-30
45454545,2080,0,-2080
45454578,3073.05,0,-3073.05
45456456,143,0,-143
45466544,10,0,-10
45494946,2600,0,-2600
45529632,590,0,-590
45545451,45,0,-45
45600000,259.9,0,-259.9
45632178,153.84,0,-153.84
45644134,7,0,-7
45645646,949,0,-949
45696546,45.79,0,-45.79
45698712,540,0,-540
45698732,758.74,0,-758.74
45698756,245,0,-245
45781245,1550,0,-1550
45781278,483.33,0,-483.33
45784578,87,0,-87
45786213,160,0,-160
45788922,132,0,-132
45821000,2980,0,-2980
45826932,200,0,-200
45879000,15,0,-15
45896000,33.98,0,-33.98
45896325,20,0,-20
45896587,2324.2,0,-2324.2
45950000,292,0,-292
46012100,28053.76,28053.76,0
46012200,15342.5,15342.5,0
46012900,113447.23,113447.23,0
46019200,1210377.41,1210377.41,0
46019300,22905.83,22905.83,0
46019400,20202.13,20202.13,0
46019900,74670.22,74670.22,0
46021000,63.3,63.3,0
46021100,176684.8,176684.8,0
46021200,145070.6900000001,145070.6900000001,0
46021900,692822.9199999999,692822.9199999999,0
46029000,491060.4799999999,491060.4799999999,0
46090000,985,0,-985
46100900,71.2,0,-71.2
46161010,170.64,0,-170.64
46166323,113100,0,-113100
46169300,983.5000000000001,0,-983.5000000000001
46169990,380,0,-380
46300170,22,0,-22
46565456,219,0,-219
46582256,168,0,-168
46596688,2040,0,-2040
47010000,2844546.74,2844546.74,0
47031100,69609.54,69609.54,0
47032100,4387,4387,0
47032190,231321.67,231321.67,0
47032900,13938.21,13938.21,0
47050000,1334.6,1334.6,0
47061000,74934.45999999999,74934.45999999999,0
47062000,386230.94,386230.94,0
47069100,1081366.25,1081366.25,0
47069200,112742.31,112742.31,0
47069300,119166.7,119166.7,0
47071000,1199660.5,1199660.5,0
47072000,89694.5,89694.5,0
47073000,87209.15000000001,87209.15000000001,0
47079000,3214553.14,3214553.14,0
47634736,1800,0,-1800
47893651,22500,0,-22500
47896098,10320.95,0,-10320.95
48002000,29.9,0,-29.9
48010010,1559.98,1559.98,0
48010020,1106.08,1106.08,0
48010030,54725.00000000001,54725.00000000001,0
48010090,824885.22,824885.22,0
48021000,127086.18,127086.18,0
48021010,60,0,-60
48022000,62,62,0
48022010,42059.28,42059.28,0
48022090,155143.98,155143.98,0
48022100,70,0,-70
48024010,1120.4,1120.4,0
48024090,161758.64,161758.64,0
48025100,330.6,330.6,0
48025220,5.4,5.4,0
48025230,740.8,740.8,0
48025310,208.5,208.5,0
48025410,2684,2684,0
48025491,102004.78,102004.78,0
48025499,106603.56,106603.56,0
48025510,19890.44,19890.44,0
48025591,5622.59,5622.59,0
48025592,153542.9099999999,153542.9099999999,0
48025599,842604.06,842604.06,0
48025610,19004927.45,19004927.45,0
48025690,598,0,-598
48025691,7045.509999999999,7045.509999999999,0
48025692,91.49,91.49,0
48025693,67205.76999999999,67205.76999999999,0
48025699,44682.52,44682.52,0
48025710,13783.97,13783.97,0
48025791,319.12,319.12,0
48025792,1325.43,1325.43,0
48025793,282511.71,282511.71,0
48025799,80696.28,80696.28,0
48025810,56642.76,56642.76,0
48025891,7714.76,7714.76,0
48025892,10448.02,10448.02,0
48025899,43916.2,43916.2,0
48026110,374,374,0
48026199,3211.2,3211.2,0
48026210,22165.82,22165.82,0
48026299,282.6,282.6,0
48026991,35752.6,35752.6,0
48026992,338,338,0
48026999,14762.58,14762.58,0
48030010,11880.51,11880.51,0
48030090,1540421.86,1540421.86,0
48033090,17.97,0,-17.97
48041100,214483.97,214483.97,0
48041900,1096886.6,1096886.6,0
48042100,175140.99,175140.99,0
48042900,633448.1,633448.1,0
48043110,88687.88,88687.88,0
48043190,272914.66,272914.66,0
48043910,7623.16,7623.16,0
48043990,636876.0700000001,636876.0700000001,0
48044100,2860.78,2860.78,0
48044200,7949.239999999999,7949.239999999999,0
48044900,24.5,24.5,0
48045100,4402.2,4402.2,0
48045200,138.2,138.2,0
48045900,169,169,0
48045910,160,160,0
48045990,7818.68,7818.68,0
48051100,6045.43,6045.43,0
48051200,993.59,993.59,0
48051900,1034377.86,1034377.86,0
48052400,64202.84,64202.84,0
48052500,44244.59,44244.59,0
48053000,207701.88,207701.88,0
48054000,1303.62,1303.62,0
48054010,12329.24,12329.24,0
48054090,720569.17,720569.17,0
48055000,1839.8,1839.8,0
48059100,4646694.81,4646694.81,0
48059210,27116.81,27116.81,0
48059290,17304.06,17304.06,0
48059300,20003.75,20003.75,0
48061000,348.5,348.5,0
48062000,82852.10999999999,82852.10999999999,0
48063000,13530.64,13530.64,0
48064000,33074.56999999999,33074.56999999999,0
48070000,32510.21,32510.21,0
48081000,17219523.07,17219523.07,0
48082000,278,278,0
48083000,34.5,34.5,0
48084000,7169.95,7169.95,0
48089000,330913.5499999999,330913.5499999999,0
48090000,550,0,-550
48092000,47679.45,47679.45,0
48099000,37039.28,37039.28,0
48099190,200,0,-200
48101100,1356.7,1356.7,0
48101310,904.79,904.79,0
48101381,1725.69,1725.69,0
48101382,16.6,16.6,0
48101389,9460.58,9460.58,0
48101390,1215.72,1215.72,0
48101391,1543,1543,0
48101399,32948.58,32948.58,0
48101410,5998.900000000001,5998.900000000001,0
48101481,235.5,235.5,0
48101489,968.57,968.57,0
48101490,25804.21,25804.21,0
48101910,3134.9,3134.9,0
48101981,1455.22,1455.22,0
48101989,44920.81,44920.81,0
48101990,162.19,162.19,0
48101999,9846.67,9846.67,0
48102210,298.8,298.8,0
48102290,13959.79,13959.79,0
48102910,18958.4,18958.4,0
48102990,52627.48000000001,52627.48000000001,0
48103110,85,85,0
48103190,47.06,47.06,0
48103210,275.37,275.37,0
48103290,63.8,63.8,0
48103910,39.11,39.11,0
48103990,3097.36,3097.36,0
48109100,193.8,193.8,0
48109210,72.25,72.25,0
48109290,112226.47,112226.47,0
48109900,13.4,13.4,0
48109990,16569.52,16569.52,0
48111010,36033.24,36033.24,0
48111090,33915.56,33915.56,0
48111411,476,0,-476
48112100,36,36,0
48112900,1544,1544,0
48113112,195,195,0
48114000,301.71,301.71,0
48114100,45,0,-45
48114110,7690466.470000001,7690466.470000001,0
48114111,49.61000000000001,0,-49.61000000000001
48114190,1603803.73,1603803.73,0
48114810,431.4,0,-431.4
48114910,20215.74,20215.74,0
48114990,33410.05,33410.05,0
48115110,8575.810000000001,8575.810000000001,0
48115121,120924.6,120924.6,0
48115122,10131.8,10131.8,0
48115123,23192.84,23192.84,0
48115128,492.99,492.99,0
48115129,1432924.07,1432924.07,0
48115130,230651.16,230651.16,0
48115910,6073.73,6073.73,0
48115921,3273.61,3273.61,0
48115922,3024.61,3024.61,0
48115923,32.97,32.97,0
48115929,121243.42,121243.42,0
48115930,6561.820000000001,6561.820000000001,0
48116010,833.28,833.28,0
48116090,229177.86,229177.86,0
48119000,1268.76,1268.76,0
48119010,10319834.29,10319834.29,0
48119090,607103.3900000001,607103.3900000001,0
48119201,36,0,-36
48120000,3127841.45,3127841.45,0
48131000,17903.53999999999,17903.53999999999,0
48132000,779.28,779.28,0
48133000,695.64,0,-695.64
48133010,460,0,-460
48139000,1310.08,1310.08,0
48139190,326,0,-326
48142000,3103953.87,3103953.87,0
48149000,152026.46,152026.46,0
48161000,4.95,4.95,0
48162000,67541.12,67541.12,0
48169010,14576.46,14576.46,0
48169090,7107.95,7107.95,0
48171000,533250.42,533250.42,0
48172000,13708.38,13708.38,0
48173000,46329.14,46329.14,0
48180000,376.5,0,-376.5
48181000,10303967.50000001,10303967.50000001,0
48181100,15,0,-15
48182000,12820637.63,12820637.63,0
48183000,2341864.279999999,2341864.279999999,0
48184010,6747.820000000001,6747.820000000001,0
48184020,11.98,11.98,0
48184090,304.35,304.35,0
48185000,34991.1,34991.1,0
48188100,19.25,0,-19.25
48189000,624,624,0
48189010,30497.88,30497.88,0
48189090,2170341.119999999,2170341.119999999,0
48191000,291442922.87,291442922.87,0
48192000,3111868.55,3111868.55,0
48193000,3573696.669999999,3573696.669999999,0
48194000,1188444.67,1188444.67,0
48195000,133595501.61,133595501.61,0
48196000,80571.99000000002,80571.99000000002,0
48200000,106.91,0,-106.91
48201000,1722279.68,1722279.68,0
48202000,1121788.07,1121788.07,0
48202001,7.8,0,-7.8
48203000,323784.92,323784.92,0
48204000,2297042.06,2297042.06,0
48205000,52946.02,52946.02,0
48206000,17.5,0,-17.5
48209000,1013575.49,1013575.49,0
48209090,5.1,0,-5.1
48211000,11816705.66,11816705.66,0
48212990,1030,0,-1030
48219000,4186220.06,4186220.06,0
48221000,62247.52,62247.52,0
48229000,222872.55,222872.55,0
48231100,533.12,533.12,0
48232010,9132.929999999998,9132.929999999998,0
48232090,991.67,991.67,0
48232091,3977.81,3977.81,0
48232099,1028928.45,1028928.45,0
48234000,1563302.18,1563302.18,0
48236000,56348.91000000001,56348.91000000001,0
48236100,50816.32,50816.32,0
48236900,4904034.66,4904034.66,0
48237000,61953118.13999999,61953118.13999999,0
48239000,12.64,0,-12.64
48239009,6,0,-6
48239010,1352.68,1352.68,0
48239020,1619,1619,0
48239090,1062.42,1062.42,0
48239091,1418.76,1418.76,0
48239099,10166569.15,10166569.15,0
48240002,135,0,-135
48329000,6357.059999999999,0,-6357.059999999999
48420000,50,0,-50
48441000,681.98,0,-681.98
48482201,1194,0,-1194
48483000,528,0,-528
48574560,200,0,-200
48672999,851,0,-851
48811410,184.36,0,-184.36
48835090,168,0,-168
48879000,976.5,0,-976.5
49011000,3226938.05,3226938.05,0
49019100,120628.97,120628.97,0
49019900,21364231.31,21364231.31,0
49019990,6,0,-6
49021000,845735.4000000001,845735.4000000001,0
49029000,5570918.379999999,5570918.379999999,0
49030000,136627.56,136627.56,0
49030001,24,0,-24
49033000,10500,0,-10500
49040000,6378.15,6378.15,0
49051000,1531.42,1531.42,0
49052000,146304.02,146304.02,0
49059000,21385.07,21385.07,0
49059100,224.5,224.5,0
49060000,295174.66,295174.66,0
49070000,63,0,-63
49070010,29725,29725,0
49070020,294,294,0
49070030,3548,3548,0
49070090,30060.98,30060.98,0
49081000,32376.24999999999,32376.24999999999,0
49089000,3034626.49,3034626.49,0
49090000,133080.89,133080.89,0
49090001,75,0,-75
49090111,350,0,-350
49093000,45,0,-45
49093290,294,0,-294
49099900,144,0,-144
49100000,127702.73,127702.73,0
49110000,18738,0,-18738
49111000,12890.36,0,-12890.36
49111010,1977883.16,1977883.16,0
49111090,3896974.819999999,3896974.819999999,0
49119100,3131410.09,3131410.09,0
49119900,2999354.37,2999354.37,0
49159000,791,0,-791
49169300,3.96,0,-3.96
49582041,22.9,0,-22.9
49718045,7858.32,0,-7858.32
49720863,10250.02,0,-10250.02
49872003,94.8,0,-94.8
50000000,6321.67,0,-6321.67
50003053,0.49,0,-0.49
50010000,808.22,808.22,0
50011778,110,0,-110
50013371,8.5,0,-8.5
50020000,290,290,0
50030010,117833.76,117833.76,0
50030090,1871.19,1871.19,0
50040000,417.68,417.68,0
50050000,75.64,75.64,0
50060000,6924,6924,0
50071010,9852.33,9852.33,0
50071090,144099.46,144099.46,0
50072010,83126.19,83126.19,0
50072090,6351.29,6351.29,0
50075090,116.45,0,-116.45
50079000,124329.56,124329.56,0
50079090,136.76,0,-136.76
50099000,100,0,-100
50103100,223.81,0,-223.81
50190912,80,0,-80
50231473,10829.4,0,-10829.4
50300006,2000,0,-2000
50350000,269.4,0,-269.4
50400000,36,0,-36
50400120,230,0,-230
50674900,37.1,0,-37.1
50711007,45,0,-45
50881038,50.19,0,-50.19
51011110,61211.43,61211.43,0
51011190,18401.16,18401.16,0
51011900,3242.86,3242.86,0
51012100,47239.39,47239.39,0
51012900,7013.14,7013.14,0
51013000,311.99,311.99,0
51021100,144.89,144.89,0
51021900,1202.94,1202.94,0
51022000,180000,180000,0
51031000,11501.5,11501.5,0
51033000,651.14,651.14,0
51040000,2671.92,2671.92,0
51051000,16552.22,16552.22,0
51052100,3319.84,3319.84,0
51052910,9999.84,9999.84,0
51052999,19062.4,19062.4,0
51053900,227,227,0
51061000,6160,6160,0
51062000,15965.49,15965.49,0
51071011,4463.9,4463.9,0
51071019,147.5,147.5,0
51071090,400,400,0
51081000,1268.12,1268.12,0
51082000,85,85,0
51091000,3961.9,3961.9,0
51099000,1156.65,1156.65,0
51100000,3222.61,3222.61,0
51110000,162184.3,0,-162184.3
51111110,40920.62,40920.62,0
51111111,1744.83,0,-1744.83
51111120,112.5,112.5,0
51111900,4083.8,4083.8,0
51112000,14777.24,14777.24,0
51113090,442.41,442.41,0
51119000,15498.46,15498.46,0
51121100,16360.86,16360.86,0
51121910,6420.25,6420.25,0
51121920,11079,11079,0
51122020,78.99,78.99,0
51123010,4553,4553,0
51129000,8266.86,8266.86,0
51130011,60,60,0
51130012,1282.76,1282.76,0
51170016,58.8,0,-58.8
51270016,10,0,-10
51510203,1298,0,-1298
51513515,3,0,-3
51651651,19.5,0,-19.5
51804452,36,0,-36
51846526,140,0,-140
52010010,147579193.79,147579193.79,0
52010020,52022581.48,52022581.48,0
52010025,29704,0,-29704
52010090,52474438.70999999,52474438.70999999,0
52013000,521.98,0,-521.98
52014000,24.8,0,-24.8
52017221,265,0,-265
52021000,1010561.13,1010561.13,0
52022900,5793.79,0,-5793.79
52029100,105603.04,105603.04,0
52029900,47407969.41999999,47407969.41999999,0
52029990,209,0,-209
52030000,3184214.12,3184214.12,0
52031010,190,0,-190
52041111,2503.45,2503.45,0
52041112,6470.2,6470.2,0
52041120,2342.9,2342.9,0
52041131,27142.92,27142.92,0
52041132,557.1199999999999,557.1199999999999,0
52041140,724.29,724.29,0
52041911,30,30,0
52041912,94.34,94.34,0
52041920,2189.43,2189.43,0
52041930,71.5,0,-71.5
52041931,387.8,387.8,0
52041932,22983.96,22983.96,0
52041940,1260.91,1260.91,0
52042000,103661.76,103661.76,0
52051100,357778.29,357778.29,0
52051200,1718.12,1718.12,0
52051310,16290.32,16290.32,0
52051390,53344.45999999998,53344.45999999998,0
52051400,803.98,803.98,0
52051500,10,10,0
52052200,132.9,132.9,0
52052310,378438.9,378438.9,0
52052390,189.6,189.6,0
52052800,12,12,0
52053100,185354.1500000001,185354.1500000001,0
52053200,6865.1,6865.1,0
52053300,4439.9,4439.9,0
52053400,22171.4,22171.4,0
52053500,97.5,97.5,0
52054000,378.72,0,-378.72
52054100,9237.89,9237.89,0
52054200,39.9,39.9,0
52054800,6015.799999999999,6015.799999999999,0
52061100,1375.84,1375.84,0
52061200,3129.33,3129.33,0
52061400,12009.32,12009.32,0
52062100,241.28,241.28,0
52062200,1687.21,1687.21,0
52062300,469,469,0
52062500,65,65,0
52063100,474.62,474.62,0
52063200,41925.28,41925.28,0
52063300,453.43,453.43,0
52063400,598.06,598.06,0
52063500,2355,2355,0
52064200,88.8,88.8,0
52071000,48060.17000000001,48060.17000000001,0
52079000,101936.25,101936.25,0
52081100,18688.29,18688.29,0
52081200,41048.34000000001,41048.34000000001,0
52081300,16416.76,16416.76,0
52081900,92969.13,92969.13,0
52082100,37397.28,37397.28,0
52082200,26901.78,26901.78,0
52082300,2431.59,2431.59,0
52082900,42970.85,42970.85,0
52083100,5085.53,5085.53,0
52083200,155663.81,155663.81,0
52083300,192012.97,192012.97,0
52083900,180143.1,180143.1,0
52084100,19455.71,19455.71,0
52084200,16983.71,16983.71,0
52084300,1356.67,1356.67,0
52084900,59525.45,59525.45,0
52085100,7643.24,7643.24,0
52085200,166031.16,166031.16,0
52085910,4706.74,4706.74,0
52085990,25249.04999999999,25249.04999999999,0
52091100,53953.74000000001,53953.74000000001,0
52091200,45582.89,45582.89,0
52091900,178426.08,178426.08,0
52092100,1273.2,1273.2,0
52092200,29859.26,29859.26,0
52092900,158588.74,158588.74,0
52093100,386943.6599999999,386943.6599999999,0
52093200,1184294.48,1184294.48,0
52093900,68523.57999999997,68523.57999999997,0
52094100,15319.64,15319.64,0
52094210,43008.00999999999,43008.00999999999,0
52094290,34728.52,34728.52,0
52094300,21577.71,21577.71,0
52094900,106725.24,106725.24,0
52095100,6230.9,6230.9,0
52095200,1502.28,1502.28,0
52095900,263219.25,263219.25,0
52101100,18167.58,18167.58,0
52101910,2387.42,2387.42,0
52101990,13982.85,13982.85,0
52102100,14119.58,14119.58,0
52102200,369.79,369.79,0
52102910,4640.75,4640.75,0
52102990,1029.9,1029.9,0
52103100,200694.49,200694.49,0
52103200,47676.5,47676.5,0
52103900,50412.67,50412.67,0
52104100,87811.4,87811.4,0
52104910,77304.17,77304.17,0
52104990,1150.2,1150.2,0
52105100,35076.14,35076.14,0
52105910,32.8,32.8,0
52105990,4861.12,4861.12,0
52110016,39.9,0,-39.9
52111100,76138.29000000001,76138.29000000001,0
52111200,127576.38,127576.38,0
52111441,99.6,0,-99.6
52111900,2894624.67,2894624.67,0
52112020,499,499,0
52112090,21858.85,21858.85,0
52113100,70960.96,70960.96,0
52113200,33570.84,33570.84,0
52113900,47544.92,47544.92,0
52114100,79873.73000000001,79873.73000000001,0
52114210,37862.04,37862.04,0
52114290,47463.44,47463.44,0
52114300,8650.939999999999,8650.939999999999,0
52114900,175258.3,175258.3,0
52115100,32694.23,32694.23,0
52115200,26714.9,26714.9,0
52115900,41539.54,41539.54,0
52120100,98,0,-98
52121100,11121394.78,11121394.78,0
52121200,45550.28999999999,45550.28999999999,0
52121300,4132.539999999999,4132.539999999999,0
52121400,155658.02,155658.02,0
52121500,91904.1,91904.1,0
52122011,240,0,-240
52122100,8880.960000000001,8880.960000000001,0
52122200,5598.02,5598.02,0
52122300,28662.99,28662.99,0
52122400,230786.57,230786.57,0
52122500,96818.41000000002,96818.41000000002,0
52158128,2036,0,-2036
52160001,10.9,0,-10.9
52160080,8.9,0,-8.9
52160703,216.5,0,-216.5
52170010,27.3,0,-27.3
52170013,77.4,0,-77.4
52170016,12554.09999999999,0,-12554.09999999999
52170019,39.8,0,-39.8
52170065,62.9,0,-62.9
52176361,59.9,0,-59.9
52176636,49.8,0,-49.8
52176665,29.9,0,-29.9
52176666,57.8,0,-57.8
52176669,9,0,-9
52178896,131.8,0,-131.8
52179910,49.8,0,-49.8
52179968,199,0,-199
52180016,1739.8,0,-1739.8
52180018,438,0,-438
52186458,809,0,-809
52186940,96.4,0,-96.4
52189640,161.4,0,-161.4
52196630,31.9,0,-31.9
52219000,10,0,-10
52220128,110,0,-110
52221000,34.2,0,-34.2
52230329,1400,0,-1400
52314444,108,0,-108
52362012,36.5,0,-36.5
52415646,98.95,0,-98.95
52521000,65,0,-65
52563698,2163.8,0,-2163.8
52635423,1,0,-1
52649310,3.4,0,-3.4
52654546,70,0,-70
52654547,248,0,-248
52864973,1160,0,-1160
52883010,0.5,0,-0.5
52903360,95.8,0,-95.8
53011000,20142.4,20142.4,0
53011300,287.9,0,-287.9
53012110,49323.35,49323.35,0
53012120,1802.29,1802.29,0
53012910,371.25,371.25,0
53012990,37130.48,37130.48,0
53013000,6052456.040000001,6052456.040000001,0
53021000,14594.51999999999,14594.51999999999,0
53029000,2328.07,2328.07,0
53031010,2159.34,2159.34,0
53031090,2347.48,2347.48,0
53039010,3048.14,3048.14,0
53039090,1126830.94,1126830.94,0
53039099,504.5,0,-504.5
53041000,4020.520000000001,4020.520000000001,0
53043910,2645.9,0,-2645.9
53048100,1239,0,-1239
53050010,975.59,975.59,0
53050090,1519506.65,1519506.65,0
53051900,657.7099999999999,657.7099999999999,0
53052100,61710.10000000001,61710.10000000001,0
53052900,24554.32,24554.32,0
53055900,396,0,-396
53059990,8957.640000000001,8957.640000000001,0
53061000,1063.52,1063.52,0
53062000,34516,34516,0
53071010,19166.7,19166.7,0
53071090,5611.900000000001,5611.900000000001,0
53072010,653.33,653.33,0
53072090,545.7,545.7,0
53079010,640,0,-640
53081000,3251510.1,3251510.1,0
53082000,1969.44,1969.44,0
53089000,388469.52,388469.52,0
53091100,104566.24,104566.24,0
53091900,573143.71,573143.71,0
53092100,43624.9,43624.9,0
53092900,508509.67,508509.67,0
53101010,129986.9,129986.9,0
53101090,11975.51,11975.51,0
53109000,6910.38,6910.38,0
53110000,170053.58,170053.58,0
53254635,134.55,0,-134.55
53510017,110,0,-110
53610000,5,0,-5
54007200,145.75,0,-145.75
54010190,157.5,0,-157.5
54011011,35850.34,35850.34,0
54011012,66363.84,66363.84,0
54011090,598275.6900000001,598275.6900000001,0
54012011,7,7,0
54012012,265.82,265.82,0
54012090,2525.92,2525.92,0
54021020,37.6,37.6,0
54021100,10.15,10.15,0
54021910,25793.96,25793.96,0
54021990,4131.18,4131.18,0
54022000,567.99,567.99,0
54022010,571.6,571.6,0
54022090,116041.74,116041.74,0
54023111,122.46,122.46,0
54023119,87.55,87.55,0
54023190,2584.21,2584.21,0
54023200,43.5,0,-43.5
54023211,7088.5,7088.5,0
54023219,609.27,609.27,0
54023290,700.22,700.22,0
54023310,10918.12,10918.12,0
54023320,4339.1,4339.1,0
54023390,1688.41,1688.41,0
54023400,186069.94,186069.94,0
54023900,11268.56,11268.56,0
54024400,7162.3,7162.3,0
54024510,399.96,399.96,0
54024520,2344.7,2344.7,0
54024710,670,670,0
54024720,387.51,387.51,0
54024790,17939.2,17939.2,0
54024800,512877.0200000001,512877.0200000001,0
54024910,450,450,0
54024990,3183.11,3183.11,0
54025110,1530.13,1530.13,0
54025190,2327.96,2327.96,0
54025200,1718.56,1718.56,0
54025300,146.44,146.44,0
54025900,122.8,122.8,0
54026110,1698.58,1698.58,0
54026190,33983.79,33983.79,0
54026200,18057.77,18057.77,0
54026300,4.85,4.85,0
54026900,115304.93,115304.93,0
54031000,2328.33,2328.33,0
54033000,2098,0,-2098
54033100,60,60,0
54033110,122,122,0
54033190,37775.03,37775.03,0
54033300,800.9,800.9,0
54033900,293.87,293.87,0
54034100,64362.24000000001,64362.24000000001,0
54034200,65.7,65.7,0
54034900,150,150,0
54041090,10,10,0
54041100,467.85,467.85,0
54041200,673975.4899999999,673975.4899999999,0
54041911,47.97,47.97,0
54041919,123.3,123.3,0
54041990,353567.28,353567.28,0
54049000,160253.01,160253.01,0
54050000,1093717.03,1093717.03,0
54060010,1127604.02,1127604.02,0
54060020,2470.07,2470.07,0
54071001,107,0,-107
54071011,468473.2899999999,468473.2899999999,0
54071018,196.52,0,-196.52
54071019,6445989.560000001,6445989.560000001,0
54071021,281022.43,281022.43,0
54071029,57738.75999999999,57738.75999999999,0
54072000,21056087.29,21056087.29,0
54073000,144343.13,144343.13,0
54074100,29004.01,29004.01,0
54074200,41866.08,41866.08,0
54074300,6176.58,6176.58,0
54074400,3146.98,3146.98,0
54075100,220097.79,220097.79,0
54075210,1084260.56,1084260.56,0
54075220,693.6,693.6,0
54075300,823110.23,823110.23,0
54075400,149148.15,149148.15,0
54076100,458515.0500000001,458515.0500000001,0
54076900,237173.34,237173.34,0
54077100,6753476.47,6753476.47,0
54077200,11770539.87,11770539.87,0
54077300,498637.58,498637.58,0
54077400,32636.68,32636.68,0
54077720,852,0,-852
54078100,50410.62000000001,50410.62000000001,0
54078200,76114.73,76114.73,0
54078300,161306.19,161306.19,0
54078400,5060.660000000002,5060.660000000002,0
54079100,56511.29,56511.29,0
54079200,468169.5100000001,468169.5100000001,0
54079300,485597.8,485597.8,0
54079400,25936.46,25936.46,0
54082100,111031.3,111031.3,0
54082200,4670.450000000001,4670.450000000001,0
54082300,361367.4100000001,361367.4100000001,0
54082400,56.82,56.82,0
54083100,199.69,199.69,0
54083300,203009.75,203009.75,0
54083400,539.8,539.8,0
54125100,4.5,0,-4.5
54132554,666.06,0,-666.06
54133030,838,0,-838
54137080,789,0,-789
54191000,7.5,0,-7.5
54212300,85,0,-85
54212990,1342.06,0,-1342.06
54213990,297,0,-297
54219999,830,0,-830
54268520,190,0,-190
54329000,95.8,0,-95.8
54433434,500,0,-500
54451487,100,0,-100
54454564,32,0,-32
54534090,1345.5,0,-1345.5
54545151,65,0,-65
54545454,3262.32,0,-3262.32
54564564,4028,0,-4028
54564565,1150,0,-1150
54628000,230,0,-230
54645645,280,0,-280
54654353,899,0,-899
54654654,255,0,-255
54665654,410,0,-410
54682694,350,0,-350
54698421,25542,0,-25542
54775100,480,0,-480
54820401,265,0,-265
54821010,383.9,0,-383.9
54821356,40,0,-40
54845131,3350,0,-3350
54879990,155,0,-155
54964968,415,0,-415
54984513,30,0,-30
54989845,247.5,0,-247.5
55011000,1411.34,1411.34,0
55011100,107166.07,107166.07,0
55011900,57484.58,57484.58,0
55012000,47032.28999999999,47032.28999999999,0
55013000,79502.84999999999,79502.84999999999,0
55014000,569778.35,569778.35,0
55019000,167390.65,167390.65,0
55020090,328,328,0
55021000,150.23,150.23,0
55029010,27,27,0
55029090,21975.09,21975.09,0
55031100,1540,1540,0
55031910,3275.790000000001,3275.790000000001,0
55031990,1629.55,1629.55,0
55032010,30359.87,30359.87,0
55032090,46990.74,46990.74,0
55033000,7470.9,7470.9,0
55034000,685661.21,685661.21,0
55039010,49549.57,49549.57,0
55039090,800.53,800.53,0
55041000,722.5,722.5,0
55049010,81940.01000000001,81940.01000000001,0
55049090,2289.16,2289.16,0
55051000,413089.97,413089.97,0
55052000,79093.69000000002,79093.69000000002,0
55061000,24314.07,24314.07,0
55062000,20797.26,20797.26,0
55063000,122729.06,122729.06,0
55069000,507.9,507.9,0
55070000,17648.78,17648.78,0
55081000,310845.31,310845.31,0
55082000,60008.2,60008.2,0
55091100,1350,1350,0
55091290,17483.84999999999,17483.84999999999,0
55092100,96068.86,96068.86,0
55092200,1547038.06,1547038.06,0
55093100,66,66,0
55093200,21579.93,21579.93,0
55094100,871,871,0
55094200,305.5,305.5,0
55095100,80508.42,80508.42,0
55095200,8.5,8.5,0
55095300,102960.62,102960.62,0
55095900,2454.79,2454.79,0
55096100,960,960,0
55096200,1065.52,1065.52,0
55096900,1491.82,1491.82,0
55099200,13934.95,13934.95,0
55099900,14396.52,14396.52,0
55101100,297.6,297.6,0
55101111,98.7,98.7,0
55101119,211.9,211.9,0
55101190,225481.5,225481.5,0
55101219,1312519.9,1312519.9,0
55101290,435.01,435.01,0
55102011,28,28,0
55102019,900,900,0
55102090,4722,4722,0
55103011,25.35,25.35,0
55103090,971,971,0
55111000,50390.17000000001,50390.17000000001,0
55112000,6426.560000000001,6426.560000000001,0
55113000,130,130,0
55121100,27218.27,27218.27,0
55121900,165852.91,165852.91,0
55122100,4142.7,4142.7,0
55122900,264760.52,264760.52,0
55129190,5060,5060,0
55129910,825.56,825.56,0
55129990,3909.52,3909.52,0
55131100,10622.27,10622.27,0
55131200,370,370,0
55131300,1576.37,1576.37,0
55131900,75604.89,75604.89,0
55132100,181396.28,181396.28,0
55132310,179.8,179.8,0
55132390,140.12,140.12,0
55132900,7087.62,7087.62,0
55133100,41891.21000000001,41891.21000000001,0
55133911,176.85,176.85,0
55133919,211.5999999999999,211.5999999999999,0
55133990,225,225,0
55134100,53408.89,53408.89,0
55134919,124.6,124.6,0
55134990,3690.4,3690.4,0
55141100,67.58,67.58,0
55141200,39949.9,39949.9,0
55141910,78.99,78.99,0
55141990,2662,2662,0
55142100,12093.27,12093.27,0
55142200,189838.43,189838.43,0
55142300,4428.05,4428.05,0
55142900,13941.6,13941.6,0
55143011,165,165,0
55143012,7949,7949,0
55143019,725.15,725.15,0
55143090,280,280,0
55144100,2123.88,2123.88,0
55144300,442.15,442.15,0
55144900,2747.13,2747.13,0
55151100,47921.79000000001,47921.79000000001,0
55151200,858052.9600000002,858052.9600000002,0
55151300,1471,1471,0
55151900,153352.01,153352.01,0
55152000,1500,0,-1500
55152100,17233.3,17233.3,0
55152200,367.97,367.97,0
55152900,79295.26999999999,79295.26999999999,0
55159100,9569.97,9569.97,0
55159910,275247.88,275247.88,0
55159990,40298.44000000001,40298.44000000001,0
55161100,1066.49,1066.49,0
55161200,41013.05,41013.05,0
55161209,14.31,0,-14.31
55161300,61172.31999999999,61172.31999999999,0
55161400,69575.18,69575.18,0
55162100,568.16,568.16,0
55162200,4471.56,4471.56,0
55162300,234667.67,234667.67,0
55162400,9254.96,9254.96,0
55163100,22.5,22.5,0
55163200,42725,42725,0
55163400,40,40,0
55164200,6786.1,6786.1,0
55164300,54106.95,54106.95,0
55164400,55676.5,55676.5,0
55169200,21108.49,21108.49,0
55169300,56840.58,56840.58,0
55169400,13301.95,13301.95,0
55171090,6330,0,-6330
55536245,30,0,-30
56002100,14,0,-14
56011000,420.64,420.64,0
56012110,103382.2,103382.2,0
56012190,132258.69,132258.69,0
56012211,9350.019999999999,9350.019999999999,0
56012219,10993.38,10993.38,0
56012291,17500.02,17500.02,0
56012299,5876.41,5876.41,0
56012900,13762.02,13762.02,0
56013010,84.84,84.84,0
56013090,962.16,962.16,0
56021000,826634.28,826634.28,0
56022100,340991.3,340991.3,0
56022900,842755.35,842755.35,0
56029000,788840.2,788840.2,0
56031110,24675.8,24675.8,0
56031120,4845.84,4845.84,0
56031130,267399.97,267399.97,0
56031140,247.98,247.98,0
56031190,11920.52,11920.52,0
56031210,139116.72,139116.72,0
56031220,59.07,59.07,0
56031230,361717.89,361717.89,0
56031240,178484.69,178484.69,0
56031250,62322.56999999999,62322.56999999999,0
56031290,698145.81,698145.81,0
56031310,84897.59,84897.59,0
56031320,61815.31000000002,61815.31000000002,0
56031330,1657466,1657466,0
56031340,170620.2,170620.2,0
56031350,4366.95,4366.95,0
56031390,956190.4099999999,956190.4099999999,0
56031410,245656.05,245656.05,0
56031420,1146491.96,1146491.96,0
56031430,84419.41999999998,84419.41999999998,0
56031440,64.6,64.6,0
56031490,903091.7899999999,903091.7899999999,0
56039100,1541.14,1541.14,0
56039110,743.1600000000001,743.1600000000001,0
56039120,445.46,445.46,0
56039190,5089.16,5089.16,0
56039200,175,0,-175
56039210,42466.52,42466.52,0
56039220,121432.67,121432.67,0
56039230,104.7,104.7,0
56039240,139810.46,139810.46,0
56039290,92315.95000000001,92315.95000000001,0
56039310,18367.29,18367.29,0
56039320,174551.03,174551.03,0
56039330,23584.09,23584.09,0
56039340,1236.84,1236.84,0
56039390,96173.03,96173.03,0
56039410,614504.42,614504.42,0
56039420,212339.9599999999,212339.9599999999,0
56039490,544561.17,544561.17,0
56039900,2046,0,-2046
56041000,4497641.39,4497641.39,0
56044100,118,0,-118
56044900,52.01,0,-52.01
56049010,13223.53,13223.53,0
56049021,40203.94,40203.94,0
56049022,32671.24,32671.24,0
56049071,120,0,-120
56049090,128272.42,128272.42,0
56050010,5598.46,5598.46,0
56050020,5970.81,5970.81,0
56050090,634201.2500000001,634201.2500000001,0
56060000,19080.57,19080.57,0
56060090,130,0,-130
56063924,4018,0,-4018
56069900,40,0,-40
56070000,935,0,-935
56070509,980,0,-980
56071000,1763.5,1763.5,0
56071090,1402.2,1402.2,0
56071220,50,0,-50
56072000,37.5,0,-37.5
56072100,3219619.36,3219619.36,0
56072900,303725.6200000001,303725.6200000001,0
56074000,2511.69,0,-2511.69
56074010,15,0,-15
56074090,24,0,-24
56074100,2770281.36,2770281.36,0
56074900,17099435.98,17099435.98,0
56074990,192,0,-192
56075011,2045770.14,2045770.14,0
56075019,505162.0900000001,505162.0900000001,0
56075090,8042504.82,8042504.82,0
56075099,877.5,0,-877.5
56077490,12,0,-12
56079000,1056.1,0,-1056.1
56079001,427.8099999999999,0,-427.8099999999999
56079010,495712.0999999997,495712.0999999997,0
56079020,2462.63,2462.63,0
56079090,2063347.96,2063347.96,0
56081100,9410702.28,9410702.28,0
56081900,5601916.850000001,5601916.850000001,0
56084000,8260,0,-8260
56089000,1243279.15,1243279.15,0
56090010,19697.58,19697.58,0
56090090,3178099.849999999,3178099.849999999,0
56201010,220,0,-220
56230122,269.5,0,-269.5
56421651,44.8,0,-44.8
56456454,85,0,-85
56465786,370,0,-370
56500000,17.9,0,-17.9
56532565,43.42,0,-43.42
56546523,90,0,-90
56549650,2430,0,-2430
56556656,320,0,-320
56565532,400,0,-400
56587846,76911,0,-76911
56744900,1472,0,-1472
56788787,50,0,-50
56788877,100,0,-100
56893689,28,0,-28
56921021,6,0,-6
56980100,64,0,-64
56985632,350,0,-350
56987412,338,0,-338
57011011,1405608.71,1405608.71,0
57011012,97284.91000000002,97284.91000000002,0
57011020,27834.79,27834.79,0
57019000,1410358.3,1410358.3,0
57021000,2070753,2070753,0
57022000,59044.42,59044.42,0
57023100,63191.91000000002,63191.91000000002,0
57023200,359212.7,359212.7,0
57023900,29176.03999999999,29176.03999999999,0
57024100,95146.95,95146.95,0
57024200,3590885.85,3590885.85,0
57024900,426392.76,426392.76,0
57025010,5957.65,5957.65,0
57025020,156874.73,156874.73,0
57025090,19353.17,19353.17,0
57029100,141724.49,141724.49,0
57029200,1341011.96,1341011.96,0
57029900,430572.1200000001,430572.1200000001,0
57030000,24692,0,-24692
57031000,207674.63,207674.63,0
57032000,233623.28,233623.28,0
57032100,374661.08,374661.08,0
57032900,3065717.99,3065717.99,0
57033000,49601.11,49601.11,0
57033100,291761.45,291761.45,0
57033900,2428223.959999999,2428223.959999999,0
57039000,1458932.81,3330459.37,1871526.559999999
57039200,1871526.559999999,0,-1871526.559999999
57041000,56396.23,56396.23,0
57042000,28986.74,28986.74,0
57049000,283710.68,283710.68,0
57050000,1961188.25,1961188.25,0
57074900,32,0,-32
57089909,100,0,-100
57089990,215.2,0,-215.2
57170013,9.5,0,-9.5
57500071,52.38,0,-52.38
58002109,37.5,0,-37.5
58006000,3.9,0,-3.9
58011000,12602.81,12602.81,0
58012100,54404.36000000001,54404.36000000001,0
58012200,4389.6,4389.6,0
58012300,13404.42,13404.42,0
58012600,46378.23,46378.23,0
58012700,2312.52,2312.52,0
58013100,15699.06,15699.06,0
58013200,31811.06,31811.06,0
58013300,69819.88,69819.88,0
58013600,391404.91,391404.91,0
58013700,185598.32,185598.32,0
58019000,118246.88,118246.88,0
58021000,29430.63999999999,29430.63999999999,0
58021900,636.26,636.26,0
58022000,59376.01000000001,59376.01000000001,0
58023000,73746.08,73746.08,0
58030010,10081.24,10081.24,0
58030090,46820.3,46820.3,0
58031490,1250,0,-1250
58041010,679.48,679.48,0
58041090,222939.05,222939.05,0
58042100,114678.37,114678.37,0
58042910,16822.61,16822.61,0
58042990,5798.54,5798.54,0
58043010,6605.99,6605.99,0
58043090,41349.33999999998,41349.33999999998,0
58050010,43813.59,43813.59,0
58050020,78928.27,78928.27,0
58050090,605800.76,605800.76,0
58052000,15,0,-15
58061000,102819.4,102819.4,0
58062000,184993.54,184993.54,0
58062001,90.06,0,-90.06
58063100,54135.35000000001,54135.35000000001,0
58063200,2537637.76,2537637.76,0
58063900,123016.46,123016.46,0
58064000,39625.76,39625.76,0
58071000,693214.34,693214.34,0
58071090,517.39,0,-517.39
58079000,149713.42,149713.42,0
58081000,116008.83,116008.83,0
58089000,138299.38,138299.38,0
58090000,10489.19,10489.19,0
58090099,676,0,-676
58101000,7980.57,7980.57,0
58109100,314268.97,314268.97,0
58109200,170400.62,170400.62,0
58109900,182174.66,182174.66,0
58110000,747493.47,747493.47,0
58118020,196,0,-196
58176241,527,0,-527
58224200,2980,0,-2980
58286482,420,0,-420
58291011,39.9,0,-39.9
58363090,846,0,-846
58395000,35.94,0,-35.94
58420000,24,0,-24
58462580,72,0,-72
58487488,70,0,-70
58740000,815,0,-815
58933320,66,0,-66
58963010,2100,0,-2100
58963012,50,0,-50
58963201,24,0,-24
58963214,550,0,-550
58966545,290,0,-290
58969845,20,0,-20
58996666,2340,0,-2340
58998598,70,0,-70
58999663,419,0,-419
59000000,14.56,0,-14.56
59009000,620,0,-620
59011000,205910.31,205910.31,0
59019000,57421.57000000001,57421.57000000001,0
59021010,28320.38,28320.38,0
59021090,6317.48,6317.48,0
59022000,22080.98,22080.98,0
59029000,10420.51,10420.51,0
59031000,4636203.399999999,4636203.399999999,0
59032000,101403.39,101403.39,0
59033100,117,0,-117
59039000,497590.78,497590.78,0
59041000,68,68,0
59049000,28677.5,28677.5,0
59050000,223988.03,223988.03,0
59051000,132,0,-132
59061000,2606114.339999999,2606114.339999999,0
59061010,725.5,0,-725.5
59069100,17398.27,17398.27,0
59069900,145914.24,145914.24,0
59070000,481566.9299999999,481566.9299999999,0
59072200,1028.3,0,-1028.3
59080000,50798.56999999999,50798.56999999999,0
59090000,12257947.62,12257947.62,0
59099000,486.64,0,-486.64
59100000,4863730.32,4863730.32,0
59111000,204204.14,204204.14,0
59112010,147678.27,147678.27,0
59112090,114580.38,114580.38,0
59113100,33.08000000000001,33.08000000000001,0
59113200,3768.059999999999,3768.059999999999,0
59114000,75146.09,75146.09,0
59119000,4603418.82,4603418.82,0
59119090,154.76,0,-154.76
59503300,90,0,-90
59852101,79,0,-79
59877745,4664,0,-4664
59900000,340,0,-340
60006320,12679,0,-12679
60011000,5226,0,-5226
60011010,115617.95,115617.95,0
60011020,343943.19,343943.19,0
60011090,48806.44,48806.44,0
60012100,34877.73999999999,34877.73999999999,0
60012200,30914.42,30914.42,0
60012900,9184.610000000002,9184.610000000002,0
60019100,1805.950000000001,1805.950000000001,0
60019200,454434.6799999999,454434.6799999999,0
60019900,46822.44,46822.44,0
60023020,133.6,133.6,0
60024010,2286.57,2286.57,0
60024020,12561.11,12561.11,0
60024090,1765,1765,0
60029010,12352.98,12352.98,0
60029020,3212.37,3212.37,0
60029090,2717.91,2717.91,0
60029200,2830.16,2830.16,0
60031000,7.16,7.16,0
60032000,18845.89,18845.89,0
60032090,280.89,0,-280.89
60033000,636.07,636.07,0
60034000,468.3,468.3,0
60039000,113139.87,113139.87,0
60041011,15633,15633,0
60041012,284,284,0
60041013,2226.05,2226.05,0
60041014,650,650,0
60041031,228.06,228.06,0
60041032,52868.45,52868.45,0
60041033,1359.09,1359.09,0
60041034,9638.02,9638.02,0
60041041,665.9,665.9,0
60041042,3430.97,3430.97,0
60041043,19853.95,19853.95,0
60041044,419.66,419.66,0
60041093,1276.22,1276.22,0
60049010,58942.04999999998,58942.04999999998,0
60049030,57610.78,57610.78,0
60049040,62.99,62.99,0
60049059,371,0,-371
60049090,27439.85,27439.85,0
60052200,100,100,0
60052300,8756.789999999999,8756.789999999999,0
60052400,125,125,0
60053000,1484,0,-1484
60053200,7531.94,7531.94,0
60053300,32874.77,32874.77,0
60053500,45366.1,45366.1,0
60053600,2266288.23,2266288.23,0
60053700,84751.87,84751.87,0
60053800,2796854.27,2796854.27,0
60053900,47914.5,47914.5,0
60054100,9783.48,9783.48,0
60054200,618.2,618.2,0
60054300,824.07,824.07,0
60054400,5247.5,5247.5,0
60059090,5714858.689999999,5714858.689999999,0
60061000,28111.55,28111.55,0
60062100,13118478.81,13118478.81,0
60062200,284332.2700000001,284332.2700000001,0
60062300,13154.42,13154.42,0
60062400,11348.82,11348.82,0
60063100,1311.1,1311.1,0
60063110,9948.18,9948.18,0
60063120,32746.37,32746.37,0
60063130,14776.05,14776.05,0
60063190,4729.900000000001,4729.900000000001,0
60063200,10108.35,10108.35,0
60063210,48708.09,48708.09,0
60063220,505415.8,505415.8,0
60063290,96528.52,96528.52,0
60063300,140.58,140.58,0
60063310,194940.35,194940.35,0
60063320,35229.39,35229.39,0
60063390,1641.4,1641.4,0
60063410,74712.29,74712.29,0
60063420,15184.35,15184.35,0
60063430,1829.9,1829.9,0
60063490,361647.78,361647.78,0
60064100,754.7,754.7,0
60064200,119533.71,119533.71,0
60064300,1075.15,1075.15,0
60064400,58108,58108,0
60069000,808329.55,808329.55,0
60069100,149.85,0,-149.85
60310000,120,0,-120
60637106,245,0,-245
60870899,20,0,-20
61010000,3246.86,0,-3246.86
61012000,663406.9999999999,663406.9999999999,0
61013000,1755980.97,1755980.97,0
61014200,3452.4,0,-3452.4
61019000,4590,4590,0
61019010,105334.07,105334.07,0
61019090,737958.36,737958.36,0
61021000,286601.3,286601.3,0
61021990,2100,0,-2100
61022000,427300.2,427300.2,0
61023000,878042.4299999998,878042.4299999998,0
61024200,202.94,0,-202.94
61026400,2575,0,-2575
61029000,440243.0000000001,440243.0000000001,0
61031010,38617.47,38617.47,0
61031020,532978.52,532978.52,0
61031090,406027.8,406027.8,0
61031900,1439,1439,0
61032200,823828.2499999999,823828.2499999999,0
61032220,255,0,-255
61032300,359737.08,359737.08,0
61032910,2038.49,2038.49,0
61032990,315660.1,315660.1,0
61033100,48030.5,48030.5,0
61033200,35873.3,35873.3,0
61033300,32994.01,32994.01,0
61033900,47829.38,47829.38,0
61034100,331018.16,331018.16,0
61034200,3293587.8,3293587.8,0
61034300,1603364.51,1603364.51,0
61034900,2856695.39,2856695.39,0
61039990,677.8,0,-677.8
61041300,20654.75,20654.75,0
61041900,199.9,199.9,0
61041910,2503.8,2503.8,0
61041920,4208.93,4208.93,0
61041990,855929.16,855929.16,0
61042200,386070.21,386070.21,0
61042300,207047.18,207047.18,0
61042900,899.9,899.9,0
61042910,1036.06,1036.06,0
61042990,235505.03,235505.03,0
61043100,75058.34000000001,75058.34000000001,0
61043200,80270.43999999999,80270.43999999999,0
61043300,155180.24,155180.24,0
61043900,520325.64,520325.64,0
61044000,1631.12,0,-1631.12
61044100,58242.58000000001,58242.58000000001,0
61044200,1413616.07,1413616.07,0
61044300,1718454.71,1718454.71,0
61044400,637312.9899999998,637312.9899999998,0
61044900,1564966.99,1564966.99,0
61045100,32477.13,32477.13,0
61045200,186185.76,186185.76,0
61045300,522675.3799999999,522675.3799999999,0
61045900,491185.0299999999,491185.0299999999,0
61046000,7762.45,0,-7762.45
61046100,244141.81,244141.81,0
61046200,2604166.509999999,2604166.509999999,0
61046300,2580668.11,2580668.11,0
61046630,2850,0,-2850
61046900,2593100.23,2593100.23,0
61050000,1350.61,0,-1350.61
61050020,90,0,-90
61051000,7888336.789999999,7888336.789999999,0
61051010,2870,0,-2870
61052000,3534847,3534847,0
61059000,6051090.939999999,6051090.939999999,0
61061000,1574291.12,1574291.12,0
61061020,19.99,0,-19.99
61062000,3935934.9,3935934.9,0
61069000,2697564.88,2697564.88,0
61071100,391751.1700000002,391751.1700000002,0
61071200,206045.84,206045.84,0
61071900,22790.54,22790.54,0
61072100,132687.55,132687.55,0
61072200,60407.76999999999,60407.76999999999,0
61072900,111114.8,111114.8,0
61079100,87689.98999999999,87689.98999999999,0
61079200,3471.1,3471.1,0
61079910,74643.14,74643.14,0
61079990,15149.75,15149.75,0
61081100,25033.87999999999,25033.87999999999,0
61081900,2139.27,2139.27,0
61082100,158783.96,158783.96,0
61082200,398411.7899999999,398411.7899999999,0
61082900,66317.93,66317.93,0
61083100,266578.64,266578.64,0
61083200,411725.28,411725.28,0
61083900,74686.98000000001,74686.98000000001,0
61089100,18923.27,18923.27,0
61089200,52577.76999999997,52577.76999999997,0
61089900,28322.13999999998,28322.13999999998,0
61091000,8915430.38,8915430.38,0
61096900,184,0,-184
61099000,16295511.87,16295511.87,0
61101100,476771.28,476771.28,0
61101200,427099.0599999999,427099.0599999999,0
61101900,41639.56,41639.56,0
61102000,520371.8399999997,520371.8399999997,0
61103000,1108475.12,1108475.12,0
61105000,120,0,-120
61109000,251288.8799999999,251288.8799999999,0
61109100,7800,0,-7800
61112000,1021536.8,1021536.8,0
61113000,131143.19,131143.19,0
61115950,225.54,0,-225.54
61119010,8321.68,8321.68,0
61119090,105826.39,105826.39,0
61121100,102359.9,102359.9,0
61121200,123436.46,123436.46,0
61121900,83355.20999999999,83355.20999999999,0
61122000,244081,244081,0
61123100,121832.88,121832.88,0
61123900,53582.29000000001,53582.29000000001,0
61124100,1300133,1300133,0
61124900,308257.64,308257.64,0
61129200,189,0,-189
61130000,3686862,3686862,0
61141000,150,150,0
61142000,512496.8,512496.8,0
61143000,1288549.93,1288549.93,0
61149010,21241.66,21241.66,0
61149090,1727197.35,1727197.35,0
61149990,17265.71,0,-17265.71
61151011,9896.999999999998,9896.999999999998,0
61151012,44188.50999999999,44188.50999999999,0
61151013,449.69,449.69,0
61151014,8013.410000000001,8013.410000000001,0
61151019,4970.919999999999,4970.919999999999,0
61151021,74632.23000000001,74632.23000000001,0
61151022,32512.55,32512.55,0
61151029,2373.2,2373.2,0
61151091,114.8,114.8,0
61151092,30126.84,30126.84,0
61151093,13236.01,13236.01,0
61151099,18557.72,18557.72,0
61152000,42.8,0,-42.8
61152020,15.42,15.42,0
61152100,29492.94,29492.94,0
61152200,18681.07,18681.07,0
61152910,39.16,39.16,0
61152920,5881.360000000001,5881.360000000001,0
61152990,11012.26,11012.26,0
61153010,12816.93,12816.93,0
61153020,5525.780000000001,5525.780000000001,0
61153090,1169.68,1169.68,0
61159400,3536.1,3536.1,0
61159500,448015.9299999999,448015.9299999999,0
61159600,179076.31,179076.31,0
61159900,109039.09,109039.09,0
61161000,7339444.590000001,7339444.590000001,0
61169100,51313.90000000001,51313.90000000001,0
61169200,853160.15,853160.15,0
61169300,2456800.599999999,2456800.599999999,0
61169900,160566.89,160566.89,0
61171000,100771.74,100771.74,0
61178010,10584.18,10584.18,0
61178090,206616.56,206616.56,0
61179000,64681.73,64681.73,0
61199200,57.8,0,-57.8
61199900,11,0,-11
61300000,190,0,-190
61611000,560.31,0,-560.31
61661000,68,0,-68
61901000,2930.7,0,-2930.7
62011000,627.6,0,-627.6
62011200,16421.2,16421.2,0
62011300,83673.62999999999,83673.62999999999,0
62011900,12965.83,12965.83,0
62012000,1787582.42,1787582.42,0
62013000,893325.7200000001,893325.7200000001,0
62014000,3129471.79,3129471.79,0
62019000,951925.57,951925.57,0
62019100,263.18,263.18,0
62019200,11595.3,11595.3,0
62019300,10408.3,10408.3,0
62019900,12294.6,12294.6,0
62021200,500,500,0
62021300,2961.25,2961.25,0
62021900,335.51,335.51,0
62022000,661123.4400000001,661123.4400000001,0
62022300,3474.43,0,-3474.43
62023000,699576.5,699576.5,0
62024000,1193814.67,1193814.67,0
62029000,754170.1399999999,754170.1399999999,0
62029300,6275.32,6275.32,0
62029900,115235.49,115235.49,0
62031100,2104166.68,2104166.68,0
62031200,208268.7699999999,208268.7699999999,0
62031900,160020.3,160020.3,0
62032100,377.3,377.3,0
62032200,1835175.93,1835175.93,0
62032300,1272480.83,1272480.83,0
62032900,9560.8,9560.8,0
62032910,562128.9299999999,562128.9299999999,0
62032990,3057188.1,3057188.1,0
62033100,476320.33,476320.33,0
62033200,160928.23,160928.23,0
62033300,88456.71,88456.71,0
62033900,288599.26,288599.26,0
62034100,530320.37,530320.37,0
62034200,10679016.01,10679016.01,0
62034300,1535675.19,1535675.19,0
62034900,2838297.71,2838297.71,0
62034951,392,0,-392
62034959,98,0,-98
62035009,828,0,-828
62035276,150,0,-150
62041100,22843.21,22843.21,0
62041200,23099.77,23099.77,0
62041300,46711.17,46711.17,0
62041900,128369.66,128369.66,0
62042100,8232.67,8232.67,0
62042200,208123.55,208123.55,0
62042219,20,0,-20
62042300,552087.1699999999,552087.1699999999,0
62042900,2338313.32,2338313.32,0
62043100,289433.31,289433.31,0
62043200,398251.0699999998,398251.0699999998,0
62043300,966965.1799999999,966965.1799999999,0
62043900,1096726.43,1096726.43,0
62044100,195110.58,195110.58,0
62044200,2485994.88,2485994.88,0
62044300,4336588.34,4336588.34,0
62044400,2074401.95,2074401.95,0
62044900,5425271.17,5425271.17,0
62045100,85518.07,85518.07,0
62045200,1127778.06,1127778.06,0
62045300,900045.6000000001,900045.6000000001,0
62045900,1083923.67,1083923.67,0
62046000,249.7,0,-249.7
62046100,259287.81,259287.81,0
62046200,4655264.899999999,4655264.899999999,0
62046300,2747697.98,2747697.98,0
62046600,319.8,0,-319.8
62046900,3475355.660000001,3475355.660000001,0
62050011,43.75,0,-43.75
62051000,920,920,0
62052000,9882166.600000001,9882166.600000001,0
62053000,2608188.89,2608188.89,0
62059000,20164.53,20164.53,0
62059010,173433.26,173433.26,0
62059090,3286927.04,3286927.04,0
62060000,739.08,0,-739.08
62061000,742842.8900000001,742842.8900000001,0
62062000,460462.92,460462.92,0
62063000,3486917.4,3486917.4,0
62064000,3239611.48,3239611.48,0
62069000,4322893.12,4322893.12,0
62069090,4272.5,0,-4272.5
62071100,87973.55000000002,87973.55000000002,0
62071900,46560.32000000001,46560.32000000001,0
62072100,10640.38,10640.38,0
62072200,5962.75,5962.75,0
62072900,61529.42,61529.42,0
62079000,2396,0,-2396
62079100,659160.18,659160.18,0
62079900,2880,2880,0
62079910,67337.59,67337.59,0
62079990,217456.99,217456.99,0
62081100,40569.19,40569.19,0
62081900,3690.560000000002,3690.560000000002,0
62082000,4351,0,-4351
62082100,33857,33857,0
62082200,90039.64000000001,90039.64000000001,0
62082900,174392.27,174392.27,0
62089000,140,0,-140
62089100,154070.7,154070.7,0
62089200,48844.49999999999,48844.49999999999,0
62089900,47059.47,47059.47,0
62092000,442258.35,442258.35,0
62093000,66178.23999999999,66178.23999999999,0
62096200,225,0,-225
62099000,826.65,826.65,0
62099010,12626.03,12626.03,0
62099090,242867.8400000001,242867.8400000001,0
62101000,3828057.19,3828057.19,0
62102000,351766.2,351766.2,0
62103000,143360.68,143360.68,0
62104000,1489208.57,1489208.57,0
62105000,265989.9700000001,265989.9700000001,0
62111100,237204.21,237204.21,0
62111200,423779.8099999999,423779.8099999999,0
62112000,526402.7799999999,526402.7799999999,0
62113000,39.9,0,-39.9
62113200,405274.4,405274.4,0
62113300,494149.3200000001,494149.3200000001,0
62113900,70,70,0
62113910,45974,45974,0
62113990,939832.3200000002,939832.3200000002,0
62114200,171457.13,171457.13,0
62114300,373643.0500000001,373643.0500000001,0
62114900,298941.65,298941.65,0
62120000,52,0,-52
62121000,578992.6900000001,578992.6900000001,0
62122000,101756.14,101756.14,0
62123000,66226.62999999998,66226.62999999998,0
62129000,277981.06,277981.06,0
62132000,5816.47,5816.47,0
62139010,6692.24,6692.24,0
62139090,712.6999999999999,712.6999999999999,0
62141000,276756.81,276756.81,0
62142000,194342.5,194342.5,0
62143000,112162.14,112162.14,0
62144000,24067.94,24067.94,0
62149010,42234.9,42234.9,0
62149090,95588.52000000002,95588.52000000002,0
62151000,125024.51,125024.51,0
62152000,17784.63,17784.63,0
62159000,12958.99,12958.99,0
62160000,604861.3400000002,604861.3400000002,0
62160099,152,0,-152
62171000,1202478.46,1202478.46,0
62179000,444701.6500000001,444701.6500000001,0
62179099,81,0,-81
62424300,12723,0,-12723
62434200,1602,0,-1602
62525000,4840,0,-4840
63000000,3470,0,-3470
63003900,580,0,-580
63011000,175877.86,175877.86,0
63012000,194467.5,194467.5,0
63013000,153951.6500000001,153951.6500000001,0
63014000,1493547.17,1493547.17,0
63019000,157227.85,157227.85,0
63019010,55,0,-55
63021000,1265760.08,1265760.08,0
63022100,2860282.19,2860282.19,0
63022200,683384.4500000001,683384.4500000001,0
63022299,653,0,-653
63022900,283524.69,283524.69,0
63023000,730.62,0,-730.62
63023100,5615888.460000002,5615888.460000002,0
63023200,740578.7800000001,740578.7800000001,0
63023900,640506.8100000002,640506.8100000002,0
63024000,24879.26,24879.26,0
63025100,448686.35,448686.35,0
63025200,190.93,190.93,0
63025300,466070.6799999999,466070.6799999999,0
63025910,191851.46,191851.46,0
63025990,218343.45,218343.45,0
63026000,3667616.769999999,3667616.769999999,0
63026200,55.96,0,-55.96
63029000,50,0,-50
63029100,916636.87,916636.87,0
63029300,243027.73,243027.73,0
63029900,129.9,129.9,0
63029910,71878.71,71878.71,0
63029990,91874.56,91874.56,0
63031100,8940,8940,0
63031200,1214177.31,1214177.31,0
63031900,168825.19,168825.19,0
63031910,577181.8,577181.8,0
63031990,1793102.93,1793102.93,0
63039100,433777.1799999999,433777.1799999999,0
63039200,11645431.24,11645431.24,0
63039900,10284875.56,10284875.56,0
63041100,89561.09999999998,89561.09999999998,0
63041910,730877.2400000002,730877.2400000002,0
63041990,351289.1599999999,351289.1599999999,0
63042000,7005.349999999999,7005.349999999999,0
63042219,18.7,0,-18.7
63049100,93004.1,93004.1,0
63049200,253834.4100000001,253834.4100000001,0
63049300,228680.43,228680.43,0
63049900,297402.75,297402.75,0
63051000,2231321.6,2231321.6,0
63052000,7230816.92,7230816.92,0
63053200,62139275.21000001,62139275.21000001,0
63053310,7502896.029999999,7502896.029999999,0
63053390,103640780.78,103640780.78,0
63053900,1264690.77,1264690.77,0
63059000,3788574.54,3788574.54,0
63061100,7350,7350,0
63061200,4038423.530000001,4038423.530000001,0
63061900,58523.44,58523.44,0
63061910,295671.07,295671.07,0
63061990,4101530.65,4101530.65,0
63062000,4150,0,-4150
63062100,1000,1000,0
63062200,1882590.27,1882590.27,0
63062900,81871.97,81871.97,0
63062910,42487.3,42487.3,0
63062990,901660.4,901660.4,0
63063010,58950.27,58950.27,0
63063090,34258.73,34258.73,0
63063100,600,600,0
63064010,40844.82000000001,40844.82000000001,0
63064090,6863.879999999999,6863.879999999999,0
63064900,258.5,258.5,0
63069000,9258710.950000001,9258710.950000001,0
63069010,52.36,0,-52.36
63069900,11250.99,11250.99,0
63070000,592.9,0,-592.9
63071000,3676702.379999998,3676702.379999998,0
63071099,200,0,-200
63072000,3916839.01,3916839.01,0
63079000,500,0,-500
63079010,12219445.16,12219445.16,0
63079020,19675.4,19675.4,0
63079090,20992818.41,20992818.41,0
63079099,13669.62,0,-13669.62
63079990,7.9,0,-7.9
63080000,1328981.02,1328981.02,0
63089300,34.99,0,-34.99
63090010,3239490.86,3239490.86,0
63090090,277799.2,277799.2,0
63090100,3600,0,-3600
63099909,1200,0,-1200
63101000,327952.28,327952.28,0
63109000,956309.2499999999,956309.2499999999,0
63113990,548.38,0,-548.38
63138190,3437.5,0,-3437.5
63138990,172,0,-172
63201201,69,0,-69
63207200,184.69,0,-184.69
63221000,141.36,0,-141.36
63231000,297.16,0,-297.16
63251040,99,0,-99
63261900,17.8,0,-17.8
63269090,8,0,-8
63520102,55,0,-55
63709010,35,0,-35
63939200,9425.72,0,-9425.72
63993744,100,0,-100
64011000,169069.54,169069.54,0
64019000,931.8,0,-931.8
64019100,56.5,56.5,0
64019200,12738583.19000001,12738583.19000001,0
64019206,180,0,-180
64019910,6323.82,6323.82,0
64019990,1467123.87,1467123.87,0
64019999,330,0,-330
64020000,31,0,-31
64021200,4844.62,4844.62,0
64021900,733631.3,733631.3,0
64022000,1465622.859999999,1465622.859999999,0
64023000,174.18,174.18,0
64025000,316,0,-316
64029100,59,59,0
64029110,121499.14,121499.14,0
64029190,2569847.54,2569847.54,0
64029900,75,75,0
64029910,6979.38,6979.38,0
64029990,2544114.349999998,2544114.349999998,0
64031200,11791.15,11791.15,0
64031900,5618045.089999999,5618045.089999999,0
64031990,250,0,-250
64032000,908905.3299999997,908905.3299999997,0
64033900,296,0,-296
64034000,5336295.839999999,5336295.839999999,0
64035100,6814.03,6814.03,0
64035110,26979.45,26979.45,0
64035190,2419147.69,2419147.69,0
64035910,14978,14978,0
64035990,4241064.579999997,4241064.579999997,0
64035999,151.36,0,-151.36
64036000,176.7,0,-176.7
64039000,85,0,-85
64039100,2085.65,2085.65,0
64039101,293.7,0,-293.7
64039110,96815.46,96815.46,0
64039190,17435080.46,17435080.46,0
64039900,9328.59,9328.59,0
64039910,22891.36,22891.36,0
64039990,31241002.66,31241002.66,0
64039996,2321.62,0,-2321.62
64040010,135.47,0,-135.47
64041000,8556,0,-8556
64041100,4641616.400000002,4641616.400000002,0
64041900,2933737.35,2933737.35,0
64042000,1761956.13,1761956.13,0
64042119,21,0,-21
64042211,1951.5,0,-1951.5
64051000,348.65,0,-348.65
64051001,820,0,-820
64051010,9054302.229999999,9054302.229999999,0
64051019,70,0,-70
64051020,816243.1199999999,816243.1199999999,0
64051090,1170738.87,1170738.87,0
64052000,134725.67,134725.67,0
64054090,194.9,0,-194.9
64059000,3973480.73,3973480.73,0
64059090,213,0,-213
64060000,173.05,0,-173.05
64061000,358525.73,358525.73,0
64062000,152394.51,152394.51,0
64069010,165187.22,165187.22,0
64069020,64904.85999999999,64904.85999999999,0
64069090,2925791.35,2925791.35,0
64069100,100,100,0
64069910,2520,2520,0
64069920,52,52,0
64069990,2743.2,2743.2,0
64091000,30063.4,0,-30063.4
64093100,165,0,-165
64094000,40,0,-40
64099190,610,0,-610
64192000,1037.86,0,-1037.86
64219999,40,0,-40
64249000,321.22,0,-321.22
64503410,2160,0,-2160
64655768,200,0,-200
64819200,104.28,0,-104.28
64824000,513.5,0,-513.5
64941000,7.5,0,-7.5
65010000,11699.32,11699.32,0
65020010,45637.46,45637.46,0
65020090,7537.360000000001,7537.360000000001,0
65030000,1985.07,1985.07,0
65031290,11.9,0,-11.9
65040009,58,0,-58
65040010,1480148.86,1480148.86,0
65040090,2138279.37,2138279.37,0
65042119,90,0,-90
65050010,6234,0,-6234
65050011,3684197.31,3684197.31,0
65050012,2307934.12,2307934.12,0
65050019,1527858.19,1527858.19,0
65050021,23652.76,23652.76,0
65050022,25829.21999999999,25829.21999999999,0
65050029,17467.32,17467.32,0
65050031,315518.01,315518.01,0
65050032,102812.21,102812.21,0
65050039,248480.03,248480.03,0
65050090,845489.8700000001,845489.8700000001,0
65051000,1172.68,1172.68,0
65052000,11517.83,0,-11517.83
65059000,9641.03,9641.03,0
65059001,675,0,-675
65059010,23003.49,0,-23003.49
65059011,8256.35,8256.35,0
65059012,2033.8,2033.8,0
65059090,565.47,565.47,0
65061000,7031948.12,7031948.12,0
65069100,401142.55,401142.55,0
65069200,122.3,122.3,0
65069900,669607.96,669607.96,0
65070000,680987.6599999999,680987.6599999999,0
65074900,299.04,0,-299.04
65114000,2756.04,0,-2756.04
65126541,380,0,-380
65159200,79,0,-79
65233333,13.8,0,-13.8
65412398,680,0,-680
65421600,15.5,0,-15.5
65452000,32,0,-32
65454555,54,0,-54
65456465,20,0,-20
65464547,195,0,-195
65465484,278,0,-278
65465786,55,0,-55
65465849,45,0,-45
65474654,29.25,0,-29.25
65543334,24000,0,-24000
65556777,50,0,-50
65888888,96,0,-96
65984235,306,0,-306
65987412,20,0,-20
66011000,2517537.72,2517537.72,0
66019110,249164.77,249164.77,0
66019190,76683.74,76683.74,0
66019900,356581.29,356581.29,0
66020000,101755.87,101755.87,0
66031000,40,40,0
66032000,20225.1,20225.1,0
66039000,331362.29,331362.29,0
66053090,46,0,-46
66655444,2000,0,-2000
66666666,140977.5,0,-140977.5
67010000,11547.72,11547.72,0
67021000,1143596.08,1143596.08,0
67029000,1107429.23,1107429.23,0
67030000,47471.5,47471.5,0
67041100,20709.57,20709.57,0
67041900,29747.87,29747.87,0
67042000,120715.12,120715.12,0
67042211,52,0,-52
67049000,30629.14000000001,30629.14000000001,0
67079090,657.5,0,-657.5
67480009,14.6,0,-14.6
67851000,216.35,0,-216.35
68000000,1627,0,-1627
68010000,7343073.33,7343073.33,0
68011100,3551,0,-3551
68020000,40,0,-40
68021000,1772657.2,1772657.2,0
68021100,8100,0,-8100
68022100,16448153.02,16448153.02,0
68022200,5001,5001,0
68022300,42959045.7,42959045.7,0
68022600,4448,0,-4448
68022900,9805896.98,9805896.98,0
68029100,11793484.34,11793484.34,0
68029200,11320148.53,11320148.53,0
68029310,61457.1,61457.1,0
68029390,15605587.58,15605587.58,0
68029910,6570.01,6570.01,0
68029990,24930452.91999999,24930452.91999999,0
68030000,2188896.81,2188896.81,0
68041000,265295.7299999999,265295.7299999999,0
68042100,141.5,0,-141.5
68042111,433121.4700000001,433121.4700000001,0
68042119,5686850.339999998,5686850.339999998,0
68042190,1143206.15,1143206.15,0
68042201,75.51,0,-75.51
68042211,27575276.17,27575276.17,0
68042214,108,0,-108
68042219,3549340.559999999,3549340.559999999,0
68042221,1078.7,0,-1078.7
68042290,544282.31,544282.31,0
68042300,3376927.11,3376927.11,0
68042419,96.6,0,-96.6
68042711,13276.5,0,-13276.5
68043000,468757.5899999999,468757.5899999999,0
68043020,600,0,-600
68048811,19.12,0,-19.12
68051000,5128834.35,5128834.35,0
68051010,330.33,0,-330.33
68052000,6206836.739999999,6206836.739999999,0
68052002,130,0,-130
68052009,1,0,-1
68052020,1026.93,0,-1026.93
68053009,11.8,0,-11.8
68053010,142180.26,142180.26,0
68053020,2552597.43,2552597.43,0
68053090,6854132.109999996,6854132.109999996,0
68053680,142.08,0,-142.08
68055100,223.5,0,-223.5
68055200,24.3,0,-24.3
68059090,110,0,-110
68061000,279989.68,279989.68,0
68062000,1479435.96,1479435.96,0
68069010,842174.49,842174.49,0
68069090,927319.5499999999,927319.5499999999,0
68071000,8351772.480000001,8351772.480000001,0
68072200,1228.59,0,-1228.59
68079000,2802898.6,2802898.6,0
68080000,605902.2400000001,605902.2400000001,0
68081000,10,0,-10
68091100,9315412.689999998,9315412.689999998,0
68091900,1905383.55,1905383.55,0
68099000,932517.38,932517.38,0
68100000,20825.4,0,-20825.4
68101000,129448.49,0,-129448.49
68101099,432,0,-432
68101100,72897548.77999999,72897548.77999999,0
68101900,46400365.84,46400365.84,0
68101902,7778,0,-7778
68102020,680,0,-680
68102900,27080,0,-27080
68106600,430.89,0,-430.89
68108300,34300,0,-34300
68109000,5292,0,-5292
68109100,310451535.7399999,310451535.7399999,0
68109101,126,0,-126
68109104,19729.4,0,-19729.4
68109199,645130.01,0,-645130.01
68109900,123460721.54,123460721.54,0
68109901,222.05,0,-222.05
68109910,394.46,0,-394.46
68109990,950,0,-950
68109999,417.65,0,-417.65
68110000,952.87,0,-952.87
68111000,456,456,0
68112000,3515.7,3515.7,0
68114000,7151037.939999999,7151037.939999999,0
68117331,574.5,0,-574.5
68118100,26738886.95,26738886.95,0
68118200,50826097.88,50826097.88,0
68118207,2409.75,0,-2409.75
68118300,23894,23894,0
68118900,2237824.85,2237824.85,0
68119000,8,8,0
68119001,1472,0,-1472
68121010,1321.7,1321.7,0
68122010,720,0,-720
68126000,62.5,62.5,0
68127000,15.39,15.39,0
68128000,1550.73,1550.73,0
68128010,49,0,-49
68129000,277,0,-277
68129001,68,0,-68
68129010,11277.87,11277.87,0
68129100,68839.37999999999,68839.37999999999,0
68129200,30.37,30.37,0
68129300,7487.75,7487.75,0
68129910,848739.88,848739.88,0
68129920,47130.73,47130.73,0
68129930,4500,4500,0
68129990,238145.0999999999,238145.0999999999,0
68130000,45.98,0,-45.98
68131010,15240.82,15240.82,0
68131090,17010.21,17010.21,0
68132000,281588.3099999999,281588.3099999999,0
68138010,168,0,-168
68138090,702,0,-702
68138100,1850,0,-1850
68138110,4346019.140000001,4346019.140000001,0
68138180,19.5,0,-19.5
68138190,24742259.55999999,24742259.55999999,0
68138490,176.7,0,-176.7
68138816,62.5,0,-62.5
68138910,4337974.57,4337974.57,0
68138990,578588.06,578588.06,0
68139010,6107.59,6107.59,0
68139090,1539.67,1539.67,0
68141000,54204.53,54204.53,0
68142190,35,0,-35
68149000,63050.05000000001,63050.05000000001,0
68151010,8.9,8.9,0
68151090,17870.9,17870.9,0
68151100,22085.2,22085.2,0
68151200,33864.37,33864.37,0
68151300,142734.55,142734.55,0
68151900,312530.81,312530.81,0
68152000,2663.37,2663.37,0
68159110,7410.190000000001,7410.190000000001,0
68159190,4518.660000000001,4518.660000000001,0
68159911,3162.78,3162.78,0
68159912,23547.36,23547.36,0
68159913,1169.6,1169.6,0
68159914,1120.29,1120.29,0
68159919,5290.99,5290.99,0
68159990,461345.33,461345.33,0
68188110,60,0,-60
68238190,525,0,-525
68242211,29,0,-29
68300000,3028.48,0,-3028.48
68318190,65.88,0,-65.88
68404221,399.5,0,-399.5
68505200,519.79,0,-519.79
68905200,5,0,-5
69010000,4398907.69,4398907.69,0
69012100,4900,0,-4900
69014100,5423.4,0,-5423.4
69021011,164335.02,164335.02,0
69021018,1377035.73,1377035.73,0
69021019,354020.02,354020.02,0
69021090,157189.34,157189.34,0
69022010,3917833.76,3917833.76,0
69022091,17080.45,17080.45,0
69022092,170.36,170.36,0
69022093,26.39,26.39,0
69022099,1874810.52,1874810.52,0
69022210,1204.5,0,-1204.5
69022666,3.2,0,-3.2
69029010,211727.67,211727.67,0
69029020,80723.20999999999,80723.20999999999,0
69029030,3305.8,3305.8,0
69029040,105628.94,105628.94,0
69029090,2322599.39,2322599.39,0
69031011,50500.45,50500.45,0
69031012,3318,3318,0
69031019,93074.32,93074.32,0
69031020,720.63,720.63,0
69031030,36153.72,36153.72,0
69031040,203654.96,203654.96,0
69031090,2551.02,2551.02,0
69032010,4880.26,4880.26,0
69032020,130065.61,130065.61,0
69032030,105895,105895,0
69032090,29067.61,29067.61,0
69039000,1220.51,0,-1220.51
69039011,165.89,165.89,0
69039012,1553.6,1553.6,0
69039019,1269.41,1269.41,0
69039091,1087.5,1087.5,0
69039092,12,12,0
69039099,43086.36,43086.36,0
69040001,25000,0,-25000
69041000,120160567.44,120160567.44,0
69041001,13331.2,0,-13331.2
69042200,1675,0,-1675
69049000,6315196.1,6315196.1,0
69050000,39.5,0,-39.5
69051000,39144030.63,39144030.63,0
69051001,476,0,-476
69053090,286.07,0,-286.07
69055100,1116,0,-1116
69059000,1459054.11,1459054.11,0
69060000,3828328.9,3828328.9,0
69069000,275.97,0,-275.97
69071000,46222.38,46222.38,0
69072000,342.7,0,-342.7
69072100,264670094.8699999,264670094.8699999,0
69072200,95841662.74999999,95841662.74999999,0
69072220,3068.22,0,-3068.22
69072300,10982047.78,10982047.78,0
69073000,722737.27,722737.27,0
69074000,4135223.929999999,4135223.929999999,0
69079000,187525.68,187525.68,0
69081000,16162.06,16162.06,0
69082000,7.649999999999999,0,-7.649999999999999
69088900,7678.3,0,-7678.3
69089000,496142.8199999999,496142.8199999999,0
69091000,1485,0,-1485
69091100,332636.97,332636.97,0
69091210,2788.25,2788.25,0
69091230,300932.86,300932.86,0
69091290,915538.8599999999,915538.8599999999,0
69091910,910.2,910.2,0
69091920,3264.5,3264.5,0
69091930,2219,2219,0
69091990,584360.42,584360.42,0
69099000,845105.2300000003,845105.2300000003,0
69101000,1135320.07,1135320.07,0
69101100,16360,0,-16360
69101900,13605.8,0,-13605.8
69109000,43083030.16999999,43083030.16999999,0
69109900,304,0,-304
69109990,3401.7,0,-3401.7
69111000,39.9,0,-39.9
69111010,1574050.34,1574050.34,0
69111090,2649068.049999999,2649068.049999999,0
69111990,4443.84,0,-4443.84
69119000,143644.18,143644.18,0
69120000,2485796.08,2485796.08,0
69131000,804262.12,804262.12,0
69138910,7890.8,0,-7890.8
69139000,2908631.970000001,2908631.970000001,0
69141000,382960.18,382960.18,0
69149000,2985240.089999999,2985240.089999999,0
69149099,320.75,0,-320.75
69174090,445.06,0,-445.06
69272100,3369,0,-3369
69325874,2990,0,-2990
69332211,3150,0,-3150
69332222,1960,0,-1960
69363658,1450,0,-1450
69365478,1968,0,-1968
69369865,34.2,0,-34.2
69510000,8073,0,-8073
69584658,390,0,-390
69702200,7194,0,-7194
69856664,396,0,-396
69875514,10,0,-10
69900009,1000,0,-1000
69996332,56,0,-56
69998866,64,0,-64
69999887,1540,0,-1540
70000000,833.5,0,-833.5
70000463,58,0,-58
70002062,57.9,0,-57.9
70010000,86112.48000000001,86112.48000000001,0
70019007,3360,0,-3360
70019008,2280.3,0,-2280.3
70021000,36458.25,36458.25,0
70022000,109438.31,109438.31,0
70023100,4999.280000000001,4999.280000000001,0
70023200,11266.19,11266.19,0
70023900,25091.64999999999,25091.64999999999,0
70031200,69892.96,69892.96,0
70031900,1844624.97,1844624.97,0
70032000,131527.14,131527.14,0
70032900,30,0,-30
70033000,157231.44,157231.44,0
70041020,54,0,-54
70042000,26946.58,26946.58,0
70049000,143098.9200000001,143098.9200000001,0
70051000,764808.63,764808.63,0
70052100,5290657.74,5290657.74,0
70052900,9291800.5,9291800.5,0
70052920,11002.77,0,-11002.77
70053000,192854.29,192854.29,0
70056290,460.2,0,-460.2
70059020,2.92,0,-2.92
70060000,1108276.21,1108276.21,0
70070100,550,0,-550
70071000,1572.76,0,-1572.76
70071100,26887936.48,26887936.48,0
70071101,447.49,0,-447.49
70071900,57713024.63999999,57713024.63999999,0
70071920,305,0,-305
70071990,556,0,-556
70072000,209.96,0,-209.96
70072100,9337926.509999998,9337926.509999998,0
70072900,7023119.189999999,7023119.189999999,0
70079100,600,0,-600
70080000,390676.92,390676.92,0
70090000,30,0,-30
70091000,7261657.12,7261657.12,0
70091104,570,0,-570
70099000,180,0,-180
70099100,4282281.220000001,4282281.220000001,0
70099200,3108283.33,3108283.33,0
70101000,11446.25,11446.25,0
70102000,34317.64000000001,34317.64000000001,0
70103200,21,0,-21
70106270,13325,0,-13325
70109011,153091.28,153091.28,0
70109012,86259.79999999999,86259.79999999999,0
70109021,163945.97,163945.97,0
70109022,138874.85,138874.85,0
70109090,152866.81,152866.81,0
70109110,237.5,237.5,0
70111010,41550.91,41550.91,0
70111021,59209.08,59209.08,0
70111029,57136.39000000001,57136.39000000001,0
70111090,63272.52,63272.52,0
70112000,726.02,726.02,0
70119000,12318.18,12318.18,0
70119909,40,0,-40
70120000,240,240,0
70121900,7500,0,-7500
70131000,52143.21000000001,52143.21000000001,0
70132200,719068.73,719068.73,0
70132800,1263103.12,1263103.12,0
70133300,153434.33,153434.33,0
70133400,176.95,0,-176.95
70133700,1003212.31,1003212.31,0
70133900,174.99,174.99,0
70134100,352093.6799999999,352093.6799999999,0
70134190,107.81,0,-107.81
70134210,50825.42,50825.42,0
70134290,1181014.21,1181014.21,0
70134390,69.9,0,-69.9
70134900,1660273.31,1660273.31,0
70139000,5549.98,0,-5549.98
70139110,916477.8700000001,916477.8700000001,0
70139190,1261245.96,1261245.96,0
70139900,4196320.499999999,4196320.499999999,0
70139990,720.3,0,-720.3
70140000,583845.0900000001,583845.0900000001,0
70149000,15126.8,0,-15126.8
70150000,176,0,-176
70151010,2456.14,2456.14,0
70151091,35913.13,35913.13,0
70151092,527.2,527.2,0
70159000,10,0,-10
70159010,31985.96,31985.96,0
70159020,120913.29,120913.29,0
70159030,3540.04,3540.04,0
70159090,1886.15,1886.15,0
70161000,460277.29,460277.29,0
70169000,680309.2,680309.2,0
70169100,43,0,-43
70169300,340.28,0,-340.28
70169900,595,0,-595
70171000,81125.82,81125.82,0
70172000,96830.21,96830.21,0
70179000,1151276.47,1151276.47,0
70181010,16126.7,16126.7,0
70181020,6063.08,6063.08,0
70181090,70992.60999999999,70992.60999999999,0
70181500,104.14,0,-104.14
70181600,8.4,0,-8.4
70182000,103562.68,103562.68,0
70189000,41434.03,41434.03,0
70190000,529.5,0,-529.5
70191100,21286.99,21286.99,0
70191210,86691.86,86691.86,0
70191290,545890.94,545890.94,0
70191300,41036.37,41036.37,0
70191400,142120.69,142120.69,0
70191500,178746.61,178746.61,0
70191900,552274.75,552274.75,0
70193100,114292.08,114292.08,0
70193900,52466.44,52466.44,0
70194000,107250.3,107250.3,0
70195100,6467.849999999999,6467.849999999999,0
70195210,1230.28,1230.28,0
70195290,19679.92,19679.92,0
70195900,98359.60999999999,98359.60999999999,0
70196100,23784.59,23784.59,0
70196200,30276.92,30276.92,0
70196300,211043.89,211043.89,0
70196400,54795.25,54795.25,0
70196500,84689.72,84689.72,0
70196600,84325.12999999999,84325.12999999999,0
70196900,339206.36,339206.36,0
70197100,25661.8,25661.8,0
70197200,54814.10000000001,54814.10000000001,0
70197310,59372.42,59372.42,0
70197390,70867.68,70867.68,0
70198000,724075.59,724075.59,0
70199000,2995186.9,2995186.9,0
70199090,285249.08,285249.08,0
70199300,358,0,-358
70200000,1534.3,1534.3,0
70200010,25341.63,25341.63,0
70200070,180,0,-180
70200090,1045432.46,1045432.46,0
70202010,441.8,0,-441.8
70209000,173.18,0,-173.18
70272910,566.2,0,-566.2
70310190,116,0,-116
70320100,180,0,-180
70320900,7.89,0,-7.89
70410000,1047.8,0,-1047.8
70449000,7.39,0,-7.39
70610000,52.5,0,-52.5
70700000,158.35,0,-158.35
70710711,700,0,-700
70800000,1204,0,-1204
70890000,4349.2,0,-4349.2
70930000,65.65,0,-65.65
70960000,4489.23,0,-4489.23
70990578,78,0,-78
70993000,23.38,0,-23.38
70999100,48,0,-48
71005795,1360,0,-1360
71011000,5005.49,5005.49,0
71012100,201.26,201.26,0
71012200,264,264,0
71021000,776.49,776.49,0
71022100,613.4,613.4,0
71022900,24211.57,24211.57,0
71023900,20992.76,20992.76,0
71031000,121367.86,121367.86,0
71039100,49465,49465,0
71039900,156676.18,156676.18,0
71041000,228,228,0
71042900,7826.210000000001,7826.210000000001,0
71049000,2449.8,2449.8,0
71049100,54.9,54.9,0
71049900,107.91,107.91,0
71051000,1024.3,1024.3,0
71059000,51810.52,51810.52,0
71061000,45,45,0
71069100,2744.42,2744.42,0
71069210,17627.34,17627.34,0
71069220,16216.28,16216.28,0
71069290,32882.22,32882.22,0
71070000,5372.62,5372.62,0
71081290,82371.94,82371.94,0
71081310,16772.38,16772.38,0
71081390,63794.07999999999,63794.07999999999,0
71082000,39.37,39.37,0
71089090,42510.18,0,-42510.18
71090000,16515.33,16515.33,0
71101100,678.07,678.07,0
71101910,2445.42,2445.42,0
71101990,1284.28,1284.28,0
71102900,943,943,0
71103100,9.2,9.2,0
71103900,20.9,20.9,0
71104100,74.5,74.5,0
71110000,662206.94,662206.94,0
71121000,691.77,691.77,0
71121900,7565,0,-7565
71122000,30,30,0
71123010,55494.03000000001,55494.03000000001,0
71123020,610,610,0
71123090,219.9,219.9,0
71129100,1462348.64,1462348.64,0
71129200,2362.36,2362.36,0
71129900,3072.38,3072.38,0
71131100,2160355.93,2160355.93,0
71131900,48156212.2,48156212.2,0
71132000,1269898.81,1269898.81,0
71141100,74390.34,74390.34,0
71141900,1552859.5,1552859.5,0
71142000,320739.4,320739.4,0
71144100,489.6,0,-489.6
71149100,620,0,-620
71151000,68513.97,68513.97,0
71159000,112385.79,112385.79,0
71161000,5631.89,5631.89,0
71162010,154.55,154.55,0
71162020,3140.08,3140.08,0
71162090,774519.2799999999,774519.2799999999,0
71166190,11620,0,-11620
71170020,60,0,-60
71171090,369.6,0,-369.6
71171100,54801.78000000001,54801.78000000001,0
71171900,1493540.32,1493540.32,0
71172010,650,0,-650
71179000,1673565.07,1673565.07,0
71181010,10003.6,10003.6,0
71181090,22727.4,22727.4,0
71181500,8,0,-8
71181600,200,0,-200
71189000,1059170.46,1059170.46,0
71235565,717,0,-717
71290100,943.5800000000002,0,-943.5800000000002
71331900,172.19,0,-172.19
71337000,4.89,0,-4.89
71382900,250,0,-250
71400000,138.96,0,-138.96
71410000,1024.63,0,-1024.63
71420000,61116.67999999999,0,-61116.67999999999
71430000,13.54,0,-13.54
71583100,24,0,-24
71691000,115,0,-115
71808080,2244,0,-2244
72000000,3850,0,-3850
72002090,127.8,0,-127.8
72011000,1226175.6,1226175.6,0
72012000,488187.08,488187.08,0
72015000,204321.74,204321.74,0
72021100,7174.6,7174.6,0
72021900,210477.06,210477.06,0
72022900,111475.94,111475.94,0
72023000,410.26,410.26,0
72024100,10901.42,10901.42,0
72024900,26234.23,26234.23,0
72025000,178.26,178.26,0
72026000,11569.62,11569.62,0
72027000,24523.1,24523.1,0
72028000,57.2,57.2,0
72029100,3323.59,3323.59,0
72029200,2022.16,2022.16,0
72029300,1498.68,1498.68,0
72029910,3238.61,3238.61,0
72029990,93759.23999999999,93759.23999999999,0
72031000,406488.14,406488.14,0
72032900,84.99,0,-84.99
72039000,1159423.09,1159423.09,0
72041000,2765158.1,2765158.1,0
72042100,1161052.22,1161052.22,0
72042900,6006602.169999999,6006602.169999999,0
72043000,7559119.3,7559119.3,0
72044100,1313702.73,1313702.73,0
72044490,10500,0,-10500
72044900,4985324.859999999,4985324.859999999,0
72045000,411925.9,411925.9,0
72051000,119678.13,119678.13,0
72052100,104464.86,104464.86,0
72052910,614.3600000000001,614.3600000000001,0
72052920,3271.91,3271.91,0
72052990,173739.61,173739.61,0
72055100,9073.3,0,-9073.3
72061000,750119.9899999999,750119.9899999999,0
72065200,68,0,-68
72066100,648,0,-648
72066900,43.55,0,-43.55
72069000,2153655.48,2153655.48,0
72071101,562.18,0,-562.18
72071110,1220057.51,1220057.51,0
72071190,76703.86,76703.86,0
72071200,140520.16,140520.16,0
72071900,210462.32,210462.32,0
72072000,3373934.51,3373934.51,0
72075011,226,0,-226
72081000,197064.21,197064.21,0
72082300,3069,0,-3069
72082500,698122.06,698122.06,0
72082610,20343.69,20343.69,0
72082690,202580.06,202580.06,0
72082710,120860.21,120860.21,0
72082790,107612.29,107612.29,0
72083200,867.51,0,-867.51
72083610,7124.38,7124.38,0
72083690,572207.82,572207.82,0
72083700,1256124.61,1256124.61,0
72083810,117534.99,117534.99,0
72083890,472882.23,472882.23,0
72083910,77333.07,77333.07,0
72083990,2202890.71,2202890.71,0
72084000,3912624.96,3912624.96,0
72085100,17345129.67,17345129.67,0
72085200,45986045.16,45986045.16,0
72085300,26592355.24,26592355.24,0
72085400,38173335.83,38173335.83,0
72085700,1050.28,0,-1050.28
72085800,29556,0,-29556
72089000,3884242.36,3884242.36,0
72089010,1385,0,-1385
72091500,333176.15,333176.15,0
72091600,1242735.33,1242735.33,0
72091700,446523.98,446523.98,0
72091800,13021.37,13021.37,0
72092500,639474.79,639474.79,0
72092600,10340894.05,10340894.05,0
72092700,6768126.050000001,6768126.050000001,0
72092800,317851.3600000001,317851.3600000001,0
72099000,2337492.320000001,2337492.320000001,0
72099900,80,0,-80
72101020,90,0,-90
72101090,2581.93,0,-2581.93
72101100,85990.27,85990.27,0
72101200,209751.53,209751.53,0
72102000,1225,1225,0
72103010,3044158.64,3044158.64,0
72103090,839172.8500000001,839172.8500000001,0
72103900,86.01,0,-86.01
72104100,17016,0,-17016
72104110,279411.8,279411.8,0
72104190,611908.58,611908.58,0
72104910,16703080.62,16703080.62,0
72104990,1314526.12,1314526.12,0
72105000,12778.87,12778.87,0
72106100,36785020.52,36785020.52,0
72106900,210,210,0
72106919,141507.97,141507.97,0
72106990,3178455.59,3178455.59,0
72107010,1478271.67,1478271.67,0
72107020,256784.99,256784.99,0
72109000,178961.46,178961.46,0
72111300,258649.12,258649.12,0
72111400,1991888.69,1991888.69,0
72111900,2255563.81,2255563.81,0
72112300,102343.68,102343.68,0
72112910,20045.07,20045.07,0
72112920,47557.03,47557.03,0
72117109,504,0,-504
72119010,10462.03,10462.03,0
72119090,184326.24,184326.24,0
72121000,60404.32000000001,60404.32000000001,0
72122010,2046674.28,2046674.28,0
72122090,312435.85,312435.85,0
72123000,4270654.07,4270654.07,0
72124010,69161.27999999998,69161.27999999998,0
72124021,8.6,8.6,0
72124029,2988563.37,2988563.37,0
72125010,101608.73,101608.73,0
72125090,223897.92,223897.92,0
72126000,103857.94,103857.94,0
72131000,46019736.96999999,46019736.96999999,0
72132000,582918.6900000001,582918.6900000001,0
72133000,166.8,0,-166.8
72133100,1147.05,0,-1147.05
72139110,3861.96,3861.96,0
72139190,177214.95,177214.95,0
72139910,14542.47,14542.47,0
72139990,60347.67,60347.67,0
72140000,560,0,-560
72141000,3542,0,-3542
72141010,1134657.41,1134657.41,0
72141090,1062673.31,1062673.31,0
72142000,323388971.42,323388971.42,0
72143000,294971.3,294971.3,0
72144200,5043.370000000001,0,-5043.370000000001
72144900,760.5,0,-760.5
72149100,22830835.29,22830835.29,0
72149110,1302,0,-1302
72149900,490,0,-490
72149910,34008775.50000001,34008775.50000001,0
72149990,11194344.87,11194344.87,0
72151000,2135616.37,2135616.37,0
72151001,31.5,0,-31.5
72151099,108,0,-108
72155000,26891528.90999999,26891528.90999999,0
72159010,24967.05,24967.05,0
72159090,1944042.03,1944042.03,0
72161000,18733846.51,18733846.51,0
72161009,3509.5,0,-3509.5
72161500,1716,0,-1716
72162100,73677864,73677864,0
72162200,1006767.46,1006767.46,0
72163100,25328295.03,25328295.03,0
72163200,30686029.33,30686029.33,0
72163300,5480323.71,5480323.71,0
72164000,1370.44,0,-1370.44
72164010,1919598.030000001,1919598.030000001,0
72164090,1065106.44,1065106.44,0
72165000,21134691.21,21134691.21,0
72166100,101229.74,0,-101229.74
72166110,171359293.6,171359293.6,0
72166190,48606130.21,48606130.21,0
72166910,4006567.99,4006567.99,0
72166990,8778687.21,8778687.21,0
72169100,157194518.62,157194518.62,0
72169900,12545516.16,12545516.16,0
72169910,13849,0,-13849
72171011,423718.77,423718.77,0
72171019,54606148.49,54606148.49,0
72171090,21114060.57,21114060.57,0
72172009,12420,0,-12420
72172010,43768106.99000001,43768106.99000001,0
72172030,1400,0,-1400
72172090,196785304.71,196785304.71,0
72173010,190458.13,190458.13,0
72173090,2513002.11,2513002.11,0
72179000,1511320.5,1511320.5,0
72180022,1619.660000000001,0,-1619.660000000001
72181000,291045.75,291045.75,0
72181200,0.3,0,-0.3
72181400,137.21,0,-137.21
72181500,478,0,-478
72182100,206.9,0,-206.9
72182900,587,0,-587
72189100,60626.85999999999,60626.85999999999,0
72189900,1437394.25,1437394.25,0
72190000,7153.13,0,-7153.13
72191100,29254.7,29254.7,0
72191200,225643.92,225643.92,0
72191300,138009.11,138009.11,0
72191400,145985.84,145985.84,0
72192090,5135,0,-5135
72192100,46271.01,46271.01,0
72192200,743838.9400000001,743838.9400000001,0
72192300,1372275.98,1372275.98,0
72192400,172337.83,172337.83,0
72193100,31645.28,31645.28,0
72193200,1058299.7,1058299.7,0
72193300,5316904.69,5316904.69,0
72193400,2281613.07,2281613.07,0
72193500,616654.11,616654.11,0
72199010,16544.58,16544.58,0
72199090,322355.57,322355.57,0
72201000,540,0,-540
72201100,23740.06,23740.06,0
72201210,181560.63,181560.63,0
72201220,15210.04,15210.04,0
72201290,276403.05,276403.05,0
72202000,972,0,-972
72202010,16866.63,16866.63,0
72202090,290524.84,290524.84,0
72209000,43187.45,43187.45,0
72210000,396712.33,396712.33,0
72221100,442801.3100000001,442801.3100000001,0
72221910,753148.88,753148.88,0
72221990,82027.77,82027.77,0
72222000,512401.3200000001,512401.3200000001,0
72223000,139170.77,139170.77,0
72224010,38754.69,38754.69,0
72224090,1157508.72,1157508.72,0
72230000,4377359.939999999,4377359.939999999,0
72231000,8.7,0,-8.7
72239300,49.7,0,-49.7
72241000,15437.14,15437.14,0
72249000,294298.42,294298.42,0
72251100,138700,138700,0
72251900,6781.190000000001,6781.190000000001,0
72252000,35,35,0
72253000,200439.1,200439.1,0
72254020,127506.61,127506.61,0
72254090,4023532.55,4023532.55,0
72255010,21541.02,21541.02,0
72255090,44161.13,44161.13,0
72259100,64846.44,64846.44,0
72259200,8472.61,8472.61,0
72259910,23460.6,23460.6,0
72259990,224508.06,224508.06,0
72261100,262105.5,262105.5,0
72261900,5464.989999999999,5464.989999999999,0
72262010,11328.98,11328.98,0
72262090,187183,187183,0
72269090,524,0,-524
72269100,206951.45,206951.45,0
72269200,9661.91,9661.91,0
72269900,24869.61,24869.61,0
72271000,4495.78,4495.78,0
72272000,55366.63,55366.63,0
72279000,15817.19,15817.19,0
72281010,17712.55,17712.55,0
72281090,83242.31999999999,83242.31999999999,0
72281100,25,0,-25
72282000,8061.16,8061.16,0
72283000,1482365.66,1482365.66,0
72284000,1472606.02,1472606.02,0
72285000,217578.6,217578.6,0
72286000,92769.06,92769.06,0
72287000,767004.8099999999,767004.8099999999,0
72288000,68542.6,68542.6,0
72292000,9070494.64,9070494.64,0
72293000,110,0,-110
72299000,960996.84,960996.84,0
72452600,190,0,-190
73003000,2150,0,-2150
73011000,1840167.85,1840167.85,0
73011920,25,0,-25
73011990,13003.15,0,-13003.15
73011999,64,0,-64
73012000,1522558.26,1522558.26,0
73012990,10224.84,0,-10224.84
73017192,259.2,0,-259.2
73019920,50,0,-50
73020100,10,0,-10
73021010,1212817.1,1212817.1,0
73021020,12866.45,12866.45,0
73021090,1605018.94,1605018.94,0
73022000,214,214,0
73022011,9,0,-9
73023000,153328.82,153328.82,0
73024000,18035.28,18035.28,0
73029000,325918.03,325918.03,0
73030000,6382319.32,6382319.32,0
73032900,678,0,-678
73039200,16,0,-16
73041010,9445,9445,0
73041090,722.22,722.22,0
73041100,1524246.83,1524246.83,0
73041900,1768014.35,1768014.35,0
73042200,236098.39,236098.39,0
73042310,121748.52,121748.52,0
73042390,55683.84,55683.84,0
73042400,223111.85,223111.85,0
73042910,164075.54,164075.54,0
73042920,1594.2,1594.2,0
73042931,204411.09,204411.09,0
73042939,215662.83,215662.83,0
73042990,825063.75,825063.75,0
73043010,100,0,-100
73043110,3104442.57,3104442.57,0
73043190,2522824.45,2522824.45,0
73043900,40.5,0,-40.5
73043910,3627869.76,3627869.76,0
73043920,1853000.02,1853000.02,0
73043990,416842.58,416842.58,0
73044110,31561.36,31561.36,0
73044190,396610.67,396610.67,0
73044900,134261.14,134261.14,0
73045110,1260,1260,0
73045111,1955.78,1955.78,0
73045119,152949.52,152949.52,0
73045190,37419.29,37419.29,0
73045910,35880.77,35880.77,0
73045911,520.62,520.62,0
73045919,6711.33,6711.33,0
73045990,750161.74,750161.74,0
73049011,117692.01,117692.01,0
73049019,17553.46,17553.46,0
73049090,735330.91,735330.91,0
73049200,140,0,-140
73051100,126188.09,126188.09,0
73051200,98580.16,98580.16,0
73051900,167153.32,167153.32,0
73052000,158096.52,158096.52,0
73053100,245722.68,245722.68,0
73053900,70545.15000000001,70545.15000000001,0
73059000,50556.08,50556.08,0
73060900,56,0,-56
73061000,1108.02,1108.02,0
73061100,907095.69,907095.69,0
73061900,1044170.96,1044170.96,0
73062100,457924.91,457924.91,0
73062900,9059394.69,9059394.69,0
73063000,100408561.54,100408561.54,0
73063090,12132.61,12132.61,0
73063300,5339.99,0,-5339.99
73064000,17384235.34,17384235.34,0
73065000,2558307.33,2558307.33,0
73066000,194974.5,194974.5,0
73066100,76812724.12999998,76812724.12999998,0
73066110,8649.84,0,-8649.84
73066300,7140,0,-7140
73066600,63,0,-63
73066900,2621339.69,2621339.69,0
73066990,665.16,0,-665.16
73069000,270,0,-270
73069010,3947041.859999999,3947041.859999999,0
73069020,271890.1,271890.1,0
73069090,24592669.43,24592669.43,0
73069900,832.45,0,-832.45
73070000,14057.65,0,-14057.65
73070090,33.55,0,-33.55
73071000,156,0,-156
73071100,9988168.91,9988168.91,0
73071900,10865,0,-10865
73071903,403.17,0,-403.17
73071910,8704551.55,8704551.55,0
73071919,25,0,-25
73071920,56664364.71999998,56664364.71999998,0
73071922,70.1,0,-70.1
73071923,77.58,0,-77.58
73071930,34,0,-34
73071970,322,0,-322
73071990,11851089.31,11851089.31,0
73072000,274.05,0,-274.05
73072090,55.2,0,-55.2
73072100,562717.58,562717.58,0
73072200,2798237.11,2798237.11,0
73072300,457237.2099999999,457237.2099999999,0
73072900,2453406.589999999,2453406.589999999,0
73072920,375,0,-375
73072990,276,0,-276
73074110,67.5,0,-67.5
73077110,82,0,-82
73077192,6.9,0,-6.9
73077290,63.64,0,-63.64
73077920,290,0,-290
73078200,88.61,0,-88.61
73079000,1443.3,0,-1443.3
73079010,765,0,-765
73079090,2308.92,0,-2308.92
73079100,3281801.669999999,3281801.669999999,0
73079200,23482925.4,23482925.4,0
73079300,991753.7000000001,991753.7000000001,0
73079900,17284519.38,17284519.38,0
73079907,35,0,-35
73079990,278.04,0,-278.04
73079999,22.5,0,-22.5
73080000,138.12,0,-138.12
73081000,1880173.38,1880173.38,0
73081500,624,0,-624
73081920,98.68,0,-98.68
73082000,26330908.17,26330908.17,0
73082900,817,0,-817
73083000,52894109.96000001,52894109.96000001,0
73083010,310.98,0,-310.98
73084000,68322791.57,68322791.57,0
73088900,14.2,0,-14.2
73089000,10715.73,0,-10715.73
73089007,258.47,0,-258.47
73089010,249571196.99,249571196.99,0
73089011,18000,0,-18000
73089090,458396460.9299999,458396460.9299999,0
73089100,13220,0,-13220
73089990,16,0,-16
73090000,240.67,0,-240.67
73090010,200094016.44,200094016.44,0
73090020,276084.8,276084.8,0
73090090,54478934.63,54478934.63,0
73091920,329.82,0,-329.82
73091990,26.5,0,-26.5
73099000,81.25,0,-81.25
73099010,914.34,0,-914.34
73099090,1600,0,-1600
73099100,2960,0,-2960
73099200,96,0,-96
73099900,174,0,-174
73100000,367.12,0,-367.12
73101000,234283.28,234283.28,0
73101010,912193.9400000001,912193.9400000001,0
73101090,4412015.04,4412015.04,0
73101099,27000,0,-27000
73101329,9.68,0,-9.68
73102000,50,0,-50
73102110,58464.69,58464.69,0
73102190,2522736.03,2522736.03,0
73102900,90,0,-90
73102910,583708.49,583708.49,0
73102920,111981.47,111981.47,0
73102990,3977895.14,3977895.14,0
73105590,84,0,-84
73109000,2284.97,0,-2284.97
73110000,5113251.07,5113251.07,0
73110563,600,0,-600
73115000,148,0,-148
73121000,103.25,0,-103.25
73121010,516164.9999999999,516164.9999999999,0
73121090,27930876.75,27930876.75,0
73121500,761,0,-761
73121600,30,0,-30
73129000,538051.1699999999,538051.1699999999,0
73130000,41613268.78999999,41613268.78999999,0
73131900,105,0,-105
73133000,215,0,-215
73139300,42.16,0,-42.16
73140000,25619.73,0,-25619.73
73140200,472.5,0,-472.5
73141000,227,0,-227
73141010,119.23,0,-119.23
73141200,2874690.36,2874690.36,0
73141300,64694,64694,0
73141400,2385566.32,2385566.32,0
73141800,519.54,0,-519.54
73141900,2876954.14,2876954.14,0
73142000,98180400.4,98180400.4,0
73143100,12055605.3,12055605.3,0
73143900,17949078.63,17949078.63,0
73144100,33134234.90000001,33134234.90000001,0
73144200,2247691.5,2247691.5,0
73144900,1564410.93,1564410.93,0
73145000,2885877.109999999,2885877.109999999,0
73148210,17.6,0,-17.6
73148220,360,0,-360
73149100,683.79,0,-683.79
73151090,4914,0,-4914
73151100,38949419.29999999,38949419.29999999,0
73151200,2213.22,0,-2213.22
73151210,94125345.67999999,94125345.67999999,0
73151290,5758598.769999999,5758598.769999999,0
73151400,50,0,-50
73151500,238.95,0,-238.95
73151510,376.8,0,-376.8
73151600,122,0,-122
73151800,1301.21,0,-1301.21
73151900,11700690.81,11700690.81,0
73151910,27.6,0,-27.6
73152000,8537,8537,0
73152100,5.9,0,-5.9
73153300,84,0,-84
73153900,60,0,-60
73158100,215472.14,215472.14,0
73158200,15598032.91,15598032.91,0
73158900,887465.9000000001,887465.9000000001,0
73159000,849340.2800000001,849340.2800000001,0
73160000,199683.31,199683.31,0
73161000,1409.88,0,-1409.88
73161500,326.64,0,-326.64
73161600,222.76,0,-222.76
73161800,242,0,-242
73161900,206.2,0,-206.2
73166100,15.6,0,-15.6
73168200,1714.88,0,-1714.88
73169090,6736.2,0,-6736.2
73169900,480,0,-480
73170000,42,0,-42
73170001,186.61,0,-186.61
73170002,1980,0,-1980
73170010,120597.92,120597.92,0
73170020,3326799.25,3326799.25,0
73170022,895,0,-895
73170029,600.1800000000001,0,-600.1800000000001
73170030,14180.41,14180.41,0
73170090,27441630.53000001,27441630.53000001,0
73171200,34.02,0,-34.02
73171299,7.49,0,-7.49
73171600,69,0,-69
73172200,247.68,0,-247.68
73172900,132.34,0,-132.34
73174090,130,0,-130
73179200,26,0,-26
73180000,3766.57,0,-3766.57
73180210,5.4,0,-5.4
73180220,38.8,0,-38.8
73181000,2663.72,0,-2663.72
73181003,545,0,-545
73181100,636033.5100000001,636033.5100000001,0
73181115,49,0,-49
73181160,47.2,0,-47.2
73181200,16794855.06,16794855.06,0
73181210,1.5,0,-1.5
73181220,102.34,0,-102.34
73181300,1358729.86,1358729.86,0
73181400,20158992.49000001,20158992.49000001,0
73181444,6.64,0,-6.64
73181500,253070386.2799999,253070386.2799999,0
73181501,15.6,0,-15.6
73181504,21,0,-21
73181522,50,0,-50
73181541,3,0,-3
73181550,174.45,0,-174.45
73181580,115,0,-115
73181590,0.34,0,-0.34
73181599,1363.75,0,-1363.75
73181600,88367586.72999999,88367586.72999999,0
73181608,684.26,0,-684.26
73181610,28.17,0,-28.17
73181800,744.25,0,-744.25
73181900,24210115.05,24210115.05,0
73182000,1822.3,0,-1822.3
73182100,11935716.67,11935716.67,0
73182109,237,0,-237
73182200,43520138.2,43520138.2,0
73182220,17.5,0,-17.5
73182300,3244171.27,3244171.27,0
73182399,217.28,0,-217.28
73182400,17580350.61,17580350.61,0
73182500,51.36,0,-51.36
73182600,48.01,0,-48.01
73182800,26.29,0,-26.29
73182900,103075946.38,103075946.38,0
73182909,203.34,0,-203.34
73182949,68.82,0,-68.82
73182990,4.12,0,-4.12
73182999,10,0,-10
73183000,74.05000000000001,0,-74.05000000000001
73183300,13.5,0,-13.5
73183900,119.2,0,-119.2
73184200,9.61,0,-9.61
73184500,6,0,-6
73184600,103.9,0,-103.9
73185000,331.84,0,-331.84
73185100,15.65,0,-15.65
73185500,81.6,0,-81.6
73185900,0.11,0,-0.11
73186000,9595.68,0,-9595.68
73188190,226,0,-226
73188200,75.5,0,-75.5
73188220,877,0,-877
73188230,55,0,-55
73188240,47.2,0,-47.2
73188290,73.7,0,-73.7
73189000,576,0,-576
73189090,699.5600000000001,0,-699.5600000000001
73189150,57,0,-57
73189200,308.12,0,-308.12
73189800,161.7,0,-161.7
73190000,3,0,-3
73191000,80,80,0
73191300,1,0,-1
73191900,23.25,0,-23.25
73192000,29.2,29.2,0
73192200,76.72,0,-76.72
73192800,1.2,0,-1.2
73192900,343.08,0,-343.08
73193000,55.59999999999999,55.59999999999999,0
73194000,18431.13,18431.13,0
73199000,100600.56,100600.56,0
73200000,1188.56,0,-1188.56
73200100,758,0,-758
73201000,47108433.24000001,47108433.24000001,0
73201001,1365,0,-1365
73201010,3169,0,-3169
73201090,1494,0,-1494
73201400,400,0,-400
73202000,429.9400000000001,0,-429.9400000000001
73202010,23641891.86,23641891.86,0
73202090,3656604.709999999,3656604.709999999,0
73202900,15,0,-15
73209000,14451857.15,14451857.15,0
73209001,565.46,0,-565.46
73209090,300,0,-300
73209099,180,0,-180
73209991,6,0,-6
73210000,1359,0,-1359
73211100,14123135.15,14123135.15,0
73211102,20,0,-20
73211104,589,0,-589
73211200,128211.33,128211.33,0
73211300,15.56,15.56,0
73211900,1963072.39,1963072.39,0
73218100,567238.13,567238.13,0
73218200,292644.92,292644.92,0
73218820,140,0,-140
73218900,4599354.5,4599354.5,0
73219000,1762594.88,1762594.88,0
73221100,1016627.31,1016627.31,0
73221900,258355.45,258355.45,0
73229010,505516.98,505516.98,0
73229090,25654.87,25654.87,0
73231000,2466741.399999999,2466741.399999999,0
73231900,61.28,0,-61.28
73237900,905.05,0,-905.05
73239000,218.45,0,-218.45
73239090,100,0,-100
73239100,583022.46,583022.46,0
73239200,802390.3399999999,802390.3399999999,0
73239300,11188218.81,11188218.81,0
73239400,3069770.38,3069770.38,0
73239900,2473205.97,2473205.97,0
73240000,44.9,0,-44.9
73241000,11111796.79,11111796.79,0
73242100,8253.52,8253.52,0
73242900,158637.53,158637.53,0
73249000,2097657.92,2097657.92,0
73251000,10004020.49,10004020.49,0
73251010,135.2,0,-135.2
73251012,5678.52,0,-5678.52
73259000,1118.04,0,-1118.04
73259090,29,0,-29
73259100,856221.66,856221.66,0
73259900,157.8,0,-157.8
73259910,7415090.489999999,7415090.489999999,0
73259919,168,0,-168
73259990,4451995.799999999,4451995.799999999,0
73259991,706,0,-706
73260000,627.93,0,-627.93
73260900,8.42,0,-8.42
73261000,21476.59,0,-21476.59
73261100,21636.07,21636.07,0
73261900,51133408.91,51133408.91,0
73261990,5,0,-5
73262000,12567602.04,12567602.04,0
73262690,26,0,-26
73266090,58.8,0,-58.8
73266900,27895.5,0,-27895.5
73266909,435,0,-435
73269000,173095.75,173095.75,0
73269007,10,0,-10
73269010,101883.49,101883.49,0
73269020,238.04,238.04,0
73269090,150541384.08,150541384.08,0
73269099,37,0,-37
73269100,334.8,0,-334.8
73269209,431.92,0,-431.92
73269900,8321.690000000002,0,-8321.690000000002
73269909,25,0,-25
73282900,626.08,0,-626.08
73289000,187,0,-187
73289090,110,0,-110
73290000,355.33,0,-355.33
73291000,6,0,-6
73296090,70,0,-70
73299090,44,0,-44
73317009,1699.6,0,-1699.6
73326909,34.2,0,-34.2
73402255,1100,0,-1100
73443920,546,0,-546
73444567,193.64,0,-193.64
73510000,675,0,-675
73569090,332.63,0,-332.63
73618290,150,0,-150
73622000,13,0,-13
73629090,158.89,0,-158.89
73630629,2069.8,0,-2069.8
73669000,12,0,-12
73681600,11,0,-11
73689010,3300,0,-3300
73690900,6,0,-6
73699090,88.2,0,-88.2
73711990,8688.8,0,-8688.8
73807900,3330,0,-3330
73811500,80.8,0,-80.8
73812900,5480,0,-5480
73815000,1.9,0,-1.9
73816000,118.2,0,-118.2
73821000,25,0,-25
73842000,1050,0,-1050
73881500,250,0,-250
73890900,42,0,-42
73989010,33187,0,-33187
74000000,70,0,-70
74010000,25619.33999999999,25619.33999999999,0
74020000,10349.75,10349.75,0
74022000,12,0,-12
74031200,696.74,696.74,0
74031300,159.53,159.53,0
74031900,195868.85,195868.85,0
74032100,222763.42,222763.42,0
74032200,524174.93,524174.93,0
74032900,27361.70999999999,27361.70999999999,0
74040000,190445.58,190445.58,0
74042000,12,0,-12
74050000,5875.05,5875.05,0
74052900,59,0,-59
74061000,48959.49,48959.49,0
74062000,1291.45,1291.45,0
74071010,4091266.57,4091266.57,0
74071021,2281.9,2281.9,0
74071029,103973.75,103973.75,0
74072110,599128.8999999999,599128.8999999999,0
74072120,125056.64,125056.64,0
74072910,1009459.82,1009459.82,0
74072921,1884727.67,1884727.67,0
74072929,311969.19,311969.19,0
74079100,1080,0,-1080
74081100,614445.8400000001,614445.8400000001,0
74081900,586150.25,586150.25,0
74082100,184195.21,184195.21,0
74082200,5449.909999999999,5449.909999999999,0
74082912,2970.68,2970.68,0
74082919,15756.75,15756.75,0
74082990,16678.29,16678.29,0
74084080,10500,0,-10500
74089100,19.5,0,-19.5
74091100,56844.63,56844.63,0
74091900,1514.26,1514.26,0
74092100,12347.61,12347.61,0
74092900,129365.77,129365.77,0
74093100,5377.8,5377.8,0
74093111,4497.71,4497.71,0
74093119,22.2,22.2,0
74093190,296451.79,296451.79,0
74093900,41317.33,41317.33,0
74094010,2382.22,2382.22,0
74094090,4328.5,4328.5,0
74099000,26190.83,26190.83,0
74101190,4043.89,4043.89,0
74101200,1547.14,1547.14,0
74102110,8157.2,8157.2,0
74102120,713.9100000000001,713.9100000000001,0
74102130,6779.849999999999,6779.849999999999,0
74102190,358.76,358.76,0
74102200,244457.04,244457.04,0
74110000,10,0,-10
74111010,5767015.030000001,5767015.030000001,0
74111090,924623.5,924623.5,0
74112000,220,0,-220
74112110,57829.74999999999,57829.74999999999,0
74112190,153918.44,153918.44,0
74112210,8711.75,8711.75,0
74112290,2502.05,2502.05,0
74112910,3247.46,3247.46,0
74112990,94384.5,94384.5,0
74120000,252.73,0,-252.73
74120200,1097.52,0,-1097.52
74121000,492387.4399999999,492387.4399999999,0
74122000,12985757.41,12985757.41,0
74122020,144.34,0,-144.34
74122200,288.52,0,-288.52
74122900,117.6,0,-117.6
74130000,20207575.66,20207575.66,0
74137010,900,0,-900
74137080,1430,0,-1430
74141000,6,0,-6
74141111,6177.15,0,-6177.15
74141900,750,0,-750
74142000,139.44,139.44,0
74143000,8117.240000000001,0,-8117.240000000001
74143300,17,0,-17
74145000,15,0,-15
74150000,36.78,0,-36.78
74151000,144479.48,144479.48,0
74152000,115,0,-115
74152100,2193912.61,2193912.61,0
74152900,4001168.070000001,4001168.070000001,0
74153100,1136.9,1136.9,0
74153200,5387.829999999999,5387.829999999999,0
74153300,1996336.52,1996336.52,0
74153900,431823.8499999999,431823.8499999999,0
74157900,50,0,-50
74160000,785.76,785.76,0
74169300,12.17,0,-12.17
74170000,5.4,5.4,0
74172090,1400,0,-1400
74181000,813150.04,813150.04,0
74181100,290.8,290.8,0
74181500,81.2,0,-81.2
74181600,4.86,0,-4.86
74181900,2236.62,2236.62,0
74182000,11805966.94,11805966.94,0
74182200,20,0,-20
74191000,5552.39,5552.39,0
74192000,186746.9700000001,186746.9700000001,0
74198010,1728.52,1728.52,0
74198020,18971.7,18971.7,0
74198030,63239.97,63239.97,0
74198040,1308.32,1308.32,0
74198090,1341706.52,1341706.52,0
74199100,6496.58,6496.58,0
74199900,3750,3750,0
74199920,190,190,0
74199930,10320.3,10320.3,0
74199990,29233.40000000001,29233.40000000001,0
74212200,139.68,0,-139.68
74314929,2000,0,-2000
74329000,550,0,-550
74349000,10,0,-10
74400008,392,0,-392
74474035,624.24,0,-624.24
74521872,341,0,-341
74561378,302,0,-302
74569000,160,0,-160
74586000,15,0,-15
74589613,627.3,0,-627.3
74678777,400,0,-400
74769374,345,0,-345
74813000,200,0,-200
74818099,706.16,0,-706.16
74839000,2133,0,-2133
74887474,100,0,-100
75000000,1061.7,0,-1061.7
75006495,31.46,0,-31.46
75011000,1034.1,1034.1,0
75012000,2895,2895,0
75021010,4083.9,4083.9,0
75021090,8671.4,8671.4,0
75022000,62205.31999999999,62205.31999999999,0
75030000,22.47,22.47,0
75040010,8.8,8.8,0
75040090,555,555,0
75043000,12660,0,-12660
75051110,3691.5,3691.5,0
75051210,720,720,0
75051229,107.1,107.1,0
75052100,6710,6710,0
75052200,45,45,0
75052210,1409.22,1409.22,0
75052290,3620.52,3620.52,0
75061000,15640,15640,0
75062000,8644.12,8644.12,0
75069100,9480,0,-9480
75071100,6598.320000000001,6598.320000000001,0
75071200,157,157,0
75072000,135709.46,135709.46,0
75079000,1250,0,-1250
75081000,21679.4,21679.4,0
75089010,258773.38,258773.38,0
75089090,47313.76000000001,47313.76000000001,0
75121500,30,0,-30
75129090,75,0,-75
75151000,445,0,-445
75153300,20,0,-20
75153900,270,0,-270
75181500,245.96,0,-245.96
75181600,0.5,0,-0.5
75209000,477.6800000000001,0,-477.6800000000001
75286969,2200,0,-2200
75310062,28.3,0,-28.3
75365090,156,0,-156
75840000,550,0,-550
75859636,56,0,-56
75913899,85,0,-85
76010000,156.42,0,-156.42
76011000,453577.33,453577.33,0
76012000,126656.58,126656.58,0
76020000,757068.3,757068.3,0
76031000,1618.7,1618.7,0
76032000,210.2,210.2,0
76041000,26511.94,0,-26511.94
76041010,859981.1600000001,859981.1600000001,0
76041020,19619.1,0,-19619.1
76041021,545914.4,545914.4,0
76041029,1234317.06,1234317.06,0
76041210,2618,0,-2618
76042100,13567433.25,13567433.25,0
76042820,23,0,-23
76042911,63232.64,63232.64,0
76042919,1533890.66,1533890.66,0
76042920,30587549.60999999,30587549.60999999,0
76049000,246.03,0,-246.03
76051110,10783.96,10783.96,0
76051190,46144.17,46144.17,0
76051910,52184.02,52184.02,0
76051990,33295.73,33295.73,0
76052110,4032.95,4032.95,0
76052190,16927.03,16927.03,0
76052910,13709.41,13709.41,0
76052990,74798.94,74798.94,0
76060000,7068.82,0,-7068.82
76061110,172310.19,172310.19,0
76061190,2457198.33,2457198.33,0
76061210,93767.74,93767.74,0
76061220,3963.09,3963.09,0
76061230,1682.69,1682.69,0
76061290,4894257.69,4894257.69,0
76063000,2165,0,-2165
76066000,25.8,0,-25.8
76066100,1470,0,-1470
76069100,54778.11000000001,54778.11000000001,0
76069200,249287.72,249287.72,0
76071000,809.82,0,-809.82
76071010,15,0,-15
76071100,22.83,22.83,0
76071110,3215094.399999999,3215094.399999999,0
76071120,663718.6,663718.6,0
76071190,1995320.93,1995320.93,0
76071900,36534.87,0,-36534.87
76071910,225041.84,225041.84,0
76071990,5454248.6,5454248.6,0
76072000,1371182.25,1371182.25,0
76079900,620,0,-620
76081000,150006.93,150006.93,0
76082000,497.89,497.89,0
76082010,177835.59,177835.59,0
76082090,1313781.8,1313781.8,0
76089010,11215,0,-11215
76090000,19115036.94,19115036.94,0
76090008,160,0,-160
76090099,29.2,0,-29.2
76091000,204.16,0,-204.16
76097900,82.83,0,-82.83
76099000,1744,0,-1744
76100000,318.67,0,-318.67
76101000,121641720.92,121641720.92,0
76109000,9572729.13,9572729.13,0
76109002,138,0,-138
76110000,1446550.73,1446550.73,0
76121000,173269.09,173269.09,0
76129011,15854,15854,0
76129012,712472.4900000001,712472.4900000001,0
76129019,380567.74,380567.74,0
76129090,591237.4900000001,591237.4900000001,0
76130000,244765.03,244765.03,0
76141010,22946357.24,22946357.24,0
76141090,75540.31999999999,75540.31999999999,0
76149000,27745.26,0,-27745.26
76149010,3537377.74,3537377.74,0
76149090,373583.98,373583.98,0
76150000,532.3199999999999,0,-532.3199999999999
76151000,8243283.790000003,8243283.790000003,0
76151010,1314,0,-1314
76151100,304.6,304.6,0
76151800,19,0,-19
76151900,30575.02,30575.02,0
76152000,894330.6299999998,894330.6299999998,0
76158200,322,0,-322
76159000,528.4,0,-528.4
76160000,6,0,-6
76161000,6373119.680000001,6373119.680000001,0
76161010,733.61,0,-733.61
76161600,0.8,0,-0.8
76161900,94.3,0,-94.3
76165000,1597.8,0,-1597.8
76166110,923,0,-923
76169000,3080.8,0,-3080.8
76169090,17,0,-17
76169100,1553468.21,1553468.21,0
76169900,17590134.71,17590134.71,0
76169951,1277.53,0,-1277.53
76169990,5217.63,0,-5217.63
76181300,140.58,0,-140.58
76181500,275.61,0,-275.61
76181600,2083.27,0,-2083.27
76199900,35,0,-35
76201000,600,0,-600
76224340,30,0,-30
76239090,1230.5,0,-1230.5
76261900,30.8,0,-30.8
76269000,86.79,0,-86.79
76269090,3075.48,0,-3075.48
76299090,47.92,0,-47.92
76301000,930,0,-930
76469900,62.43,0,-62.43
76520000,1.6,0,-1.6
76543212,135284,0,-135284
76709000,14700,0,-14700
76761000,3,0,-3
76900000,268.4,0,-268.4
76910100,1000,0,-1000
76969100,749.9399999999999,0,-749.9399999999999
76990000,220,0,-220
77270754,201.45,0,-201.45
77536690,256,0,-256
77609000,40,0,-40
77666666,280,0,-280
77889910,416,0,-416
78000000,1440,0,-1440
78000900,2700,0,-2700
78011011,18928.56,18928.56,0
78011019,19925.69,19925.69,0
78011090,2106.64,2106.64,0
78019100,3034.030000000001,3034.030000000001,0
78019900,7067.410000000001,7067.410000000001,0
78020000,8593.3,8593.3,0
78041100,1225,1225,0
78041900,293786.2499999999,293786.2499999999,0
78060000,948.96,948.96,0
78060010,116967.43,116967.43,0
78060020,8550.61,8550.61,0
78060090,246014.07,246014.07,0
78063000,15600,0,-15600
78081900,77.1,0,-77.1
78082000,18.82,0,-18.82
78083000,3377.92,0,-3377.92
78083019,410,0,-410
78087090,30,0,-30
78088000,402,0,-402
78089200,25,0,-25
78099990,5,0,-5
78122000,3.58,0,-3.58
78126600,21590.9,0,-21590.9
78131500,34.4,0,-34.4
78132100,150,0,-150
78152000,199.8,0,-199.8
78161000,2.7,0,-2.7
78181000,67.5,0,-67.5
78181500,5910.710000000002,0,-5910.710000000002
78181600,1239.75,0,-1239.75
78182100,150.1,0,-150.1
78182200,248,0,-248
78182300,2035,0,-2035
78239400,1600,0,-1600
78249500,1050,0,-1050
78251000,2357.32,0,-2357.32
78300000,4900,0,-4900
78412782,4,0,-4
78451278,23215.3,0,-23215.3
78451425,47.4,0,-47.4
78452127,40,0,-40
78452148,2203,0,-2203
78452181,22,0,-22
78456000,30,0,-30
78456923,128,0,-128
78457812,2505,0,-2505
78457845,1102,0,-1102
78457889,1351.6,0,-1351.6
78475457,50,0,-50
78500000,15856.8,0,-15856.8
78502750,73.39999999999999,0,-73.39999999999999
78549632,41.5,0,-41.5
78636910,192,0,-192
78642318,0.6,0,-0.6
78680000,8.2,0,-8.2
78738100,675,0,-675
78802255,11,0,-11
78894512,176.1,0,-176.1
78900000,902,0,-902
78904281,41,0,-41
78910000,35.97,0,-35.97
78911170,1230,0,-1230
78912510,27,0,-27
78912527,55,0,-55
78914300,69.98,0,-69.98
78915790,880,0,-880
78916451,31,0,-31
78916480,90,0,-90
78916911,185,0,-185
78919601,59.8,0,-59.8
78923000,20,0,-20
78939461,25,0,-25
78945612,290,0,-290
78945662,345,0,-345
78945762,135,0,-135
78946937,173.5,0,-173.5
78958261,3040,0,-3040
78960010,80.5,0,-80.5
78960062,504,0,-504
78962328,13.8,0,-13.8
78962602,405,0,-405
78963212,16230,0,-16230
78963422,660,0,-660
78963801,60,0,-60
78965412,630,0,-630
78966332,430,0,-430
78966376,134.15,0,-134.15
78966541,325,0,-325
78966655,14,0,-14
78966890,11.97,0,-11.97
78968930,21000,0,-21000
78969525,80,0,-80
78970135,27,0,-27
78970472,5826,0,-5826
78973803,40,0,-40
78974852,15,0,-15
78975156,328,0,-328
78975172,39.07,0,-39.07
78976133,28,0,-28
78976438,276,0,-276
78976497,21.6,0,-21.6
78978013,98,0,-98
78978276,442.8,0,-442.8
78980709,110,0,-110
78983574,36,0,-36
78983674,238.25,0,-238.25
78984182,60.42,0,-60.42
78984410,670,0,-670
78984822,216,0,-216
78984884,393,0,-393
78985435,2905,0,-2905
78985861,344,0,-344
78986198,8,0,-8
78986270,650,0,-650
78986545,68,0,-68
78989318,90,0,-90
78989319,5460,0,-5460
78989376,1408,0,-1408
78989423,6.5,0,-6.5
78989471,31.5,0,-31.5
78989482,60,0,-60
78989531,17.97,0,-17.97
78989658,9,0,-9
78990954,69,0,-69
78992717,246,0,-246
78996495,40,0,-40
78997375,58.5,0,-58.5
78997556,219.9,0,-219.9
78997614,114,0,-114
78998122,145,0,-145
78999999,920,0,-920
79011019,15,0,-15
79011111,309461.81,309461.81,0
79011119,40179.93,40179.93,0
79011199,21288.86,21288.86,0
79011210,1089,1089,0
79011290,1056,1056,0
79012010,18700.75,18700.75,0
79012090,24058.9,24058.9,0
79020000,7268.52,7268.52,0
79031000,376.61,376.61,0
79039000,260306.03,260306.03,0
79040000,689987.24,689987.24,0
79050000,2996396.66,2996396.66,0
79060000,396.78,396.78,0
79070000,36579.71,36579.71,0
79070010,585219.63,585219.63,0
79070090,2053679.88,2053679.88,0
79070099,18,0,-18
79071910,11.9,0,-11.9
79071920,149.01,0,-149.01
79079000,217.8,0,-217.8
79079900,9.73,0,-9.73
79082090,271.75,0,-271.75
79083000,320,0,-320
79089090,26430,0,-26430
79169900,184.82,0,-184.82
79181500,146,0,-146
79181900,565,0,-565
79182900,583.9,0,-583.9
79199000,618.48,0,-618.48
79218324,6.88,0,-6.88
79244600,6724,0,-6724
79269090,242.5,0,-242.5
79999999,974,0,-974
80000000,150,0,-150
80008299,2876.7,0,-2876.7
80011000,125042.74,125042.74,0
80012000,337035.5799999999,337035.5799999999,0
80019000,437.25,0,-437.25
80020000,483.97,483.97,0
80021000,39.6,0,-39.6
80022000,112.46,0,-112.46
80024000,8.8,0,-8.8
80025100,0.88,0,-0.88
80030000,325357.5000000001,325357.5000000001,0
80039000,105.4,0,-105.4
80040000,52.3,52.3,0
80042000,45,0,-45
80042100,13,0,-13
80050020,3000,3000,0
80062020,15,0,-15
80070010,11657.33,11657.33,0
80070020,15120,15120,0
80070030,3975.21,3975.21,0
80070090,572290.27,572290.27,0
80075011,249.06,0,-249.06
80075090,127,0,-127
80082000,192,0,-192
80083090,840,0,-840
80084000,190,0,-190
80099190,39.8,0,-39.8
80101000,3.7,0,-3.7
80122011,320,0,-320
80145990,258,0,-258
80169090,2230,0,-2230
80169300,260,0,-260
80202000,111,0,-111
80208900,68.74,0,-68.74
80254021,1457.9,0,-1457.9
80261029,216,0,-216
80300000,1408.41,0,-1408.41
80328981,51,0,-51
80339090,953.12,0,-953.12
80363421,2900,0,-2900
80368000,1430,0,-1430
80422110,36,0,-36
80430000,280.62,0,-280.62
80440000,91.41000000000001,0,-91.41000000000001
80450000,49,0,-49
80450100,38.61,0,-38.61
80452011,923.1800000000001,0,-923.1800000000001
80510000,1385.6,0,-1385.6
80529852,43,0,-43
80530000,9.100000000000001,0,-9.100000000000001
80536610,47,0,-47
80550000,24.15,0,-24.15
80571422,500,0,-500
80603000,11,0,-11
80603021,32.9,0,-32.9
80610000,109,0,-109
80645100,30.52,0,-30.52
80750110,6,0,-6
80783090,250,0,-250
80801715,5050,0,-5050
80808080,2244,0,-2244
80810000,146.6,0,-146.6
80812000,11.5,0,-11.5
80818019,10,0,-10
80818095,237.27,0,-237.27
80819090,4480,0,-4480
80828000,400,0,-400
80839000,953.2,0,-953.2
80848095,16.65,0,-16.65
80879990,850,0,-850
80906050,719.2,0,-719.2
80995563,506.6,0,-506.6
81000026,350,0,-350
81010000,38,0,-38
81011000,8038.24,8038.24,0
81019000,295.3,0,-295.3
81019400,141631.96,141631.96,0
81019600,88184.64,88184.64,0
81019700,114685.4,114685.4,0
81019910,49176.37,49176.37,0
81019990,154534.12,154534.12,0
81021000,1200,1200,0
81029400,11366.75,11366.75,0
81029500,18822.76,18822.76,0
81029600,19401.74,19401.74,0
81029700,80180,80180,0
81029900,367.28,367.28,0
81032000,438.9,438.9,0
81034000,153.15,0,-153.15
81039001,110,0,-110
81039100,10801.53,10801.53,0
81039900,360.64,360.64,0
81041100,3990.21,3990.21,0
81041900,7918.79,7918.79,0
81042000,424.56,424.56,0
81043000,347.19,347.19,0
81049000,104389.9,104389.9,0
81052010,13000,13000,0
81052021,197.9,197.9,0
81052029,11787.83,11787.83,0
81052090,620,620,0
81059010,335915.9300000001,335915.9300000001,0
81059090,10189.98,10189.98,0
81060090,270,270,0
81061000,7115.9,7115.9,0
81069000,2043.77,2043.77,0
81075090,26070,0,-26070
81082000,1930.13,1930.13,0
81084000,129.6,0,-129.6
81086075,93.28,0,-93.28
81089000,76063.87,76063.87,0
81089990,5600,0,-5600
81091000,9.9,9.9,0
81092000,7252,7252,0
81092100,19,19,0
81093900,3880.5,3880.5,0
81099000,60,60,0
81099900,8700,8700,0
81101010,23,23,0
81101020,71.15,71.15,0
81101991,39,0,-39
81102000,8.5,8.5,0
81109000,14819.55,14819.55,0
81110000,105.85,0,-105.85
81110010,776.8199999999999,776.8199999999999,0
81110020,230697,230697,0
81110090,34036.98,34036.98,0
81118020,5995,0,-5995
81121200,8395.04,8395.04,0
81121300,5888,5888,0
81121900,451.25,451.25,0
81122010,15472.3,15472.3,0
81122023,328.5,0,-328.5
81122110,931.9,931.9,0
81122120,199.9,199.9,0
81122200,385,385,0
81122900,30317.37,30317.37,0
81125100,1358,1358,0
81125200,5842589.59,5842589.59,0
81126100,5000,5000,0
81126900,43.5,43.5,0
81129200,38.9,38.9,0
81130010,30733.25,30733.25,0
81130090,62019.86000000001,62019.86000000001,0
81131900,109.5,0,-109.5
81139019,1050,0,-1050
81139190,4588.74,0,-4588.74
81143091,8070,0,-8070
81148019,169,0,-169
81148788,90,0,-90
81149070,216070,0,-216070
81149190,153.4,0,-153.4
81176254,58,0,-58
81210000,58.49999999999999,0,-58.49999999999999
81212100,710,0,-710
81212110,4000,0,-4000
81212300,478,0,-478
81212990,1054.01,0,-1054.01
81213100,456,0,-456
81213990,240,0,-240
81219999,738.74,0,-738.74
81222010,122,0,-122
81238673,12,0,-12
81279990,30,0,-30
81300000,1650,0,-1650
81314929,2360.5,0,-2360.5
81329000,5156.139999999999,0,-5156.139999999999
81421500,980,0,-980
81449020,3350.75,0,-3350.75
81452606,17271.6,0,-17271.6
81513110,5450,0,-5450
81524251,220,0,-220
81701932,225,0,-225
81801987,466.67,0,-466.67
81811000,510,0,-510
81813000,672.9,0,-672.9
81818019,288.28,0,-288.28
81818095,38,0,-38
81818099,399.69,0,-399.69
81820020,90,0,-90
81821010,300,0,-300
81825090,255,0,-255
81831090,5117,0,-5117
81848019,59.9,0,-59.9
81848095,28,0,-28
81880400,730.51,0,-730.51
81901390,10070,0,-10070
82005400,5939,0,-5939
82008704,495,0,-495
82010000,74,0,-74
82010400,353,0,-353
82011000,2621276.05,2621276.05,0
82011100,237.2,0,-237.2
82011300,236.1,0,-236.1
82011900,520.5,0,-520.5
82012000,3319.71,3319.71,0
82012900,60,0,-60
82013000,6373006.83,6373006.83,0
82014000,2923885.56,2923885.56,0
82015000,1951153.25,1951153.25,0
82016000,344267.09,344267.09,0
82018090,163.8,0,-163.8
82019000,10227160.4,10227160.4,0
82019001,188,0,-188
82019090,1480,0,-1480
82021000,1883945.65,1883945.65,0
82021001,68.3,0,-68.3
82021100,719.6199999999999,0,-719.6199999999999
82022000,1427486.74,1427486.74,0
82022010,9200,0,-9200
82022100,72.9,0,-72.9
82022990,106.8,0,-106.8
82023100,1655169.02,1655169.02,0
82023900,1145977.06,1145977.06,0
82023940,30,0,-30
82024000,13849267.12,13849267.12,0
82024001,15,0,-15
82028400,1558.4,0,-1558.4
82029090,126,0,-126
82029100,2582297.65,2582297.65,0
82029111,11.99,0,-11.99
82029900,88,0,-88
82029910,2939.76,2939.76,0
82029990,1382639.1,1382639.1,0
82030000,75,0,-75
82031000,42.51,0,-42.51
82031010,9180453.649999999,9180453.649999999,0
82031090,127116.04,127116.04,0
82032000,40,0,-40
82032010,10681540.92,10681540.92,0
82032090,2106406.97,2106406.97,0
82032099,108,0,-108
82032900,75,0,-75
82033000,133028.33,133028.33,0
82033010,889.5900000000001,0,-889.5900000000001
82034000,158382.02,158382.02,0
82039020,118,0,-118
82040000,220,0,-220
82041000,4996,0,-4996
82041100,26053770.95,26053770.95,0
82041101,125.15,0,-125.15
82041110,1447.85,0,-1447.85
82041120,283.73,0,-283.73
82041200,5806019.33,5806019.33,0
82041400,1074.18,0,-1074.18
82042000,13737655.63,13737655.63,0
82042010,8.57,0,-8.57
82042015,16,0,-16
82042119,118,0,-118
82044000,1298.28,0,-1298.28
82044120,124.4,0,-124.4
82045011,73.6,0,-73.6
82049000,70.81,0,-70.81
82050111,16,0,-16
82051000,836231.6099999999,836231.6099999999,0
82051010,63,0,-63
82051100,291.83,0,-291.83
82052000,3466282.51,3466282.51,0
82052010,321.6,0,-321.6
82052910,5.28,0,-5.28
82053000,714256.0999999997,714256.0999999997,0
82054000,6381545.949999998,6381545.949999998,0
82054001,8.9,0,-8.9
82055100,802565.68,802565.68,0
82055400,76.25999999999999,0,-76.25999999999999
82055900,15673178.94,15673178.94,0
82055920,702.2,0,-702.2
82055999,75.89,0,-75.89
82056000,172042.18,172042.18,0
82057000,3122229.28,3122229.28,0
82058000,2216.21,2216.21,0
82058700,245,0,-245
82059000,199572.96,199572.96,0
82059900,39,0,-39
82060000,2987771.470000001,2987771.470000001,0
82062000,47.9,0,-47.9
82063000,27,0,-27
82070000,64.77000000000001,0,-64.77000000000001
82070020,12.5,0,-12.5
82071000,15,0,-15
82071090,7460,0,-7460
82071300,20850.41,20850.41,0
82071900,26887.6,26887.6,0
82071910,159420.54,159420.54,0
82071990,275410.68,275410.68,0
82072000,3789.5,3789.5,0
82072011,2438,0,-2438
82072019,28.5,0,-28.5
82072999,3910.35,0,-3910.35
82073000,805636.2699999999,805636.2699999999,0
82074000,1475.04,0,-1475.04
82074010,2227726.3,2227726.3,0
82074020,346185.14,346185.14,0
82075000,618,0,-618
82075010,7181.75,0,-7181.75
82075011,13833110.23,13833110.23,0
82075014,1488.1,0,-1488.1
82075019,839133.02,839133.02,0
82075090,773280.7,773280.7,0
82075099,20,0,-20
82075100,6.5,0,-6.5
82075990,580,0,-580
82076000,99981.25999999998,99981.25999999998,0
82077010,255975.06,255975.06,0
82077020,209831.74,209831.74,0
82077090,162201.27,162201.27,0
82077900,12.5,0,-12.5
82078000,917062.8500000001,917062.8500000001,0
82079000,5367465.449999999,5367465.449999999,0
82081000,96758.73,96758.73,0
82082000,638643.0800000001,638643.0800000001,0
82083000,115973.9,115973.9,0
82084000,97552493.62000002,97552493.62000002,0
82088400,145,0,-145
82089000,2342633.73,2342633.73,0
82089990,17.58,0,-17.58
82090011,850187.37,850187.37,0
82090019,50244.8,50244.8,0
82090090,632283.7000000002,632283.7000000002,0
82091010,21.4,0,-21.4
82095011,514.15,0,-514.15
82099000,6.79,0,-6.79
82099100,15.5,0,-15.5
82099990,40,0,-40
82100010,974038.4600000001,974038.4600000001,0
82100052,2240,0,-2240
82100090,451859.4600000001,451859.4600000001,0
82101200,23.17,0,-23.17
82101300,85,0,-85
82105030,17.65,0,-17.65
82111000,447875.59,447875.59,0
82112000,1650,0,-1650
82119000,285,0,-285
82119100,1210423.29,1210423.29,0
82119200,126.75,0,-126.75
82119210,1625187.85,1625187.85,0
82119220,92584.04,92584.04,0
82119222,221.3,0,-221.3
82119290,307062,307062,0
82119300,81.5,0,-81.5
82119310,155865.66,155865.66,0
82119320,1236666.12,1236666.12,0
82119390,326205.79,326205.79,0
82119393,26.9,0,-26.9
82119399,252.85,0,-252.85
82119400,265798.5600000001,265798.5600000001,0
82119500,86687.59999999999,86687.59999999999,0
82119590,4.08,0,-4.08
82120010,2300,0,-2300
82121010,73710.78,73710.78,0
82121020,498999.7199999999,498999.7199999999,0
82122010,210628.14,210628.14,0
82122011,291.9,0,-291.9
82122019,727.0799999999999,0,-727.0799999999999
82122020,924.26,924.26,0
82123000,15,0,-15
82129000,12204.56,12204.56,0
82129990,349.4,0,-349.4
82130000,1376622.81,1376622.81,0
82132213,3070,0,-3070
82141000,136637.3,136637.3,0
82142000,135129.7,135129.7,0
82149010,22432.52,22432.52,0
82149090,925743.3899999999,925743.3899999999,0
82151000,212699.52,212699.52,0
82151200,50,0,-50
82152000,2167395.56,2167395.56,0
82152020,176.4,0,-176.4
82159100,317458.49,317458.49,0
82159900,126.4,0,-126.4
82159910,2661240.23,2661240.23,0
82159990,366787.29,366787.29,0
82160000,146,0,-146
82171200,174.4,0,-174.4
82175310,5.2,0,-5.2
82199320,27.35,0,-27.35
82205011,67.5,0,-67.5
82212300,70.55,0,-70.55
82212990,127.56,0,-127.56
82213100,232,0,-232
82219997,19.9,0,-19.9
82235900,250,0,-250
82242000,114.5,0,-114.5
82243090,23.79,0,-23.79
82248121,4.5,0,-4.5
82248221,37.58,0,-37.58
82248229,77.9,0,-77.9
82249010,75,0,-75
82249090,654.5,0,-654.5
82255555,1060.2,0,-1060.2
82302000,1927.9,0,-1927.9
82319390,20.93,0,-20.93
82329000,482.4,0,-482.4
82348996,1760,0,-1760
82362000,989,0,-989
82411000,36,0,-36
82411100,38,0,-38
82412990,23,0,-23
82413866,38,0,-38
82477525,55,0,-55
82490410,15,0,-15
82491523,5,0,-5
82534887,155,0,-155
82538495,60,0,-60
82538509,25,0,-25
82566354,309,0,-309
82591019,590,0,-590
82675011,12.9,0,-12.9
82818095,654.8,0,-654.8
82821010,2900.98,0,-2900.98
82822010,1150.02,0,-1150.02
82833029,332,0,-332
82838656,78,0,-78
82840000,357,0,-357
82841000,36,0,-36
82841090,3814.25,0,-3814.25
82841100,47.9,0,-47.9
82842010,2101.3,0,-2101.3
82910400,0.25,0,-0.25
82941025,300,0,-300
82983066,3585.51,0,-3585.51
83000000,20,0,-20
83009978,150,0,-150
83010000,615.45,0,-615.45
83011000,6492722.550000001,6492722.550000001,0
83011100,487.64,0,-487.64
83011500,393.34,0,-393.34
83012000,5900139.660000002,5900139.660000002,0
83013000,558892.5499999999,558892.5499999999,0
83014000,12467608.79,12467608.79,0
83014100,186,0,-186
83014200,127.72,0,-127.72
83014400,245.56,0,-245.56
83015000,871854.2999999999,871854.2999999999,0
83015210,7067,0,-7067
83016000,1521521.42,1521521.42,0
83017000,876735.1599999999,876735.1599999999,0
83020000,115.6,0,-115.6
83021000,19647948.16,19647948.16,0
83021100,199.8,0,-199.8
83021900,1850.74,0,-1850.74
83022000,4340202.689999999,4340202.689999999,0
83022010,835,0,-835
83022100,60.53999999999999,0,-60.53999999999999
83022200,132,0,-132
83023000,8852225.280000003,8852225.280000003,0
83024000,11803.3,0,-11803.3
83024100,5825158.51,5825158.51,0
83024200,5970026.29,5970026.29,0
83024300,1854.5,0,-1854.5
83024900,7193342.570000001,7193342.570000001,0
83025000,4246023.040000001,4246023.040000001,0
83026000,470675.7199999999,470675.7199999999,0
83028000,56,0,-56
83030000,1547115.63,1547115.63,0
83031000,564.6,0,-564.6
83031010,21,0,-21
83032010,18.55,0,-18.55
83033000,800,0,-800
83040000,191040.22,191040.22,0
83049999,70,0,-70
83051000,470632.4399999999,470632.4399999999,0
83052000,4259430.87,4259430.87,0
83059000,391955.9,391955.9,0
83061000,63936.2,63936.2,0
83062000,68,0,-68
83062100,732704.2800000003,732704.2800000003,0
83062699,2797.2,0,-2797.2
83062900,1272784.52,1272784.52,0
83063000,441799.4399999998,441799.4399999998,0
83063002,526.4,0,-526.4
83071000,92826,92826,0
83071010,32115.45,32115.45,0
83071090,1181886.32,1181886.32,0
83072010,1200,0,-1200
83073300,48.13,0,-48.13
83077900,399.7,0,-399.7
83079000,2236087.14,2236087.14,0
83080000,50.2,0,-50.2
83081000,75762.5,75762.5,0
83082000,3209787.03,3209787.03,0
83083000,5250,0,-5250
83089010,507465.79,507465.79,0
83089020,1028.75,1028.75,0
83089090,862336.15,862336.15,0
83091000,92971.23,92971.23,0
83099000,994160.07,994160.07,0
83099900,460,0,-460
83100000,8486772.790000001,8486772.790000001,0
83100001,330,0,-330
83104000,2170,0,-2170
83110000,127.5,0,-127.5
83111000,42878665.2,42878665.2,0
83111100,22.69,0,-22.69
83111300,659.75,0,-659.75
83112000,733045.1900000001,733045.1900000001,0
83113000,356393.71,356393.71,0
83114000,55,0,-55
83119000,336038.28,336038.28,0
83119090,144.34,0,-144.34
83122000,13,0,-13
83129000,172,0,-172
83131900,2750,0,-2750
83133020,261.84,0,-261.84
83133030,725,0,-725
83136011,1750,0,-1750
83140000,485,0,-485
83181500,1797.32,0,-1797.32
83181600,252,0,-252
83181900,162,0,-162
83182200,60,0,-60
83182400,639,0,-639
83182900,21.78,0,-21.78
83201000,88,0,-88
83210000,3370.5,0,-3370.5
83212300,85.68,0,-85.68
83213200,112,0,-112
83214929,126.1,0,-126.1
83220000,52,0,-52
83221000,1698.21,0,-1698.21
83258712,19,0,-19
83269090,90,0,-90
83290000,892.4200000000001,0,-892.4200000000001
83310000,1750,0,-1750
83311090,184,0,-184
83314920,1467,0,-1467
83324100,55.28,0,-55.28
83329000,390,0,-390
83359000,1203.85,0,-1203.85
83361000,29,0,-29
83364100,1276,0,-1276
83365080,330.46,0,-330.46
83365090,442.82,0,-442.82
83366100,28.5,0,-28.5
83392110,232,0,-232
83401000,186,0,-186
83414929,324,0,-324
83439923,377.4,0,-377.4
83456987,1232,0,-1232
83578965,15,0,-15
83605200,40,0,-40
83665090,173,0,-173
83776497,55,0,-55
83783590,40,0,-40
83833029,168,0,-168
83833090,311.11,0,-311.11
83839100,1005,0,-1005
83849000,575,0,-575
83908000,49.5,0,-49.5
83924900,85,0,-85
84000000,12603.88,0,-12603.88
84000520,144.02,0,-144.02
84001200,1502.16,0,-1502.16
84001203,159.7,0,-159.7
84009190,10,0,-10
84011000,129631.17,129631.17,0
84011019,1150,0,-1150
84011400,2398,0,-2398
84012000,64498.10999999999,64498.10999999999,0
84013000,13956.7,13956.7,0
84013919,54.86,0,-54.86
84014000,188746.26,188746.26,0
84016930,35,0,-35
84016999,142.3,0,-142.3
84018019,347.65,0,-347.65
84018800,304,0,-304
84019010,220,0,-220
84019039,11394.96,0,-11394.96
84019294,1040,0,-1040
84021100,929794.4999999999,929794.4999999999,0
84021200,2291836.6,2291836.6,0
84021900,28391529.92,28391529.92,0
84022000,17532.49,17532.49,0
84023000,95.6,0,-95.6
84024000,119.35,0,-119.35
84025468,80,0,-80
84026931,341.7,0,-341.7
84029000,4297071.98,4297071.98,0
84029039,421.6,0,-421.6
84031010,396722.64,396722.64,0
84031090,64548.09,64548.09,0
84031100,2550,0,-2550
84033020,668,0,-668
84033030,900,0,-900
84035000,2400,0,-2400
84035250,47.03,0,-47.03
84039000,53269.28,53269.28,0
84039099,8940,0,-8940
84039191,290,0,-290
84041000,585,0,-585
84041010,2025160.59,2025160.59,0
84041020,3142.58,3142.58,0
84041100,306.1,0,-306.1
84041200,171.6,0,-171.6
84042000,716138.27,716138.27,0
84043809,700,0,-700
84044021,358,0,-358
84044040,1150,0,-1150
84045858,93,0,-93
84048090,71.96,0,-71.96
84049010,9291.36,9291.36,0
84049090,156010.82,156010.82,0
84049999,115.2,0,-115.2
84051000,982712.44,982712.44,0
84051093,2100,0,-2100
84052169,419.4,0,-419.4
84054000,30.79,0,-30.79
84056552,45,0,-45
84058658,40,0,-40
84058741,522,0,-522
84059000,97344.64,97344.64,0
84059010,50,0,-50
84059999,3495,0,-3495
84061000,66477.28,66477.28,0
84062090,184.9,0,-184.9
84062511,2500,0,-2500
84068100,634902.62,634902.62,0
84068200,114946.09,114946.09,0
84069000,2770,2770,0
84069001,240,0,-240
84069010,890,0,-890
84069011,747133.6,747133.6,0
84069019,97618.62,97618.62,0
84069020,629,0,-629
84069021,276260.96,276260.96,0
84069029,58165.96,58165.96,0
84069090,82082.52,82082.52,0
84069091,465,0,-465
84069100,720,0,-720
84069199,3685.3,0,-3685.3
84069999,524.8,0,-524.8
84071000,12122706.71,12122706.71,0
84071019,12.55,0,-12.55
84072110,758324.98,758324.98,0
84072190,16574750.38,16574750.38,0
84072910,37386.84,37386.84,0
84072990,3997335.560000001,3997335.560000001,0
84073000,230,0,-230
84073110,335802.87,335802.87,0
84073190,88532.25,88532.25,0
84073200,338845.5,338845.5,0
84073310,17328.07,17328.07,0
84073390,559311.97,559311.97,0
84073410,19047,19047,0
84073490,3614751.549999999,3614751.549999999,0
84074010,55,0,-55
84079000,17322241.98,17322241.98,0
84079090,14,0,-14
84079990,13588.12,0,-13588.12
84080000,100,0,-100
84080808,88,0,-88
84081000,42.76,0,-42.76
84081010,217016.97,217016.97,0
84081090,3406049.4,3406049.4,0
84082000,59.5,0,-59.5
84082010,331944.12,331944.12,0
84082020,3054355.42,3054355.42,0
84082030,2103764.1,2103764.1,0
84082090,25319550.33,25319550.33,0
84082100,24,0,-24
84082999,114.28,0,-114.28
84083090,1310.84,0,-1310.84
84083302,95,0,-95
84084090,2821.05,0,-2821.05
84085011,1889,0,-1889
84085019,70,0,-70
84085090,1405.94,0,-1405.94
84087090,3364,0,-3364
84088120,3012,0,-3012
84089000,6423.14,0,-6423.14
84089010,2242699.96,2242699.96,0
84089090,18661217.99,18661217.99,0
84089300,4875.62,0,-4875.62
84089412,1240,0,-1240
84089422,725,0,-725
84089482,100,0,-100
84089483,600,0,-600
84089490,88.4,0,-88.4
84089900,953.46,0,-953.46
84089990,5640.27,0,-5640.27
84089999,2001,0,-2001
84090000,240,0,-240
84091000,21805354.1,21805354.1,0
84091010,110,0,-110
84091114,182,0,-182
84092090,350,0,-350
84092099,290.02,0,-290.02
84093003,685.13,0,-685.13
84093896,260,0,-260
84093911,729.9,0,-729.9
84094050,530,0,-530
84096999,1356,0,-1356
84098111,220,0,-220
84098114,185,0,-185
84099000,3032.1,0,-3032.1
84099069,7345.8,0,-7345.8
84099090,270,0,-270
84099100,3863.87,0,-3863.87
84099101,374,0,-374
84099102,4500,0,-4500
84099103,70,0,-70
84099110,639,0,-639
84099111,1817309.63,1817309.63,0
84099112,12527375.07,12527375.07,0
84099113,4577339.91,4577339.91,0
84099114,3840066.939999999,3840066.939999999,0
84099115,807440.96,807440.96,0
84099116,5117543.42,5117543.42,0
84099117,1076685.48,1076685.48,0
84099118,941761.86,941761.86,0
84099120,6354142.56,6354142.56,0
84099121,13.2,0,-13.2
84099130,2650110.37,2650110.37,0
84099140,1138384.85,1138384.85,0
84099150,176.49,0,-176.49
84099190,22234241.93000001,22234241.93000001,0
84099191,143,0,-143
84099199,3033.74,0,-3033.74
84099292,1400,0,-1400
84099300,1042.85,0,-1042.85
84099900,6850.320000000002,0,-6850.320000000002
84099902,65,0,-65
84099906,3296.44,0,-3296.44
84099911,28902.75,28902.75,0
84099912,15559166.35,15559166.35,0
84099913,152831.4,152831.4,0
84099914,24021917.03,24021917.03,0
84099915,5444920.61,5444920.61,0
84099916,17397.87,17397.87,0
84099917,3304484.42,3304484.42,0
84099919,1242,0,-1242
84099920,113200.96,113200.96,0
84099921,127833.86,127833.86,0
84099929,52973836.05000001,52973836.05000001,0
84099930,14064932.06000001,14064932.06000001,0
84099941,18120.76,18120.76,0
84099949,4717721.909999999,4717721.909999999,0
84099950,1068,0,-1068
84099951,371196.79,371196.79,0
84099959,28101466.04,28101466.04,0
84099960,9004,0,-9004
84099961,14995957.44,14995957.44,0
84099963,6000,0,-6000
84099969,96815163.59,96815163.59,0
84099970,235.86,0,-235.86
84099971,37609.67,37609.67,0
84099979,9331842.739999998,9331842.739999998,0
84099990,690400.0800000001,690400.0800000001,0
84099991,217566.57,217566.57,0
84099993,1152,0,-1152
84099995,285,0,-285
84099996,13157,0,-13157
84099999,103386943.47,103386943.47,0
84101000,1304.02,0,-1304.02
84101100,1125982.23,1125982.23,0
84101200,63611.54,63611.54,0
84101300,16407.25,16407.25,0
84102121,274.6,0,-274.6
84103300,514.36,0,-514.36
84103919,16000,0,-16000
84104545,33,0,-33
84109000,393011.62,393011.62,0
84109080,185.56,0,-185.56
84109999,160,0,-160
84110000,225.9,0,-225.9
84111000,595.29,0,-595.29
84111100,27156,27156,0
84111200,17224.1,17224.1,0
84112010,58,0,-58
84112100,1546257.48,1546257.48,0
84112200,5365942.12,5365942.12,0
84113611,2500,0,-2500
84113919,189,0,-189
84113990,760,0,-760
84114000,513,0,-513
84116090,85,0,-85
84118010,1900,0,-1900
84118011,29.9,0,-29.9
84118020,130,0,-130
84118100,55166.89,55166.89,0
84118200,20529.18,20529.18,0
84119000,1416.5,0,-1416.5
84119100,9167821.81,9167821.81,0
84119190,280,0,-280
84119900,1661702.53,1661702.53,0
84121000,75030.35,75030.35,0
84121010,380,0,-380
84122000,5997.56,0,-5997.56
84122010,390,0,-390
84122011,1774.69,0,-1774.69
84122022,954.4,0,-954.4
84122090,2358,0,-2358
84122110,50002551.29000001,50002551.29000001,0
84122190,14991555.78,14991555.78,0
84122199,86.08,0,-86.08
84122900,56674205.41,56674205.41,0
84122990,24,0,-24
84123000,230,0,-230
84123090,1300,0,-1300
84123110,7292052.130000001,7292052.130000001,0
84123190,715209.46,715209.46,0
84123697,30,0,-30
84123900,116739.96,116739.96,0
84123990,75,0,-75
84125200,307.2,0,-307.2
84125698,70,0,-70
84128000,1308376.11,1308376.11,0
84128080,73.15,0,-73.15
84128890,10212,0,-10212
84129000,7592.4,0,-7592.4
84129010,27263.6,27263.6,0
84129020,317212.77,317212.77,0
84129080,20250068.94,20250068.94,0
84129090,9613531.14,9613531.14,0
84129097,850,0,-850
84129190,891.3,0,-891.3
84129880,282,0,-282
84129999,140,0,-140
84130000,45.5,0,-45.5
84130709,600,0,-600
84131000,0.49,0,-0.49
84131070,156815,0,-156815
84131090,7322,0,-7322
84131100,3528562.93,3528562.93,0
84131160,1900,0,-1900
84131900,2701000.51,2701000.51,0
84132000,3868364.78,3868364.78,0
84132100,1300,0,-1300
84132110,160,0,-160
84132490,4164,0,-4164
84133000,25163.75,0,-25163.75
84133001,1537,0,-1537
84133009,1800,0,-1800
84133010,10968592.11,10968592.11,0
84133012,690.71,0,-690.71
84133020,42639631.89999999,42639631.89999999,0
84133030,50255858.41,50255858.41,0
84133031,24.8,0,-24.8
84133050,3039.12,0,-3039.12
84133080,11193.61,0,-11193.61
84133090,67361398.71,67361398.71,0
84133309,380,0,-380
84134000,1370266.06,1370266.06,0
84134050,662.54,0,-662.54
84134190,50036.75999999999,0,-50036.75999999999
84134929,1520,0,-1520
84135010,19084255.5,19084255.5,0
84135090,7281771.16,7281771.16,0
84136011,106291915.37,106291915.37,0
84136018,2900,0,-2900
84136019,14019435.5,14019435.5,0
84136022,3300,0,-3300
84136090,5460445.859999999,5460445.859999999,0
84137000,100,0,-100
84137010,61480423.85,61480423.85,0
84137080,21140120.37,21140120.37,0
84137090,75861122.55,75861122.55,0
84138100,44646252.56999999,44646252.56999999,0
84138200,1953712.83,1953712.83,0
84139000,54026.98,0,-54026.98
84139030,488.5,0,-488.5
84139049,3270,0,-3270
84139090,1146,0,-1146
84139091,1615,0,-1615
84139099,3600,0,-3600
84139100,214137.65,214137.65,0
84139110,118993.11,118993.11,0
84139120,12011,0,-12011
84139140,10.4,0,-10.4
84139190,158157369.39,158157369.39,0
84139191,221.5,0,-221.5
84139200,937853.8299999998,937853.8299999998,0
84139290,470,0,-470
84139919,319,0,-319
84139999,2000,0,-2000
84140000,156,0,-156
84140090,191.56,0,-191.56
84141000,2858588.15,2858588.15,0
84141900,155,0,-155
84142000,523934.2799999999,523934.2799999999,0
84143011,1300157.78,1300157.78,0
84143019,5463733.579999998,5463733.579999998,0
84143029,715.71,0,-715.71
84143039,400.5,0,-400.5
84143091,35203129.45,35203129.45,0
84143099,1344197.19,1344197.19,0
84143990,71.1,0,-71.1
84144000,198,0,-198
84144010,616627.5,616627.5,0
84144020,704732.9299999999,704732.9299999999,0
84144090,233753.1,233753.1,0
84144599,115.58,0,-115.58
84145110,564508.37,564508.37,0
84145120,430968.13,430968.13,0
84145190,790812.4,790812.4,0
84145590,1500,0,-1500
84145900,750,0,-750
84145910,534781.2299999999,534781.2299999999,0
84145990,92930650.15,92930650.15,0
84145992,1180,0,-1180
84145999,595,0,-595
84146000,9481572.739999998,9481572.739999998,0
84147000,257000.74,257000.74,0
84148010,25770,0,-25770
84148011,23620146.77,23620146.77,0
84148012,4271952.07,4271952.07,0
84148013,244824.2,244824.2,0
84148019,21160748.22,21160748.22,0
84148020,2576,0,-2576
84148021,40047765.66,40047765.66,0
84148022,155315.24,155315.24,0
84148029,807660.51,807660.51,0
84148030,350,0,-350
84148031,4290216.77,4290216.77,0
84148032,1628449.36,1628449.36,0
84148033,65146.88,65146.88,0
84148038,136323.03,136323.03,0
84148039,139628.19,139628.19,0
84148090,5863075.680000001,5863075.680000001,0
84148333,45,0,-45
84149000,3800,0,-3800
84149010,1198679.46,1198679.46,0
84149020,29730032.42,29730032.42,0
84149030,260,0,-260
84149031,1463775.19,1463775.19,0
84149032,923285.6899999998,923285.6899999998,0
84149033,2516180.77,2516180.77,0
84149034,1074950.81,1074950.81,0
84149038,52.5,0,-52.5
84149039,20957414.71,20957414.71,0
84149040,295126.87,295126.87,0
84149090,1360,0,-1360
84149139,1700,0,-1700
84149900,700,0,-700
84150000,59.5,0,-59.5
84151010,19859,19859,0
84151011,104370757.8,104370757.8,0
84151019,1887251.08,1887251.08,0
84151090,127792.21,127792.21,0
84151900,230,0,-230
84152010,944989.8,944989.8,0
84152090,499676.1,499676.1,0
84155990,685,0,-685
84157466,3480,0,-3480
84158110,104885.92,104885.92,0
84158190,8360723.609999999,8360723.609999999,0
84158210,564923.46,564923.46,0
84158290,3527905.87,3527905.87,0
84158300,236563.44,236563.44,0
84158330,3000,0,-3000
84159000,31843.43,31843.43,0
84159010,9748504.770000003,9748504.770000003,0
84159020,11511369.4,11511369.4,0
84159090,13825282.74,13825282.74,0
84159099,100,0,-100
84159990,368.91,0,-368.91
84161000,211279.46,211279.46,0
84161519,560,0,-560
84161900,10.15,0,-10.15
84162010,982866.6900000001,982866.6900000001,0
84162090,2785419.83,2785419.83,0
84162501,191.86,0,-191.86
84163000,64033887.62,64033887.62,0
84163010,1269,0,-1269
84169000,5746108.560000001,5746108.560000001,0
84169090,110,0,-110
84169190,990.66,0,-990.66
84169300,2384.3,0,-2384.3
84171000,108,0,-108
84171010,346075.22,346075.22,0
84171020,19990.6,19990.6,0
84171090,9837.069999999998,9837.069999999998,0
84171900,60,0,-60
84172000,1363742.66,1363742.66,0
84178010,40122,40122,0
84178020,3314.41,3314.41,0
84178090,4494252.07,4494252.07,0
84179000,385510.27,385510.27,0
84181000,37757366.18,37757366.18,0
84181900,92.9,0,-92.9
84182100,6232726.77,6232726.77,0
84182900,213642.8,213642.8,0
84183000,9264002.34,9264002.34,0
84184000,4614147.49,4614147.49,0
84185000,105110.71,0,-105110.71
84185010,1309489.75,1309489.75,0
84185090,13755563.39,13755563.39,0
84186100,9046464.340000002,9046464.340000002,0
84186110,480,480,0
84186190,1000,1000,0
84186910,89642.25,89642.25,0
84186920,7454742.2,7454742.2,0
84186931,5394258.239999999,5394258.239999999,0
84186932,794822.8300000001,794822.8300000001,0
84186940,9110107.92,9110107.92,0
84186991,44784.84,44784.84,0
84186999,103353266.99,103353266.99,0
84188019,88,0,-88
84188095,38.97,0,-38.97
84189090,420,0,-420
84189100,238283.31,238283.31,0
84189681,30,0,-30
84189900,7987575.669999999,7987575.669999999,0
84191100,3178006.98,3178006.98,0
84191200,13910225.73,13910225.73,0
84191900,522398.24,522398.24,0
84191910,852225.54,852225.54,0
84191990,168413.8,168413.8,0
84192000,37266.7,37266.7,0
84193100,573593.96,573593.96,0
84193200,25.49,25.49,0
84193300,2843296.96,2843296.96,0
84193400,571917592.98,571917592.98,0
84193500,27320.28,27320.28,0
84193900,17192709.44,17192709.44,0
84194000,51612,0,-51612
84194010,57966.13,57966.13,0
84194020,41022.25,41022.25,0
84194090,4279613.54,4279613.54,0
84195010,2752049.23,2752049.23,0
84195021,9121705.42,9121705.42,0
84195022,151910.53,151910.53,0
84195029,376790.8,376790.8,0
84195090,10560546.61,10560546.61,0
84196000,1123691,1123691,0
84198110,538958.59,538958.59,0
84198190,6853448.550000001,6853448.550000001,0
84198900,650,0,-650
84198911,2722.5,2722.5,0
84198919,751255.01,751255.01,0
84198920,947187.29,947187.29,0
84198930,538343.36,538343.36,0
84198940,3138796.33,3138796.33,0
84198991,5574409.359999999,5574409.359999999,0
84198999,4270222.4,4270222.4,0
84199010,723834.5900000001,723834.5900000001,0
84199016,320,0,-320
84199020,77965.36,77965.36,0
84199031,71715.27,71715.27,0
84199039,9965179.42,9965179.42,0
84199040,1772190.6,1772190.6,0
84199090,10988907.26,10988907.26,0
84199091,1026.8,0,-1026.8
84199114,574.07,0,-574.07
84199190,12,0,-12
84199900,1999,0,-1999
84199999,715.1,0,-715.1
84201010,41092.9,41092.9,0
84201090,214692.33,214692.33,0
84202010,267,0,-267
84209100,236724.65,236724.65,0
84209900,8043.74,8043.74,0
84210000,42768.49,0,-42768.49
84210100,73,0,-73
84211010,7501.969999999999,0,-7501.969999999999
84211090,428.43,0,-428.43
84211110,3647.22,3647.22,0
84211190,606081.3,606081.3,0
84211210,309025.04,309025.04,0
84211230,1869.01,0,-1869.01
84211290,71207.38,71207.38,0
84211300,382,0,-382
84211399,240,0,-240
84211900,3164.36,0,-3164.36
84211910,70865.3,70865.3,0
84211990,806344.43,806344.43,0
84211999,611.11,0,-611.11
84212090,1957.93,0,-1957.93
84212100,32481521.07,32481521.07,0
84212200,35783.65,35783.65,0
84212222,320,0,-320
84212223,627.4,0,-627.4
84212230,455.94,0,-455.94
84212290,52,0,-52
84212299,2265.38,0,-2265.38
84212300,231138432.5700001,231138432.5700001,0
84212302,1664,0,-1664
84212306,171.4,0,-171.4
84212330,350,0,-350
84212390,350,0,-350
84212399,130,0,-130
84212400,648.26,0,-648.26
84212591,155,0,-155
84212900,13094.44,0,-13094.44
84212911,40583.20999999999,40583.20999999999,0
84212919,1590173.13,1590173.13,0
84212920,250334.31,250334.31,0
84212930,1155460.28,1155460.28,0
84212980,30,0,-30
84212990,143347972.11,143347972.11,0
84212991,593,0,-593
84212992,120,0,-120
84212999,9550.18,0,-9550.18
84213000,2495.12,0,-2495.12
84213100,46617637.77000001,46617637.77000001,0
84213101,131,0,-131
84213109,880,0,-880
84213120,2800,0,-2800
84213200,1413923.92,1413923.92,0
84213210,35,0,-35
84213900,181,0,-181
84213910,1679748.6,1679748.6,0
84213920,171781.14,171781.14,0
84213930,32795.56,32795.56,0
84213990,70710365.59,70710365.59,0
84213999,1364.07,0,-1364.07
84214200,3430,0,-3430
84214929,3110.91,0,-3110.91
84216199,329.8,0,-329.8
84216310,64,0,-64
84217458,5950,0,-5950
84218221,18,0,-18
84218300,320,0,-320
84218909,145,0,-145
84218990,38,0,-38
84219000,622.91,0,-622.91
84219090,1737.5,0,-1737.5
84219110,12382.26,12382.26,0
84219190,85.6,0,-85.6
84219191,300867.4400000001,300867.4400000001,0
84219199,212254.42,212254.42,0
84219290,339.61,0,-339.61
84219490,1440,0,-1440
84219859,240,0,-240
84219900,2325.37,0,-2325.37
84219910,16583335.02,16583335.02,0
84219919,138.54,0,-138.54
84219920,2042.07,2042.07,0
84219990,41909.86,41909.86,0
84219991,122822.7,122822.7,0
84219992,55,0,-55
84219995,110,0,-110
84219999,416360826.4399998,416360826.4399998,0
84221010,392.15,0,-392.15
84221090,25,0,-25
84221100,6519139.239999999,6519139.239999999,0
84221300,163.78,0,-163.78
84221900,216981.31,216981.31,0
84222000,971207.48,971207.48,0
84222010,330,0,-330
84222090,325,0,-325
84222302,90,0,-90
84223010,1656103.9,1656103.9,0
84223021,2757349.04,2757349.04,0
84223022,153341.83,153341.83,0
84223023,1433,1433,0
84223029,4447340.86,4447340.86,0
84223030,73764.49,73764.49,0
84224000,40,0,-40
84224010,28016.51,28016.51,0
84224020,93459.85,93459.85,0
84224030,68826.13,68826.13,0
84224090,16831890.14,16831890.14,0
84224822,829.91,0,-829.91
84229000,140,0,-140
84229010,77149.89000000001,77149.89000000001,0
84229090,2601932.18,2601932.18,0
84231000,2719227.3,2719227.3,0
84231099,311.85,0,-311.85
84232000,213315.4,213315.4,0
84232900,7868.57,0,-7868.57
84233011,2636794.92,2636794.92,0
84233019,2442545.65,2442545.65,0
84233090,72589320.71,72589320.71,0
84236000,203.6,0,-203.6
84236578,3200,0,-3200
84236598,195,0,-195
84238000,5000,0,-5000
84238110,190124.25,190124.25,0
84238190,1369197,1369197,0
84238200,24274665.24,24274665.24,0
84238900,26080307.7,26080307.7,0
84239000,1427.38,0,-1427.38
84239010,1284268.02,1284268.02,0
84239021,89824.90999999999,89824.90999999999,0
84239029,15405569.36,15405569.36,0
84239090,305,0,-305
84239099,285.43,0,-285.43
84239999,181.05,0,-181.05
84240000,1081.42,0,-1081.42
84240101,477.4,0,-477.4
84240990,60,0,-60
84241000,12804408.01,12804408.01,0
84241119,26.8,0,-26.8
84242000,3763108.640000001,3763108.640000001,0
84242100,65,0,-65
84242181,10.84,0,-10.84
84242990,286.9,0,-286.9
84243010,20745448.94000001,20745448.94000001,0
84243020,77228.65,77228.65,0
84243025,14.4,0,-14.4
84243030,5278.1,5278.1,0
84243090,24195422.22,24195422.22,0
84243100,389.53,0,-389.53
84244100,58089516.18999999,58089516.18999999,0
84244110,22,0,-22
84244822,513,0,-513
84244900,4144705304.98,4144705304.98,0
84244990,24504,0,-24504
84245000,10,0,-10
84245121,588,0,-588
84246121,11.9,0,-11.9
84247229,120,0,-120
84248000,65,0,-65
84248111,120230.04,120230.04,0
84248112,32.8,0,-32.8
84248119,4021746.27,4021746.27,0
84248120,78,0,-78
84248121,2529405.27,2529405.27,0
84248129,482207.83,482207.83,0
84248190,15241.75,15241.75,0
84248199,313.28,0,-313.28
84248220,239.09,0,-239.09
84248221,2545567452.99,2545567452.99,0
84248224,2502,0,-2502
84248229,612618925.52,612618925.52,0
84248281,976.5,0,-976.5
84248290,48399860.45,48399860.45,0
84248421,52.15,0,-52.15
84248900,2999.53,2999.53,0
84248910,2906131.26,2906131.26,0
84248920,10578.68,10578.68,0
84248990,29803085.91,29803085.91,0
84249000,3318.85,0,-3318.85
84249010,1101544.9,1101544.9,0
84249090,343493852.03,343493852.03,0
84249191,25,0,-25
84249229,30,0,-30
84249941,35,0,-35
84249990,348.48,0,-348.48
84249999,225.02,0,-225.02
84251100,1350456.55,1350456.55,0
84251200,841.5,0,-841.5
84251201,25,0,-25
84251910,1874189.66,1874189.66,0
84251990,157758.69,157758.69,0
84251999,81.9,0,-81.9
84253000,568.08,0,-568.08
84253100,160,0,-160
84253110,1646206.65,1646206.65,0
84253190,239434.55,239434.55,0
84253910,4077030.98,4077030.98,0
84253990,3120078.93,3120078.93,0
84254100,414477.49,414477.49,0
84254101,225,0,-225
84254200,9473685.74,9473685.74,0
84254910,1970368.67,1970368.67,0
84254990,1827674.14,1827674.14,0
84256598,500,0,-500
84258200,1640,0,-1640
84259090,3679,0,-3679
84261100,1615738.51,1615738.51,0
84261200,34610.32,34610.32,0
84261900,122070.04,122070.04,0
84262000,258685.06,258685.06,0
84263000,14750,14750,0
84263786,120,0,-120
84264110,87831.29000000001,87831.29000000001,0
84264190,1997940.1,1997940.1,0
84264900,160,160,0
84264910,683645.55,683645.55,0
84264990,110051.18,110051.18,0
84268000,8,0,-8
84269090,415.5,0,-415.5
84269100,15177676.29,15177676.29,0
84269900,70865972.87,70865972.87,0
84271011,18218.08,18218.08,0
84271019,9465298.51,9465298.51,0
84271090,1596547.78,1596547.78,0
84272010,4447.02,4447.02,0
84272090,91950775.39,91950775.39,0
84273300,7305.25,0,-7305.25
84273330,904,0,-904
84279000,8455861.600000001,8455861.600000001,0
84280999,712.8,0,-712.8
84281000,54605406.07999999,54605406.07999999,0
84282010,3062960.83,3062960.83,0
84282090,14813409.14,14813409.14,0
84283100,1560573.3,1560573.3,0
84283200,166592009.54,166592009.54,0
84283300,59830503.83000001,59830503.83000001,0
84283910,95675403.61,95675403.61,0
84283920,475509.37,475509.37,0
84283930,1529.9,1529.9,0
84283990,41913869.13,41913869.13,0
84284000,396554.56,396554.56,0
84286000,1789833.22,1789833.22,0
84287000,8696.2,8696.2,0
84289010,20382.64,20382.64,0
84289020,191771.4,191771.4,0
84289030,425.5,425.5,0
84289090,4844449.44,4844449.44,0
84290000,2494.23,0,-2494.23
84291110,412071.52,412071.52,0
84291190,96639249.13,96639249.13,0
84291910,410906.29,410906.29,0
84291990,13923.18,13923.18,0
84292010,464455.43,464455.43,0
84292090,85828678.23000002,85828678.23000002,0
84292999,89,0,-89
84293000,395078.83,395078.83,0
84294000,18105126.77,18105126.77,0
84295111,382842.69,382842.69,0
84295119,22568034.85,22568034.85,0
84295129,86309.5,86309.5,0
84295191,3000,3000,0
84295192,6518585.32,6518585.32,0
84295199,919742632.25,919742632.25,0
84295210,700206.9,700206.9,0
84295211,214319,214319,0
84295212,3083513,3083513,0
84295219,519636300.99,519636300.99,0
84295220,40560.83,40560.83,0
84295290,30396.63,30396.63,0
84295900,161526903.63,161526903.63,0
84298430,860,0,-860
84299090,400.2,0,-400.2
84299111,376.5,0,-376.5
84299999,651.94,0,-651.94
84301000,778989.9500000001,778989.9500000001,0
84301019,179.14,0,-179.14
84302000,1664.14,1664.14,0
84303090,78.62,0,-78.62
84303110,524.9000000000001,524.9000000000001,0
84303190,110554,110554,0
84303910,17345.75,17345.75,0
84303990,13193.26,13193.26,0
84304110,29142.49,29142.49,0
84304120,433837.09,433837.09,0
84304130,673851.03,673851.03,0
84304190,19973.26,19973.26,0
84304910,55702,55702,0
84304920,31736.78,31736.78,0
84304990,190470.04,190470.04,0
84305000,1662210.63,1662210.63,0
84306100,339514.02,339514.02,0
84306911,503552,503552,0
84306919,720426.29,720426.29,0
84306990,97593052.12000003,97593052.12000003,0
84308000,310,0,-310
84309000,330,0,-330
84309990,1288.04,0,-1288.04
84310000,277.08,0,-277.08
84311000,360,0,-360
84311010,616709.1999999998,616709.1999999998,0
84311020,2474,0,-2474
84311090,123841.87,123841.87,0
84312000,12947.97,0,-12947.97
84312011,4086570.15,4086570.15,0
84312019,557813.04,557813.04,0
84312090,1648437.69,1648437.69,0
84312100,639.56,0,-639.56
84312594,325,0,-325
84312949,3804.9,0,-3804.9
84313000,1656.4,0,-1656.4
84313100,15,0,-15
84313110,17495751.13,17495751.13,0
84313190,7451523.5,7451523.5,0
84313439,3810.46,0,-3810.46
84313900,19932296.84,19932296.84,0
84313990,1167.6,0,-1167.6
84314100,15312049.28,15312049.28,0
84314200,13712171.8,13712171.8,0
84314229,5.5,0,-5.5
84314310,422522.35,422522.35,0
84314329,363.13,0,-363.13
84314390,2846457.12,2846457.12,0
84314629,22,0,-22
84314829,4797.63,0,-4797.63
84314900,426.15,426.15,0
84314910,3827857.46,3827857.46,0
84314920,100735.52,100735.52,0
84314921,392866.23,392866.23,0
84314922,14275765.15,14275765.15,0
84314923,6829982.17,6829982.17,0
84314929,120823423.22,120823423.22,0
84314939,4690,0,-4690
84319000,559.5,0,-559.5
84319090,1050,0,-1050
84319200,21018.79,0,-21018.79
84319929,316,0,-316
84320000,240.5,0,-240.5
84321000,84799255.78,84799255.78,0
84321010,185.45,0,-185.45
84321852,1114,0,-1114
84322010,7667.2,0,-7667.2
84322100,389116271.54,389116271.54,0
84322800,448,0,-448
84322900,243432659.1799999,243432659.1799999,0
84322990,32900,0,-32900
84323010,1475163.57,1475163.57,0
84323090,760307.86,760307.86,0
84323100,1280000,0,-1280000
84323110,3714349501.51,3715629501.51,1280000
84323190,1009413179.21,1009413179.21,0
84323900,854.64,0,-854.64
84323910,306777102.4499999,306777102.4499999,0
84323990,19175497.4,19175497.4,0
84324000,53613.86,53613.86,0
84324100,47810034.08,47810034.08,0
84324200,1883994702.61,1883994702.61,0
84324324,261.52,0,-261.52
84328000,437899078.03,437899078.03,0
84329000,1307151323.15,1307151323.15,0
84329010,383.82,0,-383.82
84329020,115.05,0,-115.05
84329030,64,0,-64
84329090,28312.19,0,-28312.19
84329100,15,0,-15
84329200,530.32,0,-530.32
84329900,2985.83,0,-2985.83
84330000,215.52,0,-215.52
84331090,735.5699999999999,0,-735.5699999999999
84331100,14648767.18,14648767.18,0
84331900,3157331.4,3157331.4,0
84332000,31588,0,-31588
84332010,33307019.45,33307019.45,0
84332020,2900,0,-2900
84332090,290487094.32,290487094.32,0
84332900,19888.78,0,-19888.78
84333000,17342909.06,17342909.06,0
84333010,130,0,-130
84333020,136,0,-136
84333029,1177.7,0,-1177.7
84333090,1349.96,0,-1349.96
84334000,31292400.55,31292400.55,0
84334090,780.97,0,-780.97
84334900,94.34,0,-94.34
84335000,970.22,0,-970.22
84335100,9531037383.659996,9531037383.659996,0
84335200,61252708.14,61252708.14,0
84335254,1.6,0,-1.6
84335300,52516416.84,52516416.84,0
84335911,11805000,11805000,0
84335919,680329810.3499999,680329810.3499999,0
84335990,2364942024.590001,2364942024.590001,0
84336010,922355.71,922355.71,0
84336021,42.09,42.09,0
84336029,16327602.39,16327602.39,0
84336090,42303004.28,42303004.28,0
84337989,1725,0,-1725
84339000,25758.10000000001,0,-25758.10000000001
84339010,3582219.71,3582219.71,0
84339011,165.8,0,-165.8
84339090,1291444712.58,1291444712.58,0
84339091,8961.03,0,-8961.03
84339210,40,0,-40
84339990,58.5,0,-58.5
84339999,398,0,-398
84341000,69705856.32000001,69705856.32000001,0
84342000,1560,0,-1560
84342010,13897377.34,13897377.34,0
84342090,2767001.18,2767001.18,0
84344090,112.91,0,-112.91
84348229,21.9,0,-21.9
84349000,35211555.34999999,35211555.34999999,0
84349090,184,0,-184
84349900,297,0,-297
84351000,414787.12,414787.12,0
84355090,569.44,0,-569.44
84359000,20909.66,20909.66,0
84361000,334982181.4400001,334982181.4400001,0
84362100,45542765.5,45542765.5,0
84362900,320144803.65,320144803.65,0
84364900,477,0,-477
84365000,274.6,0,-274.6
84365258,216,0,-216
84365559,2625,0,-2625
84368000,1149879272.19,1149879272.19,0
84369000,6217.41,0,-6217.41
84369030,361,0,-361
84369090,55,0,-55
84369100,54164220.44999999,54164220.44999999,0
84369900,64139070.03,64139070.03,0
84370000,33674,0,-33674
84371000,208054963.71,208054963.71,0
84372100,375,0,-375
84378010,8688266.75,8688266.75,0
84378090,3347941.39,3347941.39,0
84379000,17849344.31,17849344.31,0
84379200,865.09,0,-865.09
84381000,3081384.76,3081384.76,0
84382011,77.3,77.3,0
84382019,87576.09,87576.09,0
84382090,2309510.34,2309510.34,0
84383000,105010.95,105010.95,0
84384000,413127.11,413127.11,0
84385000,4065411.08,4065411.08,0
84386000,2746009.29,2746009.29,0
84388010,509,509,0
84388020,675.9,675.9,0
84388090,840005.17,840005.17,0
84389000,2536932.58,2536932.58,0
84390000,1490.83,0,-1490.83
84390090,42,0,-42
84391010,13787.84,13787.84,0
84391020,2484.83,2484.83,0
84391090,2194,2194,0
84392000,8444.5,8444.5,0
84392910,40,0,-40
84393010,4599.47,4599.47,0
84393020,894,894,0
84393030,694.9,694.9,0
84393090,7137.09,7137.09,0
84394000,403.5,0,-403.5
84399000,163.7,0,-163.7
84399100,151174.47,151174.47,0
84399900,61.1,61.1,0
84399910,17547.47,17547.47,0
84399990,8122.33,8122.33,0
84401011,1651.39,1651.39,0
84401019,2868.78,2868.78,0
84401020,1266.53,1266.53,0
84401090,15903.97,15903.97,0
84409000,5621.34,5621.34,0
84409990,10,0,-10
84411010,341,341,0
84411090,122091.25,122091.25,0
84412000,130328.6,130328.6,0
84413010,353478.85,353478.85,0
84413090,174942.11,174942.11,0
84414000,12728.75,12728.75,0
84414021,5584.01,0,-5584.01
84414029,480000,0,-480000
84414032,15000,0,-15000
84415698,103.5,0,-103.5
84418000,163280.58,163280.58,0
84418097,141.9,0,-141.9
84419000,32056.99,32056.99,0
84420330,1608,0,-1608
84421010,100.22,0,-100.22
84423010,2475985,2475985,0
84423090,137945.06,137945.06,0
84423190,368.6,0,-368.6
84424010,6340,6340,0
84424020,24334,24334,0
84424090,255952.79,255952.79,0
84425000,91752.31,91752.31,0
84428994,25,0,-25
84430090,455,0,-455
84431110,2857.95,2857.95,0
84431190,6192.809999999999,6192.809999999999,0
84431200,6229.6,6229.6,0
84431321,6,6,0
84431329,8903.93,8903.93,0
84431390,10648,10648,0
84431400,2105.1,2105.1,0
84431600,2597.99,2597.99,0
84431710,1329.23,1329.23,0
84431790,595,595,0
84431910,6483.08,6483.08,0
84431990,518782.5599999999,518782.5599999999,0
84432000,160,0,-160
84432494,25,0,-25
84432900,40,40,0
84432944,80,0,-80
84433111,3609612.5,3609612.5,0
84433112,3490,3490,0
84433113,3238778.06,3238778.06,0
84433114,19709.78,19709.78,0
84433115,341342.72,341342.72,0
84433119,2643.82,2643.82,0
84433191,47188.23,47188.23,0
84433199,79918.57,79918.57,0
84433213,4357,4357,0
84433221,19609.12,19609.12,0
84433222,3072.5,3072.5,0
84433223,368460.29,368460.29,0
84433229,14761.89,14761.89,0
84433231,216635.93,216635.93,0
84433232,169736.82,169736.82,0
84433233,762381.05,762381.05,0
84433234,11774.51,11774.51,0
84433235,47400.39999999999,47400.39999999999,0
84433236,109365.79,109365.79,0
84433237,185.53,185.53,0
84433239,110128.31,110128.31,0
84433240,228576.1,228576.1,0
84433251,1300,1300,0
84433252,2723.77,2723.77,0
84433259,80,80,0
84433291,7072.1,7072.1,0
84433299,1003397.03,1003397.03,0
84433910,1515709.81,1515709.81,0
84433921,5185.5,5185.5,0
84433929,340,340,0
84433930,1270,1270,0
84433990,8520.43,8520.43,0
84434010,39.96,39.96,0
84434090,346,346,0
84437092,689.0899999999999,0,-689.0899999999999
84437099,84,0,-84
84439010,259.99,259.99,0
84439090,351,351,0
84439110,1051367.53,1051367.53,0
84439190,31.21,0,-31.21
84439191,850.9599999999999,850.9599999999999,0
84439192,11238.51,11238.51,0
84439199,655272.45,655272.45,0
84439444,1400,0,-1400
84439911,6114.19,6114.19,0
84439912,6043.14,6043.14,0
84439919,2022.69,2022.69,0
84439921,17341.78,17341.78,0
84439922,48512.82999999999,48512.82999999999,0
84439923,2672426.45,2672426.45,0
84439925,25,25,0
84439929,544036.7299999999,544036.7299999999,0
84439931,152764.07,152764.07,0
84439932,275127.76,275127.76,0
84439933,7065054.449999999,7065054.449999999,0
84439939,232621.52,232621.52,0
84439941,46548.96,46548.96,0
84439942,78264.65,78264.65,0
84439949,84471.26,84471.26,0
84439950,40421.23,40421.23,0
84439960,130394.31,130394.31,0
84439970,44155.84,44155.84,0
84439980,12315.4,12315.4,0
84439990,159099.97,159099.97,0
84440010,108,108,0
84440020,49932.85,49932.85,0
84440090,86823.17,86823.17,0
84443658,88,0,-88
84444200,1398,0,-1398
84444220,56,0,-56
84444444,7466,0,-7466
84444900,12623.01,0,-12623.01
84446000,4.5,0,-4.5
84449000,84,0,-84
84451110,1760.14,1760.14,0
84451120,486.89,486.89,0
84451190,1391.46,1391.46,0
84451200,16412,16412,0
84451300,1364.5,1364.5,0
84451910,1592.85,1592.85,0
84451922,25321274.89,25321274.89,0
84451923,1370.85,1370.85,0
84451924,51478.41,51478.41,0
84451925,6028.67,6028.67,0
84451929,18500,18500,0
84452000,9124.07,9124.07,0
84453010,1076.3,1076.3,0
84453090,20000,20000,0
84454011,2079.88,2079.88,0
84454012,2964.64,2964.64,0
84454018,700,700,0
84454019,2934.75,2934.75,0
84454021,1989.2,1989.2,0
84454031,3957.8,3957.8,0
84454039,4050,4050,0
84454040,42.6,42.6,0
84454090,13875.96,13875.96,0
84459010,1001,1001,0
84459020,1430,1430,0
84459030,320,320,0
84459090,21643.6,21643.6,0
84461010,1062.5,1062.5,0
84461090,1628.86,1628.86,0
84462100,65703.15,65703.15,0
84462900,6089.070000000002,6089.070000000002,0
84463010,2932.5,2932.5,0
84463020,6921.9,6921.9,0
84463040,6643.35,6643.35,0
84463090,2432.77,2432.77,0
84469000,4244.1,0,-4244.1
84471100,107,107,0
84471200,480,480,0
84472010,1695.12,1695.12,0
84472030,12800,12800,0
84479000,41.23999999999999,0,-41.23999999999999
84479010,523.9,523.9,0
84479020,77557,77557,0
84479090,4,4,0
84481110,800,800,0
84481120,1425,1425,0
84481190,86365.97000000002,86365.97000000002,0
84481900,2825539.42,2825539.42,0
84482020,136725,136725,0
84482030,369992.59,369992.59,0
84482090,83782.78,83782.78,0
84483100,312177.99,312177.99,0
84483211,10284.71,10284.71,0
84483219,784178.74,784178.74,0
84483220,428027.96,428027.96,0
84483230,17450.61,17450.61,0
84483290,3579781.78,3579781.78,0
84483300,5474.78,0,-5474.78
84483310,20025.45,20025.45,0
84483390,85184.87999999999,85184.87999999999,0
84483917,580.06,580.06,0
84483919,575.4,575.4,0
84483921,3390,3390,0
84483922,5908.12,5908.12,0
84483923,3746,3746,0
84483929,122,122,0
84483991,1599.55,1599.55,0
84483992,767,767,0
84483999,16712386.94,16712386.94,0
84484200,3682.52,3682.52,0
84484990,11751.51,11751.51,0
84485110,355,355,0
84485190,246829.23,246829.23,0
84485910,974.29,974.29,0
84485922,720,720,0
84485929,1154852.15,1154852.15,0
84485930,6779,6779,0
84485940,196.98,196.98,0
84485990,11166.8,11166.8,0
84490010,1300,1300,0
84490080,8853.98,8853.98,0
84490091,14626.1,14626.1,0
84490099,1330.2,1330.2,0
84499923,2920,0,-2920
84501100,833120.9500000001,833120.9500000001,0
84501200,1200503.67,1200503.67,0
84501900,2311291.61,2311291.61,0
84502010,23720.67,23720.67,0
84502090,17441152.3,17441152.3,0
84502092,2380,0,-2380
84509010,143577.79,143577.79,0
84509090,300247.58,300247.58,0
84509099,296.9,0,-296.9
84510000,17.8,0,-17.8
84510200,516,0,-516
84511000,989.49,989.49,0
84512100,629405.61,629405.61,0
84512630,60,0,-60
84512910,701.81,701.81,0
84512990,1383609.83,1383609.83,0
84513010,5759.24,5759.24,0
84513091,75,75,0
84513099,77854.06,77854.06,0
84514010,387079.13,387079.13,0
84514021,274,274,0
84514029,125106.5,125106.5,0
84514090,1653.03,1653.03,0
84515010,35488,35488,0
84515020,7809.3,7809.3,0
84515090,5977.32,5977.32,0
84518000,2654799.46,2654799.46,0
84519010,28867.23,28867.23,0
84519090,95303.04000000001,95303.04000000001,0
84520253,5798.610000000001,0,-5798.610000000001
84521000,221723.94,221723.94,0
84521090,32,0,-32
84521554,80,0,-80
84522110,4267.05,4267.05,0
84522120,191755.16,191755.16,0
84522190,391138.06,391138.06,0
84522910,9849.08,9849.08,0
84522922,889.92,889.92,0
84522923,410.26,410.26,0
84522924,45887.98,45887.98,0
84522925,42200,42200,0
84522929,346870.68,346870.68,0
84522990,297764.47,297764.47,0
84523000,55084.77,55084.77,0
84529020,148534.17,148534.17,0
84529081,750.98,750.98,0
84529089,8767.289999999999,8767.289999999999,0
84529091,13173.81,13173.81,0
84529092,7000,7000,0
84529093,595.38,595.38,0
84529094,194,194,0
84529099,401006.24,401006.24,0
84531010,3292.64,3292.64,0
84531090,28207.99,28207.99,0
84532000,119795.22,119795.22,0
84537019,629.66,0,-629.66
84538000,1786.51,1786.51,0
84539000,13180.1,13180.1,0
84541000,59363.52,59363.52,0
84541542,1191.13,0,-1191.13
84542010,19109,19109,0
84542090,6563.8,6563.8,0
84543010,15,15,0
84543020,450,450,0
84543090,17236.65,17236.65,0
84543200,110,0,-110
84543605,7.2,0,-7.2
84544855,200,0,-200
84549010,440,440,0
84549090,4204.79,4204.79,0
84551000,6266.31,6266.31,0
84552110,11079.02,11079.02,0
84552190,1907.54,1907.54,0
84552210,37209,37209,0
84552290,1548,1548,0
84553000,1226.99,0,-1226.99
84553010,436949.67,436949.67,0
84553020,2823.99,2823.99,0
84553090,35603.37,35603.37,0
84555900,3022.6,0,-3022.6
84557541,558,0,-558
84557799,1079.81,0,-1079.81
84559000,83278.81,83278.81,0
84561011,92772.8,92772.8,0
84561090,2040,2040,0
84561111,22164.6,22164.6,0
84561119,42384.98,42384.98,0
84561190,13606.85,13606.85,0
84561211,22156.77,22156.77,0
84561290,2323.74,2323.74,0
84562010,422.55,422.55,0
84562090,87371.82,87371.82,0
84562139,238,0,-238
84563019,300,300,0
84563090,4052.1,4052.1,0
84564000,126606.72,126606.72,0
84565000,8234.1,8234.1,0
84568990,19.2,0,-19.2
84569000,111939.03,111939.03,0
84569090,35,0,-35
84569878,2940,0,-2940
84571000,116390.04,116390.04,0
84572010,5900,5900,0
84572090,1117.39,1117.39,0
84573090,59.34,59.34,0
84579615,122,0,-122
84581000,425,0,-425
84581110,6778.83,6778.83,0
84581191,2208.93,2208.93,0
84581199,52076.00999999999,52076.00999999999,0
84581990,300000,300000,0
84585458,40,0,-40
84589100,8987,8987,0
84589655,65,0,-65
84589900,1591711.37,1591711.37,0
84591000,667910.13,667910.13,0
84592000,769.82,0,-769.82
84592110,105,105,0
84592191,12572.29,12572.29,0
84592199,12668.52,12668.52,0
84592387,12632.65,0,-12632.65
84592900,1252196.94,1252196.94,0
84593100,1166.38,1166.38,0
84593900,55.88,55.88,0
84594900,12523.41,12523.41,0
84595100,17880,17880,0
84595900,240.1,240.1,0
84596100,235.79,235.79,0
84596522,167,0,-167
84596552,80,0,-80
84596900,87919.67,87919.67,0
84597000,23011.67,23011.67,0
84598712,280,0,-280
84601200,25.3,25.3,0
84601900,363857.82,363857.82,0
84602200,772.44,772.44,0
84602300,39453.43,39453.43,0
84602400,46661.8,46661.8,0
84602900,5114.01,5114.01,0
84603100,5309.75,5309.75,0
84603900,775780.3699999999,775780.3699999999,0
84604011,3943.51,3943.51,0
84604091,3093.5,3093.5,0
84604400,15,0,-15
84609011,16502.5,16502.5,0
84609012,16802.49,16802.49,0
84609019,11051.37,11051.37,0
84609090,1340112.49,1340112.49,0
84612010,4628.059999999999,4628.059999999999,0
84612090,209023.91,209023.91,0
84613010,3484,3484,0
84613090,9661.630000000001,9661.630000000001,0
84614010,6693,6693,0
84614091,37856.3,37856.3,0
84614099,1846.43,1846.43,0
84615000,112.06,0,-112.06
84615010,101687.27,101687.27,0
84615020,786704.11,786704.11,0
84615090,601405.5299999999,601405.5299999999,0
84619090,13418.51,13418.51,0
84621010,5054.799999999999,0,-5054.799999999999
84621011,236,236,0
84621019,4513,4513,0
84621090,683,683,0
84621100,9937.1,9937.1,0
84621900,10477.41,10477.41,0
84622200,4748.67,4748.67,0
84622300,19613.6,19613.6,0
84622500,595.9,595.9,0
84622600,46642.09,46642.09,0
84622900,927554.6599999999,927554.6599999999,0
84623200,893.24,893.24,0
84623300,45,45,0
84623900,29139.23,29139.23,0
84623910,18712.35,18712.35,0
84623990,1798.16,1798.16,0
84624200,6572.18,6572.18,0
84624900,643080.84,643080.84,0
84625100,10255.49,10255.49,0
84626100,3312727.26,3312727.26,0
84626200,12086.37,12086.37,0
84626300,84,84,0
84629000,132346.42,132346.42,0
84629100,67.08,0,-67.08
84629111,13.06,13.06,0
84629119,61035.21999999999,61035.21999999999,0
84629191,60,60,0
84629199,35615.74000000001,35615.74000000001,0
84629920,4,4,0
84629990,200,200,0
84631010,2727.51,2727.51,0
84631090,108816.77,108816.77,0
84632010,3910.6,3910.6,0
84632091,16099.5,16099.5,0
84632099,17816.22,17816.22,0
84633000,243849.1500000001,243849.1500000001,0
84639010,673,673,0
84639090,32873.75999999999,32873.75999999999,0
84641000,134407.61,134407.61,0
84642010,766955.68,766955.68,0
84642021,743.11,743.11,0
84642029,4363.79,4363.79,0
84642090,60133.45,60133.45,0
84649011,3530.37,3530.37,0
84649019,38526.34,38526.34,0
84649090,925139.9000000003,925139.9000000003,0
84651000,96167.41,96167.41,0
84652000,10971.5,10971.5,0
84653577,970,0,-970
84654000,39,0,-39
84659110,519027.99,519027.99,0
84659120,2915435.4,2915435.4,0
84659190,1630677.76,1630677.76,0
84659201,14,0,-14
84659211,164015.61,164015.61,0
84659219,1427486.73,1427486.73,0
84659290,677582.32,677582.32,0
84659310,204923.48,204923.48,0
84659390,207321.39,207321.39,0
84659400,1928930.96,1928930.96,0
84659511,9636.85,9636.85,0
84659591,359207.92,359207.92,0
84659592,49.9,49.9,0
84659600,1391331.71,1391331.71,0
84659900,15459254.61,15459254.61,0
84661000,1815318.94,1815318.94,0
84662000,7495,0,-7495
84662010,635691.4400000001,635691.4400000001,0
84662089,15,0,-15
84662090,2800851.12,2800851.12,0
84663000,207671.39,207671.39,0
84665152,26.08,0,-26.08
84669100,202621.42,202621.42,0
84669200,6715911.25,6715911.25,0
84669311,5,5,0
84669319,566015.7,566015.7,0
84669320,25986.86,25986.86,0
84669330,230474.38,230474.38,0
84669340,606899.72,606899.72,0
84669350,49706.57999999999,49706.57999999999,0
84669360,150691.31,150691.31,0
84669410,32529.61,32529.61,0
84669420,56521.48,56521.48,0
84669490,876672.84,876672.84,0
84671000,76.36,0,-76.36
84671110,114343.55,114343.55,0
84671190,3399764.42,3399764.42,0
84671900,3621489.559999999,3621489.559999999,0
84672100,5504417.13,5504417.13,0
84672200,4133648.04,4133648.04,0
84672910,83628.64,83628.64,0
84672991,11133.23,11133.23,0
84672992,15907587.83,15907587.83,0
84672993,2511255.54,2511255.54,0
84672999,24515542.01,24515542.01,0
84675315,223,0,-223
84678100,19202997.27,19202997.27,0
84678900,22613695.64,22613695.64,0
84679000,604.3100000000001,0,-604.3100000000001
84679100,7015425.9,7015425.9,0
84679200,764033.36,764033.36,0
84679900,4440592.6,4440592.6,0
84679901,45,0,-45
84679998,45,0,-45
84681000,1696258.060000001,1696258.060000001,0
84682000,900285.4100000001,900285.4100000001,0
84688010,7921.25,7921.25,0
84688090,28482.26,28482.26,0
84689010,1662399.74,1662399.74,0
84689020,416463.09,416463.09,0
84689090,65557.05,65557.05,0
84689100,17.5,0,-17.5
84699969,3594,0,-3594
84701000,503332.1000000001,503332.1000000001,0
84702100,150695.08,150695.08,0
84702900,15253.29,15253.29,0
84703000,2896.93,2896.93,0
84705010,54754.11,54754.11,0
84705011,32,32,0
84705090,1326.68,1326.68,0
84708910,9990,0,-9990
84709010,772.4,772.4,0
84709090,3133.87,3133.87,0
84710000,15,0,-15
84710290,12,0,-12
84712545,110,0,-110
84713011,112301.54,112301.54,0
84713012,11387591.4,11387591.4,0
84713019,32365958.07,32365958.07,0
84713090,283717.35,283717.35,0
84714100,20794076.43,20794076.43,0
84714190,906543.83,906543.83,0
84714900,1028639.52,1028639.52,0
84715010,11537012.04000001,11537012.04000001,0
84715020,313582.6899999999,313582.6899999999,0
84715030,1547.16,1547.16,0
84715040,369,369,0
84715090,392034.3100000001,392034.3100000001,0
84715211,380,0,-380
84716032,46.92,0,-46.92
84716033,14.28,0,-14.28
84716052,2283514.109999999,2283514.109999999,0
84716053,1104089.62,1104089.62,0
84716054,72900.54,72900.54,0
84716059,478624.17,478624.17,0
84716061,13112.66,13112.66,0
84716062,4534369.26,4534369.26,0
84716080,6220.38,6220.38,0
84716090,112780.73,112780.73,0
84716099,54,54,0
84717010,2793548.2,2793548.2,0
84717011,3845.5,3845.5,0
84717012,145862.1,145862.1,0
84717019,3050,3050,0
84717020,127625.83,127625.83,0
84717021,149.9,149.9,0
84717029,565,565,0
84717030,10689.12,10689.12,0
84717039,104.7,104.7,0
84717040,836048.5499999999,836048.5499999999,0
84717090,168273.44,168273.44,0
84718000,5480301.279999999,5480301.279999999,0
84718019,2028.99,2028.99,0
84719011,24292.87,24292.87,0
84719012,1054559.15,1054559.15,0
84719013,55765.31,55765.31,0
84719014,545120.2799999999,545120.2799999999,0
84719019,4783904.819999999,4783904.819999999,0
84719090,1101092.44,1101092.44,0
84720000,405.28,0,-405.28
84721000,1803.49,1803.49,0
84723010,24795.96,24795.96,0
84723020,207,207,0
84723090,38955.61,38955.61,0
84729010,4390.47,4390.47,0
84729020,16406.12,16406.12,0
84729021,175881.36,175881.36,0
84729029,1700,1700,0
84729030,57676.96,57676.96,0
84729040,588473.71,588473.71,0
84729051,3800.15,3800.15,0
84729059,1112.67,1112.67,0
84729099,341122.93,341122.93,0
84732100,3810.66,3810.66,0
84732910,111613.64,111613.64,0
84732920,162.7,162.7,0
84732990,12117.3,12117.3,0
84733011,910054.3300000001,910054.3300000001,0
84733019,414526.78,414526.78,0
84733023,9.99,9.99,0
84733025,120.51,120.51,0
84733027,15563.41,15563.41,0
84733029,1835,1835,0
84733031,329502.8,329502.8,0
84733032,45220.86,45220.86,0
84733033,1839.79,1839.79,0
84733034,5740.469999999999,5740.469999999999,0
84733039,89925.01,89925.01,0
84733041,1629163.58,1629163.58,0
84733042,1403284.89,1403284.89,0
84733043,16950.95,16950.95,0
84733049,788556.36,788556.36,0
84733090,1120252.91,1120252.91,0
84733092,6780.99,6780.99,0
84733099,9574.32,9574.32,0
84733304,1337.3,0,-1337.3
84734010,152847.39,152847.39,0
84734070,4579.12,4579.12,0
84734090,69322.44,69322.44,0
84735010,155687.11,155687.11,0
84735031,2136.2,2136.2,0
84735034,1458.54,1458.54,0
84735040,2133.89,2133.89,0
84735050,745443.62,745443.62,0
84735090,33320.89,33320.89,0
84739190,2094,0,-2094
84741000,8732044.41,8732044.41,0
84742010,177.9,177.9,0
84742090,628387,628387,0
84743100,7155911.99,7155911.99,0
84743200,10484137.85,10484137.85,0
84743900,1556890.34,1556890.34,0
84745692,6439.440000000001,0,-6439.440000000001
84748010,18624.61,18624.61,0
84748090,1597354.46,1597354.46,0
84749000,3244841.28,3244841.28,0
84751000,16801.35,16801.35,0
84752100,8413.25,8413.25,0
84752145,280,0,-280
84752910,558.26,558.26,0
84752990,89623.58,89623.58,0
84757590,5985,0,-5985
84758965,608,0,-608
84759000,1630,1630,0
84759512,55,0,-55
84759874,786.2,0,-786.2
84762100,275.7,275.7,0
84762900,5551.7,5551.7,0
84763259,1772.5,0,-1772.5
84768100,211.22,211.22,0
84768910,32.08,32.08,0
84768990,2650.33,2650.33,0
84769000,3172.4,3172.4,0
84771011,4606,4606,0
84771019,326,326,0
84771021,483.8,483.8,0
84771029,1002,1002,0
84771099,553,553,0
84772010,575307.86,575307.86,0
84772090,116822.01,116822.01,0
84773010,6958.76,6958.76,0
84773090,220.8,220.8,0
84774010,2514.58,2514.58,0
84774090,12832.72,12832.72,0
84775100,432589.39,432589.39,0
84775911,103837.5,103837.5,0
84775919,10693.58,10693.58,0
84775990,76486.33,76486.33,0
84778010,150155.99,150155.99,0
84778090,544899.6799999999,544899.6799999999,0
84779000,249351.55,249351.55,0
84781010,5459.98,5459.98,0
84781090,17539.84,17539.84,0
84782508,85,0,-85
84784578,48,0,-48
84789000,12936.12,12936.12,0
84790000,52.8,0,-52.8
84791010,515486,515486,0
84791090,1356090.46,1356090.46,0
84792000,9680562.57,9680562.57,0
84793000,5433.73,5433.73,0
84794000,1513.07,1513.07,0
84795000,7984.57,7984.57,0
84796000,8195350.61,8195350.61,0
84797100,35,35,0
84797900,1030.6,1030.6,0
84798110,28787.36,28787.36,0
84798190,8181.02,8181.02,0
84798210,6935637.77,6935637.77,0
84798290,3773820.17,3773820.17,0
84798300,1356.24,1356.24,0
84798911,1549942.03,1549942.03,0
84798912,1096868.01,1096868.01,0
84798921,23549.98,23549.98,0
84798922,3855.91,3855.91,0
84798931,22202.79,22202.79,0
84798932,316908.96,316908.96,0
84798940,1391477193.31,1391477193.31,0
84798990,23625.24,0,-23625.24
84798991,59699.99,59699.99,0
84798992,22510.05,22510.05,0
84798999,64306428.52,64306428.52,0
84799000,124.94,0,-124.94
84799010,85631.05,85631.05,0
84799090,28711167.37,28711167.37,0
84799899,537.7,0,-537.7
84799999,60,0,-60
84800000,65.25,0,-65.25
84801000,53543.50000000001,53543.50000000001,0
84801010,195,0,-195
84802000,11127.12,11127.12,0
84803000,178472.97,178472.97,0
84804100,3716.62,3716.62,0
84804910,1216,1216,0
84804990,51673.44,51673.44,0
84805000,1268.89,1268.89,0
84806000,1413192.01,1413192.01,0
84807100,38363.85,38363.85,0
84807900,10149.6,10149.6,0
84807910,27903.31,27903.31,0
84807990,307513.12,307513.12,0
84808090,750,0,-750
84808111,12.64,0,-12.64
84809000,149.99,0,-149.99
84810000,3926.87,0,-3926.87
84810200,430.15,0,-430.15
84810900,982.8,0,-982.8
84810990,292.4,0,-292.4
84811000,32121487.98,32121487.98,0
84811010,163,0,-163
84811090,20,0,-20
84811099,51,0,-51
84811100,2756.56,0,-2756.56
84811130,342.02,0,-342.02
84811300,220,0,-220
84811400,275.1,0,-275.1
84811801,269,0,-269
84811911,476.75,0,-476.75
84812010,6744.92,6744.92,0
84812011,1038236.22,1038236.22,0
84812019,7402922.370000002,7402922.370000002,0
84812021,736,0,-736
84812090,123286036.54,123286036.54,0
84812092,535,0,-535
84812452,45,0,-45
84812999,56.44,0,-56.44
84813000,19624966.73,19624966.73,0
84813099,15,0,-15
84813309,1293.6,0,-1293.6
84813600,15.6,0,-15.6
84814000,21988517.1,21988517.1,0
84814040,341.8,0,-341.8
84814090,4106,0,-4106
84814100,361,0,-361
84814929,96,0,-96
84816099,477,0,-477
84818000,515.1700000000001,0,-515.1700000000001
84818001,386.4,0,-386.4
84818002,508,0,-508
84818005,246.4,0,-246.4
84818009,5480,0,-5480
84818010,20299.42,0,-20299.42
84818011,5795823.829999999,5795823.829999999,0
84818019,50459772.89999998,50459772.89999998,0
84818021,8836369.139999999,8836369.139999999,0
84818022,1436.34,0,-1436.34
84818024,220,0,-220
84818025,48,0,-48
84818029,305563.04,305563.04,0
84818030,74.69,0,-74.69
84818031,28519,28519,0
84818039,192710.62,192710.62,0
84818040,3030,0,-3030
84818079,190,0,-190
84818089,120,0,-120
84818090,2901.54,0,-2901.54
84818091,38081,38081,0
84818092,53149802.63999999,53149802.63999999,0
84818093,10882315.49,10882315.49,0
84818094,749042.4600000001,749042.4600000001,0
84818095,39504141.26,39504141.26,0
84818096,22987300.46,22987300.46,0
84818097,3550414.07,3550414.07,0
84818099,46896586.85,46896586.85,0
84818110,34,0,-34
84818899,1736.5,0,-1736.5
84818999,5,0,-5
84819000,1188.17,0,-1188.17
84819010,16165941.38,16165941.38,0
84819011,70.98,0,-70.98
84819019,87,0,-87
84819090,64053163.62,64053163.62,0
84819092,260,0,-260
84819093,220,0,-220
84819095,17.5,0,-17.5
84819099,1970,0,-1970
84819900,4740,0,-4740
84819990,1739,0,-1739
84820000,5737.7,0,-5737.7
84820010,452.14,0,-452.14
84820069,44.9,0,-44.9
84820109,252,0,-252
84820390,420,0,-420
84821000,1909.68,0,-1909.68
84821009,56.16,0,-56.16
84821010,365300644.4000001,365300644.4000001,0
84821090,68583158.64000002,68583158.64000002,0
84821200,300,0,-300
84821400,870,0,-870
84821500,54,0,-54
84821999,105.4,0,-105.4
84822000,2754.87,0,-2754.87
84822010,124288751.1,124288751.1,0
84822090,29913211.88,29913211.88,0
84822101,409.62,0,-409.62
84822109,194,0,-194
84822119,17.64,0,-17.64
84822209,210,0,-210
84822300,1280,0,-1280
84822400,606,0,-606
84822509,375,0,-375
84822900,158.18,0,-158.18
84823000,18226436.51000001,18226436.51000001,0
84823020,22,0,-22
84823090,477,0,-477
84824000,17795627.61,17795627.61,0
84824010,940,0,-940
84824090,125.84,0,-125.84
84825010,22093674.35,22093674.35,0
84825090,7423368.750000001,7423368.750000001,0
84828000,6091613.149999999,6091613.149999999,0
84828092,5788.5,0,-5788.5
84829000,1523.12,0,-1523.12
84829009,250,0,-250
84829090,61.2,0,-61.2
84829100,1034.23,0,-1034.23
84829111,31435.66,31435.66,0
84829119,889336.95,889336.95,0
84829120,2082353.99,2082353.99,0
84829130,187500.15,187500.15,0
84829190,1346125.09,1346125.09,0
84829501,390.2,0,-390.2
84829900,22777.8,22777.8,0
84829910,10845915.78,10845915.78,0
84829990,11311187.89,11311187.89,0
84830000,5989.2,0,-5989.2
84830029,369,0,-369
84830200,224.96,0,-224.96
84830900,4285,0,-4285
84830904,1300,0,-1300
84831000,13,0,-13
84831010,144282.77,144282.77,0
84831011,496262.7100000001,496262.7100000001,0
84831019,25864458.78,25864458.78,0
84831020,8188396.16,8188396.16,0
84831030,6116541.489999997,6116541.489999997,0
84831040,263445.65,263445.65,0
84831050,211392.56,211392.56,0
84831090,99401700.62000002,99401700.62000002,0
84831190,42,0,-42
84832000,38593360.92000001,38593360.92000001,0
84832010,521.64,0,-521.64
84832021,25,0,-25
84832029,240.01,0,-240.01
84832090,6,0,-6
84832900,887,0,-887
84833000,2875.22,0,-2875.22
84833010,3904389.829999999,3904389.829999999,0
84833020,126831.05,126831.05,0
84833021,179807.87,179807.87,0
84833023,164.06,0,-164.06
84833029,57654976.34000001,57654976.34000001,0
84833039,125,0,-125
84833090,46072070.52999999,46072070.52999999,0
84833099,5670,0,-5670
84833390,355,0,-355
84833490,4,0,-4
84833509,1445.04,0,-1445.04
84833900,935.5,0,-935.5
84833909,419,0,-419
84834000,3561.23,0,-3561.23
84834010,95772720.34,95772720.34,0
84834029,80,0,-80
84834050,416,0,-416
84834086,139.5,0,-139.5
84834090,119569682.09,119569682.09,0
84834099,30,0,-30
84834409,80,0,-80
84835000,2540.66,0,-2540.66
84835010,71430667.87,71430667.87,0
84835090,53116242.45,53116242.45,0
84835099,210,0,-210
84835421,74,0,-74
84836000,1615.3,0,-1615.3
84836010,2590,0,-2590
84836011,5520054.700000001,5520054.700000001,0
84836019,29121707.29,29121707.29,0
84836090,34776056.12,34776056.12,0
84836549,1316.9,0,-1316.9
84838092,3900.91,0,-3900.91
84839000,159245523.17,159245523.17,0
84839030,45,0,-45
84839090,34221.8,0,-34221.8
84839200,470.14,0,-470.14
84839928,892,0,-892
84840000,1416.18,0,-1416.18
84841000,20867722.93,20867722.93,0
84841010,6320.4,0,-6320.4
84841801,63.9,0,-63.9
84842000,36783714.05,36783714.05,0
84842010,1475.5,0,-1475.5
84842020,2295,0,-2295
84842090,29.86,0,-29.86
84842300,35.76000000000001,0,-35.76000000000001
84843029,862.4,0,-862.4
84844090,35.7,0,-35.7
84844100,228,0,-228
84844200,192,0,-192
84844900,358,0,-358
84845090,60,0,-60
84848011,3,0,-3
84848099,172.84,0,-172.84
84848229,16,0,-16
84848689,56,0,-56
84849000,47956467.82,47956467.82,0
84849001,60.81,0,-60.81
84849090,4579.79,0,-4579.79
84849099,279,0,-279
84849562,423.72,0,-423.72
84849630,25.6,0,-25.6
84849900,37.37,0,-37.37
84850000,24.34,0,-24.34
84850550,21697.1,0,-21697.1
84851000,1048,1048,0
84852000,16275.93,16275.93,0
84853000,90077.4,90077.4,0
84854000,895,0,-895
84854200,80,0,-80
84854550,508,0,-508
84858000,3894.64,3894.64,0
84859000,36948.32999999999,36948.32999999999,0
84859990,12,0,-12
84861000,4338.65,4338.65,0
84862000,44411.06,44411.06,0
84863000,189.6,189.6,0
84864090,109.51,0,-109.51
84869000,164746.23,164746.23,0
84871000,1147310.2,1147310.2,0
84877000,175,0,-175
84878986,26,0,-26
84879000,30392592.39999999,30392592.39999999,0
84881000,358.8,0,-358.8
84881600,100,0,-100
84881620,117.64,0,-117.64
84881680,634.84,0,-634.84
84881801,66.66,0,-66.66
84881809,10,0,-10
84882000,265,0,-265
84883019,660,0,-660
84883090,1770.8,0,-1770.8
84884900,19.5,0,-19.5
84888000,3274.78,0,-3274.78
84888220,7.2,0,-7.2
84889000,1657.76,0,-1657.76
84889300,3032.22,0,-3032.22
84889990,75,0,-75
84889999,12.87,0,-12.87
84890080,4.8,0,-4.8
84894200,5,0,-5
84899000,97,0,-97
84899090,75,0,-75
84899900,1223.45,0,-1223.45
84899990,1700,0,-1700
84902000,40,0,-40
84903200,90,0,-90
84909190,512,0,-512
84909191,160,0,-160
84909991,800,0,-800
84912090,936,0,-936
84919090,8780.55,0,-8780.55
84919190,4610,0,-4610
84929000,191.69,0,-191.69
84929910,312,0,-312
84933020,1270,0,-1270
84933029,1082.78,0,-1082.78
84937020,149,0,-149
84939000,76,0,-76
84948020,290,0,-290
84949000,962.04,0,-962.04
84960000,156,0,-156
84962000,888.77,0,-888.77
84963258,26.4,0,-26.4
84963522,725,0,-725
84965844,30,0,-30
84990000,2147.75,0,-2147.75
84990099,3450,0,-3450
84990999,11.09,0,-11.09
84991203,210,0,-210
84993030,3548.74,0,-3548.74
84993070,94.5,0,-94.5
84993099,4640,0,-4640
84995566,1695,0,-1695
84996363,21074.22,0,-21074.22
84999090,5,0,-5
84999190,1622,0,-1622
84999900,328.64,0,-328.64
84999966,144,0,-144
84999999,3234,0,-3234
85001245,285,0,-285
85002300,438,0,-438
85002555,150,0,-150
85006809,12,0,-12
85011000,98,0,-98
85011011,598769.8300000001,598769.8300000001,0
85011019,32205192.00000001,32205192.00000001,0
85011021,373599.68,373599.68,0
85011029,656167.38,656167.38,0
85011030,164262.39,164262.39,0
85011090,6000,6000,0
85011320,520,0,-520
85012000,435912.32,435912.32,0
85013100,716.6,0,-716.6
85013110,38805336.30999999,38805336.30999999,0
85013120,12724204.23,12724204.23,0
85013210,2250225.32,2250225.32,0
85013220,154018596.62,154018596.62,0
85013310,226122.03,226122.03,0
85013320,57628154.27999999,57628154.27999999,0
85013411,10617,10617,0
85013419,21567.74,21567.74,0
85013420,26788639.95,26788639.95,0
85014011,1339626.12,1339626.12,0
85014019,9067278.57,9067278.57,0
85014021,11814,11814,0
85014029,74705.11,74705.11,0
85014298,38,0,-38
85015010,22515,0,-22515
85015110,4059671.51,4059671.51,0
85015120,67984.83,67984.83,0
85015190,786233.85,786233.85,0
85015210,25304409.12,25304409.12,0
85015220,153631.17,153631.17,0
85015290,2499494.62,2499494.62,0
85015310,4384994.4,4384994.4,0
85015320,46296.2,46296.2,0
85015330,51357.1,51357.1,0
85015390,28879.49,28879.49,0
85016100,4439925.850000001,4439925.850000001,0
85016200,2962625.32,2962625.32,0
85016300,421609.96,421609.96,0
85016400,370157.7,370157.7,0
85017090,3010,0,-3010
85017100,3044987.9,3044987.9,0
85017210,286631482.4899999,286631482.4899999,0
85017219,4300,0,-4300
85017290,647461403.39,647461403.39,0
85018000,2092814.93,2092814.93,0
85020500,400,0,-400
85021110,25214667.75,25214667.75,0
85021190,165481.06,165481.06,0
85021210,74125778.69,74125778.69,0
85021290,447357.68,447357.68,0
85021311,4130947.67,4130947.67,0
85021319,58819814.26,58819814.26,0
85021390,1923405.35,1923405.35,0
85022000,3827,0,-3827
85022011,20156574.58,20156574.58,0
85022019,2792556.86,2792556.86,0
85022021,130,0,-130
85022090,162843.4,162843.4,0
85023100,1608.7,1608.7,0
85023110,685,0,-685
85023900,1793200.96,1793200.96,0
85024010,99372.41,99372.41,0
85024090,206800.3,206800.3,0
85025900,450,0,-450
85029000,148,0,-148
85030010,917027.0599999999,917027.0599999999,0
85030090,9919169.07,9919169.07,0
85039000,3110.4,0,-3110.4
85041000,1662287.93,1662287.93,0
85041090,650,0,-650
85041100,50,0,-50
85041990,110,0,-110
85042100,87994755.75999999,87994755.75999999,0
85042200,16032448.49,16032448.49,0
85042300,2633411.51,2633411.51,0
85043111,6287055.45,6287055.45,0
85043119,4403696.47,4403696.47,0
85043191,589524.6299999999,589524.6299999999,0
85043192,132427.6,132427.6,0
85043199,670480.3400000001,670480.3400000001,0
85043211,1178390.6,1178390.6,0
85043219,643035.68,643035.68,0
85043221,1018880.64,1018880.64,0
85043229,481684.45,481684.45,0
85043300,11816604.67,11816604.67,0
85043311,249.9,0,-249.9
85043400,3108309.42,3108309.42,0
85044004,220,0,-220
85044010,20726603.37,20726603.37,0
85044021,8316698.32,8316698.32,0
85044022,154733.81,154733.81,0
85044029,3057772.22,3057772.22,0
85044030,3310001.88,3310001.88,0
85044040,14703071.84,14703071.84,0
85044050,23438267.59,23438267.59,0
85044060,479089.5100000001,479089.5100000001,0
85044080,500,0,-500
85044090,11600007,11600007,0
85044200,22.9,0,-22.9
85045000,6863601.030000002,6863601.030000002,0
85045040,550,0,-550
85049010,45309.05,45309.05,0
85049020,75957.43,75957.43,0
85049030,17032951.12,17032951.12,0
85049040,1506970.92,1506970.92,0
85049090,683388.4299999999,683388.4299999999,0
85051000,1290.46,0,-1290.46
85051100,1730542.66,1730542.66,0
85051910,59034.19,59034.19,0
85051988,400,0,-400
85051990,126907.35,126907.35,0
85052000,637.9,0,-637.9
85052005,970,0,-970
85052010,104660.89,104660.89,0
85052090,3613440.05,3613440.05,0
85055100,480,0,-480
85055400,75,0,-75
85055900,3011.6,0,-3011.6
85055991,169.52,0,-169.52
85057000,152,0,-152
85058558,220,0,-220
85058855,900,0,-900
85059000,3108.2,0,-3108.2
85059010,3352540.38,3352540.38,0
85059080,3435029.78,3435029.78,0
85059081,48,0,-48
85059082,4585,0,-4585
85059090,7311355.56,7311355.56,0
85061000,113,0,-113
85061010,43540.75,43540.75,0
85061011,207164.9000000001,207164.9000000001,0
85061012,115870.71,115870.71,0
85061019,1142133.69,1142133.69,0
85061020,641665.86,641665.86,0
85061030,94038.15000000002,94038.15000000002,0
85061031,265727.1800000001,265727.1800000001,0
85061032,56585.84,56585.84,0
85061039,330265.4,330265.4,0
85061090,78.35,0,-78.35
85061729,1010,0,-1010
85062000,11.7,0,-11.7
85063010,48598.33,48598.33,0
85063090,29339.82,29339.82,0
85064010,6573.35,6573.35,0
85064090,9448.24,9448.24,0
85065010,787624.46,787624.46,0
85065090,432671.29,432671.29,0
85066010,68822.10999999999,68822.10999999999,0
85066090,20457.27,20457.27,0
85068010,26669.86,26669.86,0
85068090,443659.66,443659.66,0
85069000,28836.59,28836.59,0
85070190,2505.12,0,-2505.12
85071000,319158.93,319158.93,0
85071010,3828969.300000001,3828969.300000001,0
85071019,1120,0,-1120
85071020,8050,0,-8050
85071060,780,0,-780
85071080,870,0,-870
85071090,167513933.2,167513933.2,0
85071099,4619,0,-4619
85071900,720,0,-720
85072000,889.7,0,-889.7
85072010,14227639.2,14227639.2,0
85072020,60.65,0,-60.65
85072090,870991.01,870991.01,0
85072999,35,0,-35
85073011,139768.61,139768.61,0
85073019,235823.58,235823.58,0
85073090,21049.07,21049.07,0
85074000,30,30,0
85075000,4764.860000000001,4764.860000000001,0
85075010,188654.36,188654.36,0
85075011,179.78,0,-179.78
85075019,145.8,0,-145.8
85075020,26141.97,26141.97,0
85075090,567706.5,567706.5,0
85076000,23915591.13,23915591.13,0
85078000,1716140.47,1716140.47,0
85079000,2184,0,-2184
85079010,178992.45,178992.45,0
85079020,124090.38,124090.38,0
85079090,474249.8899999999,474249.8899999999,0
85081000,250,250,0
85081100,3589439.68,3589439.68,0
85081900,1220775.08,1220775.08,0
85082000,150,150,0
85086000,263346.46,263346.46,0
85087000,268757.72,268757.72,0
85087090,680,0,-680
85088092,369.6,369.6,0
85089990,10,0,-10
85091000,265,265,0
85094010,1848758.13,1848758.13,0
85094020,985076.7699999999,985076.7699999999,0
85094030,90960.97000000002,90960.97000000002,0
85094040,284453.15,284453.15,0
85094050,833568.5199999999,833568.5199999999,0
85094090,949387.7899999998,949387.7899999998,0
85098000,1920,1920,0
85098010,64618.33,64618.33,0
85098090,10221165.28,10221165.28,0
85099000,230679.24,230679.24,0
85099010,6,0,-6
85100000,594,0,-594
85101000,127773.54,127773.54,0
85101010,861,0,-861
85101700,450,0,-450
85102000,791230.0800000001,791230.0800000001,0
85102324,84.2,0,-84.2
85103000,54179.81,54179.81,0
85109011,20120.4,20120.4,0
85109019,10784.37,10784.37,0
85109020,15366.15,15366.15,0
85109090,126016.73,126016.73,0
85110000,612.5,0,-612.5
85110100,3426.61,0,-3426.61
85110101,7.8,0,-7.8
85111000,9428627.11,9428627.11,0
85111041,229.9,0,-229.9
85111100,85,0,-85
85111111,117.91,0,-117.91
85111320,250,0,-250
85111900,1620,0,-1620
85112001,113.61,0,-113.61
85112010,1190870.1,1190870.1,0
85112030,25,0,-25
85112090,499005.38,499005.38,0
85112102,110,0,-110
85113000,48.68,0,-48.68
85113010,376643.03,376643.03,0
85113020,4327882.799999999,4327882.799999999,0
85114000,26229021.25999999,26229021.25999999,0
85115010,26327886.18,26327886.18,0
85115090,271352.8,271352.8,0
85118010,522121.39,522121.39,0
85118020,2384967.84,2384967.84,0
85118030,172553.91,172553.91,0
85118090,2336221.91,2336221.91,0
85119000,40071206.3,40071206.3,0
85119090,260,0,-260
85120000,50,0,-50
85121000,164999.85,164999.85,0
85122000,2669.93,0,-2669.93
85122002,230,0,-230
85122010,997.6,0,-997.6
85122011,50993781.71,50993781.71,0
85122012,380,0,-380
85122018,520,0,-520
85122019,3413626.79,3413626.79,0
85122021,4955862.809999999,4955862.809999999,0
85122022,13378854.4,13378854.4,0
85122023,7754311.380000002,7754311.380000002,0
85122025,110,0,-110
85122028,42.5,0,-42.5
85122029,7219471.290000001,7219471.290000001,0
85122090,284,0,-284
85122099,193,0,-193
85122201,225,0,-225
85122202,57.96,0,-57.96
85122300,145,0,-145
85122900,215,0,-215
85123000,2290474.68,2290474.68,0
85123060,30,0,-30
85123654,4744,0,-4744
85124000,30,0,-30
85124010,924410.8699999999,924410.8699999999,0
85124020,13242.81,13242.81,0
85124090,20,20,0
85125019,102.37,0,-102.37
85129000,10304876.85,10304876.85,0
85129010,1165.55,0,-1165.55
85130000,29.99,0,-29.99
85131000,16352.7,0,-16352.7
85131010,2719093.26,2719093.26,0
85131011,5.8,0,-5.8
85131090,692162.27,692162.27,0
85138100,580,0,-580
85139000,52649.35,52649.35,0
85139190,80,0,-80
85141000,32,0,-32
85141010,66121.15,66121.15,0
85141090,29.9,29.9,0
85141100,55759.3,55759.3,0
85141900,498922.43,498922.43,0
85142011,92826.06,92826.06,0
85142019,1199.95,1199.95,0
85142020,613096.7300000002,613096.7300000002,0
85143019,150,150,0
85143090,4720,4720,0
85143100,105879.25,105879.25,0
85143200,204.08,204.08,0
85143900,99356.01,99356.01,0
85144000,130909.12,130909.12,0
85145090,380,0,-380
85146254,98.4,0,-98.4
85149000,23774.58,23774.58,0
85149020,56,0,-56
85151100,652492.4699999999,652492.4699999999,0
85151900,87616.45999999999,87616.45999999999,0
85152011,1257.44,0,-1257.44
85152022,60,0,-60
85152100,49930.32,49930.32,0
85152900,56243.25,56243.25,0
85153100,660.1600000000001,660.1600000000001,0
85153110,22434,22434,0
85153190,2720406.99,2720406.99,0
85153900,13623884.83,13623884.83,0
85154545,67.9,0,-67.9
85158010,187183.3,187183.3,0
85158090,1774771.790000001,1774771.790000001,0
85159000,4204295.82,4204295.82,0
85159131,173.54,0,-173.54
85159910,44.97,0,-44.97
85160000,5576.9,0,-5576.9
85161000,10831470.71,10831470.71,0
85162100,179395.24,179395.24,0
85162900,393126.6,393126.6,0
85163100,618435.4400000001,618435.4400000001,0
85163200,573326.4100000001,573326.4100000001,0
85163300,149530.85,149530.85,0
85164000,954938.1000000002,954938.1000000002,0
85165000,7175781.579999998,7175781.579999998,0
85166000,16909504.77,16909504.77,0
85166099,29,0,-29
85166100,99,0,-99
85166600,1100,0,-1100
85167100,2732479.38,2732479.38,0
85167200,143266.46,143266.46,0
85167904,110,0,-110
85167910,963601.6100000001,963601.6100000001,0
85167920,1585734.23,1585734.23,0
85167990,3054328.669999999,3054328.669999999,0
85168010,1334426.43,1334426.43,0
85168090,1551595.28,1551595.28,0
85169000,220893.06,220893.06,0
85170000,59.69,0,-59.69
85171010,2000,0,-2000
85171090,40390,0,-40390
85171100,1307319.92,1307319.92,0
85171211,669840.58,669840.58,0
85171212,1080,1080,0
85171213,112496,112496,0
85171219,135015,135015,0
85171221,212349.38,212349.38,0
85171222,140,140,0
85171229,506,506,0
85171231,107770.84,107770.84,0
85171232,80662,80662,0
85171233,65,65,0
85171239,11613.5,11613.5,0
85171252,8899,0,-8899
85171290,1173753.23,1173753.23,0
85171300,89101593.94,89101593.94,0
85171410,4215219.52,4215219.52,0
85171431,918266.8499999999,918266.8499999999,0
85171432,42968.39,42968.39,0
85171439,357702.72,357702.72,0
85171441,65610.44,65610.44,0
85171449,125145.57,125145.57,0
85171490,14480304.19,14480304.19,0
85171810,44908.96,44908.96,0
85171830,197659.85,197659.85,0
85171890,372544.5699999999,372544.5699999999,0
85171891,26426.24,26426.24,0
85171899,12329.49,12329.49,0
85171920,16,16,0
85173011,49523.6,49523.6,0
85173013,11985.62,11985.62,0
85173020,65.7,65.7,0
85173061,2731,2731,0
85173062,1919.8,1919.8,0
85175021,340,340,0
85175050,5397.48,5397.48,0
85175241,5600,0,-5600
85176111,11000,11000,0
85176119,275,275,0
85176130,1633045.27,1633045.27,0
85176141,84401.6,84401.6,0
85176142,82739.84,82739.84,0
85176143,53048.36,53048.36,0
85176149,84326.52,84326.52,0
85176191,148583.16,148583.16,0
85176192,337630.89,337630.89,0
85176199,7777075.24,7777075.24,0
85176214,17547.31,17547.31,0
85176215,80530.21,80530.21,0
85176219,2522,2522,0
85176221,35582.5,35582.5,0
85176222,19816.7,19816.7,0
85176223,4300,4300,0
85176229,200317.34,200317.34,0
85176231,5457,5457,0
85176233,1504,1504,0
85176234,3293514.25,3293514.25,0
85176239,3894347.13,3894347.13,0
85176240,992.45,0,-992.45
85176241,35651120.58999999,35651120.58999999,0
85176248,11025.23,11025.23,0
85176249,1105576.77,1105576.77,0
85176251,304756.42,304756.42,0
85176252,23517.2,23517.2,0
85176253,7869.99,7869.99,0
85176254,516872.2499999999,516872.2499999999,0
85176255,1796855.96,1796855.96,0
85176256,1596653.18,1596653.18,0
85176257,2100,0,-2100
85176259,4338552.749999999,4338552.749999999,0
85176261,5389.33,5389.33,0
85176262,4787484.969999999,4787484.969999999,0
85176264,716071.75,716071.75,0
85176265,292783.13,292783.13,0
85176271,10150,10150,0
85176272,2018258.42,2018258.42,0
85176273,89810.96,89810.96,0
85176277,16939731.87,16939731.87,0
85176278,690,690,0
85176279,734765.4,734765.4,0
85176291,1299105.27,1299105.27,0
85176294,3655523.73,3655523.73,0
85176295,4176,4176,0
85176296,1123361.49,1123361.49,0
85176299,1751301.26,1751301.26,0
85176900,202631.08,202631.08,0
85177010,41259.39,41259.39,0
85177020,27,0,-27
85177021,34012.39999999999,34012.39999999999,0
85177029,144299.91,144299.91,0
85177090,402.9,0,-402.9
85177091,70799.17000000001,70799.17000000001,0
85177092,2.3,2.3,0
85177099,90158.39,90158.39,0
85177110,632523.49,632523.49,0
85177190,2142564.29,2142564.29,0
85177627,535,0,-535
85177900,3256614.000000001,3256614.000000001,0
85178010,15.8,15.8,0
85178090,219.2,219.2,0
85179010,1368.72,1368.72,0
85179099,262.02,262.02,0
85181000,3842,3842,0
85181010,14785.09,14785.09,0
85181090,805241.4600000001,805241.4600000001,0
85182100,3057125.65,3057125.65,0
85182200,10136849.34,10136849.34,0
85182209,249.9,0,-249.9
85182900,600,600,0
85182910,2271.53,2271.53,0
85182990,1131847.9,1131847.9,0
85183000,4277574.62,4277574.62,0
85184000,1741325.21,1741325.21,0
85185000,1154868.34,1154868.34,0
85189000,150,0,-150
85189010,150920.28,150920.28,0
85189090,190381.88,190381.88,0
85190000,240.2,0,-240.2
85190785,12,0,-12
85192000,2951,2951,0
85192087,230,0,-230
85193000,40305.33,40305.33,0
85198100,294.15,0,-294.15
85198110,8767.61,8767.61,0
85198120,145656.12,145656.12,0
85198190,207497.55,207497.55,0
85198900,74444.58,74444.58,0
85199300,40,40,0
85200000,360,0,-360
85202220,1400,0,-1400
85209000,363.16,0,-363.16
85210000,980,0,-980
85211010,84891.16,84891.16,0
85211081,28730.71,28730.71,0
85211089,89903.55,89903.55,0
85211090,22569.47,22569.47,0
85211900,1320,0,-1320
85212011,380,0,-380
85219000,8826260.68,8826260.68,0
85219010,427905.36,427905.36,0
85219090,68494.79000000001,68494.79000000001,0
85219100,885,0,-885
85220000,1537.5,0,-1537.5
85221000,3084,3084,0
85221201,710,0,-710
85222222,15041.6,0,-15041.6
85222312,24,0,-24
85222522,6709.5,0,-6709.5
85223200,18,0,-18
85225222,3827.4,0,-3827.4
85225522,1637.5,0,-1637.5
85225525,6410.58,0,-6410.58
85229000,282198.42,282198.42,0
85229010,712.4,712.4,0
85229020,120,120,0
85229030,18787.92,18787.92,0
85229050,952.5,952.5,0
85229090,1420,1420,0
85231019,190,0,-190
85231110,1044,1044,0
85232110,20307.64,20307.64,0
85232120,14859.95,14859.95,0
85232911,79854.15,79854.15,0
85232919,65305.94,65305.94,0
85232924,3844,3844,0
85232929,351.64,351.64,0
85232939,6,6,0
85232990,130798.63,130798.63,0
85233190,59,0,-59
85234022,650,650,0
85234029,6500,6500,0
85234110,124675.57,124675.57,0
85234190,57184.88,57184.88,0
85234910,67668.93,67668.93,0
85234920,455339.15,455339.15,0
85234990,1366619.26,1366619.26,0
85235090,65.8,0,-65.8
85235110,638615.28,638615.28,0
85235190,2159820.95,2159820.95,0
85235200,19250.01,19250.01,0
85235210,1288690.63,1288690.63,0
85235290,324480.0999999999,324480.0999999999,0
85235900,503379.67,503379.67,0
85235910,1373,1373,0
85235990,959.7699999999999,959.7699999999999,0
85236910,80,0,-80
85236971,58,0,-58
85236987,719.49,0,-719.49
85238000,28400.14,28400.14,0
85239010,13673.75,13673.75,0
85241100,354110.47,354110.47,0
85241200,3144.72,3144.72,0
85241900,590.8,590.8,0
85249100,278033.16,278033.16,0
85249200,3592.28,3592.28,0
85249900,33578.48,33578.48,0
85250000,8846.1,0,-8846.1
85251000,1182.3,0,-1182.3
85251012,3672.5,0,-3672.5
85251031,8137.6,8137.6,0
85251900,75,0,-75
85251990,1902.44,0,-1902.44
85252000,1137.5,0,-1137.5
85252012,699.99,699.99,0
85252053,70,70,0
85252061,4945,4945,0
85252062,88.64,88.64,0
85252221,3622.5,0,-3622.5
85252222,84476.48,0,-84476.48
85252223,2073.9,0,-2073.9
85252244,1112,0,-1112
85252255,1991.5,0,-1991.5
85252332,2214,0,-2214
85252500,3413.5,0,-3413.5
85252552,1357.51,0,-1357.51
85252555,1692,0,-1692
85252922,3684.1,0,-3684.1
85253010,150,150,0
85253061,165,0,-165
85253145,10050,0,-10050
85253333,3103.2,0,-3103.2
85253363,3272.5,0,-3272.5
85254000,22007.24,22007.24,0
85254010,240,240,0
85254090,16605,16605,0
85255011,70575.03,70575.03,0
85255012,344,344,0
85255019,334161.39,334161.39,0
85255021,77355.70999999999,77355.70999999999,0
85255022,12726.8,12726.8,0
85255023,90614.95999999999,90614.95999999999,0
85255024,409142.94,409142.94,0
85255029,481786.3500000001,481786.3500000001,0
85255222,2707.6,0,-2707.6
85255555,2180,0,-2180
85256010,368404.3,368404.3,0
85256020,11936.7,11936.7,0
85256029,2010,0,-2010
85256090,1416843.65,1416843.65,0
85258011,545,545,0
85258012,11905.32,11905.32,0
85258013,144436.87,144436.87,0
85258014,21317.68,21317.68,0
85258019,613795.92,613795.92,0
85258021,27968,27968,0
85258022,4048.1,4048.1,0
85258029,158623.47,158623.47,0
85258100,1560492.58,1560492.58,0
85258200,53098.41,53098.41,0
85258208,4440,0,-4440
85258300,187936.51,187936.51,0
85258529,3209,0,-3209
85258911,79826.61,79826.61,0
85258912,236098.81,236098.81,0
85258913,12911452.21,12911452.21,0
85258914,48629.23,48629.23,0
85258919,1457695.67,1457695.67,0
85258921,67421.55,67421.55,0
85258922,74701.29000000001,74701.29000000001,0
85258929,13119695.66,13119695.66,0
85259990,5545.9,0,-5545.9
85261000,416323.02,416323.02,0
85265090,110,0,-110
85265190,200,0,-200
85266910,141,0,-141
85269000,38,0,-38
85269019,28,0,-28
85269100,100608387.85,100608387.85,0
85269200,4055389.73,4055389.73,0
85271200,417836.41,417836.41,0
85271300,539047.91,539047.91,0
85271390,62.9,62.9,0
85271900,300760.36,300760.36,0
85271910,1040,1040,0
85271990,4994.23,4994.23,0
85272100,2154599.18,2154599.18,0
85272190,5895.25,5895.25,0
85272900,449782.48,449782.48,0
85276279,9120,0,-9120
85279100,262772.63,262772.63,0
85279200,10421.71,10421.71,0
85279910,1465368.7,1465368.7,0
85279990,35187.17,35187.17,0
85281210,1060,1060,0
85281290,1240,1240,0
85281300,508.93,508.93,0
85282819,1520,0,-1520
85283300,100,0,-100
85284200,134802.88,134802.88,0
85284210,123.4,123.4,0
85284921,23896,23896,0
85284929,608,608,0
85284930,60581.25000000001,60581.25000000001,0
85284990,28566.31,28566.31,0
85285120,22223.5,22223.5,0
85285200,6165456.689999999,6165456.689999999,0
85285210,560,560,0
85285220,52945.59,52945.59,0
85285900,2314107.28,2314107.28,0
85285910,14500,14500,0
85285915,93645.85,0,-93645.85
85285920,138283.82,138283.82,0
85286100,13900,13900,0
85286200,337357.01,337357.01,0
85286910,1120751.53,1120751.53,0
85286990,328398,328398,0
85287000,2016.25,0,-2016.25
85287111,34398.32,34398.32,0
85287119,997117.4700000002,997117.4700000002,0
85287190,212968.8,212968.8,0
85287200,53288705.31,53288705.31,0
85287300,34604.65,34604.65,0
85288520,900,0,-900
85291000,5500,0,-5500
85291011,30887.65,30887.65,0
85291019,458915.8,458915.8,0
85291020,978003.92,978003.92,0
85291040,3386.18,0,-3386.18
85291090,14795336.35,14795336.35,0
85291091,350,0,-350
85292110,74,0,-74
85292990,360,0,-360
85299011,177341.45,177341.45,0
85299012,130856.91,130856.91,0
85299019,2199582.04,2199582.04,0
85299020,961335.7500000002,961335.7500000002,0
85299030,364443.4,364443.4,0
85299040,4231345.21,4231345.21,0
85299050,99546.29,99546.29,0
85299090,943530,943530,0
85299099,485.74,0,-485.74
85299999,36.84,0,-36.84
85300258,6.24,0,-6.24
85301010,27906.61,27906.61,0
85301090,117921.41,117921.41,0
85302900,400,0,-400
85304100,680,0,-680
85305090,40,0,-40
85306990,80,0,-80
85308010,15312.34,15312.34,0
85308090,1366168.48,1366168.48,0
85309000,4194.09,4194.09,0
85311000,1059.42,0,-1059.42
85311010,849741.07,849741.07,0
85311019,205.5,0,-205.5
85311090,14144314.15,14144314.15,0
85311099,4300,0,-4300
85311200,776,0,-776
85312000,3895902.32,3895902.32,0
85312016,398,0,-398
85312100,70000,0,-70000
85318000,1819933.74,1819933.74,0
85319000,858420.2100000002,858420.2100000002,0
85319010,395,0,-395
85321000,9347469.229999999,9347469.229999999,0
85322000,16,0,-16
85322100,25,0,-25
85322111,293.73,293.73,0
85322119,1203,1203,0
85322120,112.9,112.9,0
85322190,3827.64,3827.64,0
85322200,731577.7500000001,731577.7500000001,0
85322210,160,0,-160
85322220,136,0,-136
85322299,4662,0,-4662
85322310,28108.88,28108.88,0
85322390,6595.67,6595.67,0
85322410,41612.29,41612.29,0
85322420,13708.07,13708.07,0
85322490,506.94,506.94,0
85322510,1875.46,1875.46,0
85322590,687875.28,687875.28,0
85322910,2191.46,2191.46,0
85322990,46462.57,46462.57,0
85323010,32201.94,32201.94,0
85323090,139838.42,139838.42,0
85325093,35,0,-35
85329000,42093.67,42093.67,0
85329090,50,0,-50
85331000,56010.37,56010.37,0
85332000,89.8,0,-89.8
85332110,244010.27,244010.27,0
85332120,38457.92000000001,38457.92000000001,0
85332190,237787.86,237787.86,0
85332900,572818.3700000001,572818.3700000001,0
85333110,3736186.91,3736186.91,0
85333190,13445.78,13445.78,0
85333910,4587455.03,4587455.03,0
85333990,24515,24515,0
85334011,635893.79,635893.79,0
85334012,16002.62,16002.62,0
85334013,2356.31,2356.31,0
85334019,131673.71,131673.71,0
85334091,130119.6,130119.6,0
85334092,42552.35,42552.35,0
85334099,3482290.04,3482290.04,0
85336200,1344.8,0,-1344.8
85339000,20189.61,20189.61,0
85340000,6356.799999999999,6356.799999999999,0
85340011,16704.84,16704.84,0
85340012,213.5,213.5,0
85340013,14038.08,14038.08,0
85340019,1029855.09,1029855.09,0
85340020,2378.9,2378.9,0
85340031,17390.55999999999,17390.55999999999,0
85340032,24439.87,24439.87,0
85340033,440933.7499999999,440933.7499999999,0
85340039,132700.54,132700.54,0
85340040,9999.730000000001,9999.730000000001,0
85340051,6070.3,6070.3,0
85340059,82416.12,82416.12,0
85346000,36,0,-36
85350000,3966.1,0,-3966.1
85350410,414.48,0,-414.48
85351000,6899603,6899603,0
85351020,122,0,-122
85351031,1028.54,0,-1028.54
85352000,100,0,-100
85352100,8684966.72,8684966.72,0
85352900,845693.8400000001,845693.8400000001,0
85353000,24776.35,0,-24776.35
85353011,1097,1097,0
85353013,27895.43,27895.43,0
85353017,3636628.900000001,3636628.900000001,0
85353018,1301549.71,1301549.71,0
85353019,1525881.08,1525881.08,0
85353023,22712.92,22712.92,0
85353027,36763.76,36763.76,0
85353028,772912.81,772912.81,0
85353029,142410.96,142410.96,0
85353909,417659,0,-417659
85354010,9683474.809999999,9683474.809999999,0
85354040,732,0,-732
85354090,2339785.96,2339785.96,0
85355090,313.4,0,-313.4
85355100,156.74,0,-156.74
85355900,89.76,0,-89.76
85356100,285.17,0,-285.17
85358305,85,0,-85
85359000,1742715.98,1742715.98,0
85359010,440856.3700000001,440856.3700000001,0
85359090,14584130.68,14584130.68,0
85359120,14.6,0,-14.6
85360000,35219.23,0,-35219.23
85360010,100,0,-100
85360590,160,0,-160
85361000,7998624.55,7998624.55,0
85362000,41855857.31999999,41855857.31999999,0
85362110,50,0,-50
85362683,58.9,0,-58.9
85362910,200,0,-200
85363000,136187.13,136187.13,0
85363010,13175.16,13175.16,0
85363017,22,0,-22
85363030,78.17,0,-78.17
85363039,130,0,-130
85363090,3813379.430000001,3813379.430000001,0
85363091,484.4,0,-484.4
85363900,971.6,0,-971.6
85363910,386.29,0,-386.29
85363990,40,0,-40
85364000,18876.96,0,-18876.96
85364090,445,0,-445
85364100,22673220.93,22673220.93,0
85364140,42,0,-42
85364900,53577743.48,53577743.48,0
85365000,338,0,-338
85365001,182.6,0,-182.6
85365009,253,0,-253
85365010,45089.48,45089.48,0
85365019,3538.3,0,-3538.3
85365020,16297.97,16297.97,0
85365030,322994.66,322994.66,0
85365040,126.8,0,-126.8
85365069,150,0,-150
85365090,96152557.36000001,96152557.36000001,0
85365490,129.35,0,-129.35
85365900,1.26,0,-1.26
85365990,14,0,-14
85366000,150.23,0,-150.23
85366010,44.5,0,-44.5
85366090,125,0,-125
85366100,3430119.510000001,3430119.510000001,0
85366200,2172.28,0,-2172.28
85366309,5,0,-5
85366410,760,0,-760
85366690,68.86,0,-68.86
85366691,385,0,-385
85366900,450,0,-450
85366909,44.71,0,-44.71
85366910,17507178.82,17507178.82,0
85366990,3949443.3,3949443.3,0
85366999,39.8,0,-39.8
85367000,460576.99,460576.99,0
85368000,96.2,0,-96.2
85369000,24836.89,0,-24836.89
85369003,46.55,0,-46.55
85369010,2909991.179999999,2909991.179999999,0
85369020,29432.43,29432.43,0
85369030,193585.3999999999,193585.3999999999,0
85369040,521623.66,521623.66,0
85369050,1588652.2,1588652.2,0
85369052,25,0,-25
85369060,117188.7,117188.7,0
85369090,30011274.96,30011274.96,0
85369092,10,0,-10
85369099,15122.77,0,-15122.77
85369100,207,0,-207
85369690,140,0,-140
85369858,15,0,-15
85369900,8,0,-8
85370000,2791.75,0,-2791.75
85371000,32007.5,0,-32007.5
85371011,1771245.2,1771245.2,0
85371019,13616973.62,13616973.62,0
85371020,17731532.31,17731532.31,0
85371030,16908804.6,16908804.6,0
85371090,46682914.90000001,46682914.90000001,0
85371091,46362.32,0,-46362.32
85372000,543167.74,543167.74,0
85372010,26576.2,26576.2,0
85372090,32141182.09,32141182.09,0
85374900,70,0,-70
85381000,33087752.73,33087752.73,0
85381019,780,0,-780
85382000,58.5,0,-58.5
85383011,3909.6,0,-3909.6
85384090,145,0,-145
85384900,105.24,0,-105.24
85385090,80,0,-80
85386100,90,0,-90
85388100,164.21,0,-164.21
85389000,210,0,-210
85389010,13086882.63,13086882.63,0
85389020,216388.39,216388.39,0
85389090,13082562.24,13082562.24,0
85389096,360,0,-360
85390000,392.03,0,-392.03
85391000,1605.75,0,-1605.75
85391010,509471.84,509471.84,0
85391090,838359.14,838359.14,0
85392000,869.6999999999999,0,-869.6999999999999
85392090,59.2,0,-59.2
85392100,590,0,-590
85392110,8818139.960000003,8818139.960000003,0
85392120,48,0,-48
85392190,6004848.149999999,6004848.149999999,0
85392191,6,0,-6
85392200,853038.7200000001,853038.7200000001,0
85392299,13568.6,0,-13568.6
85392610,36,0,-36
85392910,3620342.36,3620342.36,0
85392920,441,0,-441
85392950,445,0,-445
85392990,2891599.24,2891599.24,0
85392999,9.86,0,-9.86
85393100,373276.55,373276.55,0
85393111,191718.03,191718.03,0
85393119,154242.38,154242.38,0
85393120,422972.28,422972.28,0
85393131,10867.03,10867.03,0
85393132,3981.300000000001,3981.300000000001,0
85393139,48380.87000000001,48380.87000000001,0
85393200,80898.56,80898.56,0
85393210,92998.48999999999,92998.48999999999,0
85393220,135872.1,135872.1,0
85393230,288552.3900000001,288552.3900000001,0
85393900,31351.34,31351.34,0
85393901,27.69,0,-27.69
85393911,6465.12,6465.12,0
85393913,85.58,85.58,0
85393919,5298.829999999999,5298.829999999999,0
85393990,61175.33999999999,61175.33999999999,0
85394100,350.95,350.95,0
85394110,35494.54,35494.54,0
85394190,97314.52999999998,97314.52999999998,0
85394900,1289276.35,1289276.35,0
85395000,1133563.84,1133563.84,0
85395090,56,0,-56
85395100,5056832.379999999,5056832.379999999,0
85395200,26950031.26,26950031.26,0
85395220,616.8,0,-616.8
85395500,216,0,-216
85396910,10,0,-10
85399000,53.7,0,-53.7
85399010,135214.73,135214.73,0
85399020,30794,30794,0
85399090,479107.23,479107.23,0
85399500,197.6,0,-197.6
85399600,60,0,-60
85400000,2150,0,-2150
85401100,10123.32,10123.32,0
85401200,1471.43,1471.43,0
85402011,4905.360000000001,4905.360000000001,0
85402012,275,0,-275
85402019,23017.25,23017.25,0
85402020,241.15,241.15,0
85402090,3585,3585,0
85404000,1329.04,1329.04,0
85404021,38,0,-38
85404804,975,0,-975
85406010,690.49,690.49,0
85406090,1985.8,1985.8,0
85407100,18171.19,18171.19,0
85407900,50835.83,50835.83,0
85408100,239.9,239.9,0
85408910,24736.52,24736.52,0
85408990,83184.02999999998,83184.02999999998,0
85409110,4429.91,4429.91,0
85409120,613.9,613.9,0
85409130,22175.23,22175.23,0
85409140,146433.58,146433.58,0
85409190,37175.1,37175.1,0
85409900,39350.65,39350.65,0
85411010,21,0,-21
85411011,16812.47,16812.47,0
85411012,19641.78,19641.78,0
85411019,336948.59,336948.59,0
85411021,2193.65,2193.65,0
85411022,3149.27,3149.27,0
85411029,67276.24,67276.24,0
85411031,7139.18,7139.18,0
85411032,6169.26,6169.26,0
85411039,13448.34,13448.34,0
85411091,29299.16,29299.16,0
85411092,44505.37,44505.37,0
85411099,274894.1899999999,274894.1899999999,0
85412110,39813.1,39813.1,0
85412120,10163.63,10163.63,0
85412191,1816.24,1816.24,0
85412199,25482.87000000001,25482.87000000001,0
85412563,6780,0,-6780
85412635,30,0,-30
85412910,9754.18,9754.18,0
85412920,159766.25,159766.25,0
85413011,1463.82,1463.82,0
85413019,7409.1,7409.1,0
85413021,1950.2,1950.2,0
85413029,1653851.48,1653851.48,0
85414011,6903.15,6903.15,0
85414013,1444.96,1444.96,0
85414016,32313.5,32313.5,0
85414018,60,60,0
85414019,3630,3630,0
85414021,61334.73,61334.73,0
85414022,27569.5,27569.5,0
85414027,35,35,0
85414029,18689.21,18689.21,0
85414031,317.7,317.7,0
85414032,1318059.11,1318059.11,0
85414039,39016.12,39016.12,0
85414111,129513.26,129513.26,0
85414112,3282.74,3282.74,0
85414121,1951625.54,1951625.54,0
85414122,585669.79,585669.79,0
85414123,5466.25,5466.25,0
85414124,37532.48,37532.48,0
85414129,32.4,0,-32.4
85414210,56580.01,56580.01,0
85414220,873543.6799999999,873543.6799999999,0
85414290,329799.79,329799.79,0
85414300,44159642.57,44159642.57,0
85414900,561453.6,561453.6,0
85415010,547.4,547.4,0
85415020,14455.88,14455.88,0
85415100,137967.83,137967.83,0
85415900,75590.99,75590.99,0
85416010,6332.210000000001,6332.210000000001,0
85416090,59348.71,59348.71,0
85419010,40204.67,40204.67,0
85419020,5185.67,5185.67,0
85419090,55958.31,55958.31,0
85421000,750,750,0
85421323,2690.1,2690.1,0
85421547,189,0,-189
85422000,179.99,0,-179.99
85422920,16,0,-16
85423010,6920,6920,0
85423110,50615.37,50615.37,0
85423120,793974.1,793974.1,0
85423168,497.58,0,-497.58
85423190,3680541.49,3680541.49,0
85423210,2263.08,2263.08,0
85423221,140043.92,140043.92,0
85423229,12843.53,12843.53,0
85423232,2262.33,0,-2262.33
85423291,39846.17,39846.17,0
85423299,12310.42,12310.42,0
85423311,228.98,228.98,0
85423319,41262.81,41262.81,0
85423320,34700.13,34700.13,0
85423390,61861.3,61861.3,0
85423919,45596.23,45596.23,0
85423920,44463.1,44463.1,0
85423931,37809.22,37809.22,0
85423939,19185.02,19185.02,0
85423991,6205.62,6205.62,0
85423999,482875.4400000001,482875.4400000001,0
85427000,55,55,0
85429000,33060.49,33060.49,0
85429010,170,170,0
85429090,2079.5,2079.5,0
85429099,36.84,0,-36.84
85430000,41000,0,-41000
85430111,112481.04,0,-112481.04
85431000,47584.67,47584.67,0
85431900,149,149,0
85432000,14763998.41,14763998.41,0
85433000,30834,30834,0
85433010,23461.04,23461.04,0
85433090,596281.97,596281.97,0
85434000,214742.83,214742.83,0
85437011,68294.79999999999,68294.79999999999,0
85437012,11039.52,11039.52,0
85437013,25342.39999999999,25342.39999999999,0
85437014,20796.48,20796.48,0
85437015,528.25,528.25,0
85437019,771778.8399999999,771778.8399999999,0
85437020,121739.01,121739.01,0
85437031,75.62,75.62,0
85437032,244,244,0
85437033,28483.01,28483.01,0
85437034,7637.62,7637.62,0
85437035,8928,8928,0
85437036,87761.78999999998,87761.78999999998,0
85437039,502720.08,502720.08,0
85437040,158419.86,158419.86,0
85437041,800,0,-800
85437050,201231.9,201231.9,0
85437090,5850,0,-5850
85437091,7100.83,7100.83,0
85437092,12112028.16,12112028.16,0
85437099,45338837.40000001,45338837.40000001,0
85437999,65,0,-65
85438999,3995.07,3995.07,0
85439000,59.35,0,-59.35
85439010,617442.63,617442.63,0
85439090,620322.6,620322.6,0
85440000,286724.55,0,-286724.55
85441100,19039276.28,19039276.28,0
85441900,232.4,0,-232.4
85441910,3840666.5,3840666.5,0
85441990,669635.29,669635.29,0
85442000,6808609.949999999,6808609.949999999,0
85443000,102076356.31,102076356.31,0
85444000,115.2,0,-115.2
85444090,540,0,-540
85444100,1397,1397,0
85444200,51631881.82999999,51631881.82999999,0
85444220,2914.4,0,-2914.4
85444228,788.5,0,-788.5
85444300,150,0,-150
85444400,36720,0,-36720
85444420,14.98,0,-14.98
85444900,384457895.34,384457895.34,0
85444990,514.4,0,-514.4
85444999,4044.11,0,-4044.11
85445100,1345.18,1345.18,0
85445900,53852.30999999999,53852.30999999999,0
85445902,4555,0,-4555
85446000,9648223.030000001,9648223.030000001,0
85447000,3625,0,-3625
85447010,2573221.2,2573221.2,0
85447020,88515.02,88515.02,0
85447030,30525.85,30525.85,0
85447090,582392.8,582392.8,0
85449000,9507.670000000002,0,-9507.670000000002
85451100,27559.71,27559.71,0
85451247,245,0,-245
85451515,113.07,0,-113.07
85451910,163820.11,163820.11,0
85451920,50216.25,50216.25,0
85451990,676002.5099999999,676002.5099999999,0
85452000,2473046.48,2473046.48,0
85452010,91,0,-91
85452020,5329.05,0,-5329.05
85452100,44,0,-44
85452125,440,0,-440
85452222,1163,0,-1163
85452412,220,0,-220
85453900,48.5,0,-48.5
85457522,1108,0,-1108
85458962,144,0,-144
85458965,245,0,-245
85459000,370,0,-370
85459010,1887.17,1887.17,0
85459020,18032.17,18032.17,0
85459030,70616.4,70616.4,0
85459090,28572.16,28572.16,0
85460000,189.2,0,-189.2
85461000,375490.1400000001,375490.1400000001,0
85462000,7839123.329999999,7839123.329999999,0
85462544,4370,0,-4370
85467099,55,0,-55
85469000,13429436.34,13429436.34,0
85469536,180,0,-180
85471000,5208249.98,5208249.98,0
85472000,37002.82,37002.82,0
85472010,31902.47,31902.47,0
85472090,3300837.220000001,3300837.220000001,0
85474112,5,0,-5
85475090,5.5,0,-5.5
85475451,60,0,-60
85479000,2131563.76,2131563.76,0
85479090,63.6,0,-63.6
85480010,23228.39,23228.39,0
85480090,23835.29,23835.29,0
85481000,60,0,-60
85481010,1711.4,1711.4,0
85481090,22333.5,22333.5,0
85489000,12870.4,12870.4,0
85489090,5419,5419,0
85491100,271933.11,271933.11,0
85491200,53205.32,53205.32,0
85491300,2784.12,2784.12,0
85491400,30857.24,30857.24,0
85491900,31559.6,31559.6,0
85492100,49796.36,49796.36,0
85492900,201.88,201.88,0
85493100,6166.75,6166.75,0
85493900,13830.7,13830.7,0
85494400,110,0,-110
85494900,135,0,-135
85499100,12445.51,12445.51,0
85499400,1795.08,0,-1795.08
85499900,1238.6,1238.6,0
85500603,2,0,-2
85503690,98,0,-98
85509090,500,0,-500
85521000,14,0,-14
85522200,168.01,0,-168.01
85522222,3062.6,0,-3062.6
85525082,358,0,-358
85550005,360,0,-360
85552469,160,0,-160
85590900,92.5,0,-92.5
85606101,99.5,0,-99.5
85620111,55,0,-55
85621333,83.82000000000001,0,-83.82000000000001
85621478,14.9,0,-14.9
85623356,49.8,0,-49.8
85626352,49.8,0,-49.8
85630900,12.5,0,-12.5
85632158,51.42,0,-51.42
85632987,150,0,-150
85645546,215,0,-215
85649000,1035.92,0,-1035.92
85654000,30,0,-30
85662014,12.9,0,-12.9
85690900,30,0,-30
85692110,990,0,-990
85693222,222.04,0,-222.04
85693332,3249,0,-3249
85694125,810,0,-810
85695090,129,0,-129
85695425,5000,0,-5000
85697225,90.4,0,-90.4
85698522,560,0,-560
85708800,120,0,-120
85712010,253,0,-253
85716909,170,0,-170
85741020,350,0,-350
85742010,370,0,-370
85767910,853,0,-853
85792463,30,0,-30
85796522,264,0,-264
85804404,2502.45,0,-2502.45
85805968,51,0,-51
85807019,840,0,-840
85811900,285,0,-285
85821010,1251.74,0,-1251.74
85822000,110,0,-110
85822090,65,0,-65
85822222,1886.5,0,-1886.5
85833010,30,0,-30
85833090,226,0,-226
85834090,585.81,0,-585.81
85835010,923.3,0,-923.3
85836200,507,0,-507
85836509,170,0,-170
85839000,8272,0,-8272
85839090,42,0,-42
85850202,75,0,-75
85858585,930,0,-930
85861000,15.75,0,-15.75
85863910,35.6,0,-35.6
85889090,11.12,0,-11.12
85899090,66.93,0,-66.93
85900000,3967,0,-3967
85900025,1899,0,-1899
85941090,13.8,0,-13.8
85959000,318,0,-318
85961030,13.2,0,-13.2
85961233,109.9,0,-109.9
85962000,56,0,-56
85962541,23.9,0,-23.9
85963322,90,0,-90
85969090,165.28,0,-165.28
85970628,2678.95,0,-2678.95
85970682,1092,0,-1092
85999020,1628.28,0,-1628.28
86003000,2000,0,-2000
86011000,147637.88,147637.88,0
86012000,15729.14,15729.14,0
86021000,29514.01,29514.01,0
86024100,7,0,-7
86029000,257505,257505,0
86031000,17882.59,17882.59,0
86039000,9697.02,9697.02,0
86040000,250,250,0
86040010,3030,3030,0
86040090,98628.98999999999,98628.98999999999,0
86042211,16,0,-16
86050010,198,198,0
86050090,1152,1152,0
86051000,2.23,0,-2.23
86061000,323975.55,323975.55,0
86061030,412,0,-412
86063000,10482,10482,0
86069100,120,120,0
86069200,642.9,642.9,0
86069900,39117.18,39117.18,0
86071090,1090,0,-1090
86071110,6702.1,6702.1,0
86071120,400,400,0
86071200,640,640,0
86071910,4539.18,4539.18,0
86071911,97696.26,97696.26,0
86071919,49140.31,49140.31,0
86071990,72138.52,72138.52,0
86072000,1628,0,-1628
86072100,155076.67,155076.67,0
86072900,41626.89999999999,41626.89999999999,0
86073000,1085506.82,1085506.82,0
86079100,1124847.14,1124847.14,0
86079900,84549.42,84549.42,0
86080011,471033.03,471033.03,0
86080012,789858.7799999999,789858.7799999999,0
86080090,288425.9,288425.9,0
86090000,59887974.07,59887974.07,0
86100000,585,0,-585
86101900,9785,0,-9785
86149039,1950,0,-1950
86168010,26.46,0,-26.46
86360000,7199.639999999999,0,-7199.639999999999
86365090,1118,0,-1118
86366100,75.89999999999999,0,-75.89999999999999
86369030,20,0,-20
86369090,301.1,0,-301.1
86444200,92.5,0,-92.5
86521456,24,0,-24
86524569,5000,0,-5000
86524856,650,0,-650
86542563,130,0,-130
86600000,350,0,-350
86696562,46.9,0,-46.9
86725988,72,0,-72
86819100,5296,0,-5296
86900096,160,0,-160
86907900,840,0,-840
87000900,30.25,0,-30.25
87002999,2300,0,-2300
87004900,140,0,-140
87008800,188.19,0,-188.19
87008999,1684,0,-1684
87009000,244,0,-244
87010100,1120,0,-1120
87010101,1156.8,0,-1156.8
87011000,34110721.88,34110721.88,0
87012000,6818060,6818060,0
87012100,892501305.1899999,892501305.1899999,0
87012200,2896461.76,2896461.76,0
87012300,13581.04,13581.04,0
87012400,1816.25,1816.25,0
87012900,2959667.49,2959667.49,0
87013000,19158302.45,19158302.45,0
87013090,150,0,-150
87015011,200,0,-200
87016000,38.32,0,-38.32
87019000,401045,401045,0
87019010,11850,11850,0
87019090,7654284.76,7654284.76,0
87019100,10652973.03,10652973.03,0
87019200,17479026.61,17479026.61,0
87019300,978275377.07,978275377.07,0
87019410,9120275.5,9120275.5,0
87019490,1228737394.53,1228737394.53,0
87019510,12733191.49,12733191.49,0
87019590,7410261612.110001,7410261612.110001,0
87020000,222.86,0,-222.86
87021000,32616714.51,32616714.51,0
87021001,100000,0,-100000
87022000,1360,1360,0
87022999,2146.94,0,-2146.94
87023000,2890,2890,0
87024010,156,156,0
87024090,30749.49,30749.49,0
87025060,15.6,0,-15.6
87028999,4595,0,-4595
87029000,343891.55,343891.55,0
87029090,14919.57,14919.57,0
87029200,226.65,0,-226.65
87029999,121.44,0,-121.44
87030900,54,0,-54
87031000,1925434.99,1925434.99,0
87032100,167649421.77,167649421.77,0
87032200,49673.41,0,-49673.41
87032210,198558034.0700001,198558034.0700001,0
87032290,24176824.75,24176824.75,0
87032310,483328585.2399999,483328585.2399999,0
87032390,22419276.04,22419276.04,0
87032410,146747319.85,146747319.85,0
87032490,3592664.470000001,3592664.470000001,0
87033011,732,0,-732
87033019,657.65,0,-657.65
87033090,186,0,-186
87033110,1243137.02,1243137.02,0
87033190,7678.21,7678.21,0
87033210,48461076.70999999,48461076.70999999,0
87033283,70,0,-70
87033290,73211154.75,73211154.75,0
87033310,144479935.12,144479935.12,0
87033390,407103130.67,407103130.67,0
87034000,61395191.63999999,61395191.63999999,0
87035000,4876592,4876592,0
87036000,202784852.14,202784852.14,0
87037000,6358090.8,6358090.8,0
87038000,25665840.11,25665840.11,0
87039000,5419908.43,5419908.43,0
87039300,54.28,0,-54.28
87041000,132,132,0
87041010,489394.75,489394.75,0
87041090,2976776.42,2976776.42,0
87042110,44067762.44,44067762.44,0
87042118,964.4200000000001,0,-964.4200000000001
87042120,1359326.33,1359326.33,0
87042130,315114.25,315114.25,0
87042190,2252065467.29,2252065467.29,0
87042210,131579002.75,131579002.75,0
87042220,1832811.82,1832811.82,0
87042230,1158290,1158290,0
87042290,275573459.73,275573459.73,0
87042310,407052574.67,407052574.67,0
87042320,8332220.66,8332220.66,0
87042330,1733636,1733636,0
87042390,2550949.97,2550949.97,0
87043110,13995547.5,13995547.5,0
87043120,2211098.36,2211098.36,0
87043130,32364.69,32364.69,0
87043190,746603950.7599999,746603950.7599999,0
87043210,2512565.04,2512565.04,0
87043220,45128.92,45128.92,0
87043290,36204740.59999999,36204740.59999999,0
87044100,372914.92,372914.92,0
87044200,760000,760000,0
87044300,613944,613944,0
87045100,800000,800000,0
87045200,701680.1799999999,701680.1799999999,0
87046000,6952,6952,0
87049000,6289208.05,6289208.05,0
87049990,3060,0,-3060
87049999,271,0,-271
87051000,260000,260000,0
87051010,110,110,0
87051020,3740577.67,3740577.67,0
87051030,2065.67,2065.67,0
87051090,3380675.76,3380675.76,0
87051919,388,0,-388
87052000,33772.42,33772.42,0
87052999,406,0,-406
87053000,206413,206413,0
87054000,3416255.49,3416255.49,0
87055080,5709,0,-5709
87055090,45,0,-45
87055900,123,0,-123
87058708,1595,0,-1595
87059010,5950024.08,5950024.08,0
87059090,1282817.51,1282817.51,0
87059099,7.6,0,-7.6
87060010,5366819.07,5366819.07,0
87060020,686046.32,686046.32,0
87060090,115044.84,115044.84,0
87062999,27,0,-27
87069090,1092.16,0,-1092.16
87069990,2285,0,-2285
87071000,4807029.390000001,4807029.390000001,0
87071090,1990,0,-1990
87071920,44.74,0,-44.74
87072900,40,0,-40
87072919,65,0,-65
87073000,30,0,-30
87073090,80,0,-80
87073190,3000,0,-3000
87074900,174,0,-174
87075011,5,0,-5
87079001,35397.24000000001,0,-35397.24000000001
87079010,3149826.49,3149826.49,0
87079090,27381690.31,27381690.31,0
87079099,59200,0,-59200
87079300,145,0,-145
87079990,811.4,0,-811.4
87080000,178487.89,0,-178487.89
87080001,2500,0,-2500
87080040,1108.1,0,-1108.1
87080050,128,0,-128
87080100,2349.5,0,-2349.5
87080800,154.3,0,-154.3
87080808,31178.2,0,-31178.2
87080900,4710,0,-4710
87080920,53.57,0,-53.57
87080990,1440.15,0,-1440.15
87081000,18999585.99,18999585.99,0
87081010,13304.8,0,-13304.8
87081090,149,0,-149
87081900,130,0,-130
87081919,795.4499999999999,0,-795.4499999999999
87082000,321.37,0,-321.37
87082010,339.2,0,-339.2
87082099,1820,0,-1820
87082100,864450.88,864450.88,0
87082200,2519779.45,2519779.45,0
87082219,249,0,-249
87082291,788,0,-788
87082299,238,0,-238
87082390,154,0,-154
87082900,2416.44,0,-2416.44
87082903,3002.37,0,-3002.37
87082910,2918,0,-2918
87082911,4409172.98,4409172.98,0
87082912,6292658.1,6292658.1,0
87082913,645453.01,645453.01,0
87082914,2462467.3,2462467.3,0
87082915,49,0,-49
87082919,35332797.27,35332797.27,0
87082922,2054,0,-2054
87082979,56,0,-56
87082990,12138.69,0,-12138.69
87082991,8838555.91,8838555.91,0
87082992,2809747.600000001,2809747.600000001,0
87082993,4591849.999999999,4591849.999999999,0
87082994,849790.35,849790.35,0
87082995,22027.41,22027.41,0
87082998,58.64,0,-58.64
87082999,101265978.37,101265978.37,0
87083000,11055.02,0,-11055.02
87083001,28.3,0,-28.3
87083010,1779.5,0,-1779.5
87083011,6801185.509999999,6801185.509999999,0
87083019,27362897.39999999,27362897.39999999,0
87083049,47.1,0,-47.1
87083070,607,0,-607
87083090,146403180.07,146403180.07,0
87083093,415,0,-415
87083099,350,0,-350
87083100,150.8,0,-150.8
87083110,2681.38,2681.38,0
87083190,18348.19,18348.19,0
87083330,1700,0,-1700
87083900,153046.82,153046.82,0
87083990,2115.5,0,-2115.5
87083999,8245,0,-8245
87084000,3622.93,0,-3622.93
87084010,16238.9,16238.9,0
87084011,244418.29,244418.29,0
87084019,7876595.569999999,7876595.569999999,0
87084050,435,0,-435
87084080,9161871.060000002,9161871.060000002,0
87084090,132432515.76,132432515.76,0
87084099,6296,0,-6296
87084777,41.04,0,-41.04
87084912,358.15,0,-358.15
87085000,259,0,-259
87085009,294.04,0,-294.04
87085010,44984.33,44984.33,0
87085011,6453143.01,6453143.01,0
87085012,2607955.600000001,2607955.600000001,0
87085019,11465653.42,11465653.42,0
87085080,8365035.600000001,8365035.600000001,0
87085090,121242.46,121242.46,0
87085091,5224546.25,5224546.25,0
87085095,200,0,-200
87085099,125422213.85,125422213.85,0
87085190,200.2,0,-200.2
87086010,4249.110000000001,4249.110000000001,0
87086019,720,0,-720
87086090,18747.11,18747.11,0
87086099,359.9,0,-359.9
87086200,116.48,0,-116.48
87086660,392.6,0,-392.6
87086700,2350.4,0,-2350.4
87087000,8074.43,0,-8074.43
87087010,9198905.269999996,9198905.269999996,0
87087019,700,0,-700
87087090,24337690.19,24337690.19,0
87087099,1461.33,0,-1461.33
87087299,405,0,-405
87087899,37,0,-37
87087990,441.76,0,-441.76
87088000,113130123.39,113130123.39,0
87088060,989.4,0,-989.4
87088299,64,0,-64
87088309,220,0,-220
87088482,66.95,0,-66.95
87088800,6673.6,0,-6673.6
87088810,150,0,-150
87088880,1540,0,-1540
87088890,1000,0,-1000
87088900,581,0,-581
87088990,17203.61,0,-17203.61
87088999,4143.96,0,-4143.96
87089000,140814.26,0,-140814.26
87089001,40,0,-40
87089010,513.9100000000001,0,-513.9100000000001
87089030,569,0,-569
87089090,76692.05,0,-76692.05
87089099,816.75,0,-816.75
87089100,70496329.82,70496329.82,0
87089107,3950,0,-3950
87089200,23979278.53,23979278.53,0
87089300,203095010.6500001,203095010.6500001,0
87089301,2212,0,-2212
87089303,154.27,0,-154.27
87089400,3400.7,0,-3400.7
87089411,1836126.24,1836126.24,0
87089412,20639195.91,20639195.91,0
87089413,493527.95,493527.95,0
87089418,70,0,-70
87089422,3673.7,0,-3673.7
87089481,829715.44,829715.44,0
87089482,8125744.97,8125744.97,0
87089483,13720994.17,13720994.17,0
87089490,26044761.52000001,26044761.52000001,0
87089491,6076.28,6076.28,0
87089492,25202.29,25202.29,0
87089493,29725.2,29725.2,0
87089510,301558.71,301558.71,0
87089521,69489.49,69489.49,0
87089522,18647.58,18647.58,0
87089526,147.31,0,-147.31
87089529,615055.1699999999,615055.1699999999,0
87089782,348.35,0,-348.35
87089800,3648.63,0,-3648.63
87089844,844,0,-844
87089899,6,0,-6
87089900,291839.85,291839.85,0
87089901,9146.48,0,-9146.48
87089906,23528.51,0,-23528.51
87089909,1222.8,0,-1222.8
87089910,2973605.16,2973605.16,0
87089929,198,0,-198
87089930,197.2,0,-197.2
87089970,165,0,-165
87089980,3248.6,0,-3248.6
87089990,574575468.9099998,574575468.9099998,0
87089992,58.4,0,-58.4
87089994,225,0,-225
87089999,39502.06,0,-39502.06
87090000,395.6,0,-395.6
87090999,177.87,0,-177.87
87091100,2916589.55,2916589.55,0
87091900,4474112.029999999,4474112.029999999,0
87092919,221.05,0,-221.05
87092990,50,0,-50
87092991,892,0,-892
87092999,285,0,-285
87093011,168,0,-168
87093090,5600,0,-5600
87098000,290,0,-290
87098523,841,0,-841
87098889,77,0,-77
87098990,240,0,-240
87098999,42,0,-42
87099000,1168886.09,1168886.09,0
87099090,729.3,0,-729.3
87099114,220,0,-220
87099118,265,0,-265
87099190,720,0,-720
87099200,729,0,-729
87099300,2966,0,-2966
87099879,1234.86,0,-1234.86
87099890,135,0,-135
87099900,196.4,0,-196.4
87099910,610,0,-610
87099919,54,0,-54
87099930,1463,0,-1463
87099949,4129.92,0,-4129.92
87099990,9155.1,0,-9155.1
87099996,38.9,0,-38.9
87099999,5517.98,0,-5517.98
87100000,295727.01,295727.01,0
87100011,3552.05,0,-3552.05
87100090,650,0,-650
87101900,35,0,-35
87101932,1852.59,0,-1852.59
87109090,1260,0,-1260
87111000,393597.46,393597.46,0
87112010,6536878.92,6536878.92,0
87112020,49452882.72000001,49452882.72000001,0
87112090,736233.0700000001,736233.0700000001,0
87113000,23445373.83,23445373.83,0
87114000,1376508.45,1376508.45,0
87115000,18070878.78,18070878.78,0
87116000,4152057.21,4152057.21,0
87116909,7342.279999999999,0,-7342.279999999999
87119000,653797.9700000001,653797.9700000001,0
87119090,70,0,-70
87120010,7052012.85,7052012.85,0
87120090,216229.49,216229.49,0
87120100,370,0,-370
87122022,75,0,-75
87131000,871415.42,871415.42,0
87133090,1324.93,0,-1324.93
87139000,563366.97,563366.97,0
87139190,390,0,-390
87140000,508.4999999999999,0,-508.4999999999999
87141000,32478072.19,32478072.19,0
87141010,528,0,-528
87141100,3372.88,3372.88,0
87141300,132.3,0,-132.3
87141900,60960.33000000002,60960.33000000002,0
87141999,30,0,-30
87142000,349966.82,349966.82,0
87148200,140,0,-140
87149000,38,0,-38
87149090,166,0,-166
87149100,617758.5599999998,617758.5599999998,0
87149200,359264.1500000001,359264.1500000001,0
87149300,185,185,0
87149310,79627.51,79627.51,0
87149311,78157.86,78157.86,0
87149319,33308.53,33308.53,0
87149320,105756.58,105756.58,0
87149410,170530.97,170530.97,0
87149490,249504.24,249504.24,0
87149500,59520.05,59520.05,0
87149600,12796.58,12796.58,0
87149611,11662.35,11662.35,0
87149612,42667.81999999999,42667.81999999999,0
87149619,26077.72,26077.72,0
87149690,391194.38,391194.38,0
87149900,3913,3913,0
87149910,2024896.67,2024896.67,0
87149920,1199.05,1199.05,0
87149990,1211100.55,1211100.55,0
87150000,725262.72,725262.72,0
87160900,203.28,0,-203.28
87161000,2124034.65,2124034.65,0
87162000,368887128.1,368887128.1,0
87163000,200,0,-200
87163100,4136577.25,4136577.25,0
87163900,662795533.62,662795533.62,0
87164000,11565371.8,11565371.8,0
87164002,1800,0,-1800
87166090,70,0,-70
87168000,9489235.580000002,9489235.580000002,0
87168001,4941.61,0,-4941.61
87169000,59973.8,0,-59973.8
87169010,2460835.96,2460835.96,0
87169090,111716789.95,111716789.95,0
87169099,12047,0,-12047
87169990,578.6,0,-578.6
87171211,825.05,0,-825.05
87171810,145,0,-145
87178000,798,0,-798
87179090,94,0,-94
87182919,938.11,0,-938.11
87189090,65.36,0,-65.36
87189990,84.56,0,-84.56
87199090,1381.16,0,-1381.16
87212300,1222.4,0,-1222.4
87212990,820.4300000000001,0,-820.4300000000001
87219999,596.22,0,-596.22
87231411,1.05,0,-1.05
87260432,8.25,0,-8.25
87299000,2000,0,-2000
87308955,452,0,-452
87329000,3489,0,-3489
87335000,1002,0,-1002
87354693,652.2,0,-652.2
87423698,138,0,-138
87428610,228,0,-228
87441219,396,0,-396
87459411,12,0,-12
87459687,1390,0,-1390
87469090,1777.01,0,-1777.01
87493080,229.9,0,-229.9
87515600,1886,0,-1886
87530000,88,0,-88
87570700,260,0,-260
87585885,90,0,-90
87654321,5177.32,0,-5177.32
87654345,73.5,0,-73.5
87665900,189.9,0,-189.9
87666778,300,0,-300
87672200,239.9,0,-239.9
87680000,4910.6,0,-4910.6
87689000,76.9,0,-76.9
87690900,269.56,0,-269.56
87699090,80,0,-80
87702548,32,0,-32
87708990,4227.16,0,-4227.16
87716053,704.5,0,-704.5
87785080,5175,0,-5175
87799090,31.5,0,-31.5
87803609,482.36,0,-482.36
87808100,430,0,-430
87808709,88.16,0,-88.16
87809100,3868,0,-3868
87809990,10890,0,-10890
87813000,20,0,-20
87818021,169.4,0,-169.4
87821010,1378.42,0,-1378.42
87829990,190,0,-190
87829992,320,0,-320
87833029,336,0,-336
87833090,240,0,-240
87839000,1195,0,-1195
87848090,125,0,-125
87849000,859.16,0,-859.16
87849999,800,0,-800
87855099,892,0,-892
87855567,204,0,-204
87856325,206.58,0,-206.58
87871000,619.78,0,-619.78
87879000,150.8,0,-150.8
87888000,346.5,0,-346.5
87889922,167,0,-167
87889990,12,0,-12
87890090,762,0,-762
87899090,810,0,-810
87899900,220,0,-220
87899990,970.35,0,-970.35
87899999,207.63,0,-207.63
87907190,0.72,0,-0.72
87909990,7,0,-7
87916365,101634,0,-101634
87919090,260000,0,-260000
87921335,4,0,-4
87954621,8,0,-8
87971616,6.36,0,-6.36
87989100,1698,0,-1698
87989990,94.5,0,-94.5
88010000,293906.17,293906.17,0
88012000,278.4,0,-278.4
88019000,73.8,73.8,0
88021100,52016469.8,52016469.8,0
88021210,58527.92,58527.92,0
88021290,122408.27,122408.27,0
88022010,216020723.62,216020723.62,0
88022021,45427297.76,45427297.76,0
88022022,47274.49,47274.49,0
88023010,13226,13226,0
88023021,114189127.92,114189127.92,0
88023029,61842901.96,61842901.96,0
88023031,23442413.67,23442413.67,0
88023039,95,95,0
88023090,172218.08,172218.08,0
88024010,4980,4980,0
88024090,12658.21,12658.21,0
88026000,25,25,0
88031000,899833.2000000001,899833.2000000001,0
88032000,78944.82999999999,78944.82999999999,0
88033000,1145418.31,1145418.31,0
88039000,3224.78,3224.78,0
88040000,566823.48,566823.48,0
88042119,87.69999999999999,0,-87.69999999999999
88042211,3416.9,0,-3416.9
88051000,17572.7,17572.7,0
88052900,27366.82,27366.82,0
88052990,15040,0,-15040
88062100,27286.39,27286.39,0
88062200,4925464.23,4925464.23,0
88062300,5052,5052,0
88062400,4213469.11,4213469.11,0
88062900,329.14,329.14,0
88069100,731,731,0
88069200,134915,134915,0
88069900,106758.83,106758.83,0
88071000,11311706.14,11311706.14,0
88072000,5266531.54,5266531.54,0
88073000,29804496.25,29804496.25,0
88073033,7667.56,0,-7667.56
88079000,6090620.869999999,6090620.869999999,0
88079910,50,0,-50
88089990,64,0,-64
88203201,20,0,-20
88207900,416,0,-416
88213000,7.9,0,-7.9
88231456,160,0,-160
88325060,44.9,0,-44.9
88334099,1670,0,-1670
88340016,178.5,0,-178.5
88340018,66.9,0,-66.9
88340080,108,0,-108
88340904,130,0,-130
88340990,3847.29,0,-3847.29
88345021,70.5,0,-70.5
88345520,136,0,-136
88345821,175.5,0,-175.5
88346652,24.9,0,-24.9
88349669,539.9,0,-539.9
88350025,24.9,0,-24.9
88365201,289,0,-289
88366352,59.9,0,-59.9
88366356,24.9,0,-24.9
88366536,585,0,-585
88366541,144.5,0,-144.5
88369201,19,0,-19
88369500,279.7,0,-279.7
88369520,34.9,0,-34.9
88369685,37.9,0,-37.9
88396587,74.7,0,-74.7
88409919,360,0,-360
88421999,841,0,-841
88439933,50,0,-50
88467220,395,0,-395
88557202,14,0,-14
88566388,8.9,0,-8.9
88596554,60,0,-60
88596558,420,0,-420
88620041,659.4,0,-659.4
88659636,529,0,-529
88659850,1507,0,-1507
88676250,2,0,-2
88679658,84.9,0,-84.9
88696352,9.8,0,-9.8
88708999,64,0,-64
88740012,21.9,0,-21.9
88740016,209,0,-209
88778888,9750,0,-9750
88800488,370.5,0,-370.5
88841000,96,0,-96
88856385,92.9,0,-92.9
88876543,1190,0,-1190
88879000,30,0,-30
88888888,2050,0,-2050
88956568,39.9,0,-39.9
88963625,67.6,0,-67.6
88963641,319.8,0,-319.8
88969836,27.6,0,-27.6
88979647,49.8,0,-49.8
89000000,235.56,0,-235.56
89008952,899,0,-899
89011000,9352.090000000002,9352.090000000002,0
89012000,1736.51,1736.51,0
89013000,37320.31,37320.31,0
89019000,811804.53,811804.53,0
89020010,288323.41,288323.41,0
89020090,2655574.15,2655574.15,0
89023365,8980,0,-8980
89031100,129356.4,129356.4,0
89031200,18051.23,18051.23,0
89031900,44587.76,44587.76,0
89032100,670,670,0
89033100,1698938.06,1698938.06,0
89033200,26920652.44,26920652.44,0
89039200,61260,61260,0
89039300,23323730.81,23323730.81,0
89039900,29626645.77,29626645.77,0
89040000,23352.21,23352.21,0
89051000,315913.59,315913.59,0
89052000,119337.9,119337.9,0
89059000,126770.79,126770.79,0
89061000,23725.11,23725.11,0
89069000,2971311.790000001,2971311.790000001,0
89071000,465345.62,465345.62,0
89072999,68900,0,-68900
89079000,4262575.180000001,4262575.180000001,0
89080000,451939.97,451939.97,0
89081000,419.4,0,-419.4
89082632,105,0,-105
89082999,18,0,-18
89089000,7560,0,-7560
89089090,580,0,-580
89089300,780,0,-780
89089990,2127.19,0,-2127.19
89091000,300,0,-300
89099190,4160,0,-4160
89099969,70,0,-70
89099990,240,0,-240
89100400,600,0,-600
89104007,240,0,-240
89119000,11927.6,0,-11927.6
89139191,398.8,0,-398.8
89141399,229.2,0,-229.2
89173100,1,0,-1
89200000,300,0,-300
89239000,30,0,-30
89242000,5,0,-5
89250009,100,0,-100
89269022,200,0,-200
89269090,21,0,-21
89270009,600,0,-600
89339090,311,0,-311
89405093,42.5,0,-42.5
89416777,3,0,-3
89425420,170,0,-170
89452356,480,0,-480
89456123,12,0,-12
89457812,2030,0,-2030
89457845,342,0,-342
89457889,280,0,-280
89482101,18,0,-18
89531450,2222,0,-2222
89545411,25,0,-25
89562431,25.79,0,-25.79
89564222,12,0,-12
89599999,40,0,-40
89652314,439.93,0,-439.93
89652363,22.8,0,-22.8
89654231,35,0,-35
89659855,179,0,-179
89670021,2600,0,-2600
89675210,74.69999999999999,0,-74.69999999999999
89677119,168.82,0,-168.82
89702100,2476.3,0,-2476.3
89745896,20,0,-20
89747895,444,0,-444
89752263,12,0,-12
89754223,31,0,-31
89754862,2565,0,-2565
89756336,314,0,-314
89758850,83.2,0,-83.2
89832909,240,0,-240
89874562,265,0,-265
89890003,5,0,-5
89898889,9,0,-9
89898989,485.6,0,-485.6
89904512,76,0,-76
89904578,1920,0,-1920
89965788,31.04,0,-31.04
90011011,196865.37,196865.37,0
90011019,31992.71,31992.71,0
90011020,135089.91,135089.91,0
90012000,7547.530000000001,7547.530000000001,0
90013000,602226.7200000001,602226.7200000001,0
90014000,163664.68,163664.68,0
90015000,7195756.489999999,7195756.489999999,0
90019010,554724.11,554724.11,0
90019090,36346.45,36346.45,0
90021110,708.64,708.64,0
90021111,132330.13,132330.13,0
90021119,16844.29,16844.29,0
90021120,18441.46,18441.46,0
90021190,24238.06,24238.06,0
90021900,54266.99999999999,54266.99999999999,0
90022000,69,0,-69
90022010,11853.06,11853.06,0
90022090,102324.94,102324.94,0
90024901,860,0,-860
90029000,162354.34,162354.34,0
90030000,650,0,-650
90031100,1321671.74,1321671.74,0
90031910,1199500.37,1199500.37,0
90031990,190549.58,190549.58,0
90034090,134.71,0,-134.71
90039000,5734,0,-5734
90039010,145,145,0
90039090,20306.69,20306.69,0
90041000,3459940.709999999,3459940.709999999,0
90046020,55.3,0,-55.3
90049010,56547.25000000001,56547.25000000001,0
90049020,6706678.419999998,6706678.419999998,0
90049090,163504.76,163504.76,0
90051000,67953.26000000001,67953.26000000001,0
90051990,30,0,-30
90054010,600,0,-600
90054090,870,0,-870
90058000,115496.32,115496.32,0
90059010,282.94,282.94,0
90059090,11761.59,11761.59,0
90059910,259.25,0,-259.25
90061029,880,0,-880
90063000,63392,63392,0
90064000,187469.02,187469.02,0
90065100,125,125,0
90065310,14038.22,14038.22,0
90065930,449.25,449.25,0
90065940,1028.74,1028.74,0
90065959,78519.37,78519.37,0
90066100,13195.07,13195.07,0
90066200,299.97,299.97,0
90066900,68016.73999999999,68016.73999999999,0
90069110,418.4,418.4,0
90069190,62095.56,62095.56,0
90069900,103380.95,103380.95,0
90071000,182804.99,182804.99,0
90072020,1248,1248,0
90072090,5977.94,5977.94,0
90072546,21,0,-21
90079100,142775.89,142775.89,0
90079200,283713.17,283713.17,0
90085000,6786.179999999999,6786.179999999999,0
90089000,118565.93,118565.93,0
90101010,22337.89,22337.89,0
90101020,992.8,992.8,0
90101090,396.8,396.8,0
90102002,405,0,-405
90103540,59.95,0,-59.95
90105010,13188.45,13188.45,0
90105020,4357.5,4357.5,0
90105090,3356.53,3356.53,0
90106000,358069.18,358069.18,0
90108999,140,0,-140
90109010,564.5,564.5,0
90109090,41543.69,41543.69,0
90111000,27574.84,27574.84,0
90112010,38111,38111,0
90112020,55.2,55.2,0
90112030,106.52,106.52,0
90118010,199437.39,199437.39,0
90118090,77823.15,77823.15,0
90119010,8549.89,8549.89,0
90119090,67138.47,67138.47,0
90121000,11558.43,0,-11558.43
90121010,1769.91,1769.91,0
90121090,325.64,325.64,0
90129010,102849.09,102849.09,0
90129090,0.8,0.8,0
90131010,747955.21,747955.21,0
90131090,208461.47,208461.47,0
90132000,37041.88,37041.88,0
90132891,570,0,-570
90138000,119738.7,119738.7,0
90138010,7800.9,7800.9,0
90138090,37627.12,37627.12,0
90139000,92456.86000000002,92456.86000000002,0
90141000,26403.31,26403.31,0
90142010,304768.24,304768.24,0
90142020,390971.48,390971.48,0
90142030,68662.09,68662.09,0
90142080,24564.98,0,-24564.98
90142090,3186903.34,3186903.34,0
90145870,70,0,-70
90148010,2664374.91,2664374.91,0
90148090,3999344.46,3999344.46,0
90149000,3083086.39,3083086.39,0
90149015,198,0,-198
90149020,202160,0,-202160
90149060,56206.43,0,-56206.43
90151000,133307.95,133307.95,0
90152010,55963.64,55963.64,0
90152090,403188.1799999999,403188.1799999999,0
90153000,524562.5,524562.5,0
90153007,25.67,0,-25.67
90154000,1131.3,1131.3,0
90158010,1454.42,1454.42,0
90158090,3546803.77,3546803.77,0
90159010,65,65,0
90159090,1382635.02,1382635.02,0
90160010,122873.75,122873.75,0
90160090,644104.2,644104.2,0
90162029,99.05,0,-99.05
90171010,42612.81,42612.81,0
90171090,16560.83,16560.83,0
90172000,656227.91,656227.91,0
90173010,77958.48999999999,77958.48999999999,0
90173020,944493.9699999999,944493.9699999999,0
90173090,131137.63,131137.63,0
90178000,52.58,0,-52.58
90178010,1381473.86,1381473.86,0
90178090,5093259.530000001,5093259.530000001,0
90179010,8194.19,8194.19,0
90179090,10836.1,10836.1,0
90181100,38231.73,38231.73,0
90181166,56,0,-56
90181210,1885788.07,1885788.07,0
90181290,740852.0599999999,740852.0599999999,0
90181300,34347.88,34347.88,0
90181410,2799.8,2799.8,0
90181420,3651,3651,0
90181490,8012.47,8012.47,0
90181910,394245.41,394245.41,0
90181920,14232.97,14232.97,0
90181980,627879.0800000001,627879.0800000001,0
90181990,579027.8500000002,579027.8500000002,0
90182010,17485.33,17485.33,0
90182020,1065.06,1065.06,0
90182090,2928277.060000001,2928277.060000001,0
90183090,24,0,-24
90183100,11.6,0,-11.6
90183111,480516.7499999999,480516.7499999999,0
90183119,2979077.93,2979077.93,0
90183190,3478030.16,3478030.16,0
90183211,15048.88,15048.88,0
90183212,14726.24,14726.24,0
90183213,46.76,46.76,0
90183219,2204544.029999999,2204544.029999999,0
90183220,74517.63999999998,74517.63999999998,0
90183910,2230946.46,2230946.46,0
90183921,2953506.649999999,2953506.649999999,0
90183922,773622.25,773622.25,0
90183923,2902.06,2902.06,0
90183924,5050.69,5050.69,0
90183925,79226.37000000001,79226.37000000001,0
90183926,38104.96999999999,38104.96999999999,0
90183929,8206749.61,8206749.61,0
90183930,23594.79,23594.79,0
90183990,130.8,130.8,0
90183991,1981.99,1981.99,0
90183999,1296682.08,1296682.08,0
90184100,162930.01,162930.01,0
90184911,24802.93,24802.93,0
90184912,3496.97,3496.97,0
90184919,104992.27,104992.27,0
90184920,58996.64999999999,58996.64999999999,0
90184940,1504.96,1504.96,0
90184991,133901.83,133901.83,0
90184999,2206155.98,2206155.98,0
90185010,2116.79,2116.79,0
90185090,373030.79,373030.79,0
90185293,48,0,-48
90189010,166118.72,166118.72,0
90189021,50822.54,50822.54,0
90189029,470354.71,470354.71,0
90189031,7380.97,7380.97,0
90189039,1165,1165,0
90189050,43.3,43.3,0
90189061,2637.75,2637.75,0
90189069,173399.08,173399.08,0
90189091,46452.99,46452.99,0
90189092,24380.71,24380.71,0
90189093,796.53,796.53,0
90189094,4999,4999,0
90189095,239365.57,239365.57,0
90189096,20108.01,20108.01,0
90189099,5450694.810000001,5450694.810000001,0
90189999,30,0,-30
90191000,9533140.610000001,9533140.610000001,0
90192010,759427.06,759427.06,0
90192020,121490.61,121490.61,0
90192030,15444.9,15444.9,0
90192040,7254.74,7254.74,0
90192090,2826753.410000001,2826753.410000001,0
90193119,15,0,-15
90200010,6632378.1,6632378.1,0
90200090,356079.1099999999,356079.1099999999,0
90201029,468,0,-468
90205560,765,0,-765
90209090,252,0,-252
90211010,4293130.170000001,4293130.170000001,0
90211020,1180406.23,1180406.23,0
90211091,2908388.940000001,2908388.940000001,0
90211099,320804.6899999999,320804.6899999999,0
90212110,287052.78,287052.78,0
90212190,37604.34,37604.34,0
90212900,695114.3299999998,695114.3299999998,0
90213011,372,372,0
90213019,4730.700000000001,4730.700000000001,0
90213110,252536.17,252536.17,0
90213120,303,303,0
90213190,198760.12,198760.12,0
90213911,42418.79000000001,42418.79000000001,0
90213919,34319.1,34319.1,0
90213920,798104.1199999996,798104.1199999996,0
90213930,298890,298890,0
90213940,1217.02,1217.02,0
90213980,2154433.91,2154433.91,0
90213991,561010.44,561010.44,0
90213999,199304.98,199304.98,0
90214000,11074966.02,11074966.02,0
90215000,66471,66471,0
90219011,50365,50365,0
90219012,67566.97,67566.97,0
90219013,44218.5,44218.5,0
90219019,47607.99,47607.99,0
90219080,4897847.42,4897847.42,0
90219091,40960.54,40960.54,0
90219092,627059.5600000003,627059.5600000003,0
90219099,404505.67,404505.67,0
90221311,3409.88,3409.88,0
90221319,104453.67,104453.67,0
90221390,83878.74,83878.74,0
90221412,4457.240000000001,4457.240000000001,0
90221413,27,27,0
90221419,54768.48,54768.48,0
90221490,26060.5,26060.5,0
90221991,44.07,44.07,0
90222110,12430.65,12430.65,0
90222120,1600,1600,0
90222190,10542.12,10542.12,0
90222910,5.73,5.73,0
90222990,4317.77,4317.77,0
90223000,380000.02,380000.02,0
90226290,85,0,-85
90229010,63400,63400,0
90229012,5,5,0
90229080,937.59,937.59,0
90229091,11947.63,11947.63,0
90229099,94297.51000000001,94297.51000000001,0
90229101,558,0,-558
90230000,94705.20000000001,94705.20000000001,0
90231029,122.38,0,-122.38
90235070,95,0,-95
90241010,24043.42,24043.42,0
90241020,4230.24,4230.24,0
90241090,37503.01,37503.01,0
90248011,1775,1775,0
90248019,567.0699999999999,567.0699999999999,0
90248029,650.48,650.48,0
90248090,7519.200000000001,7519.200000000001,0
90249000,3986.28,3986.28,0
90251110,7786.330000000001,7786.330000000001,0
90251111,5648.32,5648.32,0
90251119,1029530.75,1029530.75,0
90251190,346416.4399999999,346416.4399999999,0
90251191,48011.07,48011.07,0
90251199,487885.75,487885.75,0
90251910,116102.87,116102.87,0
90251990,6564352.640000001,6564352.640000001,0
90258000,3568138.33,3568138.33,0
90258007,36.54,0,-36.54
90259010,759780.03,759780.03,0
90259090,1090763.25,1090763.25,0
90259096,414,0,-414
90261010,930,0,-930
90261011,1080307.46,1080307.46,0
90261019,10187485.64,10187485.64,0
90261020,2804,2804,0
90261021,111364.52,111364.52,0
90261029,19780872.21,19780872.21,0
90262010,5663104.98,5663104.98,0
90262090,26803507.44000001,26803507.44000001,0
90263090,580,0,-580
90268000,4131757.7,4131757.7,0
90269010,2433720.9,2433720.9,0
90269020,493452.06,493452.06,0
90269090,3669857.73,3669857.73,0
90271000,4531087.64,4531087.64,0
90271661,268,0,-268
90272011,1079.99,1079.99,0
90272012,6430.4,6430.4,0
90272021,17,17,0
90272029,1368.86,1368.86,0
90273011,96.00999999999999,96.00999999999999,0
90273019,2537.72,2537.72,0
90273020,795731,795731,0
90275010,73061.48000000001,73061.48000000001,0
90275020,227100.09,227100.09,0
90275030,116784.51,116784.51,0
90275040,1412.65,1412.65,0
90275050,1419.7,1419.7,0
90275090,413150.72,413150.72,0
90278014,15182.19,15182.19,0
90278099,202321.76,202321.76,0
90278100,2000.91,2000.91,0
90278870,298,0,-298
90278911,4621.45,4621.45,0
90278912,50388.62,50388.62,0
90278913,4284.34,4284.34,0
90278914,418009.39,418009.39,0
90278920,125657.93,125657.93,0
90278991,106507.89,106507.89,0
90278999,12311045.2,12311045.2,0
90279010,11278.8,11278.8,0
90279091,8,8,0
90279093,37871.98,37871.98,0
90279099,1178713.92,1178713.92,0
90281011,145377.49,145377.49,0
90281019,83624.12999999999,83624.12999999999,0
90281090,23093.44,23093.44,0
90282010,5958013.33,5958013.33,0
90282020,1123866.73,1123866.73,0
90283011,115084.19,115084.19,0
90283019,6419.53,6419.53,0
90283021,56973.27,56973.27,0
90283029,28202.72,28202.72,0
90283031,165973.92,165973.92,0
90283039,34971.25,34971.25,0
90283090,11782.79,11782.79,0
90289010,1151.43,1151.43,0
90289090,964000.6000000001,964000.6000000001,0
90291010,5429658.41,5429658.41,0
90291090,1091956.65,1091956.65,0
90291101,220,0,-220
90291110,250,0,-250
90292010,9323905.57,9323905.57,0
90292020,3838.54,3838.54,0
90292090,190,0,-190
90299010,2660897.59,2660897.59,0
90299090,292586.95,292586.95,0
90299990,688.8,0,-688.8
90300900,75,0,-75
90301010,1556.38,1556.38,0
90301090,22527.5,22527.5,0
90302010,4864.15,4864.15,0
90302022,1440,1440,0
90302029,641.1800000000001,641.1800000000001,0
90303100,1505221.07,1505221.07,0
90303200,68104.97,68104.97,0
90303310,180,0,-180
90303311,716489.5599999999,716489.5599999999,0
90303319,470481.9399999999,470481.9399999999,0
90303321,22161.62,22161.62,0
90303329,583119.5899999999,583119.5899999999,0
90303390,19463346.54,19463346.54,0
90303910,86968.67000000001,86968.67000000001,0
90303911,1506.9,1506.9,0
90303921,250,250,0
90303929,130,130,0
90303990,702262.9400000001,702262.9400000001,0
90304020,410.8,410.8,0
90304030,590,590,0
90304090,130560.79,130560.79,0
90308210,295.84,295.84,0
90308290,2647.09,2647.09,0
90308410,35317.92,35317.92,0
90308420,3018.86,3018.86,0
90308490,75704.8,75704.8,0
90308910,49.36,49.36,0
90308930,103999.2,103999.2,0
90308940,9171.7,9171.7,0
90308990,757743.47,757743.47,0
90309000,1211.12,0,-1211.12
90309010,1696.79,1696.79,0
90309090,113766.81,113766.81,0
90311000,189890.68,189890.68,0
90312010,32796.39,32796.39,0
90312090,344555.58,344555.58,0
90314100,2850,2850,0
90314920,25980,25980,0
90314990,4196861.3,4196861.3,0
90315803,35,0,-35
90318011,110469.13,110469.13,0
90318020,19026.54,19026.54,0
90318030,32032.01,32032.01,0
90318040,221076.66,221076.66,0
90318050,1740,1740,0
90318060,15165549.31,15165549.31,0
90318090,63.79,63.79,0
90318091,246832.71,246832.71,0
90318099,70285210.25,70285210.25,0
90319010,172992.16,172992.16,0
90319090,2178401.95,2178401.95,0
90321000,1075,0,-1075
90321010,2060117.24,2060117.24,0
90321090,8122626.470000001,8122626.470000001,0
90321099,180,0,-180
90322000,6607757.820000002,6607757.820000002,0
90322200,272,0,-272
90328100,1061801.62,1061801.62,0
90328900,827.13,0,-827.13
90328910,415.45,0,-415.45
90328911,35283549.46,35283549.46,0
90328919,384650.54,384650.54,0
90328920,6502,0,-6502
90328921,1232174.31,1232174.31,0
90328922,49254.04000000001,49254.04000000001,0
90328923,3105262.73,3105262.73,0
90328924,221783.26,221783.26,0
90328925,12776775.33,12776775.33,0
90328929,14691918.82,14691918.82,0
90328930,110473.4,110473.4,0
90328980,467.38,0,-467.38
90328981,7126882.510000002,7126882.510000002,0
90328982,21780949.55999999,21780949.55999999,0
90328983,5636435.99,5636435.99,0
90328984,280927.36,280927.36,0
90328989,52791368.93,52791368.93,0
90328990,38327534.81,38327534.81,0
90328991,250,0,-250
90328992,15,0,-15
90329010,7659123.540000001,7659123.540000001,0
90329091,210150.63,210150.63,0
90329099,3360928.81,3360928.81,0
90330000,2307640.189999999,2307640.189999999,0
90332101,200,0,-200
90338099,80,0,-80
90358205,720,0,-720
90358830,95,0,-95
90358940,37,0,-37
90361021,94,0,-94
90375012,461.8,0,-461.8
90398990,280,0,-280
90409020,24,0,-24
90412000,4.9,0,-4.9
90419090,1850,0,-1850
90520200,435,0,-435
90571981,200,0,-200
90669598,1437,0,-1437
90703990,5.65,0,-5.65
90807060,335.99,0,-335.99
90828982,314.22,0,-314.22
90920000,36.25,0,-36.25
90930000,11.78,0,-11.78
91004841,435,0,-435
91010000,4.46,0,-4.46
91011100,3647255.940000001,3647255.940000001,0
91011900,172975.57,172975.57,0
91012100,2521066.7,2521066.7,0
91012900,111989.93,111989.93,0
91019100,6306.940000000001,6306.940000000001,0
91019900,3441.1,3441.1,0
91020000,7.5,0,-7.5
91021110,4257205.499999999,4257205.499999999,0
91021190,1344492.4,1344492.4,0
91021210,58084.88,58084.88,0
91021220,173147.33,173147.33,0
91021290,58030.25,58030.25,0
91021900,62478.64,62478.64,0
91022100,14256968.11,14256968.11,0
91022900,236769.77,236769.77,0
91029100,18807.57,18807.57,0
91029900,12557.56,12557.56,0
91031000,10463.2,10463.2,0
91039000,22300.07,22300.07,0
91040000,245346.76,245346.76,0
91051100,23680.06,23680.06,0
91051900,4810.57,4810.57,0
91052100,165898.3,165898.3,0
91052900,71270.71999999999,71270.71999999999,0
91059100,10810.31,10810.31,0
91059900,101571.8,101571.8,0
91061000,991854.5200000001,991854.5200000001,0
91066000,130,0,-130
91069000,224869.9,224869.9,0
91069030,119,0,-119
91070000,2803,0,-2803
91070010,1418770.58,1418770.58,0
91070090,199058.55,199058.55,0
91081110,94.8,94.8,0
91081190,2662.2,2662.2,0
91081200,58.6,58.6,0
91081900,18,18,0
91082000,493.75,493.75,0
91089000,7090,7090,0
91091000,14000.77,14000.77,0
91091900,5910,5910,0
91099000,14423.42,14423.42,0
91101110,254.99,254.99,0
91101190,19842.65,19842.65,0
91101200,106.77,106.77,0
91101900,23.63,23.63,0
91109000,486.96,486.96,0
91111000,548.9,548.9,0
91112010,233.06,233.06,0
91112090,1375.8,1375.8,0
91118000,39425.21,39425.21,0
91119010,5787.55,5787.55,0
91119090,30512.94,30512.94,0
91122000,988.2399999999999,988.2399999999999,0
91129000,427.83,427.83,0
91131000,5871.120000000001,5871.120000000001,0
91132000,46736.70999999999,46736.70999999999,0
91139000,216686.9400000001,216686.9400000001,0
91141000,9143.92,9143.92,0
91143000,21040.71,21040.71,0
91144000,2220.77,2220.77,0
91149000,76582.80000000002,76582.80000000002,0
91149010,6024.48,6024.48,0
91149020,723.8,723.8,0
91149030,3266.94,3266.94,0
91149050,7452.030000000001,7452.030000000001,0
91149060,5910,5910,0
91149070,46175.82,46175.82,0
91149090,50,50,0
91172000,220.88,0,-220.88
91183219,37.08,0,-37.08
91216299,268,0,-268
91250000,987.5,0,-987.5
91385020,55,0,-55
91508035,38,0,-38
91739000,9.63,0,-9.63
92011000,79158.23999999999,79158.23999999999,0
92012000,369264.42,369264.42,0
92019000,528.9300000000001,528.9300000000001,0
92021000,34828.46000000001,34828.46000000001,0
92029000,549229.89,549229.89,0
92051000,185613.74,185613.74,0
92059000,105097.24,105097.24,0
92060000,242752.65,242752.65,0
92071010,51448,51448,0
92071090,597938.28,597938.28,0
92075011,21.56,0,-21.56
92079010,607629.78,607629.78,0
92079090,36333.45,36333.45,0
92081000,85606.98,85606.98,0
92082000,80,0,-80
92089000,46137.98,46137.98,0
92093000,30925.53,30925.53,0
92099100,5900.79,5900.79,0
92099200,26659.34,26659.34,0
92099400,114674.46,114674.46,0
92099900,140779.7,140779.7,0
92249000,8.5,0,-8.5
92262010,888,0,-888
92328911,81,0,-81
92840285,60,0,-60
92853940,25,0,-25
92854444,26,0,-26
93000000,160.4,0,-160.4
93002101,142.9,0,-142.9
93003000,14.9,0,-14.9
93006100,9990,0,-9990
93010090,889.9,0,-889.9
93011000,25179.83,25179.83,0
93012000,1997.9,1997.9,0
93016000,15.92,0,-15.92
93019000,2336455.439999999,2336455.439999999,0
93020000,9584636.809999999,9584636.809999999,0
93030000,2624,0,-2624
93031000,87105.30000000002,87105.30000000002,0
93032000,3006952,3006952,0
93033000,5053358.659999999,5053358.659999999,0
93034090,7.69,0,-7.69
93035000,7.9,0,-7.9
93039000,25003.99,25003.99,0
93039010,21404.5,21404.5,0
93039090,42511.95,42511.95,0
93040000,364694.6,364694.6,0
93040010,7635.289999999999,7635.289999999999,0
93040090,1478156.77,1478156.77,0
93045000,1750,0,-1750
93051000,132431.95,132431.95,0
93052000,101616.63,101616.63,0
93052100,234.86,234.86,0
93058098,86,0,-86
93059100,95820.93,95820.93,0
93059900,150549.98,150549.98,0
93061000,2454,2454,0
93062100,131801.89,131801.89,0
93062110,161098.69,161098.69,0
93062120,3476.21,3476.21,0
93062130,28121.58,28121.58,0
93062190,3862154.79,3862154.79,0
93062900,449709.49,449709.49,0
93063000,13944511.13,13944511.13,0
93063030,450,0,-450
93069000,41661.49,41661.49,0
93069010,3112,3112,0
93069090,27440.87,27440.87,0
93070000,58656.74,58656.74,0
93082000,7,0,-7
93088529,45,0,-45
93100013,85,0,-85
93169090,6800,0,-6800
93173100,180,0,-180
93173900,120.23,0,-120.23
93181600,28.8,0,-28.8
93182100,0.3,0,-0.3
93191020,30,0,-30
93241000,10,0,-10
93251000,1066.04,0,-1066.04
93321521,206,0,-206
93328727,890,0,-890
93580385,18,0,-18
93583005,40,0,-40
93629685,320,0,-320
93652013,50,0,-50
94000000,40997.2,0,-40997.2
94002100,135.48,0,-135.48
94002900,7590,0,-7590
94003300,15000,0,-15000
94003600,2696.45,0,-2696.45
94003909,5160,0,-5160
94011010,35249.73999999999,35249.73999999999,0
94011090,694095.82,694095.82,0
94012000,17072883.93,17072883.93,0
94012900,749,0,-749
94013010,77462.36,77462.36,0
94013090,407567.46,407567.46,0
94013100,253804.16,253804.16,0
94013600,1790,0,-1790
94013900,7999341.960000001,7999341.960000001,0
94014010,8188,8188,0
94014090,1130.64,1130.64,0
94014100,238193.39,238193.39,0
94014900,43174.02,43174.02,0
94015001,9800,0,-9800
94015200,4358.51,4358.51,0
94015300,5823.7,5823.7,0
94015855,570,0,-570
94015900,561395.52,561395.52,0
94016000,14140,0,-14140
94016100,88434132.58999999,88434132.58999999,0
94016101,5000,0,-5000
94016900,5412828.320000001,5412828.320000001,0
94017100,15752204.99,15752204.99,0
94017900,10951086.68,10951086.68,0
94018000,7501486.85,7501486.85,0
94019010,10662.66,10662.66,0
94019090,261344.55,261344.55,0
94019100,76386.39,76386.39,0
94019361,570,0,-570
94019660,620,0,-620
94019668,25,0,-25
94019900,6894406.58,6894406.58,0
94021000,819959.72,819959.72,0
94022000,35,0,-35
94029003,3.52,0,-3.52
94029010,47949.95,47949.95,0
94029020,423956.01,423956.01,0
94029090,818385.84,818385.84,0
94031000,14060127.18,14060127.18,0
94032000,2558076.22,2558076.22,0
94032010,3160652.66,3160652.66,0
94032090,19661358.88,19661358.88,0
94033000,47936935.65000001,47936935.65000001,0
94033909,2265,0,-2265
94034000,74678830.01,74678830.01,0
94035000,57211133.21,57211133.21,0
94036000,141867512.56,141867512.56,0
94036900,2380,0,-2380
94037000,5260728.37,5260728.37,0
94038000,31373.45,31373.45,0
94038100,76747.05,76747.05,0
94038200,83201.09,83201.09,0
94038300,203219.91,203219.91,0
94038900,10931551.49,10931551.49,0
94038910,6000,0,-6000
94039000,22316.8,0,-22316.8
94039010,229999.08,229999.08,0
94039090,1482078.29,1482078.29,0
94039100,9556674.4,9556674.4,0
94039900,16716910.16,16716910.16,0
94040000,10086,0,-10086
94040203,563.8,0,-563.8
94041000,5910550.320000001,5910550.320000001,0
94042000,220,0,-220
94042100,16924670.8,16924670.8,0
94042900,35707095.86000001,35707095.86000001,0
94043000,339236.81,339236.81,0
94043500,700,0,-700
94044000,1776142.02,1776142.02,0
94047210,748,0,-748
94049000,9345537.16,9345537.16,0
94049090,69.9,0,-69.9
94051000,10006.88,0,-10006.88
94051006,60712.71999999999,0,-60712.71999999999
94051010,148745.47,148745.47,0
94051040,270,0,-270
94051055,104,0,-104
94051090,2559.99,0,-2559.99
94051091,42009.27,42009.27,0
94051092,81550.88,81550.88,0
94051093,2762149.279999999,2762149.279999999,0
94051099,1180545.25,1180545.25,0
94051110,557411.78,557411.78,0
94051190,44043100.45999999,44043100.45999999,0
94051194,840,0,-840
94051199,278,0,-278
94051910,85043.35999999999,85043.35999999999,0
94051990,12941251.77,12941251.77,0
94052000,182479.61,182479.61,0
94052100,956640.1699999999,956640.1699999999,0
94052900,2040634.45,2040634.45,0
94053000,15624.78,15624.78,0
94053004,398,0,-398
94053100,450401.16,450401.16,0
94053900,132718.67,132718.67,0
94054010,789119.4600000001,789119.4600000001,0
94054050,320,0,-320
94054090,1068490.34,1068490.34,0
94054100,3971486.259999999,3971486.259999999,0
94054200,26083781.75,26083781.75,0
94054900,6887226.88,6887226.88,0
94054990,2320,0,-2320
94055000,2912969,2912969,0
94055100,59.38,0,-59.38
94055200,4090,0,-4090
94055500,2306.88,0,-2306.88
94056000,36494.76,36494.76,0
94056100,175030.31,175030.31,0
94056900,314124.2,314124.2,0
94059000,7409.75,0,-7409.75
94059100,363046.33,363046.33,0
94059200,1022984.9,1022984.9,0
94059900,2866180.95,2866180.95,0
94060010,911,911,0
94060091,9809.14,9809.14,0
94060092,64660.7,64660.7,0
94060099,108242.2,108242.2,0
94061010,351083.73,351083.73,0
94061090,617923.6699999999,617923.6699999999,0
94062000,664483.11,664483.11,0
94063400,2636,0,-2636
94069010,36208534.89,36208534.89,0
94069020,49875472.55,49875472.55,0
94069090,5228062.88,5228062.88,0
94095029,190.24,0,-190.24
94099111,1500,0,-1500
94099190,153,0,-153
94099917,1104,0,-1104
94099999,278.67,0,-278.67
94106900,890,0,-890
94130915,52,0,-52
94133020,660,0,-660
94139190,780,0,-780
94145990,1235,0,-1235
94159090,5000,0,-5000
94186931,2200,0,-2200
94219899,890,0,-890
94242900,2355.29,0,-2355.29
94310000,647,0,-647
94314929,63.6,0,-63.6
94329000,499.78,0,-499.78
94349000,120,0,-120
94360000,15050,0,-15050
94510012,65.8,0,-65.8
94600000,3300,0,-3300
94679100,21.6,0,-21.6
94716494,265,0,-265
94916100,1292,0,-1292
94921090,16,0,-16
94930000,25000,0,-25000
94934000,9721,0,-9721
95010000,401.5,401.5,0
95021010,49.49,49.49,0
95029990,44.9,0,-44.9
95030010,3563936.46,3563936.46,0
95030020,35.98,0,-35.98
95030021,93564.93000000004,93564.93000000004,0
95030022,663948.7799999999,663948.7799999999,0
95030029,68681.8,68681.8,0
95030031,339299.52,339299.52,0
95030039,362457.1200000001,362457.1200000001,0
95030040,90914.27,90914.27,0
95030050,312741.83,312741.83,0
95030060,495822.9399999999,495822.9399999999,0
95030070,69189.95,69189.95,0
95030080,530745.25,530745.25,0
95030091,67223.25999999998,67223.25999999998,0
95030097,1142820.44,1142820.44,0
95030098,120941.87,120941.87,0
95030099,4410548.249999999,4410548.249999999,0
95034100,1022.42,1022.42,0
95034900,2.99,2.99,0
95039000,613.76,613.76,0
95039090,353.7,353.7,0
95039099,114,0,-114
95041010,649.5,649.5,0
95041990,1376.23,0,-1376.23
95042000,1403404.9,1403404.9,0
95043000,120714.19,120714.19,0
95044000,112843.33,112843.33,0
95044400,47.8,0,-47.8
95045000,3281181.79,3281181.79,0
95049000,29.9,29.9,0
95049010,213.32,213.32,0
95049090,324705.9600000001,324705.9600000001,0
95051000,1455664.44,1455664.44,0
95051099,400,0,-400
95056000,360,0,-360
95059000,907227.07,907227.07,0
95059090,82,0,-82
95061100,54690.38,54690.38,0
95061200,821.6,821.6,0
95061900,202461.51,202461.51,0
95062100,6047,6047,0
95062900,1814101.48,1814101.48,0
95063100,14274.56,14274.56,0
95063200,117259.2,117259.2,0
95063900,51608.81,51608.81,0
95064000,277219.06,277219.06,0
95065100,275833.6400000001,275833.6400000001,0
95065900,594652.0199999999,594652.0199999999,0
95066100,206088.1800000001,206088.1800000001,0
95066200,613940.19,613940.19,0
95066900,120267.09,120267.09,0
95067000,56084.8,56084.8,0
95067900,390,0,-390
95069100,13548085.77,13548085.77,0
95069900,6260962.069999999,6260962.069999999,0
95070000,320,0,-320
95071000,1025330.76,1025330.76,0
95071090,2705,0,-2705
95072000,283795.9399999999,283795.9399999999,0
95073000,1519806.93,1519806.93,0
95079000,1700172.66,1700172.66,0
95079200,950,0,-950
95081000,6321.8,6321.8,0
95082110,355.14,355.14,0
95082190,77834,77834,0
95082290,67507.58,67507.58,0
95082300,67.98,67.98,0
95082500,3680.76,3680.76,0
95082600,2000,2000,0
95082900,756508.4400000002,756508.4400000002,0
95083000,15291.34,15291.34,0
95084000,36531.90000000001,36531.90000000001,0
95089020,376,376,0
95089049,68043.06,68043.06,0
95089090,20465.5,20465.5,0
95089800,251.89,0,-251.89
95159000,199,0,-199
95159500,320,0,-320
95162000,3.5,0,-3.5
95303100,231,0,-231
95308547,49.8,0,-49.8
95310120,250,0,-250
95346510,12.9,0,-12.9
95359090,20.6,0,-20.6
95366100,10,0,-10
95366910,410.3,0,-410.3
95369090,199.75,0,-199.75
95383905,115,0,-115
95392190,160,0,-160
95444900,42.4,0,-42.4
95623020,784,0,-784
95631122,25.4,0,-25.4
95686565,14.7,0,-14.7
96003100,303,0,-303
96008200,19.5,0,-19.5
96011000,7962.620000000004,7962.620000000004,0
96019000,439997.5,439997.5,0
96020000,56.3,0,-56.3
96020010,8945.91,8945.91,0
96020020,157171.62,157171.62,0
96020090,210649.13,210649.13,0
96030000,30,0,-30
96030001,16.5,0,-16.5
96030410,76,0,-76
96030900,240,0,-240
96031000,2500279.09,2500279.09,0
96031011,3803.73,0,-3803.73
96032100,620627.4500000001,620627.4500000001,0
96032900,394471.98,394471.98,0
96032999,3442,0,-3442
96033000,331651.0499999999,331651.0499999999,0
96033900,3747.8,0,-3747.8
96034000,145.29,0,-145.29
96034002,8.7,0,-8.7
96034010,5297077.829999999,5297077.829999999,0
96034090,3637819.869999999,3637819.869999999,0
96035000,11088538.58,11088538.58,0
96039000,10888499.83000001,10888499.83000001,0
96039004,290.73,0,-290.73
96039040,9.9,0,-9.9
96039099,349.67,0,-349.67
96040000,2411252.22,2411252.22,0
96041000,31800,0,-31800
96042900,160,0,-160
96044000,48.07,0,-48.07
96049020,23.7,0,-23.7
96050000,20814.87,20814.87,0
96052000,14,0,-14
96060010,40.9,0,-40.9
96061000,88239.45999999999,88239.45999999999,0
96062100,11431.73,11431.73,0
96062200,17507.1,17507.1,0
96062900,634326.61,634326.61,0
96063000,43388.21000000001,43388.21000000001,0
96064010,746.03,0,-746.03
96071100,36448.9,36448.9,0
96071900,50366.44,50366.44,0
96072000,44621.11000000001,44621.11000000001,0
96080000,244.1,0,-244.1
96081000,1839016.82,1839016.82,0
96081020,72.7,0,-72.7
96081100,130,0,-130
96082000,1853355.8,1853355.8,0
96082200,4.25,0,-4.25
96083000,1968917.08,1968917.08,0
96084000,76727.81999999998,76727.81999999998,0
96084070,3.8,0,-3.8
96085000,3318.05,3318.05,0
96086000,21909.75,21909.75,0
96088400,22,0,-22
96089000,40,0,-40
96089100,5207.49,5207.49,0
96089981,1528.21,1528.21,0
96089989,119930.09,119930.09,0
96089990,23399.2,23399.2,0
96090000,60,0,-60
96091000,392374.01,392374.01,0
96091001,52.3,0,-52.3
96092000,68646.69999999998,68646.69999999998,0
96099000,783129.1100000001,783129.1100000001,0
96100000,394370.77,394370.77,0
96110000,623334.7300000001,623334.7300000001,0
96121000,1247376.11,1247376.11,0
96121011,261.54,261.54,0
96121012,1652.5,1652.5,0
96121013,318.5,318.5,0
96121019,7175.509999999999,7175.509999999999,0
96121090,36235.97,36235.97,0
96122000,44320.50999999999,44320.50999999999,0
96131000,288761.79,288761.79,0
96132000,5274.34,5274.34,0
96138000,165649.01,165649.01,0
96138001,4854,0,-4854
96139000,129320.57,129320.57,0
96140000,16546.59,16546.59,0
96140090,400,0,-400
96151100,122309.58,122309.58,0
96151900,527001.54,527001.54,0
96159000,513235.2299999999,513235.2299999999,0
96161000,18685.81,18685.81,0
96162000,83682.11999999998,83682.11999999998,0
96170000,275,0,-275
96170010,7488399.75,7488399.75,0
96170020,225526.5,225526.5,0
96180000,51152.02,51152.02,0
96190000,3135753.539999998,3135753.539999998,0
96200000,464270.3799999999,464270.3799999999,0
96261021,140,0,-140
96261029,6461.5,0,-6461.5
96262090,256.58,0,-256.58
96269090,61.8,0,-61.8
96325250,112,0,-112
96335555,3,0,-3
96335588,170,0,-170
96344010,33.90000000000001,0,-33.90000000000001
96352555,688.5,0,-688.5
96353535,1735.5,0,-1735.5
96358877,645,0,-645
96358974,91.8,0,-91.8
96400000,18.5,0,-18.5
96523399,94.5,0,-94.5
96545222,4,0,-4
96598702,190,0,-190
96603401,109.8,0,-109.8
96603900,692.59,0,-692.59
96802000,9,0,-9
96807000,44.7,0,-44.7
96808200,230,0,-230
96842235,1640,0,-1640
96853255,900,0,-900
96857411,10,0,-10
96857788,350,0,-350
96868999,152,0,-152
96887721,4100,0,-4100
96969335,438,0,-438
96969698,325,0,-325
97001420,33,0,-33
97010000,1100,0,-1100
97011000,323373.6,323373.6,0
97012100,2639269.82,2639269.82,0
97012200,111182.11,111182.11,0
97012900,96757.54000000001,96757.54000000001,0
97019000,48696.67000000001,48696.67000000001,0
97019100,6308650.2,6308650.2,0
97019200,3083.09,3083.09,0
97019900,12611993.1,12611993.1,0
97020000,3548.21,3548.21,0
97021000,32758,32758,0
97029000,170614.85,170614.85,0
97030000,523456.52,523456.52,0
97031000,87185.99,87185.99,0
97039000,3360098.93,3360098.93,0
97040000,47036.06,47036.06,0
97050000,25500,25500,0
97051000,21227.52,21227.52,0
97052100,58.03,58.03,0
97052200,21,21,0
97052900,15594.5,15594.5,0
97053100,50,50,0
97053900,2485.92,2485.92,0
97060000,199702.04,199702.04,0
97061000,4709388.609999999,4709388.609999999,0
97069000,18157606.14,18157606.14,0
97082999,210,0,-210
97083011,4358.8,0,-4358.8
97085099,5200,0,-5200
97089100,408,0,-408
97089990,1590.25,0,-1590.25
97097090,50,0,-50
97136946,20250,0,-20250
97169090,1880.01,0,-1880.01
97422960,388,0,-388
98034010,24,0,-24
98042211,141,0,-141
98052615,29,0,-29
98072030,717.8199999999999,0,-717.8199999999999
98081000,13.51,0,-13.51
98099990,100,0,-100
98101010,78,0,-78
98109900,150,0,-150
98183910,141,0,-141
98346352,18.9,0,-18.9
98413919,750,0,-750
98524523,60,0,-60
98562365,125,0,-125
98563214,240,0,-240
98566347,49.8,0,-49.8
98655888,145,0,-145
98708990,170,0,-170
98745698,7560,0,-7560
98752314,215,0,-215
98754120,360,0,-360
98765432,6960,0,-6960
98775969,4200,0,-4200
98790000,339.9,0,-339.9
99000000,8138.14,0,-8138.14
99000020,0.98,0,-0.98
99000040,5732,0,-5732
99000102,150,0,-150
99000105,19.98,0,-19.98
99000153,30000,0,-30000
99000166,498,0,-498
99000167,142,0,-142
99000183,657.25,0,-657.25
99000206,359.8,0,-359.8
99000217,3845,0,-3845
99000260,228,0,-228
99000262,138.5,0,-138.5
99000266,295200,0,-295200
99000271,52.47,0,-52.47
99000282,2715.8,0,-2715.8
99000289,3402,0,-3402
99000330,500,0,-500
99000367,4640,0,-4640
99000412,250,0,-250
99000440,385,0,-385
99000538,337.5,0,-337.5
99000539,6240,0,-6240
99000549,7184.4,0,-7184.4
99000556,326.43,0,-326.43
99000560,375,0,-375
99000561,40,0,-40
99000563,140,0,-140
99000572,1330,0,-1330
99000580,205.55,0,-205.55
99000586,6389.22,0,-6389.22
99000591,125,0,-125
99000601,42319.84,0,-42319.84
99000635,23500.1,0,-23500.1
99000644,46021.46999999999,0,-46021.46999999999
99000648,581.5,0,-581.5
99000673,4.78,0,-4.78
99000678,4749.63,0,-4749.63
99000687,28825,0,-28825
99000715,3550.6,0,-3550.6
99000729,617.6,0,-617.6
99000736,1443.52,0,-1443.52
99000737,1800,0,-1800
99000738,938,0,-938
99000743,4089,0,-4089
99000751,252.45,0,-252.45
99000769,2541.5,0,-2541.5
99000784,383.25,0,-383.25
99000799,3712.470000000001,0,-3712.470000000001
99000827,19,0,-19
99000845,80,0,-80
99173900,1867.85,0,-1867.85
99203000,1030,0,-1030
99365624,9,0,-9
99451820,55,0,-55
99633625,1020,0,-1020
99635696,29.9,0,-29.9
99654578,99.6,0,-99.6
99668855,312,0,-312
99740065,24.9,0,-24.9
99742514,32.78,0,-32.78
99808843,177,0,-177
99900000,2418.83,0,-2418.83
99900043,306.43,0,-306.43
99900053,60,0,-60
99900193,80,0,-80
99900195,1485,0,-1485
99900196,421,0,-421
99980101,731.5,0,-731.5
99980202,55.4,0,-55.4
99990000,41465.89000000001,0,-41465.89000000001
99990007,260,0,-260
99990999,70,0,-70
99997101,0,0,0
99998856,344645,0,-344645
99999000,27,0,-27
99999900,667522.73,0,-667522.73
99999909,3308,0,-3308
99999945,290,0,-290
99999990,1721.25,0,-1721.25
99999998,362,0,-362
99999999,122132807.94,0,-122132807.94
