ref,fundam_legal,beneficio,item,descr_produto,oper,ncm
"Alíquota 0% - Automoveis Deficientes, Taxi - Art 149",GERAL,Alíquota 0%,I,Automóveis de passageiros (táxi),INC,87.03
"Alíquota 0% - Automoveis Deficientes, Taxi - Art 149",GERAL,Alíquota 0%,II,"Automóveis de passageiros (pessoas com: deficiência física, visual ou auditiva; deficiência mental severa ou profunda; transtorno do espectro autista, com prejuízos na comunicação social e em padrões restritos ou repetitivos de comportamento de nível moderado ou grave, nos termos da legislação relativa à matéria.)",INC,87.03
Alíquota 0% - Cesta Básica - Anexo I - Art. 125,GERAL,Alíquota 0%,1,Arroz,INC,1006.20
Alíquota 0% - Cesta Básica - Anexo I - Art. 125,GERAL,Alíquota 0%,1,Arroz,INC,1006.30
Alíquota 0% - Cesta Básica - Anexo I - Art. 125,GERAL,Alíquota 0%,1,Arroz,INC,1006.40.00
Alíquota 0% - Cesta Básica - Anexo I - Art. 125,GERAL,Alíquota 0%,2,"Leite, em conformidade com os requisitos da legislação específica relativos ao consumo direto pela população",INC,0401.10.10
Alíquota 0% - Cesta Básica - Anexo I - Art. 125,GERAL,Alíquota 0%,2,"Leite, em conformidade com os requisitos da legislação específica relativos ao consumo direto pela população",INC,0401.10.90
Alíquota 0% - Cesta Básica - Anexo I - Art. 125,GERAL,Alíquota 0%,2,"Leite, em conformidade com os requisitos da legislação específica relativos ao consumo direto pela população",INC,0401.20.10
Alíquota 0% - Cesta Básica - Anexo I - Art. 125,GERAL,Alíquota 0%,2,"Leite, em conformidade com os requisitos da legislação específica relativos ao consumo direto pela população",INC,0401.20.90
Alíquota 0% - Cesta Básica - Anexo I - Art. 125,GERAL,Alíquota 0%,2,"Leite, em conformidade com os requisitos da legislação específica relativos ao consumo direto pela população",INC,0401.40.10
Alíquota 0% - Cesta Básica - Anexo I - Art. 125,GERAL,Alíquota 0%,2,"Leite, em conformidade com os requisitos da legislação específica relativos ao consumo direto pela população",INC,0401.50.10
Alíquota 0% - Cesta Básica - Anexo I - Art. 125,GERAL,Alíquota 0%,3,"Leite em pó, em conformidade com os requisitos da legislação específica",INC,0402.10.10
Alíquota 0% - Cesta Básica - Anexo I - Art. 125,GERAL,Alíquota 0%,3,"Leite em pó, em conformidade com os requisitos da legislação específica",INC,0402.10.90
Alíquota 0% - Cesta Básica - Anexo I - Art. 125,GERAL,Alíquota 0%,3,"Leite em pó, em conformidade com os requisitos da legislação específica",INC,0402.21.10
Alíquota 0% - Cesta Básica - Anexo I - Art. 125,GERAL,Alíquota 0%,3,"Leite em pó, em conformidade com os requisitos da legislação específica",INC,0402.21.20
Alíquota 0% - Cesta Básica - Anexo I - Art. 125,GERAL,Alíquota 0%,3,"Leite em pó, em conformidade com os requisitos da legislação específica",INC,0402.29.10
Alíquota 0% - Cesta Básica - Anexo I - Art. 125,GERAL,Alíquota 0%,3,"Leite em pó, em conformidade com os requisitos da legislação específica",INC,0402.29.20
Alíquota 0% - Cesta Básica - Anexo I - Art. 125,GERAL,Alíquota 0%,4,"Fórmulas infantis, em conformidade com os requisitos da legislação específica",INC,1901.10.10
Alíquota 0% - Cesta Básica - Anexo I - Art. 125,GERAL,Alíquota 0%,4,"Fórmulas infantis, em conformidade com os requisitos da legislação específica",INC,1901.10.90
Alíquota 0% - Cesta Básica - Anexo I - Art. 125,GERAL,Alíquota 0%,4,"Fórmulas infantis, em conformidade com os requisitos da legislação específica",INC,2106.90.90
Alíquota 0% - Cesta Básica - Anexo I - Art. 125,GERAL,Alíquota 0%,5,Manteiga,INC,0405.10.00
Alíquota 0% - Cesta Básica - Anexo I - Art. 125,GERAL,Alíquota 0%,6,Margarina,INC,1517.10.00
Alíquota 0% - Cesta Básica - Anexo I - Art. 125,GERAL,Alíquota 0%,7,Feijões,INC,0713.33.19
Alíquota 0% - Cesta Básica - Anexo I - Art. 125,GERAL,Alíquota 0%,7,Feijões,INC,0713.33.29
Alíquota 0% - Cesta Básica - Anexo I - Art. 125,GERAL,Alíquota 0%,7,Feijões,INC,0713.33.99
Alíquota 0% - Cesta Básica - Anexo I - Art. 125,GERAL,Alíquota 0%,7,Feijões,INC,0713.35.90
Alíquota 0% - Cesta Básica - Anexo I - Art. 125,GERAL,Alíquota 0%,8,Café,INC,09.01
Alíquota 0% - Cesta Básica - Anexo I - Art. 125,GERAL,Alíquota 0%,8,Café,INC,2101.1
Alíquota 0% - Cesta Básica - Anexo I - Art. 125,GERAL,Alíquota 0%,9,"Óleo de babaçu, em conformidade com os requisitos da legislação específica relativos ao consumo como alimento",INC,1513.21.20
Alíquota 0% - Cesta Básica - Anexo I - Art. 125,GERAL,Alíquota 0%,10,Farinha de mandioca,INC,1106.20.00
Alíquota 0% - Cesta Básica - Anexo I - Art. 125,GERAL,Alíquota 0%,10,Tapioca e seus sucedâneos,INC,1903.00.00
Alíquota 0% - Cesta Básica - Anexo I - Art. 125,GERAL,Alíquota 0%,11,"Farinha, grumos e sêmolas, de milho",INC,1102.20.00
Alíquota 0% - Cesta Básica - Anexo I - Art. 125,GERAL,Alíquota 0%,11,"Farinha, grumos e sêmolas, de milho",INC,1103.13.00
Alíquota 0% - Cesta Básica - Anexo I - Art. 125,GERAL,Alíquota 0%,12,Grãos de milho,INC,1104.19.00
Alíquota 0% - Cesta Básica - Anexo I - Art. 125,GERAL,Alíquota 0%,12,Grãos de milho,INC,1104.23.00
Alíquota 0% - Cesta Básica - Anexo I - Art. 125,GERAL,Alíquota 0%,13,Farinha de trigo,INC,1101.00.10
Alíquota 0% - Cesta Básica - Anexo I - Art. 125,GERAL,Alíquota 0%,14,Açúcar,INC,1701.14.00
Alíquota 0% - Cesta Básica - Anexo I - Art. 125,GERAL,Alíquota 0%,14,Açúcar,INC,1701.99.00
Alíquota 0% - Cesta Básica - Anexo I - Art. 125,GERAL,Alíquota 0%,14,Massas alimentícias,INC,1902.1
Alíquota 0% - Cesta Básica - Anexo I - Art. 125,GERAL,Alíquota 0%,16,"Pré-mistura ou massa, para preparação do pão comumente denominado pão francês",INC,1901.20.10
Alíquota 0% - Cesta Básica - Anexo I - Art. 125,GERAL,Alíquota 0%,16,"Pré-mistura ou massa, para preparação do pão comumente denominado pão francês",INC,1901.20.90
Alíquota 0% - Cesta Básica - Anexo I - Art. 125,GERAL,Alíquota 0%,16,"Pão comumente denominado pão francês, de formato cilíndrico e alongado, com miolo branco creme e macio, e casca dourada e crocante, elaborado a partir da mistura ou pré-mistura de farinha de trigo, fermento biológico, água, sal, açúcar, aditivos alimentares e produtos de fortificação de farinhas, em conformidade com a legislação vigente",INC,1905.90.90
Alíquota 0% - Cesta Básica - Anexo I - Art. 125,GERAL,Alíquota 0%,17,Grãos de aveia,INC,1104.12.00
Alíquota 0% - Cesta Básica - Anexo I - Art. 125,GERAL,Alíquota 0%,17,Grãos de aveia,INC,1104.22.00
Alíquota 0% - Cesta Básica - Anexo I - Art. 125,GERAL,Alíquota 0%,18,Farinha de aveia,INC,1102.90.00
Alíquota 0% - Cesta Básica - Anexo I - Art. 125,GERAL,Alíquota 0%,19,"Carnes bovina, suína, ovina, caprina e de aves e produtos de origem animal ",INC,02.01
Alíquota 0% - Cesta Básica - Anexo I - Art. 125,GERAL,Alíquota 0%,19,"Carnes bovina, suína, ovina, caprina e de aves e produtos de origem animal ",INC,02.02
Alíquota 0% - Cesta Básica - Anexo I - Art. 125,GERAL,Alíquota 0%,19,"Carnes bovina, suína, ovina, caprina e de aves e produtos de origem animal ",INC,02.03
Alíquota 0% - Cesta Básica - Anexo I - Art. 125,GERAL,Alíquota 0%,19,"Carnes bovina, suína, ovina, caprina e de aves e produtos de origem animal ",INC,02.04
Alíquota 0% - Cesta Básica - Anexo I - Art. 125,GERAL,Alíquota 0%,19,"Carnes bovina, suína, ovina, caprina e de aves e produtos de origem animal ",INC,02.07
Alíquota 0% - Cesta Básica - Anexo I - Art. 125,GERAL,Alíquota 0%,19,"Carnes bovina, suína, ovina, caprina e de aves e produtos de origem animal ",INC,0206.10.00
Alíquota 0% - Cesta Básica - Anexo I - Art. 125,GERAL,Alíquota 0%,19,"Carnes bovina, suína, ovina, caprina e de aves e produtos de origem animal ",INC,0206.2
Alíquota 0% - Cesta Básica - Anexo I - Art. 125,GERAL,Alíquota 0%,19,"Carnes bovina, suína, ovina, caprina e de aves e produtos de origem animal ",INC,0206.30.00
Alíquota 0% - Cesta Básica - Anexo I - Art. 125,GERAL,Alíquota 0%,19,"Carnes bovina, suína, ovina, caprina e de aves e produtos de origem animal ",INC,0206.4
Alíquota 0% - Cesta Básica - Anexo I - Art. 125,GERAL,Alíquota 0%,19,"Carnes bovina, suína, ovina, caprina e de aves e produtos de origem animal ",INC,0206.80.00
Alíquota 0% - Cesta Básica - Anexo I - Art. 125,GERAL,Alíquota 0%,19,"Carnes bovina, suína, ovina, caprina e de aves e produtos de origem animal ",INC,0206.90.00
Alíquota 0% - Cesta Básica - Anexo I - Art. 125,GERAL,Alíquota 0%,19,"Carnes bovina, suína, ovina, caprina e de aves e produtos de origem animal ",EXC,0207.43.00
Alíquota 0% - Cesta Básica - Anexo I - Art. 125,GERAL,Alíquota 0%,19,"Carnes bovina, suína, ovina, caprina e de aves e produtos de origem animal ",EXC,0207.53.00
Alíquota 0% - Cesta Básica - Anexo I - Art. 125,GERAL,Alíquota 0%,19,"Carnes bovina, suína, ovina, caprina e de aves e produtos de origem animal ",INC,0209.10
Alíquota 0% - Cesta Básica - Anexo I - Art. 125,GERAL,Alíquota 0%,19,"Carnes bovina, suína, ovina, caprina e de aves e produtos de origem animal ",INC,0209.90.00
Alíquota 0% - Cesta Básica - Anexo I - Art. 125,GERAL,Alíquota 0%,19,"Carnes bovina, suína, ovina, caprina e de aves e produtos de origem animal ",INC,0210.1
Alíquota 0% - Cesta Básica - Anexo I - Art. 125,GERAL,Alíquota 0%,19,"Carnes bovina, suína, ovina, caprina e de aves e produtos de origem animal ",INC,0210.20.00
Alíquota 0% - Cesta Básica - Anexo I - Art. 125,GERAL,Alíquota 0%,19,"Carnes bovina, suína, ovina, caprina e de aves e produtos de origem animal ",INC,0210.99.1
Alíquota 0% - Cesta Básica - Anexo I - Art. 125,GERAL,Alíquota 0%,19,"Carnes bovina, suína, ovina, caprina e de aves e produtos de origem animal ",INC,0210.99.20
Alíquota 0% - Cesta Básica - Anexo I - Art. 125,GERAL,Alíquota 0%,19,"Carnes bovina, suína, ovina, caprina e de aves e produtos de origem animal ",INC,0210.99.90
Alíquota 0% - Cesta Básica - Anexo I - Art. 125,GERAL,Alíquota 0%,20,Peixes e carnes de peixes,INC,03.02
Alíquota 0% - Cesta Básica - Anexo I - Art. 125,GERAL,Alíquota 0%,20,Peixes e carnes de peixes,INC,03.03
Alíquota 0% - Cesta Básica - Anexo I - Art. 125,GERAL,Alíquota 0%,20,Peixes e carnes de peixes,INC,03.04
Alíquota 0% - Cesta Básica - Anexo I - Art. 125,GERAL,Alíquota 0%,20,Peixes e carnes de peixes,EXC,0302.1
Alíquota 0% - Cesta Básica - Anexo I - Art. 125,GERAL,Alíquota 0%,20,Peixes e carnes de peixes,EXC,0302.3
Alíquota 0% - Cesta Básica - Anexo I - Art. 125,GERAL,Alíquota 0%,20,Peixes e carnes de peixes,EXC,0302.51.00
Alíquota 0% - Cesta Básica - Anexo I - Art. 125,GERAL,Alíquota 0%,20,Peixes e carnes de peixes,EXC,0302.52.00
Alíquota 0% - Cesta Básica - Anexo I - Art. 125,GERAL,Alíquota 0%,20,Peixes e carnes de peixes,EXC,0302.53.00
Alíquota 0% - Cesta Básica - Anexo I - Art. 125,GERAL,Alíquota 0%,20,Peixes e carnes de peixes,EXC,0302.9
Alíquota 0% - Cesta Básica - Anexo I - Art. 125,GERAL,Alíquota 0%,20,Peixes e carnes de peixes,EXC,0303.1
Alíquota 0% - Cesta Básica - Anexo I - Art. 125,GERAL,Alíquota 0%,20,Peixes e carnes de peixes,EXC,0303.4
Alíquota 0% - Cesta Básica - Anexo I - Art. 125,GERAL,Alíquota 0%,20,Peixes e carnes de peixes,EXC,0303.63.00
Alíquota 0% - Cesta Básica - Anexo I - Art. 125,GERAL,Alíquota 0%,20,Peixes e carnes de peixes,EXC,0303.64.00
Alíquota 0% - Cesta Básica - Anexo I - Art. 125,GERAL,Alíquota 0%,20,Peixes e carnes de peixes,EXC,0303.65.00
Alíquota 0% - Cesta Básica - Anexo I - Art. 125,GERAL,Alíquota 0%,20,Peixes e carnes de peixes,EXC,0303.9
Alíquota 0% - Cesta Básica - Anexo I - Art. 125,GERAL,Alíquota 0%,20,Peixes e carnes de peixes,EXC,0304.4
Alíquota 0% - Cesta Básica - Anexo I - Art. 125,GERAL,Alíquota 0%,20,Peixes e carnes de peixes,EXC,0304.5
Alíquota 0% - Cesta Básica - Anexo I - Art. 125,GERAL,Alíquota 0%,20,Peixes e carnes de peixes,EXC,0304.7
Alíquota 0% - Cesta Básica - Anexo I - Art. 125,GERAL,Alíquota 0%,20,Peixes e carnes de peixes,EXC,0304.8
Alíquota 0% - Cesta Básica - Anexo I - Art. 125,GERAL,Alíquota 0%,20,Peixes e carnes de peixes,EXC,0304.9
Alíquota 0% - Cesta Básica - Anexo I - Art. 125,GERAL,Alíquota 0%,21,"Queijos tipo mozarela, minas, prato, queijo de coalho, ricota, requeijão, queijo provolone, queijo parmesão, queijo fresco não maturado e queijo do reino",INC,0406.10.10
Alíquota 0% - Cesta Básica - Anexo I - Art. 125,GERAL,Alíquota 0%,21,"Queijos tipo mozarela, minas, prato, queijo de coalho, ricota, requeijão, queijo provolone, queijo parmesão, queijo fresco não maturado e queijo do reino",INC,0406.10.90
Alíquota 0% - Cesta Básica - Anexo I - Art. 125,GERAL,Alíquota 0%,21,"Queijos tipo mozarela, minas, prato, queijo de coalho, ricota, requeijão, queijo provolone, queijo parmesão, queijo fresco não maturado e queijo do reino",INC,0406.20.00
Alíquota 0% - Cesta Básica - Anexo I - Art. 125,GERAL,Alíquota 0%,21,"Queijos tipo mozarela, minas, prato, queijo de coalho, ricota, requeijão, queijo provolone, queijo parmesão, queijo fresco não maturado e queijo do reino",INC,0406.90.10
Alíquota 0% - Cesta Básica - Anexo I - Art. 125,GERAL,Alíquota 0%,21,"Queijos tipo mozarela, minas, prato, queijo de coalho, ricota, requeijão, queijo provolone, queijo parmesão, queijo fresco não maturado e queijo do reino",INC,0406.90.20
Alíquota 0% - Cesta Básica - Anexo I - Art. 125,GERAL,Alíquota 0%,21,"Queijos tipo mozarela, minas, prato, queijo de coalho, ricota, requeijão, queijo provolone, queijo parmesão, queijo fresco não maturado e queijo do reino",INC,0406.90.30
Alíquota 0% - Cesta Básica - Anexo I - Art. 125,GERAL,Alíquota 0%,22,Sal em conformidade com os requisitos da legislação específica relativos ao teor de iodo enquadrado nos limites próprios para consumo humano,INC,2501.00.20
Alíquota 0% - Cesta Básica - Anexo I - Art. 125,GERAL,Alíquota 0%,22,Sal em conformidade com os requisitos da legislação específica relativos ao teor de iodo enquadrado nos limites próprios para consumo humano,INC,2501.00.90
Alíquota 0% - Cesta Básica - Anexo I - Art. 125,GERAL,Alíquota 0%,23,Mate,INC,09.03
Alíquota 0% - Cesta Básica - Anexo I - Art. 125,GERAL,Alíquota 0%,24,"Farinha com baixo teor de proteína para pessoas com aminoacidopatias, acidemias e defeitos do ciclo da uréia ",INC,1901.90.90
Alíquota 0% - Cesta Básica - Anexo I - Art. 125,GERAL,Alíquota 0%,25,"Massas com baixo teor de proteína para pessoas com aminoacidopatias, acidemias e defeitos do ciclo da uréia",INC,1902.19.00
Alíquota 0% - Cesta Básica - Anexo I - Art. 125,GERAL,Alíquota 0%,26,Fórmulas infantis e Fórmulas Dietoterápicas para Erros Inatos do Metabolismo,INC,2106.90.90
Alíquota 0% - Cuidados básicos - art 147,GERAL,Alíquota 0%,I,Tampões higiênicos,INC,9619.00.00
Alíquota 0% - Cuidados básicos - art 147,GERAL,Alíquota 0%,II,Absorventes higiênicos ... e calcinhas absorventes,INC,9619.00.00
Alíquota 0% - Cuidados básicos - art 147,GERAL,Alíquota 0%,III,Coletores menstruais,INC,9619.00.00
Alíquota 0% - Dispositivos acessibilidade - Anexo XIII - art 145,GERAL,Alíquota 0%,1,Barra de apoio para pessoa com deficiência física,INC,8302.41.00
Alíquota 0% - Dispositivos acessibilidade - Anexo XIII - art 145,GERAL,Alíquota 0%,3,Partes e acessórios destinados exclusivamente a aplicação em cadeiras de rodas ou em outros veículos para deficientes,INC,8714.20.00
Alíquota 0% - Dispositivos acessibilidade - Anexo XIII - art 145,GERAL,Alíquota 0%,4,"Aparelhos para facilitar a audição dos surdos, exceto partes e acessórios",INC,9021.40.00
Alíquota 0% - Dispositivos acessibilidade - Anexo XIII - art 145,GERAL,Alíquota 0%,5,Partes e acessórios de aparelhos para facilitar a audição dos surdos,INC,9021.90.92
Alíquota 0% - Dispositivos acessibilidade - Anexo XIII - art 145,GERAL,Alíquota 0%,6,Implantes cocleares,INC,9021.90.19
Alíquota 0% - Dispositivos acessibilidade - Anexo XIII - art 145,GERAL,Alíquota 0%,2.1,Cadeira de rodas sem mecanismo de propulsão,INC,8713.10.00
Alíquota 0% - Dispositivos acessibilidade - Anexo XIII - art 145,GERAL,Alíquota 0%,2.2,Cadeiras de rodas com motor ou com outro mecanismo de propulsão e outros veículos para pessoas com incapacidade,INC,8713.90.00
Alíquota 0% - Dispositivos acessibilidade (Governo e CEBAS) - Anexo V - art 145,GERAL,Redução a 0%,1.1,"Comando de embreagem manual, suas partes e acessórios",INC,8708.99.10
Alíquota 0% - Dispositivos acessibilidade (Governo e CEBAS) - Anexo V - art 145,GERAL,Redução a 0%,1.10,"Trilho elétrico para deslocamento do assento dianteiro para outra parte do interior do veículo, suas partes e acessórios",INC,8708.29.99
Alíquota 0% - Dispositivos acessibilidade (Governo e CEBAS) - Anexo V - art 145,GERAL,Redução a 0%,1.11,"Plataforma de elevação para cadeira de rodas, manual, eletro-hidráulica ou eletromecânica",INC,8428.90.90
Alíquota 0% - Dispositivos acessibilidade (Governo e CEBAS) - Anexo V - art 145,GERAL,Redução a 0%,1.12,"Rampa para cadeira de rodas, suas partes e acessórios",INC,8708.29.99
Alíquota 0% - Dispositivos acessibilidade (Governo e CEBAS) - Anexo V - art 145,GERAL,Redução a 0%,1.13,Guincho para transportar cadeira de rodas,INC,8425.31.10
Alíquota 0% - Dispositivos acessibilidade (Governo e CEBAS) - Anexo V - art 145,GERAL,Redução a 0%,1.2,"Comando de freio manual, suas partes e acessórios",INC,8708.99.10
Alíquota 0% - Dispositivos acessibilidade (Governo e CEBAS) - Anexo V - art 145,GERAL,Redução a 0%,1.3,"Comando de acelerador manual, suas partes e acessórios",INC,8708.99.10
Alíquota 0% - Dispositivos acessibilidade (Governo e CEBAS) - Anexo V - art 145,GERAL,Redução a 0%,1.4,"Inversão do pedal do acelerador, suas partes e acessórios",INC,8708.99.10
Alíquota 0% - Dispositivos acessibilidade (Governo e CEBAS) - Anexo V - art 145,GERAL,Redução a 0%,1.5,"Prolongamento de pedais, suas partes e acessórios",INC,8708.99.10
Alíquota 0% - Dispositivos acessibilidade (Governo e CEBAS) - Anexo V - art 145,GERAL,Redução a 0%,1.6,"Empunhadura, suas partes e acessórios",INC,8708.29.99
Alíquota 0% - Dispositivos acessibilidade (Governo e CEBAS) - Anexo V - art 145,GERAL,Redução a 0%,1.7,"Servo acionadores de volante, suas partes e acessórios",INC,8708.99.10
Alíquota 0% - Dispositivos acessibilidade (Governo e CEBAS) - Anexo V - art 145,GERAL,Redução a 0%,1.8,"Deslocamento de comandos do painel, suas partes e acessórios",INC,8708.29.99
Alíquota 0% - Dispositivos acessibilidade (Governo e CEBAS) - Anexo V - art 145,GERAL,Redução a 0%,1.9,"Plataforma giratória para deslocamento giratório do assento de veículo, suas partes e acessórios",INC,8708.29.99
Alíquota 0% - Dispositivos acessibilidade (Governo e CEBAS) - Anexo V - art 145,GERAL,Redução a 0%,2.1,"Bengala inteiriça, dobrável ou telescópica, com ponteira de náilon",INC,6602.00.00
Alíquota 0% - Dispositivos acessibilidade (Governo e CEBAS) - Anexo V - art 145,GERAL,Redução a 0%,2.10,"Equipamento sintetizador para reprodução em voz de sinais gerados por microcomputadores, permitida a leitura de dados de arquivos, de uso interno ou externo, com padrão de protocolo SSIL de interface com softwares leitores de tela",INC,8471.80.00
Alíquota 0% - Dispositivos acessibilidade (Governo e CEBAS) - Anexo V - art 145,GERAL,Redução a 0%,2.2,"Relógio em braille, com sintetizador de voz e mostrador ampliado",INC,9102.11.10
Alíquota 0% - Dispositivos acessibilidade (Governo e CEBAS) - Anexo V - art 145,GERAL,Redução a 0%,2.2,"Relógio em braille, com sintetizador de voz e mostrador ampliado",INC,9102.11.90
Alíquota 0% - Dispositivos acessibilidade (Governo e CEBAS) - Anexo V - art 145,GERAL,Redução a 0%,2.2,"Relógio em braille, com sintetizador de voz e mostrador ampliado",INC,9102.91.00
Alíquota 0% - Dispositivos acessibilidade (Governo e CEBAS) - Anexo V - art 145,GERAL,Redução a 0%,2.3,Termômetro digital com sistema de voz,INC,9025.19.90
Alíquota 0% - Dispositivos acessibilidade (Governo e CEBAS) - Anexo V - art 145,GERAL,Redução a 0%,2.4,"Calculadora digital com sistema de voz, com verbalização dos ajustes de minutos e horas, tanto no modo horário, como no modo alarme, e comunicação por voz dos dígitos de cálculo e resultados",INC,8470.10.00
Alíquota 0% - Dispositivos acessibilidade (Governo e CEBAS) - Anexo V - art 145,GERAL,Redução a 0%,2.4,"Calculadora digital com sistema de voz, com verbalização dos ajustes de minutos e horas, tanto no modo horário, como no modo alarme, e comunicação por voz dos dígitos de cálculo e resultados",INC,8470.29.00
Alíquota 0% - Dispositivos acessibilidade (Governo e CEBAS) - Anexo V - art 145,GERAL,Redução a 0%,2.5,"Agenda eletrônica com teclado em braille, com ou sem sintetizador de voz",INC,8543.70.99
Alíquota 0% - Dispositivos acessibilidade (Governo e CEBAS) - Anexo V - art 145,GERAL,Redução a 0%,2.6,Reglete para escrita em braille,INC,9017.20.00
Alíquota 0% - Dispositivos acessibilidade (Governo e CEBAS) - Anexo V - art 145,GERAL,Redução a 0%,2.7,"Display braille e teclado em Braille para uso em microcomputador, com sistema interativo para introdução e leitura de dados por meio de tabelas de caracteres Braille",INC,8471.60.90
Alíquota 0% - Dispositivos acessibilidade (Governo e CEBAS) - Anexo V - art 145,GERAL,Redução a 0%,2.8,"Máquina de escrever para escrita em braille, manual ou elétrica, com teclado de datilografia comum ou na formação Braille",INC,8472.90.99
Alíquota 0% - Dispositivos acessibilidade (Governo e CEBAS) - Anexo V - art 145,GERAL,Redução a 0%,2.9,"Impressora de caracteres em braille para uso com microcomputadores, com sistema de folha solta ou dois lados da folha, com ou sem sistema de comando de voz ou sistema acústico",INC,8443.32.22
Alíquota 0% - Dispositivos acessibilidade (Governo e CEBAS) - Anexo V - art 145,GERAL,Redução a 0%,3.1,"Aparelho telefônico com teclado alfanumérico e visor luminoso, com ou sem impressora embutida, que permite converter sinais transmitidos por sistema telefônico em caracteres e símbolos",INC,8517.1
Alíquota 0% - Dispositivos acessibilidade (Governo e CEBAS) - Anexo V - art 145,GERAL,Redução a 0%,3.2,Relógio despertador vibratório e/ou luminoso,INC,9103.10.00
Alíquota 0% - Dispositivos acessibilidade (Governo e CEBAS) - Anexo V - art 145,GERAL,Redução a 0%,3.2,Relógio despertador vibratório e/ou luminoso,INC,9105.11.00
Alíquota 0% - Dispositivos acessibilidade (Governo e CEBAS) - Anexo V - art 145,GERAL,Redução a 0%,3.3,Unidades de entrada de dados tipo mouse controláveis pelo movimento dos olhos para deficientes,INC,8471.60.53
Alíquota 0% - Dispositivos medicos - Anexo XII - art 144,GERAL,Alíquota 0%,2,Aparelhos de raios ultravioleta ou infravermelhos,INC,9018.20
Alíquota 0% - Dispositivos medicos - Anexo XII - art 144,GERAL,Alíquota 0%,3,Artigos e aparelhos ortopédicos,INC,9021.10.10
Alíquota 0% - Dispositivos medicos - Anexo XII - art 144,GERAL,Alíquota 0%,4,Artigos e aparelhos para fraturas,INC,9021.10.20
Alíquota 0% - Dispositivos medicos - Anexo XII - art 144,GERAL,Alíquota 0%,5,"Artigos e aparelhos de prótese, exceto os dentários e os produtos classificados nos códigos 9021.39.91 e 9021.39.99",INC,9021.3
Alíquota 0% - Dispositivos medicos - Anexo XII - art 144,GERAL,Alíquota 0%,5,"Artigos e aparelhos de prótese, exceto os dentários e os produtos classificados nos códigos 9021.39.91 e 9021.39.99",EXC,9021.39.91
Alíquota 0% - Dispositivos medicos - Anexo XII - art 144,GERAL,Alíquota 0%,5,"Artigos e aparelhos de prótese, exceto os dentários e os produtos classificados nos códigos 9021.39.91 e 9021.39.99",EXC,9021.39.99
Alíquota 0% - Dispositivos medicos - Anexo XII - art 144,GERAL,Alíquota 0%,6,Tomógrafo computadorizado,INC,9022.12.00
Alíquota 0% - Dispositivos medicos - Anexo XII - art 144,GERAL,Alíquota 0%,7,"Aparelhos de raio X, móveis",INC,9022.13
Alíquota 0% - Dispositivos medicos - Anexo XII - art 144,GERAL,Alíquota 0%,7,"Aparelhos de raio X, móveis",INC,9022.14
Alíquota 0% - Dispositivos medicos - Anexo XII - art 144,GERAL,Alíquota 0%,7,"Aparelhos de raio X, móveis",INC,9022.19
Alíquota 0% - Dispositivos medicos - Anexo XII - art 144,GERAL,Alíquota 0%,7,"Aparelhos de raio X, móveis",EXC,9022.19.91
Alíquota 0% - Dispositivos medicos - Anexo XII - art 144,GERAL,Alíquota 0%,8,Aparelho de radiocobalto (bomba de cobalto),INC,9022.21.10
Alíquota 0% - Dispositivos medicos - Anexo XII - art 144,GERAL,Alíquota 0%,9,Aparelho de crioterapia,INC,9018.90.99
Alíquota 0% - Dispositivos medicos - Anexo XII - art 144,GERAL,Alíquota 0%,10,Aparelho de gamaterapia,INC,9022.21.20
Alíquota 0% - Dispositivos medicos - Anexo XII - art 144,GERAL,Alíquota 0%,11,"Aparelhos que utilizem radiações alfa, beta, gama ou outras radiações ionizantes, para usos médicos, cirúrgicos, odontológicos ou veterinários, incluídos os aparelhos de radiofotografia ou de radioterapia, exceto os produtos classificados nos códigos 9022.21.10 e 9022.21.20",INC,9022.21.90
Alíquota 0% - Dispositivos medicos - Anexo XII - art 144,GERAL,Alíquota 0%,12,"Densímetros, areômetros, pesa-líquidos e instrumentos flutuantes semelhantes, termômetros, pirômetros, barômetros, higrômetros e psicômetros, registradores ou não, mesmo combinados entre si",INC,90.25
Alíquota 0% - Dispositivos medicos - Anexo XII - art 144,GERAL,Alíquota 0%,13,Respirador,INC,9019.20.40
Alíquota 0% - Dispositivos medicos - Anexo XII - art 144,GERAL,Alíquota 0%,14,Monitor multiparâmetros,INC,9018.19.80
Alíquota 0% - Dispositivos medicos - Anexo XII - art 144,GERAL,Alíquota 0%,15,Bomba de infusão,INC,9018.90.10
Alíquota 0% - Dispositivos medicos - Anexo XII - art 144,GERAL,Alíquota 0%,16,Aparelhos de diagnóstico por visualização de ressonância magnética,INC,9018.13.00
Alíquota 0% - Dispositivos medicos - Anexo XII - art 144,GERAL,Alíquota 0%,17,Aparelhos de ultrassom,INC,9018.12
Alíquota 0% - Dispositivos medicos - Anexo XII - art 144,GERAL,Alíquota 0%,1.1,Eletrocardiógrafos,INC,9018.11.00
Alíquota 0% - Dispositivos medicos - Anexo XII - art 144,GERAL,Alíquota 0%,1.2,Eletroencefalógrafos,INC,9018.19.80
Alíquota 0% - Dispositivos medicos - Anexo XII - art 144,GERAL,Alíquota 0%,1.3,"Aparelhos de eletrodiagnóstico, exceto os produtos classificados nos códigos 9018.11.00, 9018.12.10, 9018.12.90, 9018.13.00, 9018.14.10, 9018.14.20, 9018.14.90, 9018.19.10 e 9018.19.20",INC,9018.19.80
Alíquota 0% - Dispositivos medicos (Governo e CEBAS) - Anexo IV - art 144,GERAL,Redução a 0 %,1,Bolsa para drenagem,INC,3926.90.30
Alíquota 0% - Dispositivos medicos (Governo e CEBAS) - Anexo IV - art 144,GERAL,Redução a 0 %,2,Sistema para drenagem com conjunto intermediário para medição contínua da diurese,INC,9018.90.99
Alíquota 0% - Dispositivos medicos (Governo e CEBAS) - Anexo IV - art 144,GERAL,Redução a 0 %,3,"Chapas e filmes para raios-X, sensibilizados em uma face",INC,3701.10.10
Alíquota 0% - Dispositivos medicos (Governo e CEBAS) - Anexo IV - art 144,GERAL,Redução a 0 %,4,Cimentos para reconstituição óssea,INC,3006.40.20
Alíquota 0% - Dispositivos medicos (Governo e CEBAS) - Anexo IV - art 144,GERAL,Redução a 0 %,5,Substitutos de enxerto ósseo,INC,3004.90.99
Alíquota 0% - Dispositivos medicos (Governo e CEBAS) - Anexo IV - art 144,GERAL,Redução a 0 %,6,Coletor para unidade de drenagem externa,INC,3926.90.40
Alíquota 0% - Dispositivos medicos (Governo e CEBAS) - Anexo IV - art 144,GERAL,Redução a 0 %,7,Conector completo com tampa,INC,3917.40
Alíquota 0% - Dispositivos medicos (Governo e CEBAS) - Anexo IV - art 144,GERAL,Redução a 0 %,8,Conector em Y,INC,3917.40
Alíquota 0% - Dispositivos medicos (Governo e CEBAS) - Anexo IV - art 144,GERAL,Redução a 0 %,9,Conjuntos de troca e concentrados polieletrolíticos para diálise,INC,3004.90.99
Alíquota 0% - Dispositivos medicos (Governo e CEBAS) - Anexo IV - art 144,GERAL,Redução a 0 %,10,Conjunto para autotransfusão,INC,9018.90.10
Alíquota 0% - Dispositivos medicos (Governo e CEBAS) - Anexo IV - art 144,GERAL,Redução a 0 %,11,Conjunto para hidrocefalia de baixo perfil,INC,9021.90.19
Alíquota 0% - Dispositivos medicos (Governo e CEBAS) - Anexo IV - art 144,GERAL,Redução a 0 %,12,Conjunto para hidrocefalia standard,INC,9021.90.19
Alíquota 0% - Dispositivos medicos (Governo e CEBAS) - Anexo IV - art 144,GERAL,Redução a 0 %,12,Conjunto para hidrocefalia standard,INC,9021.90.80
Alíquota 0% - Dispositivos medicos (Governo e CEBAS) - Anexo IV - art 144,GERAL,Redução a 0 %,13,Eletrodo endocárdico definitivo,INC,9021.90.91
Alíquota 0% - Dispositivos medicos (Governo e CEBAS) - Anexo IV - art 144,GERAL,Redução a 0 %,14,Eletrodo epicárdico definitivo,INC,9021.90.91
Alíquota 0% - Dispositivos medicos (Governo e CEBAS) - Anexo IV - art 144,GERAL,Redução a 0 %,15,Eletrodo para marcapasso temporário endocárdico,INC,9021.90.91
Alíquota 0% - Dispositivos medicos (Governo e CEBAS) - Anexo IV - art 144,GERAL,Redução a 0 %,16,Eletrodo para marcapasso temporário epicárdico,INC,9021.90.91
Alíquota 0% - Dispositivos medicos (Governo e CEBAS) - Anexo IV - art 144,GERAL,Redução a 0 %,17,Espaçador de tendão,INC,9021.90.19
Alíquota 0% - Dispositivos medicos (Governo e CEBAS) - Anexo IV - art 144,GERAL,Redução a 0 %,18,Filmes especiais para raios-X sensibilizados em ambas as faces,INC,3702.10.20
Alíquota 0% - Dispositivos medicos (Governo e CEBAS) - Anexo IV - art 144,GERAL,Redução a 0 %,19,Filmes especiais para raios-X sensibilizados em uma face,INC,3702.10.10
Alíquota 0% - Dispositivos medicos (Governo e CEBAS) - Anexo IV - art 144,GERAL,Redução a 0 %,20,Filtro de linha arterial e venoso,INC,8421.29.90
Alíquota 0% - Dispositivos medicos (Governo e CEBAS) - Anexo IV - art 144,GERAL,Redução a 0 %,21,Filtro de sangue arterial e venoso para recirculação,INC,8421.29.90
Alíquota 0% - Dispositivos medicos (Governo e CEBAS) - Anexo IV - art 144,GERAL,Redução a 0 %,22,Filtro para cardioplegia,INC,8421.29.90
Alíquota 0% - Dispositivos medicos (Governo e CEBAS) - Anexo IV - art 144,GERAL,Redução a 0 %,23,"Categutes esterilizados, materiais esterilizados semelhantes para suturas cirúrgicas (incluídos os fios absorvíveis esterilizados para cirurgia ou odontologia) e adesivos esterilizados para tecidos orgânicos, utilizados em cirurgia para fechar ferimentos; laminárias esterilizadas; hemostáticos absorvíveis esterilizados para cirurgia ou odontologia; barreiras antiaderentes esterilizadas para cirurgia ou odontologia, absorvíveis ou não",INC,3006.10
Alíquota 0% - Dispositivos medicos (Governo e CEBAS) - Anexo IV - art 144,GERAL,Redução a 0 %,24,Hemoconcentrador para circulação extracorpórea,INC,9018.90.40
Alíquota 0% - Dispositivos medicos (Governo e CEBAS) - Anexo IV - art 144,GERAL,Redução a 0 %,25,Hemodialisador capilar,INC,8421.29.11
Alíquota 0% - Dispositivos medicos (Governo e CEBAS) - Anexo IV - art 144,GERAL,Redução a 0 %,26,Marcapasso cardíaco câmara dupla,INC,9021.50.00
Alíquota 0% - Dispositivos medicos (Governo e CEBAS) - Anexo IV - art 144,GERAL,Redução a 0 %,27,Marcapasso cardíaco multiprogramável com telemetria,INC,9021.50.00
Alíquota 0% - Dispositivos medicos (Governo e CEBAS) - Anexo IV - art 144,GERAL,Redução a 0 %,28,Outras chapas e filmes para raios-X,INC,3701.10.29
Alíquota 0% - Dispositivos medicos (Governo e CEBAS) - Anexo IV - art 144,GERAL,Redução a 0 %,29,Oxigenador de bolha com tubos para circulação extracorpórea,INC,9018.90.99
Alíquota 0% - Dispositivos medicos (Governo e CEBAS) - Anexo IV - art 144,GERAL,Redução a 0 %,30,Oxigenador de membrana com tubos para circulação extracorpórea,INC,9018.90.99
Alíquota 0% - Dispositivos medicos (Governo e CEBAS) - Anexo IV - art 144,GERAL,Redução a 0 %,31,Reservatório de cardiotomia,INC,9018.90.99
Alíquota 0% - Dispositivos medicos (Governo e CEBAS) - Anexo IV - art 144,GERAL,Redução a 0 %,32,Reservatório para cardioplegia com tubo sem filtro,INC,9018.90.99
Alíquota 0% - Dispositivos medicos (Governo e CEBAS) - Anexo IV - art 144,GERAL,Redução a 0 %,33,Rins artificiais,INC,9018.90.40
Alíquota 0% - Dispositivos medicos (Governo e CEBAS) - Anexo IV - art 144,GERAL,Redução a 0 %,34,Shunt lombo-peritonal,INC,9021.90.19
Alíquota 0% - Dispositivos medicos (Governo e CEBAS) - Anexo IV - art 144,GERAL,Redução a 0 %,35,Substituto temporário de pele (biológica/sintética) (por cm2),INC,3005.90.90
Alíquota 0% - Dispositivos medicos (Governo e CEBAS) - Anexo IV - art 144,GERAL,Redução a 0 %,36,Tela inorgânica,INC,3006.10.90
Alíquota 0% - Dispositivos medicos (Governo e CEBAS) - Anexo IV - art 144,GERAL,Redução a 0 %,37,Válvula para hidrocefalia,INC,9021.90.19
Alíquota 0% - Dispositivos medicos (Governo e CEBAS) - Anexo IV - art 144,GERAL,Redução a 0 %,37,Válvula para hidrocefalia,INC,9021.90.89
Alíquota 0% - Dispositivos medicos (Governo e CEBAS) - Anexo IV - art 144,GERAL,Redução a 0 %,38,Válvula para tratamento de ascite,INC,9021.90.19
Alíquota 0% - Dispositivos medicos (Governo e CEBAS) - Anexo IV - art 144,GERAL,Redução a 0 %,39,Fonte de irídio 192,INC,2844.43.90
Alíquota 0% - Dispositivos medicos (Governo e CEBAS) - Anexo IV - art 144,GERAL,Redução a 0 %,40,Stent vascular,INC,9021.90.12
Alíquota 0% - Dispositivos medicos (Governo e CEBAS) - Anexo IV - art 144,GERAL,Redução a 0 %,41,Reprocessador de filtros utilizados em hemodiálise,INC,8479.89.99
Alíquota 0% - Dispositivos medicos (Governo e CEBAS) - Anexo IV - art 144,GERAL,Redução a 0 %,42,"Implantes osseointegráveis, na forma de parafuso, e seus componentes manufaturados, tais como tampas de proteção, montadores, conjuntos, pilares (cicatrizador, conector, de transferência ou temporário), cilindros, seus acessórios, destinados a sustentar, amparar, acoplar ou fixar próteses dentárias",INC,9021.10.10
Alíquota 0% - Dispositivos medicos (Governo e CEBAS) - Anexo IV - art 144,GERAL,Redução a 0 %,42,"Implantes osseointegráveis, na forma de parafuso, e seus componentes manufaturados, tais como tampas de proteção, montadores, conjuntos, pilares (cicatrizador, conector, de transferência ou temporário), cilindros, seus acessórios, destinados a sustentar, amparar, acoplar ou fixar próteses dentárias",INC,9021.10.20
Alíquota 0% - Dispositivos medicos (Governo e CEBAS) - Anexo IV - art 144,GERAL,Redução a 0 %,42,"Implantes osseointegráveis, na forma de parafuso, e seus componentes manufaturados, tais como tampas de proteção, montadores, conjuntos, pilares (cicatrizador, conector, de transferência ou temporário), cilindros, seus acessórios, destinados a sustentar, amparar, acoplar ou fixar próteses dentárias",INC,9021.29.00
Alíquota 0% - Dispositivos medicos (Governo e CEBAS) - Anexo IV - art 144,GERAL,Redução a 0 %,43,Cardiodesfibrilador implantável,INC,9021.90.11
Alíquota 0% - Dispositivos medicos (Governo e CEBAS) - Anexo IV - art 144,GERAL,Redução a 0 %,44,Espiral para embolização,INC,9021.90.12
Alíquota 0% - Dispositivos medicos (Governo e CEBAS) - Anexo IV - art 144,GERAL,Redução a 0 %,45,Imunoglobulina anti-Rh,INC,3002.12.21
Alíquota 0% - Dispositivos medicos (Governo e CEBAS) - Anexo IV - art 144,GERAL,Redução a 0 %,46,Outras imunoglobulinas séricas,INC,3002.12.22
Alíquota 0% - Dispositivos medicos (Governo e CEBAS) - Anexo IV - art 144,GERAL,Redução a 0 %,47,Concentrado de fator VIII,INC,3002.12.23
Alíquota 0% - Dispositivos medicos (Governo e CEBAS) - Anexo IV - art 144,GERAL,Redução a 0 %,48,"Outras frações do sangue, exceto as preparadas como medicamentos, as imunoglobulinas séricas, o concentrado de fator VIII e a soroalbumina sob a forma de gel para preparação de reagentes de diagnóstico",INC,3002.12.21
Alíquota 0% - Dispositivos medicos (Governo e CEBAS) - Anexo IV - art 144,GERAL,Redução a 0 %,48,"Outras frações do sangue, exceto as preparadas como medicamentos, as imunoglobulinas séricas, o concentrado de fator VIII e a soroalbumina sob a forma de gel para preparação de reagentes de diagnóstico",INC,3002.12.29
Alíquota 0% - Dispositivos medicos (Governo e CEBAS) - Anexo IV - art 144,GERAL,Redução a 0 %,49,"Reagentes de diagnóstico ou de laboratório em qualquer suporte e reagentes de diagnóstico ou de laboratório preparados, mesmo em um suporte, mesmo apresentados sob a forma de estojos, exceto os da posição 30.06; materiais de referência certificados",INC,3822.1
Alíquota 0% - Dispositivos medicos (Governo e CEBAS) - Anexo IV - art 144,GERAL,Redução a 0 %,50,"Reagentes de diagnóstico concebidos para serem administrados ao paciente, à base de somatoliberina",INC,3006.30.21
Alíquota 0% - Dispositivos medicos (Governo e CEBAS) - Anexo IV - art 144,GERAL,Redução a 0 %,51,"Produtos para obturação dentária, exceto cimentos",INC,3006.40.12
Alíquota 0% - Dispositivos medicos (Governo e CEBAS) - Anexo IV - art 144,GERAL,Redução a 0 %,52,"Preparações em gel, concebidas para uso em medicina humana ou veterinária como lubrificante para certas partes do corpo em intervenções cirúrgicas ou exames médicos ou como agente de ligação entre o corpo e os instrumentos médicos",INC,3006.70.00
Alíquota 0% - Dispositivos medicos (Governo e CEBAS) - Anexo IV - art 144,GERAL,Redução a 0 %,53,"Bolsas para uso em colostomia, ileostomia e urostomia",INC,3006.91.10
Alíquota 0% - Dispositivos medicos (Governo e CEBAS) - Anexo IV - art 144,GERAL,Redução a 0 %,54,"Equipamentos identificáveis para ostomia, exceto bolsas para uso em colostomia, ileostomia e urostomia",INC,3006.91.90
Alíquota 0% - Dispositivos medicos (Governo e CEBAS) - Anexo IV - art 144,GERAL,Redução a 0 %,55,Bolsas para uso em medicina (hemodiálise e usos semelhantes),INC,3926.90.30
Alíquota 0% - Dispositivos medicos (Governo e CEBAS) - Anexo IV - art 144,GERAL,Redução a 0 %,56,Artigos exclusivamente de laboratório de análises clínicas,INC,3926.90.40
Alíquota 0% - Dispositivos medicos (Governo e CEBAS) - Anexo IV - art 144,GERAL,Redução a 0 %,57,"Acessórios de plástico do tipo utilizado em linhas de sangue para hemodiálise, tais como: obturadores, incluídos os reguláveis (clamps), clipes e similares",INC,3926.90.50
Alíquota 0% - Dispositivos medicos (Governo e CEBAS) - Anexo IV - art 144,GERAL,Redução a 0 %,58,Luvas cirúrgicas e luvas de procedimento,INC,4015.1
Alíquota 0% - Dispositivos medicos (Governo e CEBAS) - Anexo IV - art 144,GERAL,Redução a 0 %,59,"Seringas, mesmo com agulhas",INC,9018.31
Alíquota 0% - Dispositivos medicos (Governo e CEBAS) - Anexo IV - art 144,GERAL,Redução a 0 %,60,Agulhas tubulares de metal e agulhas para suturas,INC,9018.32
Alíquota 0% - Dispositivos medicos (Governo e CEBAS) - Anexo IV - art 144,GERAL,Redução a 0 %,61,"Agulhas, exceto as de metal e as para suturas",INC,9018.39.10
Alíquota 0% - Dispositivos medicos (Governo e CEBAS) - Anexo IV - art 144,GERAL,Redução a 0 %,62,"Sondas, cateteres e cânulas, individualmente ou em conjunto",INC,9018.39.2
Alíquota 0% - Dispositivos medicos (Governo e CEBAS) - Anexo IV - art 144,GERAL,Redução a 0 %,63,Lancetas para vacinação e cautérios,INC,9018.39.30
Alíquota 0% - Dispositivos medicos (Governo e CEBAS) - Anexo IV - art 144,GERAL,Redução a 0 %,64,"Instrumentos semelhantes a seringas, a agulhas, a cateteres e a cânulas",INC,9018.39.9
Alíquota 0% - Dispositivos medicos (Governo e CEBAS) - Anexo IV - art 144,GERAL,Redução a 0 %,65,Brocas para odontologia,INC,9018.49.1
Alíquota 0% - Dispositivos medicos (Governo e CEBAS) - Anexo IV - art 144,GERAL,Redução a 0 %,66,Limas,INC,9018.49.20
Alíquota 0% - Dispositivos medicos (Governo e CEBAS) - Anexo IV - art 144,GERAL,Redução a 0 %,67,"Grampos e clipes, seus aplicadores e extratores",INC,9018.90.95
Alíquota 0% - Dispositivos medicos (Governo e CEBAS) - Anexo IV - art 144,GERAL,Redução a 0 %,68,"Outros instrumentos e aparelhos para medicina, cirurgia e odontologia, excluídas seringas e agulhas, das posições 9018.31 e 9018.32",INC,9018.39.99
Alíquota 0% - Dispositivos medicos (Governo e CEBAS) - Anexo IV - art 144,GERAL,Redução a 0 %,68,"Outros instrumentos e aparelhos para medicina, cirurgia e odontologia, excluídas seringas e agulhas, das posições 9018.31 e 9018.32",INC,9018.90.99
Alíquota 0% - Dispositivos medicos (Governo e CEBAS) - Anexo IV - art 144,GERAL,Redução a 0 %,69,"Mesas de operação e para exames, camas hospitalares e de uso clínico",INC,9402.90
Alíquota 0% - Dispositivos medicos (Governo e CEBAS) - Anexo IV - art 144,GERAL,Redução a 0 %,70,Fotocoagulador a laser,INC,9018.20.10
Alíquota 0% - Dispositivos medicos (Governo e CEBAS) - Anexo IV - art 144,GERAL,Redução a 0 %,71,Bisturi elétrico,INC,9018.90.21
Alíquota 0% - Dispositivos medicos (Governo e CEBAS) - Anexo IV - art 144,GERAL,Redução a 0 %,72,Aparelho de anestesia com monitor multiparâmetros,INC,9018.90.99
Alíquota 0% - Dispositivos medicos (Governo e CEBAS) - Anexo IV - art 144,GERAL,Redução a 0 %,73,Autoclave,INC,8419.81.10
Alíquota 0% - Dispositivos medicos (Governo e CEBAS) - Anexo IV - art 144,GERAL,Redução a 0 %,74,Retinógrafo,INC,9018.50.90
Alíquota 0% - Dispositivos medicos (Governo e CEBAS) - Anexo IV - art 144,GERAL,Redução a 0 %,75,Meios de cultura,INC,3821.00.00
Alíquota 0% - Dispositivos medicos (Governo e CEBAS) - Anexo IV - art 144,GERAL,Redução a 0 %,76,Termocicladores utilizados em diagnóstico e na pesquisa científica,INC,8419.89.99
Alíquota 0% - Dispositivos medicos (Governo e CEBAS) - Anexo IV - art 144,GERAL,Redução a 0 %,77,Partes e peças de termocicladores,INC,8419.90.40
Alíquota 0% - Dispositivos medicos (Governo e CEBAS) - Anexo IV - art 144,GERAL,Redução a 0 %,78,Pipetadores laboratoriais para diagnóstico e pesquisa científica,INC,8479.89.12
Alíquota 0% - Dispositivos medicos (Governo e CEBAS) - Anexo IV - art 144,GERAL,Redução a 0 %,79,Cromatógrafo de fase líquida,INC,9027.20.12
Alíquota 0% - Dispositivos medicos (Governo e CEBAS) - Anexo IV - art 144,GERAL,Redução a 0 %,80,Sequenciadores automáticos de ADN mediante eletroforese capilar,INC,9027.20.21
Alíquota 0% - Dispositivos medicos (Governo e CEBAS) - Anexo IV - art 144,GERAL,Redução a 0 %,81,Aparelhos de eletroforese para diagnóstico e pesquisa científica,INC,9027.20.29
Alíquota 0% - Dispositivos medicos (Governo e CEBAS) - Anexo IV - art 144,GERAL,Redução a 0 %,82,Analisadores por espectrofotometria para diagnóstico e pesquisa científica,INC,9027.30
Alíquota 0% - Dispositivos medicos (Governo e CEBAS) - Anexo IV - art 144,GERAL,Redução a 0 %,83,Analisadores por fotometria para diagnóstico e pesquisa científica,INC,9027.50.20
Alíquota 0% - Dispositivos medicos (Governo e CEBAS) - Anexo IV - art 144,GERAL,Redução a 0 %,84,Citômetro de fluxo,INC,9027.50.50
Alíquota 0% - Dispositivos medicos (Governo e CEBAS) - Anexo IV - art 144,GERAL,Redução a 0 %,85,Analisadores por radiações ópticas para diagnóstico e pesquisa científica,INC,9027.50.90
Alíquota 0% - Dispositivos medicos (Governo e CEBAS) - Anexo IV - art 144,GERAL,Redução a 0 %,86,Outros analisadores para diagnóstico e pesquisa científica,INC,9027.89.99
Alíquota 0% - Dispositivos medicos (Governo e CEBAS) - Anexo IV - art 144,GERAL,Redução a 0 %,87,Espectrômetro de massa,INC,9027.81.00
Alíquota 0% - Dispositivos medicos (Governo e CEBAS) - Anexo IV - art 144,GERAL,Redução a 0 %,88,Outros analisadores para diagnóstico,INC,9027.89.99
Alíquota 0% - Dispositivos medicos (Governo e CEBAS) - Anexo IV - art 144,GERAL,Redução a 0 %,89,Micrótomo,INC,9027.90.10
Alíquota 0% - Dispositivos medicos (Governo e CEBAS) - Anexo IV - art 144,GERAL,Redução a 0 %,90,Partes e peças de equipamentos analisadores laboratoriais,INC,9027.90.9
Alíquota 0% - Dispositivos medicos (Governo e CEBAS) - Anexo IV - art 144,GERAL,Redução a 0 %,91,Preservativo,INC,4014.10.00
Alíquota 0% - Dispositivos medicos (Governo e CEBAS) - Anexo IV - art 144,GERAL,Redução a 0 %,92,Dispositivo intrauterino (DIU),INC,9018.90.99
Alíquota 0% - Dispositivos medicos (Governo e CEBAS) - Anexo IV - art 144,GERAL,Redução a 0 %,93,Substância para conservação de órgãos e tecidos,INC,3824.99.89
Alíquota 0% - Dispositivos medicos (Governo e CEBAS) - Anexo IV - art 144,GERAL,Redução a 0 %,94,Introdutor de punção para implante de eletrodo endocárdico,INC,9021.90.91
Alíquota 0% - Dispositivos medicos (Governo e CEBAS) - Anexo IV - art 144,GERAL,Redução a 0 %,95,Enxerto tubular de politetrafluoretileno - PTFE (por cm2),INC,9021.90.99
Alíquota 0% - Dispositivos medicos (Governo e CEBAS) - Anexo IV - art 144,GERAL,Redução a 0 %,96,Enxerto arterial e venoso tubular inorgânico,INC,9021.90.99
Alíquota 0% - Dispositivos medicos (Governo e CEBAS) - Anexo IV - art 144,GERAL,Redução a 0 %,97,Botão para crânio,INC,9021.90.99
Alíquota 0% - Dispositivos medicos (Governo e CEBAS) - Anexo IV - art 144,GERAL,Redução a 0 %,98,Guia metálico para introdução de cateter duplo lumen,INC,9018.39.29
Alíquota 0% - Dispositivos medicos (Governo e CEBAS) - Anexo IV - art 144,GERAL,Redução a 0 %,99,Dilatador para implante de cateter duplo lumen,INC,9018.39.29
Alíquota 0% - Dispositivos medicos (Governo e CEBAS) - Anexo IV - art 144,GERAL,Redução a 0 %,100,Guia de troca para angioplastia,INC,9018.39.29
Alíquota 0% - Dispositivos medicos (Governo e CEBAS) - Anexo IV - art 144,GERAL,Redução a 0 %,101,Introdutor para cateter com e sem válvula,INC,9018.39.29
Alíquota 0% - Dispositivos medicos (Governo e CEBAS) - Anexo IV - art 144,GERAL,Redução a 0 %,102,Kit cânula,INC,9018.39.91
Alíquota 0% - Dispositivos medicos (Governo e CEBAS) - Anexo IV - art 144,GERAL,Redução a 0 %,102,Kit cânula,INC,9018.39.99
Alíquota 0% - Dispositivos medicos (Governo e CEBAS) - Anexo IV - art 144,GERAL,Redução a 0 %,103,Dreno para sucção,INC,9018.39.29
Alíquota 0% - Dispositivos medicos (Governo e CEBAS) - Anexo IV - art 144,GERAL,Redução a 0 %,104,Sistema de drenagem mediastinal,INC,9018.39.29
Alíquota 0% - Dispositivos medicos (Governo e CEBAS) - Anexo IV - art 144,GERAL,Redução a 0 %,105,Conjunto descartável de balão intra-aórtico,INC,9018.90.99
Alíquota 0% - Medicamentos - art 146,GERAL,Alíquota 0%,1,"Medicamentos registrados na Anvisa, desde que destinados, de acordo com o registro sanitário, a: doenças raras; doenças negligenciadas; oncologia; diabetes; HIV/aids e outras infecções sexualmente transmissíveis (IST); doenças cardiovasculares e Programa Farmácia Popular do Brasil ou equivalente ou adquiridos por órgãos da administração pública direta, por autarquias e por fundações públicas; adquiridos por entidades de saúde imunes ao IBS e à CBS que possuam Cebas por comprovarem a prestação de serviços ao SUS, nos termos dos arts. 9º a 11 da Lei Complementar nº 187, de 16 de dezembro de 2021; ou      (Redação dada pela Lei Complementar nº 227, de 2026); classificados como soros ou vacinas, conforme regulamentação sanitária específica. ",INC,30
Alíquota 0% - Produtos Hortícolas - Anexo XV - Art 148,GERAL,Redução de 100%,1,Ovos,INC,0407.2
Alíquota 0% - Produtos Hortícolas - Anexo XV - Art 148,GERAL,Redução de 100%,2,Produtos hortícolas,INC,07.01
Alíquota 0% - Produtos Hortícolas - Anexo XV - Art 148,GERAL,Redução de 100%,2,Produtos hortícolas,INC,07.03
Alíquota 0% - Produtos Hortícolas - Anexo XV - Art 148,GERAL,Redução de 100%,2,Produtos hortícolas,INC,07.04
Alíquota 0% - Produtos Hortícolas - Anexo XV - Art 148,GERAL,Redução de 100%,2,Produtos hortícolas,INC,07.05
Alíquota 0% - Produtos Hortícolas - Anexo XV - Art 148,GERAL,Redução de 100%,2,Produtos hortícolas,INC,07.06
Alíquota 0% - Produtos Hortícolas - Anexo XV - Art 148,GERAL,Redução de 100%,2,Produtos hortícolas,INC,07.08
Alíquota 0% - Produtos Hortícolas - Anexo XV - Art 148,GERAL,Redução de 100%,2,Produtos hortícolas,INC,07.09
Alíquota 0% - Produtos Hortícolas - Anexo XV - Art 148,GERAL,Redução de 100%,2,Produtos hortícolas,INC,07.10
Alíquota 0% - Produtos Hortícolas - Anexo XV - Art 148,GERAL,Redução de 100%,2,Produtos hortícolas,INC,0702.00.00
Alíquota 0% - Produtos Hortícolas - Anexo XV - Art 148,GERAL,Redução de 100%,2,Produtos hortícolas,INC,0707.00.00
Alíquota 0% - Produtos Hortícolas - Anexo XV - Art 148,GERAL,Redução de 100%,2,Produtos hortícolas,EXC,0709.5
Alíquota 0% - Produtos Hortícolas - Anexo XV - Art 148,GERAL,Redução de 100%,2,Produtos hortícolas,EXC,0710.80.00
Alíquota 0% - Produtos Hortícolas - Anexo XV - Art 148,GERAL,Redução de 100%,3,Frutas frescas ou refrigeradas e frutas congeladas sem adição de açúcar ou de outros edulcorantes,INC,08.03
Alíquota 0% - Produtos Hortícolas - Anexo XV - Art 148,GERAL,Redução de 100%,3,Frutas frescas ou refrigeradas e frutas congeladas sem adição de açúcar ou de outros edulcorantes,INC,08.04
Alíquota 0% - Produtos Hortícolas - Anexo XV - Art 148,GERAL,Redução de 100%,3,Frutas frescas ou refrigeradas e frutas congeladas sem adição de açúcar ou de outros edulcorantes,INC,08.05
Alíquota 0% - Produtos Hortícolas - Anexo XV - Art 148,GERAL,Redução de 100%,3,Frutas frescas ou refrigeradas e frutas congeladas sem adição de açúcar ou de outros edulcorantes,INC,08.06
Alíquota 0% - Produtos Hortícolas - Anexo XV - Art 148,GERAL,Redução de 100%,3,Frutas frescas ou refrigeradas e frutas congeladas sem adição de açúcar ou de outros edulcorantes,INC,08.07
Alíquota 0% - Produtos Hortícolas - Anexo XV - Art 148,GERAL,Redução de 100%,3,Frutas frescas ou refrigeradas e frutas congeladas sem adição de açúcar ou de outros edulcorantes,INC,08.08
Alíquota 0% - Produtos Hortícolas - Anexo XV - Art 148,GERAL,Redução de 100%,3,Frutas frescas ou refrigeradas e frutas congeladas sem adição de açúcar ou de outros edulcorantes,INC,08.09
Alíquota 0% - Produtos Hortícolas - Anexo XV - Art 148,GERAL,Redução de 100%,3,Frutas frescas ou refrigeradas e frutas congeladas sem adição de açúcar ou de outros edulcorantes,INC,08.10
Alíquota 0% - Produtos Hortícolas - Anexo XV - Art 148,GERAL,Redução de 100%,3,Frutas frescas ou refrigeradas e frutas congeladas sem adição de açúcar ou de outros edulcorantes,INC,08.11
Alíquota 0% - Produtos Hortícolas - Anexo XV - Art 148,GERAL,Redução de 100%,4,"Plantas e produtos de floricultura relativos à horticultura e cultivados para fins alimentares, ornamentais ou medicinais",INC,06
Alíquota 0% - Produtos Hortícolas - Anexo XV - Art 148,GERAL,Redução de 100%,5,Raízes e tubérculos,INC,07.14
Alíquota 0% - Produtos Hortícolas - Anexo XV - Art 148,GERAL,Redução de 100%,6,Cocos,INC,0801.1
"Alíquota 0% - Tratores, maq, caminhões, - Art 110",GERAL,Alíquota 0%,I,Máquinas e implementos agrícolas,INC,84.32
"Alíquota 0% - Tratores, maq, caminhões, - Art 110",GERAL,Alíquota 0%,I,Tratores,INC,87.01
"Alíquota 0% - Tratores, maq, caminhões, - Art 110",GERAL,Alíquota 0%,II,Veículos de transporte de carga,INC,87.04
"Alíquota 0% - Tratores, maq, caminhões, - Art 110",GERAL,Alíquota 0%,II,Veículos de transporte de carga,INC,87.05
Alíquota reduzida 60%  -Alimentos - Anexo VII - Art. 135,GERAL,Redução de 60%,1,Crustáceos e moluscos,INC,0306.1
Alíquota reduzida 60%  -Alimentos - Anexo VII - Art. 135,GERAL,Redução de 60%,1,Crustáceos e moluscos,EXC,0306.11
Alíquota reduzida 60%  -Alimentos - Anexo VII - Art. 135,GERAL,Redução de 60%,1,Crustáceos e moluscos,EXC,0306.15.00
Alíquota reduzida 60%  -Alimentos - Anexo VII - Art. 135,GERAL,Redução de 60%,1,Crustáceos e moluscos,INC,0306.3
Alíquota reduzida 60%  -Alimentos - Anexo VII - Art. 135,GERAL,Redução de 60%,1,Crustáceos e moluscos,EXC,0306.31.00
Alíquota reduzida 60%  -Alimentos - Anexo VII - Art. 135,GERAL,Redução de 60%,1,Crustáceos e moluscos,EXC,0306.34.00
Alíquota reduzida 60%  -Alimentos - Anexo VII - Art. 135,GERAL,Redução de 60%,1,Crustáceos e moluscos,EXC,0306.39.10
Alíquota reduzida 60%  -Alimentos - Anexo VII - Art. 135,GERAL,Redução de 60%,1,Crustáceos e moluscos,INC,0307.31.00
Alíquota reduzida 60%  -Alimentos - Anexo VII - Art. 135,GERAL,Redução de 60%,1,Crustáceos e moluscos,INC,0307.32.00
Alíquota reduzida 60%  -Alimentos - Anexo VII - Art. 135,GERAL,Redução de 60%,1,Crustáceos e moluscos,INC,0307.42.00
Alíquota reduzida 60%  -Alimentos - Anexo VII - Art. 135,GERAL,Redução de 60%,1,Crustáceos e moluscos,INC,0307.43
Alíquota reduzida 60%  -Alimentos - Anexo VII - Art. 135,GERAL,Redução de 60%,1,Crustáceos e moluscos,INC,0307.51.00
Alíquota reduzida 60%  -Alimentos - Anexo VII - Art. 135,GERAL,Redução de 60%,1,Crustáceos e moluscos,INC,0307.52.00
Alíquota reduzida 60%  -Alimentos - Anexo VII - Art. 135,GERAL,Redução de 60%,1,Crustáceos e moluscos,INC,0307.91.00
Alíquota reduzida 60%  -Alimentos - Anexo VII - Art. 135,GERAL,Redução de 60%,1,Crustáceos e moluscos,INC,0307.92.00
Alíquota reduzida 60%  -Alimentos - Anexo VII - Art. 135,GERAL,Redução de 60%,2,"Leite fermentado, bebidas e compostos lácteos, em conformidade com os requisitos da legislação específica",INC,0403.20.00
Alíquota reduzida 60%  -Alimentos - Anexo VII - Art. 135,GERAL,Redução de 60%,2,"Leite fermentado, bebidas e compostos lácteos, em conformidade com os requisitos da legislação específica",INC,0403.90.00
Alíquota reduzida 60%  -Alimentos - Anexo VII - Art. 135,GERAL,Redução de 60%,2,"Leite fermentado, bebidas e compostos lácteos, em conformidade com os requisitos da legislação específica",INC,2202.90.00
Alíquota reduzida 60%  -Alimentos - Anexo VII - Art. 135,GERAL,Redução de 60%,3,Mel natural,INC,0409.00.00
Alíquota reduzida 60%  -Alimentos - Anexo VII - Art. 135,GERAL,Redução de 60%,4,Farinha,INC,11.02
Alíquota reduzida 60%  -Alimentos - Anexo VII - Art. 135,GERAL,Redução de 60%,4,Farinha,INC,11.05
Alíquota reduzida 60%  -Alimentos - Anexo VII - Art. 135,GERAL,Redução de 60%,4,Farinha,INC,11.06
Alíquota reduzida 60%  -Alimentos - Anexo VII - Art. 135,GERAL,Redução de 60%,4,Farinha,INC,1101.00
Alíquota reduzida 60%  -Alimentos - Anexo VII - Art. 135,GERAL,Redução de 60%,4,Farinha,INC,12.08
Alíquota reduzida 60%  -Alimentos - Anexo VII - Art. 135,GERAL,Redução de 60%,4,Farinha,EXC,Alíquota 0% - Cesta Básica - Anexo I - Art. 125
Alíquota reduzida 60%  -Alimentos - Anexo VII - Art. 135,GERAL,Redução de 60%,5,Grumos e sêmolas de cereais,INC,1103.11.00
Alíquota reduzida 60%  -Alimentos - Anexo VII - Art. 135,GERAL,Redução de 60%,5,Grumos e sêmolas de cereais,INC,1103.19.00
Alíquota reduzida 60%  -Alimentos - Anexo VII - Art. 135,GERAL,Redução de 60%,5,Grumos e sêmolas de cereais,EXC,Alíquota 0% - Cesta Básica - Anexo I - Art. 125
Alíquota reduzida 60%  -Alimentos - Anexo VII - Art. 135,GERAL,Redução de 60%,6,Grãos de cereais,INC,1104.1
Alíquota reduzida 60%  -Alimentos - Anexo VII - Art. 135,GERAL,Redução de 60%,6,Grãos de cereais,INC,1104.2
Alíquota reduzida 60%  -Alimentos - Anexo VII - Art. 135,GERAL,Redução de 60%,6,Grãos de cereais,EXC,Alíquota 0% - Cesta Básica - Anexo I - Art. 125
Alíquota reduzida 60%  -Alimentos - Anexo VII - Art. 135,GERAL,Redução de 60%,7,Amido de milho,INC,1108.12.00
Alíquota reduzida 60%  -Alimentos - Anexo VII - Art. 135,GERAL,Redução de 60%,8,"Óleos de soja, de milho, canola e demais óleos vegetais, em conformidade com os requisitos da legislação específica relativos ao consumo como alimento",INC,15.08
Alíquota reduzida 60%  -Alimentos - Anexo VII - Art. 135,GERAL,Redução de 60%,8,"Óleos de soja, de milho, canola e demais óleos vegetais, em conformidade com os requisitos da legislação específica relativos ao consumo como alimento",INC,15.11
Alíquota reduzida 60%  -Alimentos - Anexo VII - Art. 135,GERAL,Redução de 60%,8,"Óleos de soja, de milho, canola e demais óleos vegetais, em conformidade com os requisitos da legislação específica relativos ao consumo como alimento",INC,15.12
Alíquota reduzida 60%  -Alimentos - Anexo VII - Art. 135,GERAL,Redução de 60%,8,"Óleos de soja, de milho, canola e demais óleos vegetais, em conformidade com os requisitos da legislação específica relativos ao consumo como alimento",INC,15.13
Alíquota reduzida 60%  -Alimentos - Anexo VII - Art. 135,GERAL,Redução de 60%,8,"Óleos de soja, de milho, canola e demais óleos vegetais, em conformidade com os requisitos da legislação específica relativos ao consumo como alimento",INC,15.14
Alíquota reduzida 60%  -Alimentos - Anexo VII - Art. 135,GERAL,Redução de 60%,8,"Óleos de soja, de milho, canola e demais óleos vegetais, em conformidade com os requisitos da legislação específica relativos ao consumo como alimento",INC,15.15
Alíquota reduzida 60%  -Alimentos - Anexo VII - Art. 135,GERAL,Redução de 60%,8,"Óleos de soja, de milho, canola e demais óleos vegetais, em conformidade com os requisitos da legislação específica relativos ao consumo como alimento",INC,1507.90
Alíquota reduzida 60%  -Alimentos - Anexo VII - Art. 135,GERAL,Redução de 60%,9,Massas alimentícias,INC,1902.20.00
Alíquota reduzida 60%  -Alimentos - Anexo VII - Art. 135,GERAL,Redução de 60%,9,Massas alimentícias,INC,1902.30.00
Alíquota reduzida 60%  -Alimentos - Anexo VII - Art. 135,GERAL,Redução de 60%,10,Sucos naturais de fruta ou de produtos hortícolas sem adição de açúcar ou de outros edulcorantes e sem conservantes,INC,20.09
Alíquota reduzida 60%  -Alimentos - Anexo VII - Art. 135,GERAL,Redução de 60%,11,Polpas de frutas ou de produtos hortícolas sem adição de açúcar ou de outros edulcorantes e sem conservantes,INC,20.08
Alíquota reduzida 60%  -Alimentos - Anexo VII - Art. 135,GERAL,Redução de 60%,12,Pão de Forma,INC,1905.90.10
Alíquota reduzida 60%  -Alimentos - Anexo VII - Art. 135,GERAL,Redução de 60%,13,Extrato de tomate,INC,2002.90.00
Alíquota reduzida 60%  -Alimentos - Anexo VII - Art. 135,GERAL,Redução de 60%,14,"Frutas, produtos hortícolas e demais produtos vegetais, sem adição de açúcar ou de outros edulcorantes (ressalvados as frutas de casca rija não regionais)",EXC,Alíquota 0% - Produtos Hortícolas - Anexo XV - Art 148
Alíquota reduzida 60%  -Alimentos - Anexo VII - Art. 135,GERAL,Redução de 60%,14,"Frutas, produtos hortícolas e demais produtos vegetais, sem adição de açúcar ou de outros edulcorantes (ressalvados as frutas de casca rija não regionais)",INC,07
Alíquota reduzida 60%  -Alimentos - Anexo VII - Art. 135,GERAL,Redução de 60%,14,"Frutas, produtos hortícolas e demais produtos vegetais, sem adição de açúcar ou de outros edulcorantes (ressalvados as frutas de casca rija não regionais)",EXC,07.11
Alíquota reduzida 60%  -Alimentos - Anexo VII - Art. 135,GERAL,Redução de 60%,14,"Frutas, produtos hortícolas e demais produtos vegetais, sem adição de açúcar ou de outros edulcorantes (ressalvados as frutas de casca rija não regionais)",INC,08
Alíquota reduzida 60%  -Alimentos - Anexo VII - Art. 135,GERAL,Redução de 60%,14,"Frutas, produtos hortícolas e demais produtos vegetais, sem adição de açúcar ou de outros edulcorantes (ressalvados as frutas de casca rija não regionais)",EXC,08.12
Alíquota reduzida 60%  -Alimentos - Anexo VII - Art. 135,GERAL,Redução de 60%,14,"Frutas, produtos hortícolas e demais produtos vegetais, sem adição de açúcar ou de outros edulcorantes (ressalvados as frutas de casca rija não regionais)",EXC,0814.00.00
Alíquota reduzida 60%  -Alimentos - Anexo VII - Art. 135,GERAL,Redução de 60%,14,"Frutas, produtos hortícolas e demais produtos vegetais, sem adição de açúcar ou de outros edulcorantes (ressalvados as frutas de casca rija não regionais)",EXC,Alíquota 0% - Cesta Básica - Anexo I - Art. 125
Alíquota reduzida 60%  -Alimentos - Anexo VII - Art. 135,GERAL,Redução de 60%,15,Cereais e sementes e frutos oleaginosos,INC,10
Alíquota reduzida 60%  -Alimentos - Anexo VII - Art. 135,GERAL,Redução de 60%,15,Cereais e sementes e frutos oleaginosos,INC,12
Alíquota reduzida 60%  -Alimentos - Anexo VII - Art. 135,GERAL,Redução de 60%,15,Cereais e sementes e frutos oleaginosos,EXC,Alíquota 0% - Cesta Básica - Anexo I - Art. 125
Alíquota reduzida 60%  -Alimentos - Anexo VII - Art. 135,GERAL,Redução de 60%,16,"Produtos hortícolas, mesmo misturados entre si, apenas pré-cozidos ou cozidos em água ou vapor, sem adição de sal ou de quaisquer outros produtos e substâncias",INC,20.04
Alíquota reduzida 60%  -Alimentos - Anexo VII - Art. 135,GERAL,Redução de 60%,16,"Produtos hortícolas, mesmo misturados entre si, apenas pré-cozidos ou cozidos em água ou vapor, sem adição de sal ou de quaisquer outros produtos e substâncias",INC,20.05
Alíquota reduzida 60%  -Alimentos - Anexo VII - Art. 135,GERAL,Redução de 60%,16,"Produtos hortícolas, mesmo misturados entre si, apenas pré-cozidos ou cozidos em água ou vapor, sem adição de sal ou de quaisquer outros produtos e substâncias",INC,2002.10.00
Alíquota reduzida 60%  -Alimentos - Anexo VII - Art. 135,GERAL,Redução de 60%,17,"Fruta de casca rija regional, amendoins e outras sementes, mesmo misturados entre si, apenas torrados ou cozidos, sem adição de sal ou de quaisquer outros produtos e substâncias",INC,2008.1
Alíquota reduzida 60% - Anexo X - art. 139 ,GERAL,Redução de 60%,42,Fotografias artísticas originais,INC,4911.91.00
Alíquota reduzida 60% - Anexo X - art. 139 ,GERAL,Redução de 60%,43,"Quadros, pinturas e desenhos, artísticos originais",INC,9701.91.00
Alíquota reduzida 60% - Anexo X - art. 139 ,GERAL,Redução de 60%,44,"Gravuras, estampas e litografias, artísticas originais",INC,9702.90.00
Alíquota reduzida 60% - Anexo X - art. 139 ,GERAL,Redução de 60%,45,Produções originais de arte estatutária ou de escultura,INC,9703.90.00
Alíquota reduzida 60%  -Dispositivos acessibilidade - Anexo V - Art. 132,GERAL,Redução de 60%,1.1,"Comando de embreagem manual, suas partes e acessórios",INC,8708.99.10
Alíquota reduzida 60%  -Dispositivos acessibilidade - Anexo V - Art. 132,GERAL,Redução de 60%,1.10,"Trilho elétrico para deslocamento do assento dianteiro para outra parte do interior do veículo, suas partes e acessórios",INC,8708.29.99
Alíquota reduzida 60%  -Dispositivos acessibilidade - Anexo V - Art. 132,GERAL,Redução de 60%,1.11,"Plataforma de elevação para cadeira de rodas, manual, eletro-hidráulica ou eletromecânica",INC,8428.90.90
Alíquota reduzida 60%  -Dispositivos acessibilidade - Anexo V - Art. 132,GERAL,Redução de 60%,1.12,"Rampa para cadeira de rodas, suas partes e acessórios",INC,8708.29.99
Alíquota reduzida 60%  -Dispositivos acessibilidade - Anexo V - Art. 132,GERAL,Redução de 60%,1.13,Guincho para transportar cadeira de rodas,INC,8425.31.10
Alíquota reduzida 60%  -Dispositivos acessibilidade - Anexo V - Art. 132,GERAL,Redução de 60%,1.2,"Comando de freio manual, suas partes e acessórios",INC,8708.99.10
Alíquota reduzida 60%  -Dispositivos acessibilidade - Anexo V - Art. 132,GERAL,Redução de 60%,1.3,"Comando de acelerador manual, suas partes e acessórios",INC,8708.99.10
Alíquota reduzida 60%  -Dispositivos acessibilidade - Anexo V - Art. 132,GERAL,Redução de 60%,1.4,"Inversão do pedal do acelerador, suas partes e acessórios",INC,8708.99.10
Alíquota reduzida 60%  -Dispositivos acessibilidade - Anexo V - Art. 132,GERAL,Redução de 60%,1.5,"Prolongamento de pedais, suas partes e acessórios",INC,8708.99.10
Alíquota reduzida 60%  -Dispositivos acessibilidade - Anexo V - Art. 132,GERAL,Redução de 60%,1.6,"Empunhadura, suas partes e acessórios",INC,8708.29.99
Alíquota reduzida 60%  -Dispositivos acessibilidade - Anexo V - Art. 132,GERAL,Redução de 60%,1.7,"Servo acionadores de volante, suas partes e acessórios",INC,8708.99.10
Alíquota reduzida 60%  -Dispositivos acessibilidade - Anexo V - Art. 132,GERAL,Redução de 60%,1.8,"Deslocamento de comandos do painel, suas partes e acessórios",INC,8708.29.99
Alíquota reduzida 60%  -Dispositivos acessibilidade - Anexo V - Art. 132,GERAL,Redução de 60%,1.9,"Plataforma giratória para deslocamento giratório do assento de veículo, suas partes e acessórios",INC,8708.29.99
Alíquota reduzida 60%  -Dispositivos acessibilidade - Anexo V - Art. 132,GERAL,Redução de 60%,2.1,"Bengala inteiriça, dobrável ou telescópica, com ponteira de náilon",INC,6602.00.00
Alíquota reduzida 60%  -Dispositivos acessibilidade - Anexo V - Art. 132,GERAL,Redução de 60%,2.10,"Equipamento sintetizador para reprodução em voz de sinais gerados por microcomputadores, permitida a leitura de dados de arquivos, de uso interno ou externo, com padrão de protocolo SSIL de interface com softwares leitores de tela",INC,8471.80.00
Alíquota reduzida 60%  -Dispositivos acessibilidade - Anexo V - Art. 132,GERAL,Redução de 60%,2.2,"Relógio em braille, com sintetizador de voz e mostrador ampliado",INC,9102.11.10
Alíquota reduzida 60%  -Dispositivos acessibilidade - Anexo V - Art. 132,GERAL,Redução de 60%,2.2,"Relógio em braille, com sintetizador de voz e mostrador ampliado",INC,9102.11.90
Alíquota reduzida 60%  -Dispositivos acessibilidade - Anexo V - Art. 132,GERAL,Redução de 60%,2.2,"Relógio em braille, com sintetizador de voz e mostrador ampliado",INC,9102.91.00
Alíquota reduzida 60%  -Dispositivos acessibilidade - Anexo V - Art. 132,GERAL,Redução de 60%,2.3,Termômetro digital com sistema de voz,INC,9025.19.90
Alíquota reduzida 60%  -Dispositivos acessibilidade - Anexo V - Art. 132,GERAL,Redução de 60%,2.4,"Calculadora digital com sistema de voz, com verbalização dos ajustes de minutos e horas, tanto no modo horário, como no modo alarme, e comunicação por voz dos dígitos de cálculo e resultados",INC,8470.10.00
Alíquota reduzida 60%  -Dispositivos acessibilidade - Anexo V - Art. 132,GERAL,Redução de 60%,2.4,"Calculadora digital com sistema de voz, com verbalização dos ajustes de minutos e horas, tanto no modo horário, como no modo alarme, e comunicação por voz dos dígitos de cálculo e resultados",INC,8470.29.00
Alíquota reduzida 60%  -Dispositivos acessibilidade - Anexo V - Art. 132,GERAL,Redução de 60%,2.5,"Agenda eletrônica com teclado em braille, com ou sem sintetizador de voz",INC,8543.70.99
Alíquota reduzida 60%  -Dispositivos acessibilidade - Anexo V - Art. 132,GERAL,Redução de 60%,2.6,Reglete para escrita em braille,INC,9017.20.00
Alíquota reduzida 60%  -Dispositivos acessibilidade - Anexo V - Art. 132,GERAL,Redução de 60%,2.7,"Display braille e teclado em Braille para uso em microcomputador, com sistema interativo para introdução e leitura de dados por meio de tabelas de caracteres Braille",INC,8471.60.90
Alíquota reduzida 60%  -Dispositivos acessibilidade - Anexo V - Art. 132,GERAL,Redução de 60%,2.8,"Máquina de escrever para escrita em braille, manual ou elétrica, com teclado de datilografia comum ou na formação Braille",INC,8472.90.99
Alíquota reduzida 60%  -Dispositivos acessibilidade - Anexo V - Art. 132,GERAL,Redução de 60%,2.9,"Impressora de caracteres em braille para uso com microcomputadores, com sistema de folha solta ou dois lados da folha, com ou sem sistema de comando de voz ou sistema acústico",INC,8443.32.22
Alíquota reduzida 60%  -Dispositivos acessibilidade - Anexo V - Art. 132,GERAL,Redução de 60%,3.1,"Aparelho telefônico com teclado alfanumérico e visor luminoso, com ou sem impressora embutida, que permite converter sinais transmitidos por sistema telefônico em caracteres e símbolos",INC,8517.1
Alíquota reduzida 60%  -Dispositivos acessibilidade - Anexo V - Art. 132,GERAL,Redução de 60%,3.2,Relógio despertador vibratório e/ou luminoso,INC,9103.10.00
Alíquota reduzida 60%  -Dispositivos acessibilidade - Anexo V - Art. 132,GERAL,Redução de 60%,3.2,Relógio despertador vibratório e/ou luminoso,INC,9105.11.00
Alíquota reduzida 60%  -Dispositivos acessibilidade - Anexo V - Art. 132,GERAL,Redução de 60%,3.3,Unidades de entrada de dados tipo mouse controláveis pelo movimento dos olhos para deficientes,INC,8471.60.53
Alíquota reduzida 60%  -Dispositivos médicos - Anexo IV - Art. 131,GERAL,Redução de 60%,1,Bolsa para drenagem,INC,3926.90.30
Alíquota reduzida 60%  -Dispositivos médicos - Anexo IV - Art. 131,GERAL,Redução de 60%,2,Sistema para drenagem com conjunto intermediário para medição contínua da diurese,INC,9018.90.99
Alíquota reduzida 60%  -Dispositivos médicos - Anexo IV - Art. 131,GERAL,Redução de 60%,3,"Chapas e filmes para raios-X, sensibilizados em uma face",INC,3701.10.10
Alíquota reduzida 60%  -Dispositivos médicos - Anexo IV - Art. 131,GERAL,Redução de 60%,4,Cimentos para reconstituição óssea,INC,3006.40.20
Alíquota reduzida 60%  -Dispositivos médicos - Anexo IV - Art. 131,GERAL,Redução de 60%,5,Substitutos de enxerto ósseo,INC,3004.90.99
Alíquota reduzida 60%  -Dispositivos médicos - Anexo IV - Art. 131,GERAL,Redução de 60%,6,Coletor para unidade de drenagem externa,INC,3926.90.40
Alíquota reduzida 60%  -Dispositivos médicos - Anexo IV - Art. 131,GERAL,Redução de 60%,7,Conector completo com tampa,INC,3917.40
Alíquota reduzida 60%  -Dispositivos médicos - Anexo IV - Art. 131,GERAL,Redução de 60%,8,Conector em Y,INC,3917.40
Alíquota reduzida 60%  -Dispositivos médicos - Anexo IV - Art. 131,GERAL,Redução de 60%,9,Conjuntos de troca e concentrados polieletrolíticos para diálise,INC,3004.90.99
Alíquota reduzida 60%  -Dispositivos médicos - Anexo IV - Art. 131,GERAL,Redução de 60%,10,Conjunto para autotransfusão,INC,9018.90.10
Alíquota reduzida 60%  -Dispositivos médicos - Anexo IV - Art. 131,GERAL,Redução de 60%,11,Conjunto para hidrocefalia de baixo perfil,INC,9021.90.19
Alíquota reduzida 60%  -Dispositivos médicos - Anexo IV - Art. 131,GERAL,Redução de 60%,12,Conjunto para hidrocefalia standard,INC,9021.90.19
Alíquota reduzida 60%  -Dispositivos médicos - Anexo IV - Art. 131,GERAL,Redução de 60%,12,Conjunto para hidrocefalia standard,INC,9021.90.80
Alíquota reduzida 60%  -Dispositivos médicos - Anexo IV - Art. 131,GERAL,Redução de 60%,13,Eletrodo endocárdico definitivo,INC,9021.90.91
Alíquota reduzida 60%  -Dispositivos médicos - Anexo IV - Art. 131,GERAL,Redução de 60%,14,Eletrodo epicárdico definitivo,INC,9021.90.91
Alíquota reduzida 60%  -Dispositivos médicos - Anexo IV - Art. 131,GERAL,Redução de 60%,15,Eletrodo para marcapasso temporário endocárdico,INC,9021.90.91
Alíquota reduzida 60%  -Dispositivos médicos - Anexo IV - Art. 131,GERAL,Redução de 60%,16,Eletrodo para marcapasso temporário epicárdico,INC,9021.90.91
Alíquota reduzida 60%  -Dispositivos médicos - Anexo IV - Art. 131,GERAL,Redução de 60%,17,Espaçador de tendão,INC,9021.90.19
Alíquota reduzida 60%  -Dispositivos médicos - Anexo IV - Art. 131,GERAL,Redução de 60%,18,Filmes especiais para raios-X sensibilizados em ambas as faces,INC,3702.10.20
Alíquota reduzida 60%  -Dispositivos médicos - Anexo IV - Art. 131,GERAL,Redução de 60%,19,Filmes especiais para raios-X sensibilizados em uma face,INC,3702.10.10
Alíquota reduzida 60%  -Dispositivos médicos - Anexo IV - Art. 131,GERAL,Redução de 60%,20,Filtro de linha arterial e venoso,INC,8421.29.90
Alíquota reduzida 60%  -Dispositivos médicos - Anexo IV - Art. 131,GERAL,Redução de 60%,21,Filtro de sangue arterial e venoso para recirculação,INC,8421.29.90
Alíquota reduzida 60%  -Dispositivos médicos - Anexo IV - Art. 131,GERAL,Redução de 60%,22,Filtro para cardioplegia,INC,8421.29.90
Alíquota reduzida 60%  -Dispositivos médicos - Anexo IV - Art. 131,GERAL,Redução de 60%,23,"Categutes esterilizados, materiais esterilizados semelhantes para suturas cirúrgicas (incluídos os fios absorvíveis esterilizados para cirurgia ou odontologia) e adesivos esterilizados para tecidos orgânicos, utilizados em cirurgia para fechar ferimentos; laminárias esterilizadas; hemostáticos absorvíveis esterilizados para cirurgia ou odontologia; barreiras antiaderentes esterilizadas para cirurgia ou odontologia, absorvíveis ou não",INC,3006.10
Alíquota reduzida 60%  -Dispositivos médicos - Anexo IV - Art. 131,GERAL,Redução de 60%,24,Hemoconcentrador para circulação extracorpórea,INC,9018.90.40
Alíquota reduzida 60%  -Dispositivos médicos - Anexo IV - Art. 131,GERAL,Redução de 60%,25,Hemodialisador capilar,INC,8421.29.11
Alíquota reduzida 60%  -Dispositivos médicos - Anexo IV - Art. 131,GERAL,Redução de 60%,26,Marcapasso cardíaco câmara dupla,INC,9021.50.00
Alíquota reduzida 60%  -Dispositivos médicos - Anexo IV - Art. 131,GERAL,Redução de 60%,27,Marcapasso cardíaco multiprogramável com telemetria,INC,9021.50.00
Alíquota reduzida 60%  -Dispositivos médicos - Anexo IV - Art. 131,GERAL,Redução de 60%,28,Outras chapas e filmes para raios-X,INC,3701.10.29
Alíquota reduzida 60%  -Dispositivos médicos - Anexo IV - Art. 131,GERAL,Redução de 60%,29,Oxigenador de bolha com tubos para circulação extracorpórea,INC,9018.90.99
Alíquota reduzida 60%  -Dispositivos médicos - Anexo IV - Art. 131,GERAL,Redução de 60%,30,Oxigenador de membrana com tubos para circulação extracorpórea,INC,9018.90.99
Alíquota reduzida 60%  -Dispositivos médicos - Anexo IV - Art. 131,GERAL,Redução de 60%,31,Reservatório de cardiotomia,INC,9018.90.99
Alíquota reduzida 60%  -Dispositivos médicos - Anexo IV - Art. 131,GERAL,Redução de 60%,32,Reservatório para cardioplegia com tubo sem filtro,INC,9018.90.99
Alíquota reduzida 60%  -Dispositivos médicos - Anexo IV - Art. 131,GERAL,Redução de 60%,33,Rins artificiais,INC,9018.90.40
Alíquota reduzida 60%  -Dispositivos médicos - Anexo IV - Art. 131,GERAL,Redução de 60%,34,Shunt lombo-peritonal,INC,9021.90.19
Alíquota reduzida 60%  -Dispositivos médicos - Anexo IV - Art. 131,GERAL,Redução de 60%,35,Substituto temporário de pele (biológica/sintética) (por cm2),INC,3005.90.90
Alíquota reduzida 60%  -Dispositivos médicos - Anexo IV - Art. 131,GERAL,Redução de 60%,36,Tela inorgânica,INC,3006.10.90
Alíquota reduzida 60%  -Dispositivos médicos - Anexo IV - Art. 131,GERAL,Redução de 60%,37,Válvula para hidrocefalia,INC,9021.90.19
Alíquota reduzida 60%  -Dispositivos médicos - Anexo IV - Art. 131,GERAL,Redução de 60%,37,Válvula para hidrocefalia,INC,9021.90.89
Alíquota reduzida 60%  -Dispositivos médicos - Anexo IV - Art. 131,GERAL,Redução de 60%,38,Válvula para tratamento de ascite,INC,9021.90.19
Alíquota reduzida 60%  -Dispositivos médicos - Anexo IV - Art. 131,GERAL,Redução de 60%,39,Fonte de irídio 192,INC,2844.43.90
Alíquota reduzida 60%  -Dispositivos médicos - Anexo IV - Art. 131,GERAL,Redução de 60%,40,Stent vascular,INC,9021.90.12
Alíquota reduzida 60%  -Dispositivos médicos - Anexo IV - Art. 131,GERAL,Redução de 60%,41,Reprocessador de filtros utilizados em hemodiálise,INC,8479.89.99
Alíquota reduzida 60%  -Dispositivos médicos - Anexo IV - Art. 131,GERAL,Redução de 60%,42,"Implantes osseointegráveis, na forma de parafuso, e seus componentes manufaturados, tais como tampas de proteção, montadores, conjuntos, pilares (cicatrizador, conector, de transferência ou temporário), cilindros, seus acessórios, destinados a sustentar, amparar, acoplar ou fixar próteses dentárias",INC,9021.10.10
Alíquota reduzida 60%  -Dispositivos médicos - Anexo IV - Art. 131,GERAL,Redução de 60%,42,"Implantes osseointegráveis, na forma de parafuso, e seus componentes manufaturados, tais como tampas de proteção, montadores, conjuntos, pilares (cicatrizador, conector, de transferência ou temporário), cilindros, seus acessórios, destinados a sustentar, amparar, acoplar ou fixar próteses dentárias",INC,9021.10.20
Alíquota reduzida 60%  -Dispositivos médicos - Anexo IV - Art. 131,GERAL,Redução de 60%,42,"Implantes osseointegráveis, na forma de parafuso, e seus componentes manufaturados, tais como tampas de proteção, montadores, conjuntos, pilares (cicatrizador, conector, de transferência ou temporário), cilindros, seus acessórios, destinados a sustentar, amparar, acoplar ou fixar próteses dentárias",INC,9021.29.00
Alíquota reduzida 60%  -Dispositivos médicos - Anexo IV - Art. 131,GERAL,Redução de 60%,43,Cardiodesfibrilador implantável,INC,9021.90.11
Alíquota reduzida 60%  -Dispositivos médicos - Anexo IV - Art. 131,GERAL,Redução de 60%,44,Espiral para embolização,INC,9021.90.12
Alíquota reduzida 60%  -Dispositivos médicos - Anexo IV - Art. 131,GERAL,Redução de 60%,45,Imunoglobulina anti-Rh,INC,3002.12.21
Alíquota reduzida 60%  -Dispositivos médicos - Anexo IV - Art. 131,GERAL,Redução de 60%,46,Outras imunoglobulinas séricas,INC,3002.12.22
Alíquota reduzida 60%  -Dispositivos médicos - Anexo IV - Art. 131,GERAL,Redução de 60%,47,Concentrado de fator VIII,INC,3002.12.23
Alíquota reduzida 60%  -Dispositivos médicos - Anexo IV - Art. 131,GERAL,Redução de 60%,48,"Outras frações do sangue, exceto as preparadas como medicamentos, as imunoglobulinas séricas, o concentrado de fator VIII e a soroalbumina sob a forma de gel para preparação de reagentes de diagnóstico",INC,3002.12.21
Alíquota reduzida 60%  -Dispositivos médicos - Anexo IV - Art. 131,GERAL,Redução de 60%,48,"Outras frações do sangue, exceto as preparadas como medicamentos, as imunoglobulinas séricas, o concentrado de fator VIII e a soroalbumina sob a forma de gel para preparação de reagentes de diagnóstico",INC,3002.12.29
Alíquota reduzida 60%  -Dispositivos médicos - Anexo IV - Art. 131,GERAL,Redução de 60%,49,"Reagentes de diagnóstico ou de laboratório em qualquer suporte e reagentes de diagnóstico ou de laboratório preparados, mesmo em um suporte, mesmo apresentados sob a forma de estojos, exceto os da posição 30.06; materiais de referência certificados",INC,3822.1
Alíquota reduzida 60%  -Dispositivos médicos - Anexo IV - Art. 131,GERAL,Redução de 60%,50,"Reagentes de diagnóstico concebidos para serem administrados ao paciente, à base de somatoliberina",INC,3006.30.21
Alíquota reduzida 60%  -Dispositivos médicos - Anexo IV - Art. 131,GERAL,Redução de 60%,51,"Produtos para obturação dentária, exceto cimentos",INC,3006.40.12
Alíquota reduzida 60%  -Dispositivos médicos - Anexo IV - Art. 131,GERAL,Redução de 60%,52,"Preparações em gel, concebidas para uso em medicina humana ou veterinária como lubrificante para certas partes do corpo em intervenções cirúrgicas ou exames médicos ou como agente de ligação entre o corpo e os instrumentos médicos",INC,3006.70.00
Alíquota reduzida 60%  -Dispositivos médicos - Anexo IV - Art. 131,GERAL,Redução de 60%,53,"Bolsas para uso em colostomia, ileostomia e urostomia",INC,3006.91.10
Alíquota reduzida 60%  -Dispositivos médicos - Anexo IV - Art. 131,GERAL,Redução de 60%,54,"Equipamentos identificáveis para ostomia, exceto bolsas para uso em colostomia, ileostomia e urostomia",INC,3006.91.90
Alíquota reduzida 60%  -Dispositivos médicos - Anexo IV - Art. 131,GERAL,Redução de 60%,55,Bolsas para uso em medicina (hemodiálise e usos semelhantes),INC,3926.90.30
Alíquota reduzida 60%  -Dispositivos médicos - Anexo IV - Art. 131,GERAL,Redução de 60%,56,Artigos exclusivamente de laboratório de análises clínicas,INC,3926.90.40
Alíquota reduzida 60%  -Dispositivos médicos - Anexo IV - Art. 131,GERAL,Redução de 60%,57,"Acessórios de plástico do tipo utilizado em linhas de sangue para hemodiálise, tais como: obturadores, incluídos os reguláveis (clamps), clipes e similares",INC,3926.90.50
Alíquota reduzida 60%  -Dispositivos médicos - Anexo IV - Art. 131,GERAL,Redução de 60%,58,Luvas cirúrgicas e luvas de procedimento,INC,4015.1
Alíquota reduzida 60%  -Dispositivos médicos - Anexo IV - Art. 131,GERAL,Redução de 60%,59,"Seringas, mesmo com agulhas",INC,9018.31
Alíquota reduzida 60%  -Dispositivos médicos - Anexo IV - Art. 131,GERAL,Redução de 60%,60,Agulhas tubulares de metal e agulhas para suturas,INC,9018.32
Alíquota reduzida 60%  -Dispositivos médicos - Anexo IV - Art. 131,GERAL,Redução de 60%,61,"Agulhas, exceto as de metal e as para suturas",INC,9018.39.10
Alíquota reduzida 60%  -Dispositivos médicos - Anexo IV - Art. 131,GERAL,Redução de 60%,62,"Sondas, cateteres e cânulas, individualmente ou em conjunto",INC,9018.39.2
Alíquota reduzida 60%  -Dispositivos médicos - Anexo IV - Art. 131,GERAL,Redução de 60%,63,Lancetas para vacinação e cautérios,INC,9018.39.30
Alíquota reduzida 60%  -Dispositivos médicos - Anexo IV - Art. 131,GERAL,Redução de 60%,64,"Instrumentos semelhantes a seringas, a agulhas, a cateteres e a cânulas",INC,9018.39.9
Alíquota reduzida 60%  -Dispositivos médicos - Anexo IV - Art. 131,GERAL,Redução de 60%,65,Brocas para odontologia,INC,9018.49.1
Alíquota reduzida 60%  -Dispositivos médicos - Anexo IV - Art. 131,GERAL,Redução de 60%,66,Limas,INC,9018.49.20
Alíquota reduzida 60%  -Dispositivos médicos - Anexo IV - Art. 131,GERAL,Redução de 60%,67,"Grampos e clipes, seus aplicadores e extratores",INC,9018.90.95
Alíquota reduzida 60%  -Dispositivos médicos - Anexo IV - Art. 131,GERAL,Redução de 60%,68,"Outros instrumentos e aparelhos para medicina, cirurgia e odontologia, excluídas seringas e agulhas, das posições 9018.31 e 9018.32",INC,9018.39.99
Alíquota reduzida 60%  -Dispositivos médicos - Anexo IV - Art. 131,GERAL,Redução de 60%,68,"Outros instrumentos e aparelhos para medicina, cirurgia e odontologia, excluídas seringas e agulhas, das posições 9018.31 e 9018.32",INC,9018.90.99
Alíquota reduzida 60%  -Dispositivos médicos - Anexo IV - Art. 131,GERAL,Redução de 60%,69,"Mesas de operação e para exames, camas hospitalares e de uso clínico",INC,9402.90
Alíquota reduzida 60%  -Dispositivos médicos - Anexo IV - Art. 131,GERAL,Redução de 60%,70,Fotocoagulador a laser,INC,9018.20.10
Alíquota reduzida 60%  -Dispositivos médicos - Anexo IV - Art. 131,GERAL,Redução de 60%,71,Bisturi elétrico,INC,9018.90.21
Alíquota reduzida 60%  -Dispositivos médicos - Anexo IV - Art. 131,GERAL,Redução de 60%,72,Aparelho de anestesia com monitor multiparâmetros,INC,9018.90.99
Alíquota reduzida 60%  -Dispositivos médicos - Anexo IV - Art. 131,GERAL,Redução de 60%,73,Autoclave,INC,8419.81.10
Alíquota reduzida 60%  -Dispositivos médicos - Anexo IV - Art. 131,GERAL,Redução de 60%,74,Retinógrafo,INC,9018.50.90
Alíquota reduzida 60%  -Dispositivos médicos - Anexo IV - Art. 131,GERAL,Redução de 60%,75,Meios de cultura,INC,3821.00.00
Alíquota reduzida 60%  -Dispositivos médicos - Anexo IV - Art. 131,GERAL,Redução de 60%,76,Termocicladores utilizados em diagnóstico e na pesquisa científica,INC,8419.89.99
Alíquota reduzida 60%  -Dispositivos médicos - Anexo IV - Art. 131,GERAL,Redução de 60%,77,Partes e peças de termocicladores,INC,8419.90.40
Alíquota reduzida 60%  -Dispositivos médicos - Anexo IV - Art. 131,GERAL,Redução de 60%,78,Pipetadores laboratoriais para diagnóstico e pesquisa científica,INC,8479.89.12
Alíquota reduzida 60%  -Dispositivos médicos - Anexo IV - Art. 131,GERAL,Redução de 60%,79,Cromatógrafo de fase líquida,INC,9027.20.12
Alíquota reduzida 60%  -Dispositivos médicos - Anexo IV - Art. 131,GERAL,Redução de 60%,80,Sequenciadores automáticos de ADN mediante eletroforese capilar,INC,9027.20.21
Alíquota reduzida 60%  -Dispositivos médicos - Anexo IV - Art. 131,GERAL,Redução de 60%,81,Aparelhos de eletroforese para diagnóstico e pesquisa científica,INC,9027.20.29
Alíquota reduzida 60%  -Dispositivos médicos - Anexo IV - Art. 131,GERAL,Redução de 60%,82,Analisadores por espectrofotometria para diagnóstico e pesquisa científica,INC,9027.30
Alíquota reduzida 60%  -Dispositivos médicos - Anexo IV - Art. 131,GERAL,Redução de 60%,83,Analisadores por fotometria para diagnóstico e pesquisa científica,INC,9027.50.20
Alíquota reduzida 60%  -Dispositivos médicos - Anexo IV - Art. 131,GERAL,Redução de 60%,84,Citômetro de fluxo,INC,9027.50.50
Alíquota reduzida 60%  -Dispositivos médicos - Anexo IV - Art. 131,GERAL,Redução de 60%,85,Analisadores por radiações ópticas para diagnóstico e pesquisa científica,INC,9027.50.90
Alíquota reduzida 60%  -Dispositivos médicos - Anexo IV - Art. 131,GERAL,Redução de 60%,86,Outros analisadores para diagnóstico e pesquisa científica,INC,9027.89.99
Alíquota reduzida 60%  -Dispositivos médicos - Anexo IV - Art. 131,GERAL,Redução de 60%,87,Espectrômetro de massa,INC,9027.81.00
Alíquota reduzida 60%  -Dispositivos médicos - Anexo IV - Art. 131,GERAL,Redução de 60%,88,Outros analisadores para diagnóstico,INC,9027.89.99
Alíquota reduzida 60%  -Dispositivos médicos - Anexo IV - Art. 131,GERAL,Redução de 60%,89,Micrótomo,INC,9027.90.10
Alíquota reduzida 60%  -Dispositivos médicos - Anexo IV - Art. 131,GERAL,Redução de 60%,90,Partes e peças de equipamentos analisadores laboratoriais,INC,9027.90.9
Alíquota reduzida 60%  -Dispositivos médicos - Anexo IV - Art. 131,GERAL,Redução de 60%,91,Preservativo,INC,4014.10.00
Alíquota reduzida 60%  -Dispositivos médicos - Anexo IV - Art. 131,GERAL,Redução de 60%,92,Dispositivo intrauterino (DIU),INC,9018.90.99
Alíquota reduzida 60%  -Dispositivos médicos - Anexo IV - Art. 131,GERAL,Redução de 60%,93,Substância para conservação de órgãos e tecidos,INC,3824.99.89
Alíquota reduzida 60%  -Dispositivos médicos - Anexo IV - Art. 131,GERAL,Redução de 60%,94,Introdutor de punção para implante de eletrodo endocárdico,INC,9021.90.91
Alíquota reduzida 60%  -Dispositivos médicos - Anexo IV - Art. 131,GERAL,Redução de 60%,95,Enxerto tubular de politetrafluoretileno - PTFE (por cm2),INC,9021.90.99
Alíquota reduzida 60%  -Dispositivos médicos - Anexo IV - Art. 131,GERAL,Redução de 60%,96,Enxerto arterial e venoso tubular inorgânico,INC,9021.90.99
Alíquota reduzida 60%  -Dispositivos médicos - Anexo IV - Art. 131,GERAL,Redução de 60%,97,Botão para crânio,INC,9021.90.99
Alíquota reduzida 60%  -Dispositivos médicos - Anexo IV - Art. 131,GERAL,Redução de 60%,98,Guia metálico para introdução de cateter duplo lumen,INC,9018.39.29
Alíquota reduzida 60%  -Dispositivos médicos - Anexo IV - Art. 131,GERAL,Redução de 60%,99,Dilatador para implante de cateter duplo lumen,INC,9018.39.29
Alíquota reduzida 60%  -Dispositivos médicos - Anexo IV - Art. 131,GERAL,Redução de 60%,100,Guia de troca para angioplastia,INC,9018.39.29
Alíquota reduzida 60%  -Dispositivos médicos - Anexo IV - Art. 131,GERAL,Redução de 60%,101,Introdutor para cateter com e sem válvula,INC,9018.39.29
Alíquota reduzida 60%  -Dispositivos médicos - Anexo IV - Art. 131,GERAL,Redução de 60%,102,Kit cânula,INC,9018.39.91
Alíquota reduzida 60%  -Dispositivos médicos - Anexo IV - Art. 131,GERAL,Redução de 60%,102,Kit cânula,INC,9018.39.99
Alíquota reduzida 60%  -Dispositivos médicos - Anexo IV - Art. 131,GERAL,Redução de 60%,103,Dreno para sucção,INC,9018.39.29
Alíquota reduzida 60%  -Dispositivos médicos - Anexo IV - Art. 131,GERAL,Redução de 60%,104,Sistema de drenagem mediastinal,INC,9018.39.29
Alíquota reduzida 60%  -Dispositivos médicos - Anexo IV - Art. 131,GERAL,Redução de 60%,105,Conjunto descartável de balão intra-aórtico,INC,9018.90.99
Alíquota reduzida 60%  -Insumos agropecuários - Anexo IX - art. 138,GERAL,Redução de 60%,1,"Biofertilizantes, em conformidade com as definições e demais requisitos da legislação específica",INC,3101.00.00
Alíquota reduzida 60%  -Insumos agropecuários - Anexo IX - art. 138,GERAL,Redução de 60%,2,"Fertilizantes (adubos), em conformidade com as definições e demais requisitos da legislação específica",INC,31
Alíquota reduzida 60%  -Insumos agropecuários - Anexo IX - art. 138,GERAL,Redução de 60%,2,"Fertilizantes (adubos), em conformidade com as definições e demais requisitos da legislação específica",INC,3824.99.77
Alíquota reduzida 60%  -Insumos agropecuários - Anexo IX - art. 138,GERAL,Redução de 60%,2,"Fertilizantes (adubos), em conformidade com as definições e demais requisitos da legislação específica",INC,3824.99.79
Alíquota reduzida 60%  -Insumos agropecuários - Anexo IX - art. 138,GERAL,Redução de 60%,2,"Fertilizantes (adubos), em conformidade com as definições e demais requisitos da legislação específica",INC,3824.99.89
Alíquota reduzida 60%  -Insumos agropecuários - Anexo IX - art. 138,GERAL,Redução de 60%,3,"Corretivos de solo (inclusive condicionadores), remineralizadores e substratos para plantas; em conformidade com as definições e demais requisitos da legislação específica",INC,25
Alíquota reduzida 60%  -Insumos agropecuários - Anexo IX - art. 138,GERAL,Redução de 60%,4,"Inoculantes, meios de cultura e outros microorganismos para uso agrícola; em conformidade com as definições e demais requisitos da legislação específica",INC,3002.49
Alíquota reduzida 60%  -Insumos agropecuários - Anexo IX - art. 138,GERAL,Redução de 60%,4,"Inoculantes, meios de cultura e outros microorganismos para uso agrícola; em conformidade com as definições e demais requisitos da legislação específica",INC,3002.90.00
Alíquota reduzida 60%  -Insumos agropecuários - Anexo IX - art. 138,GERAL,Redução de 60%,4,"Inoculantes, meios de cultura e outros microorganismos para uso agrícola; em conformidade com as definições e demais requisitos da legislação específica",INC,3821.00.00
Alíquota reduzida 60%  -Insumos agropecuários - Anexo IX - art. 138,GERAL,Redução de 60%,5,"Bioestimulantes e bioinsumos para controle fitossanitário, em conformidade com as definições e demais requisitos da legislação específica",INC,12.11
Alíquota reduzida 60%  -Insumos agropecuários - Anexo IX - art. 138,GERAL,Redução de 60%,5,"Bioestimulantes e bioinsumos para controle fitossanitário, em conformidade com as definições e demais requisitos da legislação específica",INC,38.08
Alíquota reduzida 60%  -Insumos agropecuários - Anexo IX - art. 138,GERAL,Redução de 60%,5,"Bioestimulantes e bioinsumos para controle fitossanitário, em conformidade com as definições e demais requisitos da legislação específica",INC,38.24
Alíquota reduzida 60%  -Insumos agropecuários - Anexo IX - art. 138,GERAL,Redução de 60%,5,"Bioestimulantes e bioinsumos para controle fitossanitário, em conformidade com as definições e demais requisitos da legislação específica",INC,3807.00.00
Alíquota reduzida 60%  -Insumos agropecuários - Anexo IX - art. 138,GERAL,Redução de 60%,6,"Inseticidas, fungicidas, formicidas, herbicidas, parasiticidas, germicidas, acaricidas, nematicidas, raticidas, desfolhantes, dessecantes, espalhantes adesivos, estimuladores e inibidores de crescimento (reguladores); todos destinados diretamente ao uso agropecuário ou destinados diretamente à fabricação de defensivo agropecuário; em conformidade com as definições e demais requisitos da legislação específica",INC,38.08
Alíquota reduzida 60%  -Insumos agropecuários - Anexo IX - art. 138,GERAL,Redução de 60%,6,"Inseticidas, fungicidas, formicidas, herbicidas, parasiticidas, germicidas, acaricidas, nematicidas, raticidas, desfolhantes, dessecantes, espalhantes adesivos, estimuladores e inibidores de crescimento (reguladores); todos destinados diretamente ao uso agropecuário ou destinados diretamente à fabricação de defensivo agropecuário; em conformidade com as definições e demais requisitos da legislação específica",INC,3824.99.89
Alíquota reduzida 60%  -Insumos agropecuários - Anexo IX - art. 138,GERAL,Redução de 60%,7,"Calcário, casca de coco triturada, turfa; tortas, bagaços e demais resíduos e desperdícios vegetais das indústrias alimentares; cascas, serragens e demais resíduos e desperdícios de madeira; resíduos da indústria de celulose (dregs e grits), ossos, borra de carnaúba, cinzas, resíduos agroindustriais orgânicos, DL-Metionina e seus análogos, vermiculita e argilas expandidas, palhas e cascas de produtos vegetais, fibra de coco e outras fibras vegetais, silicatos de potássio ou de magnésio, resinas e oleorresinas naturais, sucos e extratos vegetais, aminoácidos e microrganismos mortos, óleos essenciais, argilas e terras, carvão vegetal e pastas mecânicas de madeira; todos destinados diretamente à fabricação de biofertilizantes, fertilizantes, corretivos de solo (inclusive condicionadores), remineralizadores, substratos para plantas, bioestimulantes ou biodefensivos para controle fitossanitário ou utilizados diretamente como biofertilizantes, fertilizantes, corretivos de solo (inclusive condicionadores), remineralizadores, substratos para plantas, bioestimulantes ou biodefensivos para controle fitossanitário; em conformidade com as definições e demais requisitos da legislação específica",INC,05.06
Alíquota reduzida 60%  -Insumos agropecuários - Anexo IX - art. 138,GERAL,Redução de 60%,7,"Calcário, casca de coco triturada, turfa; tortas, bagaços e demais resíduos e desperdícios vegetais das indústrias alimentares; cascas, serragens e demais resíduos e desperdícios de madeira; resíduos da indústria de celulose (dregs e grits), ossos, borra de carnaúba, cinzas, resíduos agroindustriais orgânicos, DL-Metionina e seus análogos, vermiculita e argilas expandidas, palhas e cascas de produtos vegetais, fibra de coco e outras fibras vegetais, silicatos de potássio ou de magnésio, resinas e oleorresinas naturais, sucos e extratos vegetais, aminoácidos e microrganismos mortos, óleos essenciais, argilas e terras, carvão vegetal e pastas mecânicas de madeira; todos destinados diretamente à fabricação de biofertilizantes, fertilizantes, corretivos de solo (inclusive condicionadores), remineralizadores, substratos para plantas, bioestimulantes ou biodefensivos para controle fitossanitário ou utilizados diretamente como biofertilizantes, fertilizantes, corretivos de solo (inclusive condicionadores), remineralizadores, substratos para plantas, bioestimulantes ou biodefensivos para controle fitossanitário; em conformidade com as definições e demais requisitos da legislação específica",INC,1201.10.00
Alíquota reduzida 60%  -Insumos agropecuários - Anexo IX - art. 138,GERAL,Redução de 60%,7,"Calcário, casca de coco triturada, turfa; tortas, bagaços e demais resíduos e desperdícios vegetais das indústrias alimentares; cascas, serragens e demais resíduos e desperdícios de madeira; resíduos da indústria de celulose (dregs e grits), ossos, borra de carnaúba, cinzas, resíduos agroindustriais orgânicos, DL-Metionina e seus análogos, vermiculita e argilas expandidas, palhas e cascas de produtos vegetais, fibra de coco e outras fibras vegetais, silicatos de potássio ou de magnésio, resinas e oleorresinas naturais, sucos e extratos vegetais, aminoácidos e microrganismos mortos, óleos essenciais, argilas e terras, carvão vegetal e pastas mecânicas de madeira; todos destinados diretamente à fabricação de biofertilizantes, fertilizantes, corretivos de solo (inclusive condicionadores), remineralizadores, substratos para plantas, bioestimulantes ou biodefensivos para controle fitossanitário ou utilizados diretamente como biofertilizantes, fertilizantes, corretivos de solo (inclusive condicionadores), remineralizadores, substratos para plantas, bioestimulantes ou biodefensivos para controle fitossanitário; em conformidade com as definições e demais requisitos da legislação específica",INC,1213.00.00
Alíquota reduzida 60%  -Insumos agropecuários - Anexo IX - art. 138,GERAL,Redução de 60%,7,"Calcário, casca de coco triturada, turfa; tortas, bagaços e demais resíduos e desperdícios vegetais das indústrias alimentares; cascas, serragens e demais resíduos e desperdícios de madeira; resíduos da indústria de celulose (dregs e grits), ossos, borra de carnaúba, cinzas, resíduos agroindustriais orgânicos, DL-Metionina e seus análogos, vermiculita e argilas expandidas, palhas e cascas de produtos vegetais, fibra de coco e outras fibras vegetais, silicatos de potássio ou de magnésio, resinas e oleorresinas naturais, sucos e extratos vegetais, aminoácidos e microrganismos mortos, óleos essenciais, argilas e terras, carvão vegetal e pastas mecânicas de madeira; todos destinados diretamente à fabricação de biofertilizantes, fertilizantes, corretivos de solo (inclusive condicionadores), remineralizadores, substratos para plantas, bioestimulantes ou biodefensivos para controle fitossanitário ou utilizados diretamente como biofertilizantes, fertilizantes, corretivos de solo (inclusive condicionadores), remineralizadores, substratos para plantas, bioestimulantes ou biodefensivos para controle fitossanitário; em conformidade com as definições e demais requisitos da legislação específica",INC,1301.90.90
Alíquota reduzida 60%  -Insumos agropecuários - Anexo IX - art. 138,GERAL,Redução de 60%,7,"Calcário, casca de coco triturada, turfa; tortas, bagaços e demais resíduos e desperdícios vegetais das indústrias alimentares; cascas, serragens e demais resíduos e desperdícios de madeira; resíduos da indústria de celulose (dregs e grits), ossos, borra de carnaúba, cinzas, resíduos agroindustriais orgânicos, DL-Metionina e seus análogos, vermiculita e argilas expandidas, palhas e cascas de produtos vegetais, fibra de coco e outras fibras vegetais, silicatos de potássio ou de magnésio, resinas e oleorresinas naturais, sucos e extratos vegetais, aminoácidos e microrganismos mortos, óleos essenciais, argilas e terras, carvão vegetal e pastas mecânicas de madeira; todos destinados diretamente à fabricação de biofertilizantes, fertilizantes, corretivos de solo (inclusive condicionadores), remineralizadores, substratos para plantas, bioestimulantes ou biodefensivos para controle fitossanitário ou utilizados diretamente como biofertilizantes, fertilizantes, corretivos de solo (inclusive condicionadores), remineralizadores, substratos para plantas, bioestimulantes ou biodefensivos para controle fitossanitário; em conformidade com as definições e demais requisitos da legislação específica",INC,1302.19.9
Alíquota reduzida 60%  -Insumos agropecuários - Anexo IX - art. 138,GERAL,Redução de 60%,7,"Calcário, casca de coco triturada, turfa; tortas, bagaços e demais resíduos e desperdícios vegetais das indústrias alimentares; cascas, serragens e demais resíduos e desperdícios de madeira; resíduos da indústria de celulose (dregs e grits), ossos, borra de carnaúba, cinzas, resíduos agroindustriais orgânicos, DL-Metionina e seus análogos, vermiculita e argilas expandidas, palhas e cascas de produtos vegetais, fibra de coco e outras fibras vegetais, silicatos de potássio ou de magnésio, resinas e oleorresinas naturais, sucos e extratos vegetais, aminoácidos e microrganismos mortos, óleos essenciais, argilas e terras, carvão vegetal e pastas mecânicas de madeira; todos destinados diretamente à fabricação de biofertilizantes, fertilizantes, corretivos de solo (inclusive condicionadores), remineralizadores, substratos para plantas, bioestimulantes ou biodefensivos para controle fitossanitário ou utilizados diretamente como biofertilizantes, fertilizantes, corretivos de solo (inclusive condicionadores), remineralizadores, substratos para plantas, bioestimulantes ou biodefensivos para controle fitossanitário; em conformidade com as definições e demais requisitos da legislação específica",INC,1401.90.00
Alíquota reduzida 60%  -Insumos agropecuários - Anexo IX - art. 138,GERAL,Redução de 60%,7,"Calcário, casca de coco triturada, turfa; tortas, bagaços e demais resíduos e desperdícios vegetais das indústrias alimentares; cascas, serragens e demais resíduos e desperdícios de madeira; resíduos da indústria de celulose (dregs e grits), ossos, borra de carnaúba, cinzas, resíduos agroindustriais orgânicos, DL-Metionina e seus análogos, vermiculita e argilas expandidas, palhas e cascas de produtos vegetais, fibra de coco e outras fibras vegetais, silicatos de potássio ou de magnésio, resinas e oleorresinas naturais, sucos e extratos vegetais, aminoácidos e microrganismos mortos, óleos essenciais, argilas e terras, carvão vegetal e pastas mecânicas de madeira; todos destinados diretamente à fabricação de biofertilizantes, fertilizantes, corretivos de solo (inclusive condicionadores), remineralizadores, substratos para plantas, bioestimulantes ou biodefensivos para controle fitossanitário ou utilizados diretamente como biofertilizantes, fertilizantes, corretivos de solo (inclusive condicionadores), remineralizadores, substratos para plantas, bioestimulantes ou biodefensivos para controle fitossanitário; em conformidade com as definições e demais requisitos da legislação específica",INC,1404.90.90
Alíquota reduzida 60%  -Insumos agropecuários - Anexo IX - art. 138,GERAL,Redução de 60%,7,"Calcário, casca de coco triturada, turfa; tortas, bagaços e demais resíduos e desperdícios vegetais das indústrias alimentares; cascas, serragens e demais resíduos e desperdícios de madeira; resíduos da indústria de celulose (dregs e grits), ossos, borra de carnaúba, cinzas, resíduos agroindustriais orgânicos, DL-Metionina e seus análogos, vermiculita e argilas expandidas, palhas e cascas de produtos vegetais, fibra de coco e outras fibras vegetais, silicatos de potássio ou de magnésio, resinas e oleorresinas naturais, sucos e extratos vegetais, aminoácidos e microrganismos mortos, óleos essenciais, argilas e terras, carvão vegetal e pastas mecânicas de madeira; todos destinados diretamente à fabricação de biofertilizantes, fertilizantes, corretivos de solo (inclusive condicionadores), remineralizadores, substratos para plantas, bioestimulantes ou biodefensivos para controle fitossanitário ou utilizados diretamente como biofertilizantes, fertilizantes, corretivos de solo (inclusive condicionadores), remineralizadores, substratos para plantas, bioestimulantes ou biodefensivos para controle fitossanitário; em conformidade com as definições e demais requisitos da legislação específica",INC,2102.20.00
Alíquota reduzida 60%  -Insumos agropecuários - Anexo IX - art. 138,GERAL,Redução de 60%,7,"Calcário, casca de coco triturada, turfa; tortas, bagaços e demais resíduos e desperdícios vegetais das indústrias alimentares; cascas, serragens e demais resíduos e desperdícios de madeira; resíduos da indústria de celulose (dregs e grits), ossos, borra de carnaúba, cinzas, resíduos agroindustriais orgânicos, DL-Metionina e seus análogos, vermiculita e argilas expandidas, palhas e cascas de produtos vegetais, fibra de coco e outras fibras vegetais, silicatos de potássio ou de magnésio, resinas e oleorresinas naturais, sucos e extratos vegetais, aminoácidos e microrganismos mortos, óleos essenciais, argilas e terras, carvão vegetal e pastas mecânicas de madeira; todos destinados diretamente à fabricação de biofertilizantes, fertilizantes, corretivos de solo (inclusive condicionadores), remineralizadores, substratos para plantas, bioestimulantes ou biodefensivos para controle fitossanitário ou utilizados diretamente como biofertilizantes, fertilizantes, corretivos de solo (inclusive condicionadores), remineralizadores, substratos para plantas, bioestimulantes ou biodefensivos para controle fitossanitário; em conformidade com as definições e demais requisitos da legislação específica",INC,23.02
Alíquota reduzida 60%  -Insumos agropecuários - Anexo IX - art. 138,GERAL,Redução de 60%,7,"Calcário, casca de coco triturada, turfa; tortas, bagaços e demais resíduos e desperdícios vegetais das indústrias alimentares; cascas, serragens e demais resíduos e desperdícios de madeira; resíduos da indústria de celulose (dregs e grits), ossos, borra de carnaúba, cinzas, resíduos agroindustriais orgânicos, DL-Metionina e seus análogos, vermiculita e argilas expandidas, palhas e cascas de produtos vegetais, fibra de coco e outras fibras vegetais, silicatos de potássio ou de magnésio, resinas e oleorresinas naturais, sucos e extratos vegetais, aminoácidos e microrganismos mortos, óleos essenciais, argilas e terras, carvão vegetal e pastas mecânicas de madeira; todos destinados diretamente à fabricação de biofertilizantes, fertilizantes, corretivos de solo (inclusive condicionadores), remineralizadores, substratos para plantas, bioestimulantes ou biodefensivos para controle fitossanitário ou utilizados diretamente como biofertilizantes, fertilizantes, corretivos de solo (inclusive condicionadores), remineralizadores, substratos para plantas, bioestimulantes ou biodefensivos para controle fitossanitário; em conformidade com as definições e demais requisitos da legislação específica",INC,23.03
Alíquota reduzida 60%  -Insumos agropecuários - Anexo IX - art. 138,GERAL,Redução de 60%,7,"Calcário, casca de coco triturada, turfa; tortas, bagaços e demais resíduos e desperdícios vegetais das indústrias alimentares; cascas, serragens e demais resíduos e desperdícios de madeira; resíduos da indústria de celulose (dregs e grits), ossos, borra de carnaúba, cinzas, resíduos agroindustriais orgânicos, DL-Metionina e seus análogos, vermiculita e argilas expandidas, palhas e cascas de produtos vegetais, fibra de coco e outras fibras vegetais, silicatos de potássio ou de magnésio, resinas e oleorresinas naturais, sucos e extratos vegetais, aminoácidos e microrganismos mortos, óleos essenciais, argilas e terras, carvão vegetal e pastas mecânicas de madeira; todos destinados diretamente à fabricação de biofertilizantes, fertilizantes, corretivos de solo (inclusive condicionadores), remineralizadores, substratos para plantas, bioestimulantes ou biodefensivos para controle fitossanitário ou utilizados diretamente como biofertilizantes, fertilizantes, corretivos de solo (inclusive condicionadores), remineralizadores, substratos para plantas, bioestimulantes ou biodefensivos para controle fitossanitário; em conformidade com as definições e demais requisitos da legislação específica",INC,23.06
Alíquota reduzida 60%  -Insumos agropecuários - Anexo IX - art. 138,GERAL,Redução de 60%,7,"Calcário, casca de coco triturada, turfa; tortas, bagaços e demais resíduos e desperdícios vegetais das indústrias alimentares; cascas, serragens e demais resíduos e desperdícios de madeira; resíduos da indústria de celulose (dregs e grits), ossos, borra de carnaúba, cinzas, resíduos agroindustriais orgânicos, DL-Metionina e seus análogos, vermiculita e argilas expandidas, palhas e cascas de produtos vegetais, fibra de coco e outras fibras vegetais, silicatos de potássio ou de magnésio, resinas e oleorresinas naturais, sucos e extratos vegetais, aminoácidos e microrganismos mortos, óleos essenciais, argilas e terras, carvão vegetal e pastas mecânicas de madeira; todos destinados diretamente à fabricação de biofertilizantes, fertilizantes, corretivos de solo (inclusive condicionadores), remineralizadores, substratos para plantas, bioestimulantes ou biodefensivos para controle fitossanitário ou utilizados diretamente como biofertilizantes, fertilizantes, corretivos de solo (inclusive condicionadores), remineralizadores, substratos para plantas, bioestimulantes ou biodefensivos para controle fitossanitário; em conformidade com as definições e demais requisitos da legislação específica",INC,2304.00
Alíquota reduzida 60%  -Insumos agropecuários - Anexo IX - art. 138,GERAL,Redução de 60%,7,"Calcário, casca de coco triturada, turfa; tortas, bagaços e demais resíduos e desperdícios vegetais das indústrias alimentares; cascas, serragens e demais resíduos e desperdícios de madeira; resíduos da indústria de celulose (dregs e grits), ossos, borra de carnaúba, cinzas, resíduos agroindustriais orgânicos, DL-Metionina e seus análogos, vermiculita e argilas expandidas, palhas e cascas de produtos vegetais, fibra de coco e outras fibras vegetais, silicatos de potássio ou de magnésio, resinas e oleorresinas naturais, sucos e extratos vegetais, aminoácidos e microrganismos mortos, óleos essenciais, argilas e terras, carvão vegetal e pastas mecânicas de madeira; todos destinados diretamente à fabricação de biofertilizantes, fertilizantes, corretivos de solo (inclusive condicionadores), remineralizadores, substratos para plantas, bioestimulantes ou biodefensivos para controle fitossanitário ou utilizados diretamente como biofertilizantes, fertilizantes, corretivos de solo (inclusive condicionadores), remineralizadores, substratos para plantas, bioestimulantes ou biodefensivos para controle fitossanitário; em conformidade com as definições e demais requisitos da legislação específica",INC,2305.00.00
Alíquota reduzida 60%  -Insumos agropecuários - Anexo IX - art. 138,GERAL,Redução de 60%,7,"Calcário, casca de coco triturada, turfa; tortas, bagaços e demais resíduos e desperdícios vegetais das indústrias alimentares; cascas, serragens e demais resíduos e desperdícios de madeira; resíduos da indústria de celulose (dregs e grits), ossos, borra de carnaúba, cinzas, resíduos agroindustriais orgânicos, DL-Metionina e seus análogos, vermiculita e argilas expandidas, palhas e cascas de produtos vegetais, fibra de coco e outras fibras vegetais, silicatos de potássio ou de magnésio, resinas e oleorresinas naturais, sucos e extratos vegetais, aminoácidos e microrganismos mortos, óleos essenciais, argilas e terras, carvão vegetal e pastas mecânicas de madeira; todos destinados diretamente à fabricação de biofertilizantes, fertilizantes, corretivos de solo (inclusive condicionadores), remineralizadores, substratos para plantas, bioestimulantes ou biodefensivos para controle fitossanitário ou utilizados diretamente como biofertilizantes, fertilizantes, corretivos de solo (inclusive condicionadores), remineralizadores, substratos para plantas, bioestimulantes ou biodefensivos para controle fitossanitário; em conformidade com as definições e demais requisitos da legislação específica",INC,2308.00.00
Alíquota reduzida 60%  -Insumos agropecuários - Anexo IX - art. 138,GERAL,Redução de 60%,7,"Calcário, casca de coco triturada, turfa; tortas, bagaços e demais resíduos e desperdícios vegetais das indústrias alimentares; cascas, serragens e demais resíduos e desperdícios de madeira; resíduos da indústria de celulose (dregs e grits), ossos, borra de carnaúba, cinzas, resíduos agroindustriais orgânicos, DL-Metionina e seus análogos, vermiculita e argilas expandidas, palhas e cascas de produtos vegetais, fibra de coco e outras fibras vegetais, silicatos de potássio ou de magnésio, resinas e oleorresinas naturais, sucos e extratos vegetais, aminoácidos e microrganismos mortos, óleos essenciais, argilas e terras, carvão vegetal e pastas mecânicas de madeira; todos destinados diretamente à fabricação de biofertilizantes, fertilizantes, corretivos de solo (inclusive condicionadores), remineralizadores, substratos para plantas, bioestimulantes ou biodefensivos para controle fitossanitário ou utilizados diretamente como biofertilizantes, fertilizantes, corretivos de solo (inclusive condicionadores), remineralizadores, substratos para plantas, bioestimulantes ou biodefensivos para controle fitossanitário; em conformidade com as definições e demais requisitos da legislação específica",INC,2703.00.00
Alíquota reduzida 60%  -Insumos agropecuários - Anexo IX - art. 138,GERAL,Redução de 60%,7,"Calcário, casca de coco triturada, turfa; tortas, bagaços e demais resíduos e desperdícios vegetais das indústrias alimentares; cascas, serragens e demais resíduos e desperdícios de madeira; resíduos da indústria de celulose (dregs e grits), ossos, borra de carnaúba, cinzas, resíduos agroindustriais orgânicos, DL-Metionina e seus análogos, vermiculita e argilas expandidas, palhas e cascas de produtos vegetais, fibra de coco e outras fibras vegetais, silicatos de potássio ou de magnésio, resinas e oleorresinas naturais, sucos e extratos vegetais, aminoácidos e microrganismos mortos, óleos essenciais, argilas e terras, carvão vegetal e pastas mecânicas de madeira; todos destinados diretamente à fabricação de biofertilizantes, fertilizantes, corretivos de solo (inclusive condicionadores), remineralizadores, substratos para plantas, bioestimulantes ou biodefensivos para controle fitossanitário ou utilizados diretamente como biofertilizantes, fertilizantes, corretivos de solo (inclusive condicionadores), remineralizadores, substratos para plantas, bioestimulantes ou biodefensivos para controle fitossanitário; em conformidade com as definições e demais requisitos da legislação específica",INC,2839.90.10
Alíquota reduzida 60%  -Insumos agropecuários - Anexo IX - art. 138,GERAL,Redução de 60%,7,"Calcário, casca de coco triturada, turfa; tortas, bagaços e demais resíduos e desperdícios vegetais das indústrias alimentares; cascas, serragens e demais resíduos e desperdícios de madeira; resíduos da indústria de celulose (dregs e grits), ossos, borra de carnaúba, cinzas, resíduos agroindustriais orgânicos, DL-Metionina e seus análogos, vermiculita e argilas expandidas, palhas e cascas de produtos vegetais, fibra de coco e outras fibras vegetais, silicatos de potássio ou de magnésio, resinas e oleorresinas naturais, sucos e extratos vegetais, aminoácidos e microrganismos mortos, óleos essenciais, argilas e terras, carvão vegetal e pastas mecânicas de madeira; todos destinados diretamente à fabricação de biofertilizantes, fertilizantes, corretivos de solo (inclusive condicionadores), remineralizadores, substratos para plantas, bioestimulantes ou biodefensivos para controle fitossanitário ou utilizados diretamente como biofertilizantes, fertilizantes, corretivos de solo (inclusive condicionadores), remineralizadores, substratos para plantas, bioestimulantes ou biodefensivos para controle fitossanitário; em conformidade com as definições e demais requisitos da legislação específica",INC,2839.90.50
Alíquota reduzida 60%  -Insumos agropecuários - Anexo IX - art. 138,GERAL,Redução de 60%,7,"Calcário, casca de coco triturada, turfa; tortas, bagaços e demais resíduos e desperdícios vegetais das indústrias alimentares; cascas, serragens e demais resíduos e desperdícios de madeira; resíduos da indústria de celulose (dregs e grits), ossos, borra de carnaúba, cinzas, resíduos agroindustriais orgânicos, DL-Metionina e seus análogos, vermiculita e argilas expandidas, palhas e cascas de produtos vegetais, fibra de coco e outras fibras vegetais, silicatos de potássio ou de magnésio, resinas e oleorresinas naturais, sucos e extratos vegetais, aminoácidos e microrganismos mortos, óleos essenciais, argilas e terras, carvão vegetal e pastas mecânicas de madeira; todos destinados diretamente à fabricação de biofertilizantes, fertilizantes, corretivos de solo (inclusive condicionadores), remineralizadores, substratos para plantas, bioestimulantes ou biodefensivos para controle fitossanitário ou utilizados diretamente como biofertilizantes, fertilizantes, corretivos de solo (inclusive condicionadores), remineralizadores, substratos para plantas, bioestimulantes ou biodefensivos para controle fitossanitário; em conformidade com as definições e demais requisitos da legislação específica",INC,2922.4
Alíquota reduzida 60%  -Insumos agropecuários - Anexo IX - art. 138,GERAL,Redução de 60%,7,"Calcário, casca de coco triturada, turfa; tortas, bagaços e demais resíduos e desperdícios vegetais das indústrias alimentares; cascas, serragens e demais resíduos e desperdícios de madeira; resíduos da indústria de celulose (dregs e grits), ossos, borra de carnaúba, cinzas, resíduos agroindustriais orgânicos, DL-Metionina e seus análogos, vermiculita e argilas expandidas, palhas e cascas de produtos vegetais, fibra de coco e outras fibras vegetais, silicatos de potássio ou de magnésio, resinas e oleorresinas naturais, sucos e extratos vegetais, aminoácidos e microrganismos mortos, óleos essenciais, argilas e terras, carvão vegetal e pastas mecânicas de madeira; todos destinados diretamente à fabricação de biofertilizantes, fertilizantes, corretivos de solo (inclusive condicionadores), remineralizadores, substratos para plantas, bioestimulantes ou biodefensivos para controle fitossanitário ou utilizados diretamente como biofertilizantes, fertilizantes, corretivos de solo (inclusive condicionadores), remineralizadores, substratos para plantas, bioestimulantes ou biodefensivos para controle fitossanitário; em conformidade com as definições e demais requisitos da legislação específica",INC,2930.40
Alíquota reduzida 60%  -Insumos agropecuários - Anexo IX - art. 138,GERAL,Redução de 60%,7,"Calcário, casca de coco triturada, turfa; tortas, bagaços e demais resíduos e desperdícios vegetais das indústrias alimentares; cascas, serragens e demais resíduos e desperdícios de madeira; resíduos da indústria de celulose (dregs e grits), ossos, borra de carnaúba, cinzas, resíduos agroindustriais orgânicos, DL-Metionina e seus análogos, vermiculita e argilas expandidas, palhas e cascas de produtos vegetais, fibra de coco e outras fibras vegetais, silicatos de potássio ou de magnésio, resinas e oleorresinas naturais, sucos e extratos vegetais, aminoácidos e microrganismos mortos, óleos essenciais, argilas e terras, carvão vegetal e pastas mecânicas de madeira; todos destinados diretamente à fabricação de biofertilizantes, fertilizantes, corretivos de solo (inclusive condicionadores), remineralizadores, substratos para plantas, bioestimulantes ou biodefensivos para controle fitossanitário ou utilizados diretamente como biofertilizantes, fertilizantes, corretivos de solo (inclusive condicionadores), remineralizadores, substratos para plantas, bioestimulantes ou biodefensivos para controle fitossanitário; em conformidade com as definições e demais requisitos da legislação específica",INC,33.01
Alíquota reduzida 60%  -Insumos agropecuários - Anexo IX - art. 138,GERAL,Redução de 60%,7,"Calcário, casca de coco triturada, turfa; tortas, bagaços e demais resíduos e desperdícios vegetais das indústrias alimentares; cascas, serragens e demais resíduos e desperdícios de madeira; resíduos da indústria de celulose (dregs e grits), ossos, borra de carnaúba, cinzas, resíduos agroindustriais orgânicos, DL-Metionina e seus análogos, vermiculita e argilas expandidas, palhas e cascas de produtos vegetais, fibra de coco e outras fibras vegetais, silicatos de potássio ou de magnésio, resinas e oleorresinas naturais, sucos e extratos vegetais, aminoácidos e microrganismos mortos, óleos essenciais, argilas e terras, carvão vegetal e pastas mecânicas de madeira; todos destinados diretamente à fabricação de biofertilizantes, fertilizantes, corretivos de solo (inclusive condicionadores), remineralizadores, substratos para plantas, bioestimulantes ou biodefensivos para controle fitossanitário ou utilizados diretamente como biofertilizantes, fertilizantes, corretivos de solo (inclusive condicionadores), remineralizadores, substratos para plantas, bioestimulantes ou biodefensivos para controle fitossanitário; em conformidade com as definições e demais requisitos da legislação específica",INC,3802.90.40
Alíquota reduzida 60%  -Insumos agropecuários - Anexo IX - art. 138,GERAL,Redução de 60%,7,"Calcário, casca de coco triturada, turfa; tortas, bagaços e demais resíduos e desperdícios vegetais das indústrias alimentares; cascas, serragens e demais resíduos e desperdícios de madeira; resíduos da indústria de celulose (dregs e grits), ossos, borra de carnaúba, cinzas, resíduos agroindustriais orgânicos, DL-Metionina e seus análogos, vermiculita e argilas expandidas, palhas e cascas de produtos vegetais, fibra de coco e outras fibras vegetais, silicatos de potássio ou de magnésio, resinas e oleorresinas naturais, sucos e extratos vegetais, aminoácidos e microrganismos mortos, óleos essenciais, argilas e terras, carvão vegetal e pastas mecânicas de madeira; todos destinados diretamente à fabricação de biofertilizantes, fertilizantes, corretivos de solo (inclusive condicionadores), remineralizadores, substratos para plantas, bioestimulantes ou biodefensivos para controle fitossanitário ou utilizados diretamente como biofertilizantes, fertilizantes, corretivos de solo (inclusive condicionadores), remineralizadores, substratos para plantas, bioestimulantes ou biodefensivos para controle fitossanitário; em conformidade com as definições e demais requisitos da legislação específica",INC,3804.00
Alíquota reduzida 60%  -Insumos agropecuários - Anexo IX - art. 138,GERAL,Redução de 60%,7,"Calcário, casca de coco triturada, turfa; tortas, bagaços e demais resíduos e desperdícios vegetais das indústrias alimentares; cascas, serragens e demais resíduos e desperdícios de madeira; resíduos da indústria de celulose (dregs e grits), ossos, borra de carnaúba, cinzas, resíduos agroindustriais orgânicos, DL-Metionina e seus análogos, vermiculita e argilas expandidas, palhas e cascas de produtos vegetais, fibra de coco e outras fibras vegetais, silicatos de potássio ou de magnésio, resinas e oleorresinas naturais, sucos e extratos vegetais, aminoácidos e microrganismos mortos, óleos essenciais, argilas e terras, carvão vegetal e pastas mecânicas de madeira; todos destinados diretamente à fabricação de biofertilizantes, fertilizantes, corretivos de solo (inclusive condicionadores), remineralizadores, substratos para plantas, bioestimulantes ou biodefensivos para controle fitossanitário ou utilizados diretamente como biofertilizantes, fertilizantes, corretivos de solo (inclusive condicionadores), remineralizadores, substratos para plantas, bioestimulantes ou biodefensivos para controle fitossanitário; em conformidade com as definições e demais requisitos da legislação específica",INC,3824.99.71
Alíquota reduzida 60%  -Insumos agropecuários - Anexo IX - art. 138,GERAL,Redução de 60%,7,"Calcário, casca de coco triturada, turfa; tortas, bagaços e demais resíduos e desperdícios vegetais das indústrias alimentares; cascas, serragens e demais resíduos e desperdícios de madeira; resíduos da indústria de celulose (dregs e grits), ossos, borra de carnaúba, cinzas, resíduos agroindustriais orgânicos, DL-Metionina e seus análogos, vermiculita e argilas expandidas, palhas e cascas de produtos vegetais, fibra de coco e outras fibras vegetais, silicatos de potássio ou de magnésio, resinas e oleorresinas naturais, sucos e extratos vegetais, aminoácidos e microrganismos mortos, óleos essenciais, argilas e terras, carvão vegetal e pastas mecânicas de madeira; todos destinados diretamente à fabricação de biofertilizantes, fertilizantes, corretivos de solo (inclusive condicionadores), remineralizadores, substratos para plantas, bioestimulantes ou biodefensivos para controle fitossanitário ou utilizados diretamente como biofertilizantes, fertilizantes, corretivos de solo (inclusive condicionadores), remineralizadores, substratos para plantas, bioestimulantes ou biodefensivos para controle fitossanitário; em conformidade com as definições e demais requisitos da legislação específica",INC,4401.39.00
Alíquota reduzida 60%  -Insumos agropecuários - Anexo IX - art. 138,GERAL,Redução de 60%,7,"Calcário, casca de coco triturada, turfa; tortas, bagaços e demais resíduos e desperdícios vegetais das indústrias alimentares; cascas, serragens e demais resíduos e desperdícios de madeira; resíduos da indústria de celulose (dregs e grits), ossos, borra de carnaúba, cinzas, resíduos agroindustriais orgânicos, DL-Metionina e seus análogos, vermiculita e argilas expandidas, palhas e cascas de produtos vegetais, fibra de coco e outras fibras vegetais, silicatos de potássio ou de magnésio, resinas e oleorresinas naturais, sucos e extratos vegetais, aminoácidos e microrganismos mortos, óleos essenciais, argilas e terras, carvão vegetal e pastas mecânicas de madeira; todos destinados diretamente à fabricação de biofertilizantes, fertilizantes, corretivos de solo (inclusive condicionadores), remineralizadores, substratos para plantas, bioestimulantes ou biodefensivos para controle fitossanitário ou utilizados diretamente como biofertilizantes, fertilizantes, corretivos de solo (inclusive condicionadores), remineralizadores, substratos para plantas, bioestimulantes ou biodefensivos para controle fitossanitário; em conformidade com as definições e demais requisitos da legislação específica",INC,4401.4
Alíquota reduzida 60%  -Insumos agropecuários - Anexo IX - art. 138,GERAL,Redução de 60%,7,"Calcário, casca de coco triturada, turfa; tortas, bagaços e demais resíduos e desperdícios vegetais das indústrias alimentares; cascas, serragens e demais resíduos e desperdícios de madeira; resíduos da indústria de celulose (dregs e grits), ossos, borra de carnaúba, cinzas, resíduos agroindustriais orgânicos, DL-Metionina e seus análogos, vermiculita e argilas expandidas, palhas e cascas de produtos vegetais, fibra de coco e outras fibras vegetais, silicatos de potássio ou de magnésio, resinas e oleorresinas naturais, sucos e extratos vegetais, aminoácidos e microrganismos mortos, óleos essenciais, argilas e terras, carvão vegetal e pastas mecânicas de madeira; todos destinados diretamente à fabricação de biofertilizantes, fertilizantes, corretivos de solo (inclusive condicionadores), remineralizadores, substratos para plantas, bioestimulantes ou biodefensivos para controle fitossanitário ou utilizados diretamente como biofertilizantes, fertilizantes, corretivos de solo (inclusive condicionadores), remineralizadores, substratos para plantas, bioestimulantes ou biodefensivos para controle fitossanitário; em conformidade com as definições e demais requisitos da legislação específica",INC,4402.90.00
Alíquota reduzida 60%  -Insumos agropecuários - Anexo IX - art. 138,GERAL,Redução de 60%,7,"Calcário, casca de coco triturada, turfa; tortas, bagaços e demais resíduos e desperdícios vegetais das indústrias alimentares; cascas, serragens e demais resíduos e desperdícios de madeira; resíduos da indústria de celulose (dregs e grits), ossos, borra de carnaúba, cinzas, resíduos agroindustriais orgânicos, DL-Metionina e seus análogos, vermiculita e argilas expandidas, palhas e cascas de produtos vegetais, fibra de coco e outras fibras vegetais, silicatos de potássio ou de magnésio, resinas e oleorresinas naturais, sucos e extratos vegetais, aminoácidos e microrganismos mortos, óleos essenciais, argilas e terras, carvão vegetal e pastas mecânicas de madeira; todos destinados diretamente à fabricação de biofertilizantes, fertilizantes, corretivos de solo (inclusive condicionadores), remineralizadores, substratos para plantas, bioestimulantes ou biodefensivos para controle fitossanitário ou utilizados diretamente como biofertilizantes, fertilizantes, corretivos de solo (inclusive condicionadores), remineralizadores, substratos para plantas, bioestimulantes ou biodefensivos para controle fitossanitário; em conformidade com as definições e demais requisitos da legislação específica",INC,4701.00.00
Alíquota reduzida 60%  -Insumos agropecuários - Anexo IX - art. 138,GERAL,Redução de 60%,7,"Calcário, casca de coco triturada, turfa; tortas, bagaços e demais resíduos e desperdícios vegetais das indústrias alimentares; cascas, serragens e demais resíduos e desperdícios de madeira; resíduos da indústria de celulose (dregs e grits), ossos, borra de carnaúba, cinzas, resíduos agroindustriais orgânicos, DL-Metionina e seus análogos, vermiculita e argilas expandidas, palhas e cascas de produtos vegetais, fibra de coco e outras fibras vegetais, silicatos de potássio ou de magnésio, resinas e oleorresinas naturais, sucos e extratos vegetais, aminoácidos e microrganismos mortos, óleos essenciais, argilas e terras, carvão vegetal e pastas mecânicas de madeira; todos destinados diretamente à fabricação de biofertilizantes, fertilizantes, corretivos de solo (inclusive condicionadores), remineralizadores, substratos para plantas, bioestimulantes ou biodefensivos para controle fitossanitário ou utilizados diretamente como biofertilizantes, fertilizantes, corretivos de solo (inclusive condicionadores), remineralizadores, substratos para plantas, bioestimulantes ou biodefensivos para controle fitossanitário; em conformidade com as definições e demais requisitos da legislação específica",INC,5305.00.90
Alíquota reduzida 60%  -Insumos agropecuários - Anexo IX - art. 138,GERAL,Redução de 60%,7,"Calcário, casca de coco triturada, turfa; tortas, bagaços e demais resíduos e desperdícios vegetais das indústrias alimentares; cascas, serragens e demais resíduos e desperdícios de madeira; resíduos da indústria de celulose (dregs e grits), ossos, borra de carnaúba, cinzas, resíduos agroindustriais orgânicos, DL-Metionina e seus análogos, vermiculita e argilas expandidas, palhas e cascas de produtos vegetais, fibra de coco e outras fibras vegetais, silicatos de potássio ou de magnésio, resinas e oleorresinas naturais, sucos e extratos vegetais, aminoácidos e microrganismos mortos, óleos essenciais, argilas e terras, carvão vegetal e pastas mecânicas de madeira; todos destinados diretamente à fabricação de biofertilizantes, fertilizantes, corretivos de solo (inclusive condicionadores), remineralizadores, substratos para plantas, bioestimulantes ou biodefensivos para controle fitossanitário ou utilizados diretamente como biofertilizantes, fertilizantes, corretivos de solo (inclusive condicionadores), remineralizadores, substratos para plantas, bioestimulantes ou biodefensivos para controle fitossanitário; em conformidade com as definições e demais requisitos da legislação específica",INC,6806.20.00
Alíquota reduzida 60%  -Insumos agropecuários - Anexo IX - art. 138,GERAL,Redução de 60%,8,"Ácido nítrico, ácido sulfúrico, ácido fosfórico, fosfatos de cálcio naturais, enxofre, ácido clorídrico, ácido fosforoso, ácido acético, hidróxido de sódio e carbonato dissódico; todos destinados diretamente à fabricação de fertilizantes",INC, 2503.00.90
Alíquota reduzida 60%  -Insumos agropecuários - Anexo IX - art. 138,GERAL,Redução de 60%,8,"Ácido nítrico, ácido sulfúrico, ácido fosfórico, fosfatos de cálcio naturais, enxofre, ácido clorídrico, ácido fosforoso, ácido acético, hidróxido de sódio e carbonato dissódico; todos destinados diretamente à fabricação de fertilizantes",INC, 2510.10.10
Alíquota reduzida 60%  -Insumos agropecuários - Anexo IX - art. 138,GERAL,Redução de 60%,8,"Ácido nítrico, ácido sulfúrico, ácido fosfórico, fosfatos de cálcio naturais, enxofre, ácido clorídrico, ácido fosforoso, ácido acético, hidróxido de sódio e carbonato dissódico; todos destinados diretamente à fabricação de fertilizantes",INC, 2510.10.90
Alíquota reduzida 60%  -Insumos agropecuários - Anexo IX - art. 138,GERAL,Redução de 60%,8,"Ácido nítrico, ácido sulfúrico, ácido fosfórico, fosfatos de cálcio naturais, enxofre, ácido clorídrico, ácido fosforoso, ácido acético, hidróxido de sódio e carbonato dissódico; todos destinados diretamente à fabricação de fertilizantes",INC, 2510.20.10
Alíquota reduzida 60%  -Insumos agropecuários - Anexo IX - art. 138,GERAL,Redução de 60%,8,"Ácido nítrico, ácido sulfúrico, ácido fosfórico, fosfatos de cálcio naturais, enxofre, ácido clorídrico, ácido fosforoso, ácido acético, hidróxido de sódio e carbonato dissódico; todos destinados diretamente à fabricação de fertilizantes",INC, 2510.20.90
Alíquota reduzida 60%  -Insumos agropecuários - Anexo IX - art. 138,GERAL,Redução de 60%,8,"Ácido nítrico, ácido sulfúrico, ácido fosfórico, fosfatos de cálcio naturais, enxofre, ácido clorídrico, ácido fosforoso, ácido acético, hidróxido de sódio e carbonato dissódico; todos destinados diretamente à fabricação de fertilizantes",INC, 2802.00.00
Alíquota reduzida 60%  -Insumos agropecuários - Anexo IX - art. 138,GERAL,Redução de 60%,8,"Ácido nítrico, ácido sulfúrico, ácido fosfórico, fosfatos de cálcio naturais, enxofre, ácido clorídrico, ácido fosforoso, ácido acético, hidróxido de sódio e carbonato dissódico; todos destinados diretamente à fabricação de fertilizantes",INC, 2806.10.20
Alíquota reduzida 60%  -Insumos agropecuários - Anexo IX - art. 138,GERAL,Redução de 60%,8,"Ácido nítrico, ácido sulfúrico, ácido fosfórico, fosfatos de cálcio naturais, enxofre, ácido clorídrico, ácido fosforoso, ácido acético, hidróxido de sódio e carbonato dissódico; todos destinados diretamente à fabricação de fertilizantes",INC, 2807.00.10
Alíquota reduzida 60%  -Insumos agropecuários - Anexo IX - art. 138,GERAL,Redução de 60%,8,"Ácido nítrico, ácido sulfúrico, ácido fosfórico, fosfatos de cálcio naturais, enxofre, ácido clorídrico, ácido fosforoso, ácido acético, hidróxido de sódio e carbonato dissódico; todos destinados diretamente à fabricação de fertilizantes",INC, 2808.00.10
Alíquota reduzida 60%  -Insumos agropecuários - Anexo IX - art. 138,GERAL,Redução de 60%,8,"Ácido nítrico, ácido sulfúrico, ácido fosfórico, fosfatos de cálcio naturais, enxofre, ácido clorídrico, ácido fosforoso, ácido acético, hidróxido de sódio e carbonato dissódico; todos destinados diretamente à fabricação de fertilizantes",INC, 2809.20.11
Alíquota reduzida 60%  -Insumos agropecuários - Anexo IX - art. 138,GERAL,Redução de 60%,8,"Ácido nítrico, ácido sulfúrico, ácido fosfórico, fosfatos de cálcio naturais, enxofre, ácido clorídrico, ácido fosforoso, ácido acético, hidróxido de sódio e carbonato dissódico; todos destinados diretamente à fabricação de fertilizantes",INC, 2809.20.19
Alíquota reduzida 60%  -Insumos agropecuários - Anexo IX - art. 138,GERAL,Redução de 60%,8,"Ácido nítrico, ácido sulfúrico, ácido fosfórico, fosfatos de cálcio naturais, enxofre, ácido clorídrico, ácido fosforoso, ácido acético, hidróxido de sódio e carbonato dissódico; todos destinados diretamente à fabricação de fertilizantes",INC, 2811.19.20
Alíquota reduzida 60%  -Insumos agropecuários - Anexo IX - art. 138,GERAL,Redução de 60%,8,"Ácido nítrico, ácido sulfúrico, ácido fosfórico, fosfatos de cálcio naturais, enxofre, ácido clorídrico, ácido fosforoso, ácido acético, hidróxido de sódio e carbonato dissódico; todos destinados diretamente à fabricação de fertilizantes",INC, 2815.11.00
Alíquota reduzida 60%  -Insumos agropecuários - Anexo IX - art. 138,GERAL,Redução de 60%,8,"Ácido nítrico, ácido sulfúrico, ácido fosfórico, fosfatos de cálcio naturais, enxofre, ácido clorídrico, ácido fosforoso, ácido acético, hidróxido de sódio e carbonato dissódico; todos destinados diretamente à fabricação de fertilizantes",INC, 2815.12.00
Alíquota reduzida 60%  -Insumos agropecuários - Anexo IX - art. 138,GERAL,Redução de 60%,8,"Ácido nítrico, ácido sulfúrico, ácido fosfórico, fosfatos de cálcio naturais, enxofre, ácido clorídrico, ácido fosforoso, ácido acético, hidróxido de sódio e carbonato dissódico; todos destinados diretamente à fabricação de fertilizantes",INC, 2836.20.10
Alíquota reduzida 60%  -Insumos agropecuários - Anexo IX - art. 138,GERAL,Redução de 60%,8,"Ácido nítrico, ácido sulfúrico, ácido fosfórico, fosfatos de cálcio naturais, enxofre, ácido clorídrico, ácido fosforoso, ácido acético, hidróxido de sódio e carbonato dissódico; todos destinados diretamente à fabricação de fertilizantes",INC, 2836.20.90
Alíquota reduzida 60%  -Insumos agropecuários - Anexo IX - art. 138,GERAL,Redução de 60%,8,"Ácido nítrico, ácido sulfúrico, ácido fosfórico, fosfatos de cálcio naturais, enxofre, ácido clorídrico, ácido fosforoso, ácido acético, hidróxido de sódio e carbonato dissódico; todos destinados diretamente à fabricação de fertilizantes",INC, 2915.21.00
Alíquota reduzida 60%  -Insumos agropecuários - Anexo IX - art. 138,GERAL,Redução de 60%,8,"Ácido nítrico, ácido sulfúrico, ácido fosfórico, fosfatos de cálcio naturais, enxofre, ácido clorídrico, ácido fosforoso, ácido acético, hidróxido de sódio e carbonato dissódico; todos destinados diretamente à fabricação de fertilizantes",INC,2503.00.10
Alíquota reduzida 60%  -Insumos agropecuários - Anexo IX - art. 138,GERAL,Redução de 60%,9,Enzimas preparadas para decomposição de matéria orgânica animal e vegetal,INC,3507.90.4
Alíquota reduzida 60%  -Insumos agropecuários - Anexo IX - art. 138,GERAL,Redução de 60%,10,"Semente genética, semente básica, semente nativa in natura, semente certificada de primeira geração (C1), semente certificada de segunda geração (C2), semente não certificada de primeira geração (S1), semente não certificada de segunda geração (S2) e sementes de cultivar local, tradicional ou crioula; em conformidade com as definições e demais requisitos da legislação específica",INC,07
Alíquota reduzida 60%  -Insumos agropecuários - Anexo IX - art. 138,GERAL,Redução de 60%,10,"Semente genética, semente básica, semente nativa in natura, semente certificada de primeira geração (C1), semente certificada de segunda geração (C2), semente não certificada de primeira geração (S1), semente não certificada de segunda geração (S2) e sementes de cultivar local, tradicional ou crioula; em conformidade com as definições e demais requisitos da legislação específica",INC,10
Alíquota reduzida 60%  -Insumos agropecuários - Anexo IX - art. 138,GERAL,Redução de 60%,10,"Semente genética, semente básica, semente nativa in natura, semente certificada de primeira geração (C1), semente certificada de segunda geração (C2), semente não certificada de primeira geração (S1), semente não certificada de segunda geração (S2) e sementes de cultivar local, tradicional ou crioula; em conformidade com as definições e demais requisitos da legislação específica",INC,12
Alíquota reduzida 60%  -Insumos agropecuários - Anexo IX - art. 138,GERAL,Redução de 60%,11,"Mudas de plantas e demais materiais propagativos de plantas e fungos, inclusive plantas e fungos nativos de espécies florestais; em conformidade com as definições e demais requisitos da legislação específica",INC,06.01
Alíquota reduzida 60%  -Insumos agropecuários - Anexo IX - art. 138,GERAL,Redução de 60%,11,"Mudas de plantas e demais materiais propagativos de plantas e fungos, inclusive plantas e fungos nativos de espécies florestais; em conformidade com as definições e demais requisitos da legislação específica",INC,06.02
Alíquota reduzida 60%  -Insumos agropecuários - Anexo IX - art. 138,GERAL,Redução de 60%,12,"Vacinas, soros e medicamentos, de uso veterinário, exceto de animais domésticos",INC, 30.04
Alíquota reduzida 60%  -Insumos agropecuários - Anexo IX - art. 138,GERAL,Redução de 60%,12,"Vacinas, soros e medicamentos, de uso veterinário, exceto de animais domésticos",INC, 3002.15
Alíquota reduzida 60%  -Insumos agropecuários - Anexo IX - art. 138,GERAL,Redução de 60%,12,"Vacinas, soros e medicamentos, de uso veterinário, exceto de animais domésticos",INC, 3002.42
Alíquota reduzida 60%  -Insumos agropecuários - Anexo IX - art. 138,GERAL,Redução de 60%,12,"Vacinas, soros e medicamentos, de uso veterinário, exceto de animais domésticos",INC, 3002.90.00
Alíquota reduzida 60%  -Insumos agropecuários - Anexo IX - art. 138,GERAL,Redução de 60%,12,"Vacinas, soros e medicamentos, de uso veterinário, exceto de animais domésticos",INC,3002.12
Alíquota reduzida 60%  -Insumos agropecuários - Anexo IX - art. 138,GERAL,Redução de 60%,13,"Aves de um dia, exceto as ornamentais",INC,0105.1
Alíquota reduzida 60%  -Insumos agropecuários - Anexo IX - art. 138,GERAL,Redução de 60%,14,"Embriões e sêmen, congelado ou resfriado",INC,0511.10.00
Alíquota reduzida 60%  -Insumos agropecuários - Anexo IX - art. 138,GERAL,Redução de 60%,14,"Embriões e sêmen, congelado ou resfriado",INC,0511.9
Alíquota reduzida 60%  -Insumos agropecuários - Anexo IX - art. 138,GERAL,Redução de 60%,15,"Reprodutores de raça pura, inclusive matrizes de animais puros de origem com registro genealógico; em conformidade com as definições e demais requisitos da legislação específica",INC, 01.03
Alíquota reduzida 60%  -Insumos agropecuários - Anexo IX - art. 138,GERAL,Redução de 60%,15,"Reprodutores de raça pura, inclusive matrizes de animais puros de origem com registro genealógico; em conformidade com as definições e demais requisitos da legislação específica",INC, 01.04
Alíquota reduzida 60%  -Insumos agropecuários - Anexo IX - art. 138,GERAL,Redução de 60%,15,"Reprodutores de raça pura, inclusive matrizes de animais puros de origem com registro genealógico; em conformidade com as definições e demais requisitos da legislação específica",INC,01.02
Alíquota reduzida 60%  -Insumos agropecuários - Anexo IX - art. 138,GERAL,Redução de 60%,16,Ovos fertilizados,INC,0407.1
Alíquota reduzida 60%  -Insumos agropecuários - Anexo IX - art. 138,GERAL,Redução de 60%,17,Girinos e alevinos,INC,0106.90.00
Alíquota reduzida 60%  -Insumos agropecuários - Anexo IX - art. 138,GERAL,Redução de 60%,18,"Rações para animais, concentrados, suplementos, aditivos, premix ou núcleo, exceto para animais domésticos",INC,2309.90
Alíquota reduzida 60%  -Insumos agropecuários - Anexo IX - art. 138,GERAL,Redução de 60%,19,"Sementes e cereais, mesmo triturados, em grãos esmagados ou trabalhados de outro modo; todos destinados diretamente à fabricação de ração para animais ou diretamente à alimentação animal, exceto de animais domésticos",INC,10
Alíquota reduzida 60%  -Insumos agropecuários - Anexo IX - art. 138,GERAL,Redução de 60%,19,"Sementes e cereais, mesmo triturados, em grãos esmagados ou trabalhados de outro modo; todos destinados diretamente à fabricação de ração para animais ou diretamente à alimentação animal, exceto de animais domésticos",INC,11
Alíquota reduzida 60%  -Insumos agropecuários - Anexo IX - art. 138,GERAL,Redução de 60%,19,"Sementes e cereais, mesmo triturados, em grãos esmagados ou trabalhados de outro modo; todos destinados diretamente à fabricação de ração para animais ou diretamente à alimentação animal, exceto de animais domésticos",INC,12
Alíquota reduzida 60%  -Insumos agropecuários - Anexo IX - art. 138,GERAL,Redução de 60%,20,"Farelos e tortas de produtos vegetais e demais resíduos e desperdícios das indústrias alimentares; todos destinados diretamente à fabricação de ração para animais ou diretamente à alimentação animal, exceto de animais domésticos",INC, 23.02
Alíquota reduzida 60%  -Insumos agropecuários - Anexo IX - art. 138,GERAL,Redução de 60%,20,"Farelos e tortas de produtos vegetais e demais resíduos e desperdícios das indústrias alimentares; todos destinados diretamente à fabricação de ração para animais ou diretamente à alimentação animal, exceto de animais domésticos",INC, 23.03
Alíquota reduzida 60%  -Insumos agropecuários - Anexo IX - art. 138,GERAL,Redução de 60%,20,"Farelos e tortas de produtos vegetais e demais resíduos e desperdícios das indústrias alimentares; todos destinados diretamente à fabricação de ração para animais ou diretamente à alimentação animal, exceto de animais domésticos",INC, 23.06
Alíquota reduzida 60%  -Insumos agropecuários - Anexo IX - art. 138,GERAL,Redução de 60%,20,"Farelos e tortas de produtos vegetais e demais resíduos e desperdícios das indústrias alimentares; todos destinados diretamente à fabricação de ração para animais ou diretamente à alimentação animal, exceto de animais domésticos",INC, 2304.00
Alíquota reduzida 60%  -Insumos agropecuários - Anexo IX - art. 138,GERAL,Redução de 60%,20,"Farelos e tortas de produtos vegetais e demais resíduos e desperdícios das indústrias alimentares; todos destinados diretamente à fabricação de ração para animais ou diretamente à alimentação animal, exceto de animais domésticos",INC, 2305.00.00
Alíquota reduzida 60%  -Insumos agropecuários - Anexo IX - art. 138,GERAL,Redução de 60%,20,"Farelos e tortas de produtos vegetais e demais resíduos e desperdícios das indústrias alimentares; todos destinados diretamente à fabricação de ração para animais ou diretamente à alimentação animal, exceto de animais domésticos",INC, 2308.00.00
Alíquota reduzida 60%  -Insumos agropecuários - Anexo IX - art. 138,GERAL,Redução de 60%,20,"Farelos e tortas de produtos vegetais e demais resíduos e desperdícios das indústrias alimentares; todos destinados diretamente à fabricação de ração para animais ou diretamente à alimentação animal, exceto de animais domésticos",INC,23.01
Alíquota reduzida 60%  -Insumos agropecuários - Anexo IX - art. 138,GERAL,Redução de 60%,21,"Alho em pó, sal mineralizado, farinhas de peixe, de ostra, de carne, de osso, de pena, de sangue e de víscera, calcário calcítico,  gorduras e óleos animais, resíduos de óleo e de gordura de origem animal ou vegetal descartados por empresas do ramo alimentício, e DL-Metionina e seus análogos; todos destinados diretamente à fabricação de ração para animais ou diretamente à alimentação animal, exceto de animais domésticos",INC, 03.09
Alíquota reduzida 60%  -Insumos agropecuários - Anexo IX - art. 138,GERAL,Redução de 60%,21,"Alho em pó, sal mineralizado, farinhas de peixe, de ostra, de carne, de osso, de pena, de sangue e de víscera, calcário calcítico,  gorduras e óleos animais, resíduos de óleo e de gordura de origem animal ou vegetal descartados por empresas do ramo alimentício, e DL-Metionina e seus análogos; todos destinados diretamente à fabricação de ração para animais ou diretamente à alimentação animal, exceto de animais domésticos",INC, 0712.90.10
Alíquota reduzida 60%  -Insumos agropecuários - Anexo IX - art. 138,GERAL,Redução de 60%,21,"Alho em pó, sal mineralizado, farinhas de peixe, de ostra, de carne, de osso, de pena, de sangue e de víscera, calcário calcítico,  gorduras e óleos animais, resíduos de óleo e de gordura de origem animal ou vegetal descartados por empresas do ramo alimentício, e DL-Metionina e seus análogos; todos destinados diretamente à fabricação de ração para animais ou diretamente à alimentação animal, exceto de animais domésticos",INC, 2501.00
Alíquota reduzida 60%  -Insumos agropecuários - Anexo IX - art. 138,GERAL,Redução de 60%,21,"Alho em pó, sal mineralizado, farinhas de peixe, de ostra, de carne, de osso, de pena, de sangue e de víscera, calcário calcítico,  gorduras e óleos animais, resíduos de óleo e de gordura de origem animal ou vegetal descartados por empresas do ramo alimentício, e DL-Metionina e seus análogos; todos destinados diretamente à fabricação de ração para animais ou diretamente à alimentação animal, exceto de animais domésticos",INC, 2521.00.00
Alíquota reduzida 60%  -Insumos agropecuários - Anexo IX - art. 138,GERAL,Redução de 60%,21,"Alho em pó, sal mineralizado, farinhas de peixe, de ostra, de carne, de osso, de pena, de sangue e de víscera, calcário calcítico,  gorduras e óleos animais, resíduos de óleo e de gordura de origem animal ou vegetal descartados por empresas do ramo alimentício, e DL-Metionina e seus análogos; todos destinados diretamente à fabricação de ração para animais ou diretamente à alimentação animal, exceto de animais domésticos",INC, 2930.40
Alíquota reduzida 60%  -Insumos agropecuários - Anexo IX - art. 138,GERAL,Redução de 60%,21,"Alho em pó, sal mineralizado, farinhas de peixe, de ostra, de carne, de osso, de pena, de sangue e de víscera, calcário calcítico,  gorduras e óleos animais, resíduos de óleo e de gordura de origem animal ou vegetal descartados por empresas do ramo alimentício, e DL-Metionina e seus análogos; todos destinados diretamente à fabricação de ração para animais ou diretamente à alimentação animal, exceto de animais domésticos",INC,02.10
Alíquota reduzida 60%  -Insumos agropecuários - Anexo IX - art. 138,GERAL,Redução de 60%,21,"Alho em pó, sal mineralizado, farinhas de peixe, de ostra, de carne, de osso, de pena, de sangue e de víscera, calcário calcítico,  gorduras e óleos animais, resíduos de óleo e de gordura de origem animal ou vegetal descartados por empresas do ramo alimentício, e DL-Metionina e seus análogos; todos destinados diretamente à fabricação de ração para animais ou diretamente à alimentação animal, exceto de animais domésticos",INC,15
"Alíquota reduzida 60%  -Medicam Registr na Anvisa, exc aliq 0 - Art. 133",GERAL,Redução de 60%,1,medicamentos registrados na Anvisa ou produzidos por farmácias de manipulação,INC,30
Alíquota reduzida 60%  -Medicamentos - Anexo VI - Art. 133 § 1º,GERAL,Redução de 60%,1,Acetato de dextroalfatocoferol,INC,2936.28.12
Alíquota reduzida 60%  -Medicamentos - Anexo VI - Art. 133 § 1º,GERAL,Redução de 60%,2,Acetato de lisina,INC,2922.41.90
Alíquota reduzida 60%  -Medicamentos - Anexo VI - Art. 133 § 1º,GERAL,Redução de 60%,3,Acetato de potássio,INC,2915.29.90
Alíquota reduzida 60%  -Medicamentos - Anexo VI - Art. 133 § 1º,GERAL,Redução de 60%,4,Acetato de sódio,INC,2915.29.10
Alíquota reduzida 60%  -Medicamentos - Anexo VI - Art. 133 § 1º,GERAL,Redução de 60%,5,Acetato de zinco,INC,2915.29.90
Alíquota reduzida 60%  -Medicamentos - Anexo VI - Art. 133 § 1º,GERAL,Redução de 60%,6,Acetiltirosina,INC,2922.50.39
Alíquota reduzida 60%  -Medicamentos - Anexo VI - Art. 133 § 1º,GERAL,Redução de 60%,7,Ácido acético,INC,2915.21.00
Alíquota reduzida 60%  -Medicamentos - Anexo VI - Art. 133 § 1º,GERAL,Redução de 60%,8,Ácido ascórbico,INC,2936.27.10
Alíquota reduzida 60%  -Medicamentos - Anexo VI - Art. 133 § 1º,GERAL,Redução de 60%,9,Ácido aspártico,INC,2922.49.90
Alíquota reduzida 60%  -Medicamentos - Anexo VI - Art. 133 § 1º,GERAL,Redução de 60%,10,Ácido cítrico,INC,2918.14.00
Alíquota reduzida 60%  -Medicamentos - Anexo VI - Art. 133 § 1º,GERAL,Redução de 60%,11,Ácido fólico,INC,2936.29.11
Alíquota reduzida 60%  -Medicamentos - Anexo VI - Art. 133 § 1º,GERAL,Redução de 60%,12,Ácido glutâmico,INC,2922.42.10
Alíquota reduzida 60%  -Medicamentos - Anexo VI - Art. 133 § 1º,GERAL,Redução de 60%,13,Ácido málico,INC,2918.19.90
Alíquota reduzida 60%  -Medicamentos - Anexo VI - Art. 133 § 1º,GERAL,Redução de 60%,14,Ácido selenioso,INC,2811.19.90
Alíquota reduzida 60%  -Medicamentos - Anexo VI - Art. 133 § 1º,GERAL,Redução de 60%,15,Água para injeção,INC,2002.10.00
Alíquota reduzida 60%  -Medicamentos - Anexo VI - Art. 133 § 1º,GERAL,Redução de 60%,16,Alanilglutamina,INC,2922.49.90
Alíquota reduzida 60%  -Medicamentos - Anexo VI - Art. 133 § 1º,GERAL,Redução de 60%,17,Alanina,INC,2922.49.90
Alíquota reduzida 60%  -Medicamentos - Anexo VI - Art. 133 § 1º,GERAL,Redução de 60%,18,Albumina humana,INC,3002.12.36
Alíquota reduzida 60%  -Medicamentos - Anexo VI - Art. 133 § 1º,GERAL,Redução de 60%,19,Arginina,INC,2925.29.19
Alíquota reduzida 60%  -Medicamentos - Anexo VI - Art. 133 § 1º,GERAL,Redução de 60%,20,Asparagina,INC,2922.49.90
Alíquota reduzida 60%  -Medicamentos - Anexo VI - Art. 133 § 1º,GERAL,Redução de 60%,21,Bicarbonato de sódio,INC,2836.30.00
Alíquota reduzida 60%  -Medicamentos - Anexo VI - Art. 133 § 1º,GERAL,Redução de 60%,22,Biotina,INC,2936.29.31
Alíquota reduzida 60%  -Medicamentos - Anexo VI - Art. 133 § 1º,GERAL,Redução de 60%,23,Cianocobalamina,INC,2936.26.10
Alíquota reduzida 60%  -Medicamentos - Anexo VI - Art. 133 § 1º,GERAL,Redução de 60%,24,Cistina,INC,2930.90.39
Alíquota reduzida 60%  -Medicamentos - Anexo VI - Art. 133 § 1º,GERAL,Redução de 60%,25,Cloreto crômico,INC,2827.39.93
Alíquota reduzida 60%  -Medicamentos - Anexo VI - Art. 133 § 1º,GERAL,Redução de 60%,26,Cloreto de cálcio,INC,2827.20.10
Alíquota reduzida 60%  -Medicamentos - Anexo VI - Art. 133 § 1º,GERAL,Redução de 60%,26,Cloreto de cálcio,INC,2827.20.90
Alíquota reduzida 60%  -Medicamentos - Anexo VI - Art. 133 § 1º,GERAL,Redução de 60%,27,Cloreto de magnésio,INC,2827.31.10
Alíquota reduzida 60%  -Medicamentos - Anexo VI - Art. 133 § 1º,GERAL,Redução de 60%,27,Cloreto de magnésio,INC,2827.31.90
Alíquota reduzida 60%  -Medicamentos - Anexo VI - Art. 133 § 1º,GERAL,Redução de 60%,28,Cloreto de manganês,INC,2827.39.95
Alíquota reduzida 60%  -Medicamentos - Anexo VI - Art. 133 § 1º,GERAL,Redução de 60%,29,Cloreto de potássio,INC,3104.20.10
Alíquota reduzida 60%  -Medicamentos - Anexo VI - Art. 133 § 1º,GERAL,Redução de 60%,29,Cloreto de potássio,INC,3104.20.90
Alíquota reduzida 60%  -Medicamentos - Anexo VI - Art. 133 § 1º,GERAL,Redução de 60%,30,Cloreto de sódio,INC,2501.00.90
Alíquota reduzida 60%  -Medicamentos - Anexo VI - Art. 133 § 1º,GERAL,Redução de 60%,31,Cloreto de zinco,INC,2827.39.98
Alíquota reduzida 60%  -Medicamentos - Anexo VI - Art. 133 § 1º,GERAL,Redução de 60%,32,Cloridrato de piridoxina,INC,2936.25.20
Alíquota reduzida 60%  -Medicamentos - Anexo VI - Art. 133 § 1º,GERAL,Redução de 60%,33,Cloridrato de tiamina,INC,2936.22.10
Alíquota reduzida 60%  -Medicamentos - Anexo VI - Art. 133 § 1º,GERAL,Redução de 60%,34,Cocarboxilase,INC,2936.22.90
Alíquota reduzida 60%  -Medicamentos - Anexo VI - Art. 133 § 1º,GERAL,Redução de 60%,35,Colecalciferol,INC,2936.29.21
Alíquota reduzida 60%  -Medicamentos - Anexo VI - Art. 133 § 1º,GERAL,Redução de 60%,36,Ergocalciferol,INC,2936.29.29
Alíquota reduzida 60%  -Medicamentos - Anexo VI - Art. 133 § 1º,GERAL,Redução de 60%,37,Fenilalanina,INC,2922.49.90
Alíquota reduzida 60%  -Medicamentos - Anexo VI - Art. 133 § 1º,GERAL,Redução de 60%,38,Fitomenadiona,INC,2936.29.40
Alíquota reduzida 60%  -Medicamentos - Anexo VI - Art. 133 § 1º,GERAL,Redução de 60%,39,Fórmula para dieta isenta de fenilalanina,INC,2106.90.90
Alíquota reduzida 60%  -Medicamentos - Anexo VI - Art. 133 § 1º,GERAL,Redução de 60%,40,Fórmula para dieta isenta demetionina,INC,2106.90.90
Alíquota reduzida 60%  -Medicamentos - Anexo VI - Art. 133 § 1º,GERAL,Redução de 60%,41,Fórmula para dieta isenta de lisina e pobre de triptofano,INC,2106.90.90
Alíquota reduzida 60%  -Medicamentos - Anexo VI - Art. 133 § 1º,GERAL,Redução de 60%,42,"Fórmula para dieta isenta de leucina, de isoleucina ou de valina",INC,2106.90.90
Alíquota reduzida 60%  -Medicamentos - Anexo VI - Art. 133 § 1º,GERAL,Redução de 60%,43,Fórmula para dieta isenta de fenilalanina e de metionina,INC,2106.90.90
Alíquota reduzida 60%  -Medicamentos - Anexo VI - Art. 133 § 1º,GERAL,Redução de 60%,44,Fórmula para dieta isenta de aminoácidos não essenciais,INC,2106.90.90
Alíquota reduzida 60%  -Medicamentos - Anexo VI - Art. 133 § 1º,GERAL,Redução de 60%,45,"Fórmula para dieta isenta de metionina, de treonina, de valina e restrita de isoleucina",INC,2106.90.90
Alíquota reduzida 60%  -Medicamentos - Anexo VI - Art. 133 § 1º,GERAL,Redução de 60%,46,"Fórmula para dieta cetogênica, na proporção de 4 g de gordura para cada 1 g de carboidratos e proteínas",INC,2106.90.90
Alíquota reduzida 60%  -Medicamentos - Anexo VI - Art. 133 § 1º,GERAL,Redução de 60%,47,"Fórmula hiperlipídica, para suplementação de triglicerídios de cadeia média ou triheptanoína",INC,2202.99.00
Alíquota reduzida 60%  -Medicamentos - Anexo VI - Art. 133 § 1º,GERAL,Redução de 60%,48,"Preparação líquida, de quatro partes de trioleato de glicerol de ácido para uma parte de trierucato de glicerol",INC,2202.99.00
Alíquota reduzida 60%  -Medicamentos - Anexo VI - Art. 133 § 1º,GERAL,Redução de 60%,49,Fosfato de potássio dibásico,INC,2835.24.00
Alíquota reduzida 60%  -Medicamentos - Anexo VI - Art. 133 § 1º,GERAL,Redução de 60%,50,Fosfato de potássio monobásico,INC,2835.24.00
Alíquota reduzida 60%  -Medicamentos - Anexo VI - Art. 133 § 1º,GERAL,Redução de 60%,51,Fosfato de sódio monobásico,INC,2835.22.00
Alíquota reduzida 60%  -Medicamentos - Anexo VI - Art. 133 § 1º,GERAL,Redução de 60%,52,Fosfato de tiamina,INC,2936.22.90
Alíquota reduzida 60%  -Medicamentos - Anexo VI - Art. 133 § 1º,GERAL,Redução de 60%,53,Fosfato sódico de riboflavina,INC,2936.23.20
Alíquota reduzida 60%  -Medicamentos - Anexo VI - Art. 133 § 1º,GERAL,Redução de 60%,54,Frutose,INC,1702.50.00
Alíquota reduzida 60%  -Medicamentos - Anexo VI - Art. 133 § 1º,GERAL,Redução de 60%,55,Glicerofosfato de sódio,INC,2919.90.90
Alíquota reduzida 60%  -Medicamentos - Anexo VI - Art. 133 § 1º,GERAL,Redução de 60%,56,Glicina,INC,2922.49.10
Alíquota reduzida 60%  -Medicamentos - Anexo VI - Art. 133 § 1º,GERAL,Redução de 60%,57,Gliconato de cálcio,INC,2918.16.10
Alíquota reduzida 60%  -Medicamentos - Anexo VI - Art. 133 § 1º,GERAL,Redução de 60%,58,Glicose,INC,1702.30.11
Alíquota reduzida 60%  -Medicamentos - Anexo VI - Art. 133 § 1º,GERAL,Redução de 60%,59,Histidina,INC,2933.29.92
Alíquota reduzida 60%  -Medicamentos - Anexo VI - Art. 133 § 1º,GERAL,Redução de 60%,60,Icodextrina,INC,3505.10.00
Alíquota reduzida 60%  -Medicamentos - Anexo VI - Art. 133 § 1º,GERAL,Redução de 60%,61,Iodeto de potássio,INC,2827.60.12
Alíquota reduzida 60%  -Medicamentos - Anexo VI - Art. 133 § 1º,GERAL,Redução de 60%,62,Isoleucina,INC,2922.49.90
Alíquota reduzida 60%  -Medicamentos - Anexo VI - Art. 133 § 1º,GERAL,Redução de 60%,63,Lecitina de ovo,INC,2923.20.00
Alíquota reduzida 60%  -Medicamentos - Anexo VI - Art. 133 § 1º,GERAL,Redução de 60%,64,Leucina,INC,2922.49.90
Alíquota reduzida 60%  -Medicamentos - Anexo VI - Art. 133 § 1º,GERAL,Redução de 60%,65,Levovalina,INC,2922.49.90
Alíquota reduzida 60%  -Medicamentos - Anexo VI - Art. 133 § 1º,GERAL,Redução de 60%,66,Lisina,INC,2922.41.10
Alíquota reduzida 60%  -Medicamentos - Anexo VI - Art. 133 § 1º,GERAL,Redução de 60%,67,Metionina,INC,2930.40.10
Alíquota reduzida 60%  -Medicamentos - Anexo VI - Art. 133 § 1º,GERAL,Redução de 60%,67,Metionina,INC,2930.40.90
Alíquota reduzida 60%  -Medicamentos - Anexo VI - Art. 133 § 1º,GERAL,Redução de 60%,68,Nicotinamida,INC,2936.29.52
Alíquota reduzida 60%  -Medicamentos - Anexo VI - Art. 133 § 1º,GERAL,Redução de 60%,69,Palmitato de retinol,INC,2936.21.13
Alíquota reduzida 60%  -Medicamentos - Anexo VI - Art. 133 § 1º,GERAL,Redução de 60%,70,Prolina,INC,2922.49.90
Alíquota reduzida 60%  -Medicamentos - Anexo VI - Art. 133 § 1º,GERAL,Redução de 60%,71,Riboflavina,INC,2936.23.10
Alíquota reduzida 60%  -Medicamentos - Anexo VI - Art. 133 § 1º,GERAL,Redução de 60%,72,Selenito de sódio,INC,2842.90.00
Alíquota reduzida 60%  -Medicamentos - Anexo VI - Art. 133 § 1º,GERAL,Redução de 60%,73,Serina,INC,2922.50.99
Alíquota reduzida 60%  -Medicamentos - Anexo VI - Art. 133 § 1º,GERAL,Redução de 60%,74,Sorbitol,INC,2905.44.00
Alíquota reduzida 60%  -Medicamentos - Anexo VI - Art. 133 § 1º,GERAL,Redução de 60%,75,Sulfato de magnésio,INC,2833.21.00
Alíquota reduzida 60%  -Medicamentos - Anexo VI - Art. 133 § 1º,GERAL,Redução de 60%,76,Sulfato de zinco,INC,2833.29.70
Alíquota reduzida 60%  -Medicamentos - Anexo VI - Art. 133 § 1º,GERAL,Redução de 60%,77,Taurina,INC,2922.49.90
Alíquota reduzida 60%  -Medicamentos - Anexo VI - Art. 133 § 1º,GERAL,Redução de 60%,78,Tirosina,INC,2922.50.39
Alíquota reduzida 60%  -Medicamentos - Anexo VI - Art. 133 § 1º,GERAL,Redução de 60%,79,Tocoferol,INC,2936.28.11
Alíquota reduzida 60%  -Medicamentos - Anexo VI - Art. 133 § 1º,GERAL,Redução de 60%,80,Treonina,INC,2922.50.99
Alíquota reduzida 60%  -Medicamentos - Anexo VI - Art. 133 § 1º,GERAL,Redução de 60%,81,Triglicerídeos de cadeia média,INC,1513.19.00
Alíquota reduzida 60%  -Medicamentos - Anexo VI - Art. 133 § 1º,GERAL,Redução de 60%,81,Triglicerídeos de cadeia média,INC,1513.29.11
Alíquota reduzida 60%  -Produtos agropecuários in natura - art. 137,GERAL,Redução de 60%,1,Animais vivos,INC,01
Alíquota reduzida 60%  -Produtos agropecuários in natura - art. 137,GERAL,Redução de 60%,2,"Carnes e miudezas, comestíveis",INC,02
Alíquota reduzida 60%  -Produtos agropecuários in natura - art. 137,GERAL,Redução de 60%,3,"Peixes e crustáceos, moluscos e outros invertebrados aquáticos",INC,03
Alíquota reduzida 60%  -Produtos agropecuários in natura - art. 137,GERAL,Redução de 60%,4,Leite e laticínios; ovos de aves; mel natural; produtos comestíveis de origem animal,INC,04
Alíquota reduzida 60%  -Produtos agropecuários in natura - art. 137,GERAL,Redução de 60%,5,"Outros produtos de origem animal, não compreendidos noutros Capítulos",INC,05
Alíquota reduzida 60%  -Produtos agropecuários in natura - art. 137,GERAL,Redução de 60%,6,Plantas vivas e produtos de floricultura,INC,06
Alíquota reduzida 60%  -Produtos agropecuários in natura - art. 137,GERAL,Redução de 60%,7,"Produtos hortícolas, plantas, raízes e tubérculos, comestíveis",INC,07
Alíquota reduzida 60%  -Produtos agropecuários in natura - art. 137,GERAL,Redução de 60%,9,"Café, chá, mate e especiarias",INC,09
Alíquota reduzida 60%  -Produtos agropecuários in natura - art. 137,GERAL,Redução de 60%,10,Cereais.,INC,10
Alíquota reduzida 60%  -Produtos agropecuários in natura - art. 137,GERAL,Redução de 60%,12,"Sementes e frutos oleaginosos; grãos, sementes e frutos diversos; plantas industriais ou medicinais; palhas e forragens.",INC,12
Alíquota reduzida 60%  -Produtos agropecuários in natura - art. 137,GERAL,Redução de 60%,12,Algodão não cardado nem penteado.,INC,5201
Alíquota reduzida 60%  -Produtos agropecuários in natura - art. 137,GERAL,Redução de 60%,12,Desperdícios de algodão (incluindo os desperdícios de fios e os fiapos).,INC,5202
Alíquota reduzida 60%  -Produtos higiene - Anexo VIII - Art. 136,GERAL,Redução de 60%,1,Sabões de toucador,INC,3401.11.90
Alíquota reduzida 60%  -Produtos higiene - Anexo VIII - Art. 136,GERAL,Redução de 60%,2,Dentifrícios,INC,3306.10.00
Alíquota reduzida 60%  -Produtos higiene - Anexo VIII - Art. 136,GERAL,Redução de 60%,3,Escovas de dentes,INC,9603.21.00
Alíquota reduzida 60%  -Produtos higiene - Anexo VIII - Art. 136,GERAL,Redução de 60%,4,Papel higiênico,INC,4818.10.00
Alíquota reduzida 60%  -Produtos higiene - Anexo VIII - Art. 136,GERAL,Redução de 60%,5,Água sanitária,INC,3808.94.19
Alíquota reduzida 60%  -Produtos higiene - Anexo VIII - Art. 136,GERAL,Redução de 60%,6,Sabões em barra,INC,3401.19.00
Alíquota reduzida 60%  -Produtos higiene - Anexo VIII - Art. 136,GERAL,Redução de 60%,7,Fraldas e artigos higiênicos semelhantes,INC,9619.00.00
"Alíquota reduzida 60% - bens e serviços relacionados à soberania, segurança (nacional, da informação e cibernética) - Anexo XI - art. 142",GERAL,Redução de 60%,2.1,Viatura operacional militar e também suas partes e peças,INC,8709
"Alíquota reduzida 60% - bens e serviços relacionados à soberania, segurança (nacional, da informação e cibernética) - Anexo XI - art. 142",GERAL,Redução de 60%,2.10,Rações operacionais,INC,2106.90.30
"Alíquota reduzida 60% - bens e serviços relacionados à soberania, segurança (nacional, da informação e cibernética) - Anexo XI - art. 142",GERAL,Redução de 60%,2.11,Minas marítimas,INC,9306
"Alíquota reduzida 60% - bens e serviços relacionados à soberania, segurança (nacional, da informação e cibernética) - Anexo XI - art. 142",GERAL,Redução de 60%,2.12,"Cartuchos de munição naval e de artilharia e seus componentes (projétil, estojo, estopilha, espoleta, traçador, pólvora e alto-explosivo), de calibre igual ou superior a 40 mm de diâmetro interno de tubo da arma",INC,9306.2
"Alíquota reduzida 60% - bens e serviços relacionados à soberania, segurança (nacional, da informação e cibernética) - Anexo XI - art. 142",GERAL,Redução de 60%,2.13,"Bombas, torpedos, minas, mísseis, foguetes e seus componentes",INC,9306
"Alíquota reduzida 60% - bens e serviços relacionados à soberania, segurança (nacional, da informação e cibernética) - Anexo XI - art. 142",GERAL,Redução de 60%,2.14,"Aeronaves, inclusive Veículo Aéreo Não Tripulado (VANT) para uso pela segurança nacional e também suas partes e peças",INC,8802
"Alíquota reduzida 60% - bens e serviços relacionados à soberania, segurança (nacional, da informação e cibernética) - Anexo XI - art. 142",GERAL,Redução de 60%,2.14,"Aeronaves, inclusive Veículo Aéreo Não Tripulado (VANT) para uso pela segurança nacional e também suas partes e peças",INC,8806
"Alíquota reduzida 60% - bens e serviços relacionados à soberania, segurança (nacional, da informação e cibernética) - Anexo XI - art. 142",GERAL,Redução de 60%,2.15,Veículos espaciais para uso pela segurança nacional,INC,8802.60.00
"Alíquota reduzida 60% - bens e serviços relacionados à soberania, segurança (nacional, da informação e cibernética) - Anexo XI - art. 142",GERAL,Redução de 60%,2.16,Paraquedas para uso pela segurança nacional,INC,8804.00.00
"Alíquota reduzida 60% - bens e serviços relacionados à soberania, segurança (nacional, da informação e cibernética) - Anexo XI - art. 142",GERAL,Redução de 60%,2.17,Aparelhos e dispositivos para lançamento e aterrissagem de veículos aéreos e espaciais para uso pela segurança nacional,INC,8805.10.00
"Alíquota reduzida 60% - bens e serviços relacionados à soberania, segurança (nacional, da informação e cibernética) - Anexo XI - art. 142",GERAL,Redução de 60%,2.18,Simuladores de voo e similares para uso pela segurança nacional,INC,8805.21.00
"Alíquota reduzida 60% - bens e serviços relacionados à soberania, segurança (nacional, da informação e cibernética) - Anexo XI - art. 142",GERAL,Redução de 60%,2.19,Equipamentos de apoio no solo para uso pela segurança nacional,INC,8805
"Alíquota reduzida 60% - bens e serviços relacionados à soberania, segurança (nacional, da informação e cibernética) - Anexo XI - art. 142",GERAL,Redução de 60%,2.2,"Carro blindado e carro de combate, terrestre ou anfíbio, sobre lagartas ou rodas, com ou sem armamento e também suas partes e peças",INC,8710.00.00
"Alíquota reduzida 60% - bens e serviços relacionados à soberania, segurança (nacional, da informação e cibernética) - Anexo XI - art. 142",GERAL,Redução de 60%,2.20,"Equipamentos de auxílio à comunicação, navegação e controle de tráfego aéreo para uso pela segurança nacional",INC,9014.20
"Alíquota reduzida 60% - bens e serviços relacionados à soberania, segurança (nacional, da informação e cibernética) - Anexo XI - art. 142",GERAL,Redução de 60%,2.21,"Embarcações construídas no País suas peças, partes e componentes utilizados no reparo, conserto e reconstrução de embarcações",INC,8901.20.00
"Alíquota reduzida 60% - bens e serviços relacionados à soberania, segurança (nacional, da informação e cibernética) - Anexo XI - art. 142",GERAL,Redução de 60%,2.21,"Embarcações construídas no País suas peças, partes e componentes utilizados no reparo, conserto e reconstrução de embarcações",INC,8906.10.00
"Alíquota reduzida 60% - bens e serviços relacionados à soberania, segurança (nacional, da informação e cibernética) - Anexo XI - art. 142",GERAL,Redução de 60%,2.22,Dispositivos destinados a prover a segurança da informação do tipo Prevenção de Intrusão (IPS),INC,8517.62.59
"Alíquota reduzida 60% - bens e serviços relacionados à soberania, segurança (nacional, da informação e cibernética) - Anexo XI - art. 142",GERAL,Redução de 60%,2.23,Dispositivos destinados a prover a segurança da informação do tipo de Detecção de Intrusão (IDS),INC,8517.62.59
"Alíquota reduzida 60% - bens e serviços relacionados à soberania, segurança (nacional, da informação e cibernética) - Anexo XI - art. 142",GERAL,Redução de 60%,2.24,"Dispositivos de Autenticação (tokens, leitores biométricos) que garantam a segurança da informação/cibernética",INC,8471.90.14
"Alíquota reduzida 60% - bens e serviços relacionados à soberania, segurança (nacional, da informação e cibernética) - Anexo XI - art. 142",GERAL,Redução de 60%,2.24,"Dispositivos de Autenticação (tokens, leitores biométricos) que garantam a segurança da informação/cibernética",INC,8523.52
"Alíquota reduzida 60% - bens e serviços relacionados à soberania, segurança (nacional, da informação e cibernética) - Anexo XI - art. 142",GERAL,Redução de 60%,2.25,Equipamentos para criptografia para a segurança da informação/cibernética,INC,8471.50.90
"Alíquota reduzida 60% - bens e serviços relacionados à soberania, segurança (nacional, da informação e cibernética) - Anexo XI - art. 142",GERAL,Redução de 60%,2.26,Firewalls para a segurança da informação/cibernética,INC,8471.49.00
"Alíquota reduzida 60% - bens e serviços relacionados à soberania, segurança (nacional, da informação e cibernética) - Anexo XI - art. 142",GERAL,Redução de 60%,2.26,Firewalls para a segurança da informação/cibernética,INC,8517.62.59
"Alíquota reduzida 60% - bens e serviços relacionados à soberania, segurança (nacional, da informação e cibernética) - Anexo XI - art. 142",GERAL,Redução de 60%,2.27,Switches e roteadores seguros para a segurança da informação/cibernética,INC,8517.62.34
"Alíquota reduzida 60% - bens e serviços relacionados à soberania, segurança (nacional, da informação e cibernética) - Anexo XI - art. 142",GERAL,Redução de 60%,2.27,Switches e roteadores seguros para a segurança da informação/cibernética,INC,8517.62.4
"Alíquota reduzida 60% - bens e serviços relacionados à soberania, segurança (nacional, da informação e cibernética) - Anexo XI - art. 142",GERAL,Redução de 60%,2.28,Dispositivos de comunicação criptografada para a segurança da informação/cibernética,INC,8517.62.7
"Alíquota reduzida 60% - bens e serviços relacionados à soberania, segurança (nacional, da informação e cibernética) - Anexo XI - art. 142",GERAL,Redução de 60%,2.29,Unidades de armazenamento criptografadas para a segurança da informação/cibernética,INC,8523.51
"Alíquota reduzida 60% - bens e serviços relacionados à soberania, segurança (nacional, da informação e cibernética) - Anexo XI - art. 142",GERAL,Redução de 60%,2.3,"Outros veículos de qualquer tipo, para uso pelos órgãos de Segurança Pública e das Forças Armadas, com especificação própria dos Órgãos Militares e de Segurança Pública e também suas partes e peças",INC,8709
"Alíquota reduzida 60% - bens e serviços relacionados à soberania, segurança (nacional, da informação e cibernética) - Anexo XI - art. 142",GERAL,Redução de 60%,2.30,Servidores de armazenamento seguro para a segurança da informação/cibernética,INC,8523.51
"Alíquota reduzida 60% - bens e serviços relacionados à soberania, segurança (nacional, da informação e cibernética) - Anexo XI - art. 142",GERAL,Redução de 60%,2.4,Simuladores de veículos militares,INC,9031.80.99
"Alíquota reduzida 60% - bens e serviços relacionados à soberania, segurança (nacional, da informação e cibernética) - Anexo XI - art. 142",GERAL,Redução de 60%,2.5,"Tratores de baixa ou de alta velocidades, para uso pelos órgãos de Segurança Pública e das Forças Armadas, sobre lagartas ou rodas, destinados às unidades de engenharia ou de artilharia, para obras ou para rebocar equipamentos pesados e também suas partes e peças",INC,8701
"Alíquota reduzida 60% - bens e serviços relacionados à soberania, segurança (nacional, da informação e cibernética) - Anexo XI - art. 142",GERAL,Redução de 60%,2.6,Radares para uso militar,INC,8526.10.00
"Alíquota reduzida 60% - bens e serviços relacionados à soberania, segurança (nacional, da informação e cibernética) - Anexo XI - art. 142",GERAL,Redução de 60%,2.7,Foguetes para uso militar,INC,9301.20.00
"Alíquota reduzida 60% - bens e serviços relacionados à soberania, segurança (nacional, da informação e cibernética) - Anexo XI - art. 142",GERAL,Redução de 60%,2.8,Explosivos de emprego militar,INC,3602.00.00
"Alíquota reduzida 60% - bens e serviços relacionados à soberania, segurança (nacional, da informação e cibernética) - Anexo XI - art. 142",GERAL,Redução de 60%,2.8,Explosivos de emprego militar,INC,9306
"Alíquota reduzida 60% - bens e serviços relacionados à soberania, segurança (nacional, da informação e cibernética) - Anexo XI - art. 142",GERAL,Redução de 60%,2.9,Optrônicos,INC,8525.89.29
